[Hz],FFT[dBm]
0.0000000E+00,-3.50654E+01
1.2207031E+03,-3.81654E+01
2.4414062E+03,-7.49854E+01
3.6621094E+03,-7.82854E+01
4.8828125E+03,-5.68054E+01
6.1035156E+03,-5.42254E+01
7.3242188E+03,-5.56254E+01
8.5449219E+03,-5.63654E+01
9.7656250E+03,-5.28454E+01
1.0986328E+04,-5.53454E+01
1.2207031E+04,-6.52654E+01
1.3427734E+04,-6.16654E+01
1.4648438E+04,-5.72454E+01
1.5869141E+04,-5.32254E+01
1.7089844E+04,-4.91654E+01
1.8310547E+04,-5.16054E+01
1.9531250E+04,-5.80854E+01
2.0751953E+04,-5.76254E+01
2.1972656E+04,-5.77254E+01
2.3193359E+04,-6.21254E+01
2.4414062E+04,-5.94454E+01
2.5634766E+04,-6.89454E+01
2.6855469E+04,-6.19254E+01
2.8076172E+04,-5.34054E+01
2.9296875E+04,-5.57854E+01
3.0517578E+04,-6.32254E+01
3.1738281E+04,-6.41454E+01
3.2958984E+04,-5.98454E+01
3.4179688E+04,-5.86054E+01
3.5400391E+04,-6.06254E+01
3.6621094E+04,-7.22054E+01
3.7841797E+04,-5.70254E+01
3.9062500E+04,-5.60254E+01
4.0283203E+04,-6.99254E+01
4.1503906E+04,-8.35254E+01
4.2724609E+04,-6.33254E+01
4.3945312E+04,-6.85254E+01
4.5166016E+04,-5.54654E+01
4.6386719E+04,-5.50454E+01
4.7607422E+04,-5.87454E+01
4.8828125E+04,-5.04054E+01
5.0048828E+04,-4.24254E+01
5.1269531E+04,-4.87454E+01
5.2490234E+04,-6.24654E+01
5.3710938E+04,-6.22254E+01
5.4931641E+04,-5.81654E+01
5.6152344E+04,-6.04854E+01
5.7373047E+04,-5.62054E+01
5.8593750E+04,-5.07254E+01
5.9814453E+04,-5.16454E+01
6.1035156E+04,-5.10854E+01
6.2255859E+04,-5.66254E+01
6.3476562E+04,-6.74654E+01
6.4697266E+04,-6.14654E+01
6.5917969E+04,-6.31454E+01
6.7138672E+04,-7.04654E+01
6.8359375E+04,-5.62454E+01
6.9580078E+04,-5.98854E+01
7.0800781E+04,-6.33254E+01
7.2021484E+04,-5.52454E+01
7.3242188E+04,-5.38454E+01
7.4462891E+04,-5.67454E+01
7.5683594E+04,-6.20454E+01
7.6904297E+04,-6.34854E+01
7.8125000E+04,-5.33054E+01
7.9345703E+04,-5.12054E+01
8.0566406E+04,-5.54054E+01
8.1787109E+04,-5.59854E+01
8.3007812E+04,-5.18454E+01
8.4228516E+04,-5.35254E+01
8.5449219E+04,-5.52854E+01
8.6669922E+04,-5.35454E+01
8.7890625E+04,-5.46254E+01
8.9111328E+04,-5.88054E+01
9.0332031E+04,-6.11054E+01
9.1552734E+04,-6.40254E+01
9.2773438E+04,-6.10454E+01
9.3994141E+04,-5.93654E+01
9.5214844E+04,-6.40054E+01
9.6435547E+04,-6.35454E+01
9.7656250E+04,-6.39054E+01
9.8876953E+04,-6.22654E+01
1.0009766E+05,-5.72454E+01
1.0131836E+05,-5.52054E+01
1.0253906E+05,-5.73654E+01
1.0375977E+05,-5.79054E+01
1.0498047E+05,-5.53454E+01
1.0620117E+05,-5.50854E+01
1.0742188E+05,-5.90254E+01
1.0864258E+05,-6.11254E+01
1.0986328E+05,-6.02254E+01
1.1108398E+05,-5.51854E+01
1.1230469E+05,-5.04254E+01
1.1352539E+05,-5.13254E+01
1.1474609E+05,-5.40854E+01
1.1596680E+05,-5.92654E+01
1.1718750E+05,-6.02654E+01
1.1840820E+05,-5.57054E+01
1.1962891E+05,-6.29054E+01
1.2084961E+05,-6.41654E+01
1.2207031E+05,-6.31854E+01
1.2329102E+05,-6.37854E+01
1.2451172E+05,-5.33254E+01
1.2573242E+05,-5.58254E+01
1.2695312E+05,-6.37254E+01
1.2817383E+05,-5.97454E+01
1.2939453E+05,-5.44454E+01
1.3061523E+05,-5.55854E+01
1.3183594E+05,-6.54854E+01
1.3305664E+05,-6.00454E+01
1.3427734E+05,-5.68854E+01
1.3549805E+05,-5.44654E+01
1.3671875E+05,-5.93054E+01
1.3793945E+05,-6.12254E+01
1.3916016E+05,-5.65654E+01
1.4038086E+05,-5.14254E+01
1.4160156E+05,-5.45054E+01
1.4282227E+05,-6.33654E+01
1.4404297E+05,-5.74654E+01
1.4526367E+05,-5.71654E+01
1.4648438E+05,-6.30454E+01
1.4770508E+05,-6.07454E+01
1.4892578E+05,-6.05654E+01
1.5014648E+05,-5.75654E+01
1.5136719E+05,-6.21254E+01
1.5258789E+05,-5.42054E+01
1.5380859E+05,-5.57254E+01
1.5502930E+05,-6.57854E+01
1.5625000E+05,-5.78254E+01
1.5747070E+05,-5.92654E+01
1.5869141E+05,-5.98854E+01
1.5991211E+05,-5.76054E+01
1.6113281E+05,-5.70854E+01
1.6235352E+05,-5.40254E+01
1.6357422E+05,-5.67654E+01
1.6479492E+05,-5.46654E+01
1.6601562E+05,-5.64254E+01
1.6723633E+05,-5.83654E+01
1.6845703E+05,-5.72254E+01
1.6967773E+05,-7.61854E+01
1.7089844E+05,-5.95854E+01
1.7211914E+05,-5.18854E+01
1.7333984E+05,-5.46254E+01
1.7456055E+05,-7.25854E+01
1.7578125E+05,-5.61654E+01
1.7700195E+05,-5.39854E+01
1.7822266E+05,-5.54854E+01
1.7944336E+05,-6.16854E+01
1.8066406E+05,-6.68054E+01
1.8188477E+05,-5.95454E+01
1.8310547E+05,-6.45854E+01
1.8432617E+05,-6.95854E+01
1.8554688E+05,-5.92254E+01
1.8676758E+05,-5.35854E+01
1.8798828E+05,-5.98454E+01
1.8920898E+05,-5.49254E+01
1.9042969E+05,-5.77454E+01
1.9165039E+05,-5.35854E+01
1.9287109E+05,-5.57054E+01
1.9409180E+05,-6.29854E+01
1.9531250E+05,-6.86854E+01
1.9653320E+05,-6.74054E+01
1.9775391E+05,-5.65254E+01
1.9897461E+05,-5.06854E+01
2.0019531E+05,-5.25654E+01
2.0141602E+05,-5.04054E+01
2.0263672E+05,-4.97454E+01
2.0385742E+05,-5.65854E+01
2.0507812E+05,-5.45454E+01
2.0629883E+05,-5.78054E+01
2.0751953E+05,-5.99254E+01
2.0874023E+05,-6.65654E+01
2.0996094E+05,-5.90054E+01
2.1118164E+05,-5.63654E+01
2.1240234E+05,-5.61654E+01
2.1362305E+05,-5.74054E+01
2.1484375E+05,-5.24654E+01
2.1606445E+05,-5.38054E+01
2.1728516E+05,-7.21254E+01
2.1850586E+05,-5.72254E+01
2.1972656E+05,-6.21054E+01
2.2094727E+05,-6.86054E+01
2.2216797E+05,-6.89454E+01
2.2338867E+05,-6.42654E+01
2.2460938E+05,-5.69654E+01
2.2583008E+05,-5.21654E+01
2.2705078E+05,-5.31254E+01
2.2827148E+05,-5.30254E+01
2.2949219E+05,-5.25454E+01
2.3071289E+05,-5.56654E+01
2.3193359E+05,-5.46854E+01
2.3315430E+05,-6.70054E+01
2.3437500E+05,-6.70054E+01
2.3559570E+05,-6.13854E+01
2.3681641E+05,-5.61854E+01
2.3803711E+05,-5.78254E+01
2.3925781E+05,-5.71654E+01
2.4047852E+05,-5.68254E+01
2.4169922E+05,-5.26054E+01
2.4291992E+05,-5.28054E+01
2.4414062E+05,-5.80254E+01
2.4536133E+05,-5.52854E+01
2.4658203E+05,-5.83654E+01
2.4780273E+05,-6.03854E+01
2.4902344E+05,-5.29454E+01
2.5024414E+05,-5.05854E+01
2.5146484E+05,-5.50454E+01
2.5268555E+05,-6.70054E+01
2.5390625E+05,-5.64054E+01
2.5512695E+05,-6.60254E+01
2.5634766E+05,-5.65854E+01
2.5756836E+05,-5.69054E+01
2.5878906E+05,-5.87254E+01
2.6000977E+05,-5.95054E+01
2.6123047E+05,-7.18254E+01
2.6245117E+05,-6.77254E+01
2.6367188E+05,-6.00854E+01
2.6489258E+05,-5.84854E+01
2.6611328E+05,-5.99254E+01
2.6733398E+05,-5.77454E+01
2.6855469E+05,-6.94454E+01
2.6977539E+05,-6.52054E+01
2.7099609E+05,-7.99654E+01
2.7221680E+05,-5.68254E+01
2.7343750E+05,-5.28854E+01
2.7465820E+05,-5.24854E+01
2.7587891E+05,-5.61854E+01
2.7709961E+05,-5.95854E+01
2.7832031E+05,-5.50254E+01
2.7954102E+05,-5.21254E+01
2.8076172E+05,-5.28854E+01
2.8198242E+05,-5.29054E+01
2.8320312E+05,-5.15854E+01
2.8442383E+05,-5.75854E+01
2.8564453E+05,-6.25654E+01
2.8686523E+05,-5.60454E+01
2.8808594E+05,-4.92654E+01
2.8930664E+05,-4.90654E+01
2.9052734E+05,-5.58054E+01
2.9174805E+05,-6.11254E+01
2.9296875E+05,-6.07854E+01
2.9418945E+05,-5.98854E+01
2.9541016E+05,-5.44454E+01
2.9663086E+05,-4.93454E+01
2.9785156E+05,-5.08854E+01
2.9907227E+05,-4.98854E+01
3.0029297E+05,-5.17254E+01
3.0151367E+05,-6.16654E+01
3.0273438E+05,-5.43654E+01
3.0395508E+05,-5.38054E+01
3.0517578E+05,-5.73454E+01
3.0639648E+05,-5.61054E+01
3.0761719E+05,-5.43654E+01
3.0883789E+05,-6.25054E+01
3.1005859E+05,-6.76854E+01
3.1127930E+05,-5.62854E+01
3.1250000E+05,-5.31254E+01
3.1372070E+05,-5.56454E+01
3.1494141E+05,-5.58854E+01
3.1616211E+05,-5.82454E+01
3.1738281E+05,-5.99654E+01
3.1860352E+05,-6.20654E+01
3.1982422E+05,-7.93654E+01
3.2104492E+05,-6.15454E+01
3.2226562E+05,-5.80854E+01
3.2348633E+05,-6.58854E+01
3.2470703E+05,-5.89054E+01
3.2592773E+05,-5.98454E+01
3.2714844E+05,-6.55854E+01
3.2836914E+05,-6.31854E+01
3.2958984E+05,-6.59054E+01
3.3081055E+05,-6.46054E+01
3.3203125E+05,-6.55654E+01
3.3325195E+05,-6.22454E+01
3.3447266E+05,-8.75454E+01
3.3569336E+05,-6.15654E+01
3.3691406E+05,-6.45054E+01
3.3813477E+05,-6.42254E+01
3.3935547E+05,-6.49854E+01
3.4057617E+05,-6.52854E+01
3.4179688E+05,-5.52454E+01
3.4301758E+05,-5.48054E+01
3.4423828E+05,-5.81254E+01
3.4545898E+05,-6.07054E+01
3.4667969E+05,-6.91254E+01
3.4790039E+05,-6.39854E+01
3.4912109E+05,-6.17054E+01
3.5034180E+05,-5.65054E+01
3.5156250E+05,-5.84854E+01
3.5278320E+05,-5.77454E+01
3.5400391E+05,-5.79054E+01
3.5522461E+05,-5.82854E+01
3.5644531E+05,-5.78654E+01
3.5766602E+05,-6.04854E+01
3.5888672E+05,-5.45854E+01
3.6010742E+05,-5.22254E+01
3.6132812E+05,-5.12854E+01
3.6254883E+05,-5.30054E+01
3.6376953E+05,-5.59854E+01
3.6499023E+05,-6.08054E+01
3.6621094E+05,-6.32054E+01
3.6743164E+05,-6.30654E+01
3.6865234E+05,-6.01854E+01
3.6987305E+05,-5.30254E+01
3.7109375E+05,-6.13054E+01
3.7231445E+05,-5.92654E+01
3.7353516E+05,-6.21854E+01
3.7475586E+05,-4.98854E+01
3.7597656E+05,-5.07054E+01
3.7719727E+05,-6.20254E+01
3.7841797E+05,-5.41054E+01
3.7963867E+05,-5.03454E+01
3.8085938E+05,-5.43854E+01
3.8208008E+05,-6.16654E+01
3.8330078E+05,-5.91254E+01
3.8452148E+05,-5.51654E+01
3.8574219E+05,-5.82654E+01
3.8696289E+05,-6.34854E+01
3.8818359E+05,-6.17254E+01
3.8940430E+05,-5.40854E+01
3.9062500E+05,-5.23254E+01
3.9184570E+05,-5.69854E+01
3.9306641E+05,-5.59054E+01
3.9428711E+05,-5.46254E+01
3.9550781E+05,-6.15454E+01
3.9672852E+05,-5.40454E+01
3.9794922E+05,-5.42254E+01
3.9916992E+05,-6.36854E+01
4.0039062E+05,-6.34454E+01
4.0161133E+05,-6.83254E+01
4.0283203E+05,-6.65054E+01
4.0405273E+05,-5.96654E+01
4.0527344E+05,-6.14454E+01
4.0649414E+05,-6.65054E+01
4.0771484E+05,-6.23854E+01
4.0893555E+05,-6.55654E+01
4.1015625E+05,-5.28654E+01
4.1137695E+05,-5.55254E+01
4.1259766E+05,-5.60854E+01
4.1381836E+05,-5.55254E+01
4.1503906E+05,-6.64854E+01
4.1625977E+05,-7.09854E+01
4.1748047E+05,-6.21854E+01
4.1870117E+05,-6.10654E+01
4.1992188E+05,-6.30254E+01
4.2114258E+05,-5.88054E+01
4.2236328E+05,-6.37254E+01
4.2358398E+05,-5.37054E+01
4.2480469E+05,-5.27454E+01
4.2602539E+05,-5.24654E+01
4.2724609E+05,-5.33054E+01
4.2846680E+05,-5.29254E+01
4.2968750E+05,-5.37654E+01
4.3090820E+05,-5.85254E+01
4.3212891E+05,-8.14454E+01
4.3334961E+05,-6.21854E+01
4.3457031E+05,-6.02654E+01
4.3579102E+05,-6.16054E+01
4.3701172E+05,-5.24054E+01
4.3823242E+05,-5.40254E+01
4.3945312E+05,-5.55254E+01
4.4067383E+05,-5.49654E+01
4.4189453E+05,-6.47254E+01
4.4311523E+05,-6.11454E+01
4.4433594E+05,-5.44854E+01
4.4555664E+05,-5.71854E+01
4.4677734E+05,-6.04654E+01
4.4799805E+05,-5.91654E+01
4.4921875E+05,-5.81854E+01
4.5043945E+05,-5.76854E+01
4.5166016E+05,-5.57654E+01
4.5288086E+05,-6.00854E+01
4.5410156E+05,-5.94054E+01
4.5532227E+05,-5.88054E+01
4.5654297E+05,-6.57654E+01
4.5776367E+05,-5.81054E+01
4.5898438E+05,-6.11654E+01
4.6020508E+05,-6.07854E+01
4.6142578E+05,-5.86054E+01
4.6264648E+05,-5.54054E+01
4.6386719E+05,-6.04654E+01
4.6508789E+05,-7.09454E+01
4.6630859E+05,-6.82654E+01
4.6752930E+05,-6.80854E+01
4.6875000E+05,-6.68054E+01
4.6997070E+05,-6.81854E+01
4.7119141E+05,-6.43254E+01
4.7241211E+05,-5.72054E+01
4.7363281E+05,-5.11854E+01
4.7485352E+05,-5.17854E+01
4.7607422E+05,-5.80454E+01
4.7729492E+05,-5.44454E+01
4.7851562E+05,-5.37454E+01
4.7973633E+05,-5.53854E+01
4.8095703E+05,-6.26654E+01
4.8217773E+05,-5.45054E+01
4.8339844E+05,-5.31054E+01
4.8461914E+05,-6.17854E+01
4.8583984E+05,-5.23054E+01
4.8706055E+05,-5.06654E+01
4.8828125E+05,-5.47254E+01
4.8950195E+05,-5.79054E+01
4.9072266E+05,-5.70654E+01
4.9194336E+05,-5.40854E+01
4.9316406E+05,-5.32854E+01
4.9438477E+05,-6.23054E+01
4.9560547E+05,-6.63254E+01
4.9682617E+05,-6.47454E+01
4.9804688E+05,-5.64254E+01
4.9926758E+05,-6.03254E+01
5.0048828E+05,-6.40854E+01
5.0170898E+05,-7.72454E+01
5.0292969E+05,-6.29654E+01
5.0415039E+05,-6.01854E+01
5.0537109E+05,-5.77254E+01
5.0659180E+05,-6.08854E+01
5.0781250E+05,-7.22854E+01
5.0903320E+05,-5.71854E+01
5.1025391E+05,-5.35454E+01
5.1147461E+05,-5.58254E+01
5.1269531E+05,-6.27854E+01
5.1391602E+05,-6.09254E+01
5.1513672E+05,-6.25454E+01
5.1635742E+05,-5.54654E+01
5.1757812E+05,-6.29854E+01
5.1879883E+05,-7.26054E+01
5.2001953E+05,-5.28454E+01
5.2124023E+05,-4.88054E+01
5.2246094E+05,-5.08454E+01
5.2368164E+05,-6.39654E+01
5.2490234E+05,-4.80854E+01
5.2612305E+05,-5.00054E+01
5.2734375E+05,-5.48654E+01
5.2856445E+05,-5.96654E+01
5.2978516E+05,-6.69054E+01
5.3100586E+05,-6.53654E+01
5.3222656E+05,-5.40654E+01
5.3344727E+05,-5.44454E+01
5.3466797E+05,-6.02654E+01
5.3588867E+05,-6.88454E+01
5.3710938E+05,-5.52054E+01
5.3833008E+05,-6.42654E+01
5.3955078E+05,-6.26254E+01
5.4077148E+05,-6.03254E+01
5.4199219E+05,-5.49654E+01
5.4321289E+05,-6.33054E+01
5.4443359E+05,-6.36654E+01
5.4565430E+05,-6.18254E+01
5.4687500E+05,-6.63054E+01
5.4809570E+05,-5.81254E+01
5.4931641E+05,-6.14054E+01
5.5053711E+05,-6.97454E+01
5.5175781E+05,-6.71854E+01
5.5297852E+05,-6.21254E+01
5.5419922E+05,-6.81254E+01
5.5541992E+05,-6.61254E+01
5.5664062E+05,-5.61654E+01
5.5786133E+05,-5.54254E+01
5.5908203E+05,-5.92654E+01
5.6030273E+05,-5.29654E+01
5.6152344E+05,-5.28854E+01
5.6274414E+05,-6.70054E+01
5.6396484E+05,-6.06854E+01
5.6518555E+05,-5.37454E+01
5.6640625E+05,-5.14254E+01
5.6762695E+05,-5.38254E+01
5.6884766E+05,-6.24454E+01
5.7006836E+05,-6.21254E+01
5.7128906E+05,-5.83254E+01
5.7250977E+05,-4.55254E+01
5.7373047E+05,-8.74540E+00
5.7495117E+05,-2.18540E+00
5.7617188E+05,-7.68540E+00
5.7739258E+05,-4.68254E+01
5.7861328E+05,-5.32054E+01
5.7983398E+05,-5.85454E+01
5.8105469E+05,-5.95054E+01
5.8227539E+05,-6.46454E+01
5.8349609E+05,-5.62854E+01
5.8471680E+05,-5.85454E+01
5.8593750E+05,-7.16454E+01
5.8715820E+05,-6.30254E+01
5.8837891E+05,-5.98054E+01
5.8959961E+05,-5.81254E+01
5.9082031E+05,-6.16454E+01
5.9204102E+05,-6.34054E+01
5.9326172E+05,-6.22454E+01
5.9448242E+05,-7.04854E+01
5.9570312E+05,-7.24054E+01
5.9692383E+05,-6.41454E+01
5.9814453E+05,-6.57054E+01
5.9936523E+05,-6.70654E+01
6.0058594E+05,-5.91254E+01
6.0180664E+05,-5.37854E+01
6.0302734E+05,-5.67854E+01
6.0424805E+05,-6.18054E+01
6.0546875E+05,-5.33254E+01
6.0668945E+05,-5.34054E+01
6.0791016E+05,-5.46254E+01
6.0913086E+05,-6.24854E+01
6.1035156E+05,-6.69854E+01
6.1157227E+05,-6.19254E+01
6.1279297E+05,-6.00054E+01
6.1401367E+05,-5.82654E+01
6.1523438E+05,-5.89654E+01
6.1645508E+05,-5.93654E+01
6.1767578E+05,-5.60854E+01
6.1889648E+05,-5.51254E+01
6.2011719E+05,-5.78454E+01
6.2133789E+05,-6.08654E+01
6.2255859E+05,-6.04454E+01
6.2377930E+05,-2.22540E+00
6.2500000E+05,3.81460E+00
6.2622070E+05,-2.18540E+00
6.2744141E+05,-5.62254E+01
6.2866211E+05,-5.90654E+01
6.2988281E+05,-7.01254E+01
6.3110352E+05,-6.29654E+01
6.3232422E+05,-7.49254E+01
6.3354492E+05,-5.85254E+01
6.3476562E+05,-5.49854E+01
6.3598633E+05,-5.43854E+01
6.3720703E+05,-5.81854E+01
6.3842773E+05,-5.49454E+01
6.3964844E+05,-5.67254E+01
6.4086914E+05,-6.81654E+01
6.4208984E+05,-5.68054E+01
6.4331055E+05,-5.33254E+01
6.4453125E+05,-5.72054E+01
6.4575195E+05,-5.39254E+01
6.4697266E+05,-5.88054E+01
6.4819336E+05,-5.22254E+01
6.4941406E+05,-5.82054E+01
6.5063477E+05,-5.72854E+01
6.5185547E+05,-5.27454E+01
6.5307617E+05,-5.37254E+01
6.5429688E+05,-5.99254E+01
6.5551758E+05,-6.31654E+01
6.5673828E+05,-5.42854E+01
6.5795898E+05,-5.43254E+01
6.5917969E+05,-5.56454E+01
6.6040039E+05,-5.29054E+01
6.6162109E+05,-5.30454E+01
6.6284180E+05,-6.13454E+01
6.6406250E+05,-5.66054E+01
6.6528320E+05,-5.91254E+01
6.6650391E+05,-7.19654E+01
6.6772461E+05,-6.39654E+01
6.6894531E+05,-6.30054E+01
6.7016602E+05,-5.93454E+01
6.7138672E+05,-5.10654E+01
6.7260742E+05,-4.51454E+01
6.7382812E+05,-7.68540E+00
6.7504883E+05,-2.16540E+00
6.7626953E+05,-8.68540E+00
6.7749023E+05,-4.66854E+01
6.7871094E+05,-5.09254E+01
6.7993164E+05,-5.25654E+01
6.8115234E+05,-5.34854E+01
6.8237305E+05,-6.44854E+01
6.8359375E+05,-6.10654E+01
6.8481445E+05,-5.42454E+01
6.8603516E+05,-5.11454E+01
6.8725586E+05,-5.75854E+01
6.8847656E+05,-7.05054E+01
6.8969727E+05,-6.23654E+01
6.9091797E+05,-6.09654E+01
6.9213867E+05,-6.01854E+01
6.9335938E+05,-6.14654E+01
6.9458008E+05,-6.53654E+01
6.9580078E+05,-5.52054E+01
6.9702148E+05,-5.41454E+01
6.9824219E+05,-6.14854E+01
6.9946289E+05,-5.13254E+01
7.0068359E+05,-5.40454E+01
7.0190430E+05,-6.00454E+01
7.0312500E+05,-5.86054E+01
7.0434570E+05,-6.29654E+01
7.0556641E+05,-5.90054E+01
7.0678711E+05,-6.94454E+01
7.0800781E+05,-5.84654E+01
7.0922852E+05,-6.52854E+01
7.1044922E+05,-7.28454E+01
7.1166992E+05,-6.80454E+01
7.1289062E+05,-5.50254E+01
7.1411133E+05,-5.32654E+01
7.1533203E+05,-6.36054E+01
7.1655273E+05,-5.71454E+01
7.1777344E+05,-5.35454E+01
7.1899414E+05,-5.33654E+01
7.2021484E+05,-5.66054E+01
7.2143555E+05,-5.90054E+01
7.2265625E+05,-6.18454E+01
7.2387695E+05,-5.59454E+01
7.2509766E+05,-5.04454E+01
7.2631836E+05,-5.81254E+01
7.2753906E+05,-6.08654E+01
7.2875977E+05,-6.34054E+01
7.2998047E+05,-5.76254E+01
7.3120117E+05,-5.96654E+01
7.3242188E+05,-5.46054E+01
7.3364258E+05,-5.80054E+01
7.3486328E+05,-5.84254E+01
7.3608398E+05,-5.75454E+01
7.3730469E+05,-5.92254E+01
7.3852539E+05,-7.25654E+01
7.3974609E+05,-6.10654E+01
7.4096680E+05,-5.69654E+01
7.4218750E+05,-6.34454E+01
7.4340820E+05,-6.18654E+01
7.4462891E+05,-6.37254E+01
7.4584961E+05,-6.91054E+01
7.4707031E+05,-5.66254E+01
7.4829102E+05,-5.60054E+01
7.4951172E+05,-6.12654E+01
7.5073242E+05,-6.29454E+01
7.5195312E+05,-5.70454E+01
7.5317383E+05,-5.22854E+01
7.5439453E+05,-5.19654E+01
7.5561523E+05,-5.23454E+01
7.5683594E+05,-5.42854E+01
7.5805664E+05,-5.95854E+01
7.5927734E+05,-7.07254E+01
7.6049805E+05,-5.96254E+01
7.6171875E+05,-5.54254E+01
7.6293945E+05,-5.86854E+01
7.6416016E+05,-6.93054E+01
7.6538086E+05,-5.82654E+01
7.6660156E+05,-5.80854E+01
7.6782227E+05,-6.37054E+01
7.6904297E+05,-6.89454E+01
7.7026367E+05,-6.02254E+01
7.7148438E+05,-5.39054E+01
7.7270508E+05,-5.27654E+01
7.7392578E+05,-5.51454E+01
7.7514648E+05,-5.93054E+01
7.7636719E+05,-6.68454E+01
7.7758789E+05,-5.72254E+01
7.7880859E+05,-5.81654E+01
7.8002930E+05,-6.42254E+01
7.8125000E+05,-6.50654E+01
7.8247070E+05,-5.59054E+01
7.8369141E+05,-5.34854E+01
7.8491211E+05,-5.99654E+01
7.8613281E+05,-6.53254E+01
7.8735352E+05,-6.58254E+01
7.8857422E+05,-5.70254E+01
7.8979492E+05,-5.08454E+01
7.9101562E+05,-5.41054E+01
7.9223633E+05,-6.44454E+01
7.9345703E+05,-5.48854E+01
7.9467773E+05,-5.80454E+01
7.9589844E+05,-6.20854E+01
7.9711914E+05,-6.37054E+01
7.9833984E+05,-6.49654E+01
7.9956055E+05,-6.50454E+01
8.0078125E+05,-6.68254E+01
8.0200195E+05,-6.08654E+01
8.0322266E+05,-6.03654E+01
8.0444336E+05,-5.74254E+01
8.0566406E+05,-5.51654E+01
8.0688477E+05,-6.30054E+01
8.0810547E+05,-6.45854E+01
8.0932617E+05,-5.90054E+01
8.1054688E+05,-6.11654E+01
8.1176758E+05,-5.74454E+01
8.1298828E+05,-5.34854E+01
8.1420898E+05,-5.12654E+01
8.1542969E+05,-5.34254E+01
8.1665039E+05,-4.89054E+01
8.1787109E+05,-5.27054E+01
8.1909180E+05,-6.15854E+01
8.2031250E+05,-7.18454E+01
8.2153320E+05,-6.61654E+01
8.2275391E+05,-6.08254E+01
8.2397461E+05,-5.97054E+01
8.2519531E+05,-6.39654E+01
8.2641602E+05,-7.00854E+01
8.2763672E+05,-6.31454E+01
8.2885742E+05,-5.28454E+01
8.3007812E+05,-5.29454E+01
8.3129883E+05,-5.89654E+01
8.3251953E+05,-6.42254E+01
8.3374023E+05,-6.13254E+01
8.3496094E+05,-6.56854E+01
8.3618164E+05,-5.63254E+01
8.3740234E+05,-6.28454E+01
8.3862305E+05,-5.54854E+01
8.3984375E+05,-5.79854E+01
8.4106445E+05,-6.07254E+01
8.4228516E+05,-5.62254E+01
8.4350586E+05,-5.80054E+01
8.4472656E+05,-6.06254E+01
8.4594727E+05,-5.50654E+01
8.4716797E+05,-5.66454E+01
8.4838867E+05,-6.39654E+01
8.4960938E+05,-5.38254E+01
8.5083008E+05,-5.16054E+01
8.5205078E+05,-5.96654E+01
8.5327148E+05,-6.83654E+01
8.5449219E+05,-6.28054E+01
8.5571289E+05,-5.80854E+01
8.5693359E+05,-5.49054E+01
8.5815430E+05,-5.25454E+01
8.5937500E+05,-5.74254E+01
8.6059570E+05,-6.28454E+01
8.6181641E+05,-5.32854E+01
8.6303711E+05,-5.37054E+01
8.6425781E+05,-6.13254E+01
8.6547852E+05,-5.63854E+01
8.6669922E+05,-5.36854E+01
8.6791992E+05,-6.56254E+01
8.6914062E+05,-5.48854E+01
8.7036133E+05,-5.72654E+01
8.7158203E+05,-5.77054E+01
8.7280273E+05,-5.46454E+01
8.7402344E+05,-5.14654E+01
8.7524414E+05,-5.31854E+01
8.7646484E+05,-5.89654E+01
8.7768555E+05,-5.65254E+01
8.7890625E+05,-6.07854E+01
8.8012695E+05,-5.65454E+01
8.8134766E+05,-5.10254E+01
8.8256836E+05,-5.27654E+01
8.8378906E+05,-5.28654E+01
8.8500977E+05,-5.26054E+01
8.8623047E+05,-5.51654E+01
8.8745117E+05,-5.25254E+01
8.8867188E+05,-5.47254E+01
8.8989258E+05,-5.66854E+01
8.9111328E+05,-6.25254E+01
8.9233398E+05,-6.67054E+01
8.9355469E+05,-7.14454E+01
8.9477539E+05,-6.45254E+01
8.9599609E+05,-6.50654E+01
8.9721680E+05,-6.07054E+01
8.9843750E+05,-6.31454E+01
8.9965820E+05,-5.90254E+01
9.0087891E+05,-6.25654E+01
9.0209961E+05,-6.26054E+01
9.0332031E+05,-6.12054E+01
9.0454102E+05,-6.00454E+01
9.0576172E+05,-6.01254E+01
9.0698242E+05,-6.17054E+01
9.0820312E+05,-7.88054E+01
9.0942383E+05,-5.84654E+01
9.1064453E+05,-5.26054E+01
9.1186523E+05,-5.31054E+01
9.1308594E+05,-7.19454E+01
9.1430664E+05,-5.64054E+01
9.1552734E+05,-5.47454E+01
9.1674805E+05,-6.52654E+01
9.1796875E+05,-7.58254E+01
9.1918945E+05,-6.39454E+01
9.2041016E+05,-6.02254E+01
9.2163086E+05,-5.10054E+01
9.2285156E+05,-5.16254E+01
9.2407227E+05,-5.42254E+01
9.2529297E+05,-5.29454E+01
9.2651367E+05,-5.52054E+01
9.2773438E+05,-5.53654E+01
9.2895508E+05,-5.08854E+01
9.3017578E+05,-5.01854E+01
9.3139648E+05,-5.64854E+01
9.3261719E+05,-6.37654E+01
9.3383789E+05,-5.98854E+01
9.3505859E+05,-6.01254E+01
9.3627930E+05,-5.48654E+01
9.3750000E+05,-5.65654E+01
9.3872070E+05,-6.11854E+01
9.3994141E+05,-6.09454E+01
9.4116211E+05,-5.92654E+01
9.4238281E+05,-5.63454E+01
9.4360352E+05,-5.95454E+01
9.4482422E+05,-6.47254E+01
9.4604492E+05,-5.48454E+01
9.4726562E+05,-5.12054E+01
9.4848633E+05,-5.14654E+01
9.4970703E+05,-5.19054E+01
9.5092773E+05,-5.71254E+01
9.5214844E+05,-6.57654E+01
9.5336914E+05,-7.12254E+01
9.5458984E+05,-5.67054E+01
9.5581055E+05,-5.63854E+01
9.5703125E+05,-6.86854E+01
9.5825195E+05,-6.51254E+01
9.5947266E+05,-6.55654E+01
9.6069336E+05,-6.37654E+01
9.6191406E+05,-5.27454E+01
9.6313477E+05,-5.35854E+01
9.6435547E+05,-6.14654E+01
9.6557617E+05,-5.82454E+01
9.6679688E+05,-5.70054E+01
9.6801758E+05,-6.44254E+01
9.6923828E+05,-6.31254E+01
9.7045898E+05,-5.60254E+01
9.7167969E+05,-6.28654E+01
9.7290039E+05,-5.75454E+01
9.7412109E+05,-5.42054E+01
9.7534180E+05,-5.99654E+01
9.7656250E+05,-5.88654E+01
9.7778320E+05,-5.12254E+01
9.7900391E+05,-5.14254E+01
9.8022461E+05,-5.76054E+01
9.8144531E+05,-5.90654E+01
9.8266602E+05,-7.47854E+01
9.8388672E+05,-6.87254E+01
9.8510742E+05,-5.40854E+01
9.8632812E+05,-5.57054E+01
9.8754883E+05,-6.02254E+01
9.8876953E+05,-5.66254E+01
9.8999023E+05,-6.01254E+01
9.9121094E+05,-6.20654E+01
9.9243164E+05,-5.94854E+01
9.9365234E+05,-5.62654E+01
9.9487305E+05,-6.13254E+01
9.9609375E+05,-6.09454E+01
9.9731445E+05,-5.71254E+01
9.9853516E+05,-6.22254E+01
9.9975586E+05,-5.62854E+01
1.0009766E+06,-5.43854E+01
1.0021973E+06,-5.30854E+01
1.0034180E+06,-6.51054E+01
1.0046387E+06,-6.28654E+01
1.0058594E+06,-5.76054E+01
1.0070801E+06,-5.37854E+01
1.0083008E+06,-5.63254E+01
1.0095215E+06,-6.19454E+01
1.0107422E+06,-5.30454E+01
1.0119629E+06,-5.16054E+01
1.0131836E+06,-5.51054E+01
1.0144043E+06,-5.91254E+01
1.0156250E+06,-5.72454E+01
1.0168457E+06,-6.17254E+01
1.0180664E+06,-5.77254E+01
1.0192871E+06,-5.66654E+01
1.0205078E+06,-5.81654E+01
1.0217285E+06,-7.01254E+01
1.0229492E+06,-5.48254E+01
1.0241699E+06,-5.52854E+01
1.0253906E+06,-6.26054E+01
1.0266113E+06,-5.39454E+01
1.0278320E+06,-5.44054E+01
1.0290527E+06,-5.48054E+01
1.0302734E+06,-5.68854E+01
1.0314941E+06,-7.03654E+01
1.0327148E+06,-6.09454E+01
1.0339355E+06,-5.17854E+01
1.0351562E+06,-5.21654E+01
1.0363770E+06,-5.93054E+01
1.0375977E+06,-5.86654E+01
1.0388184E+06,-5.91654E+01
1.0400391E+06,-6.14854E+01
1.0412598E+06,-6.11454E+01
1.0424805E+06,-6.25054E+01
1.0437012E+06,-5.61654E+01
1.0449219E+06,-5.34454E+01
1.0461426E+06,-5.54254E+01
1.0473633E+06,-7.86054E+01
1.0485840E+06,-6.01854E+01
1.0498047E+06,-6.64054E+01
1.0510254E+06,-6.10854E+01
1.0522461E+06,-5.78054E+01
1.0534668E+06,-6.29054E+01
1.0546875E+06,-6.05654E+01
1.0559082E+06,-6.06054E+01
1.0571289E+06,-6.34654E+01
1.0583496E+06,-5.94054E+01
1.0595703E+06,-5.61654E+01
1.0607910E+06,-5.34054E+01
1.0620117E+06,-5.17254E+01
1.0632324E+06,-5.24654E+01
1.0644531E+06,-5.43454E+01
1.0656738E+06,-6.05454E+01
1.0668945E+06,-6.62254E+01
1.0681152E+06,-6.36854E+01
1.0693359E+06,-5.80854E+01
1.0705566E+06,-5.87254E+01
1.0717773E+06,-6.38254E+01
1.0729980E+06,-6.07054E+01
1.0742188E+06,-7.53654E+01
1.0754395E+06,-6.56454E+01
1.0766602E+06,-5.51654E+01
1.0778809E+06,-5.71854E+01
1.0791016E+06,-5.50454E+01
1.0803223E+06,-5.42454E+01
1.0815430E+06,-6.62454E+01
1.0827637E+06,-6.19254E+01
1.0839844E+06,-5.46054E+01
1.0852051E+06,-5.78254E+01
1.0864258E+06,-6.13454E+01
1.0876465E+06,-5.76254E+01
1.0888672E+06,-5.91054E+01
1.0900879E+06,-5.14854E+01
1.0913086E+06,-5.13054E+01
1.0925293E+06,-5.37454E+01
1.0937500E+06,-5.50654E+01
1.0949707E+06,-6.04254E+01
1.0961914E+06,-5.53654E+01
1.0974121E+06,-5.61654E+01
1.0986328E+06,-5.49454E+01
1.0998535E+06,-6.13054E+01
1.1010742E+06,-5.74054E+01
1.1022949E+06,-5.85654E+01
1.1035156E+06,-5.86254E+01
1.1047363E+06,-5.30454E+01
1.1059570E+06,-5.54054E+01
1.1071777E+06,-5.22454E+01
1.1083984E+06,-5.41254E+01
1.1096191E+06,-5.51454E+01
1.1108398E+06,-5.97654E+01
1.1120605E+06,-5.61054E+01
1.1132812E+06,-6.30254E+01
1.1145020E+06,-5.76854E+01
1.1157227E+06,-5.43654E+01
1.1169434E+06,-5.73254E+01
1.1181641E+06,-7.03654E+01
1.1193848E+06,-5.99254E+01
1.1206055E+06,-5.92054E+01
1.1218262E+06,-6.02654E+01
1.1230469E+06,-5.40254E+01
1.1242676E+06,-5.62454E+01
1.1254883E+06,-5.76054E+01
1.1267090E+06,-5.69854E+01
1.1279297E+06,-5.74254E+01
1.1291504E+06,-5.53854E+01
1.1303711E+06,-6.44254E+01
1.1315918E+06,-5.29254E+01
1.1328125E+06,-5.30254E+01
1.1340332E+06,-5.64854E+01
1.1352539E+06,-6.54054E+01
1.1364746E+06,-8.20254E+01
1.1376953E+06,-6.53054E+01
1.1389160E+06,-5.88054E+01
1.1401367E+06,-6.02654E+01
1.1413574E+06,-6.35454E+01
1.1425781E+06,-5.92654E+01
1.1437988E+06,-5.87254E+01
1.1450195E+06,-5.70254E+01
1.1462402E+06,-5.13854E+01
1.1474609E+06,-4.94854E+01
1.1486816E+06,-5.49854E+01
1.1499023E+06,-6.55854E+01
1.1511230E+06,-5.83454E+01
1.1523438E+06,-6.53054E+01
1.1535645E+06,-6.72454E+01
1.1547852E+06,-7.02254E+01
1.1560059E+06,-6.90654E+01
1.1572266E+06,-5.61654E+01
1.1584473E+06,-5.58854E+01
1.1596680E+06,-6.07454E+01
1.1608887E+06,-5.63854E+01
1.1621094E+06,-6.73454E+01
1.1633301E+06,-6.93454E+01
1.1645508E+06,-5.98054E+01
1.1657715E+06,-5.10254E+01
1.1669922E+06,-5.61454E+01
1.1682129E+06,-6.02254E+01
1.1694336E+06,-6.55654E+01
1.1706543E+06,-5.95054E+01
1.1718750E+06,-5.70054E+01
1.1730957E+06,-5.51454E+01
1.1743164E+06,-6.05854E+01
1.1755371E+06,-6.49854E+01
1.1767578E+06,-6.57654E+01
1.1779785E+06,-6.16054E+01
1.1791992E+06,-6.96654E+01
1.1804199E+06,-6.93654E+01
1.1816406E+06,-6.98854E+01
1.1828613E+06,-6.69054E+01
1.1840820E+06,-6.31854E+01
1.1853027E+06,-6.63454E+01
1.1865234E+06,-5.91654E+01
1.1877441E+06,-7.21454E+01
1.1889648E+06,-6.00054E+01
1.1901855E+06,-5.93054E+01
1.1914062E+06,-6.13854E+01
1.1926270E+06,-5.89054E+01
1.1938477E+06,-5.52654E+01
1.1950684E+06,-5.18854E+01
1.1962891E+06,-5.49454E+01
1.1975098E+06,-6.37654E+01
1.1987305E+06,-6.23454E+01
1.1999512E+06,-5.43454E+01
1.2011719E+06,-5.39854E+01
1.2023926E+06,-6.58854E+01
1.2036133E+06,-5.67054E+01
1.2048340E+06,-5.33854E+01
1.2060547E+06,-6.29654E+01
1.2072754E+06,-6.08854E+01
1.2084961E+06,-6.00054E+01
1.2097168E+06,-6.47854E+01
1.2109375E+06,-6.76854E+01
1.2121582E+06,-5.71654E+01
1.2133789E+06,-6.68454E+01
1.2145996E+06,-5.75854E+01
1.2158203E+06,-5.86054E+01
1.2170410E+06,-5.67854E+01
1.2182617E+06,-5.36254E+01
1.2194824E+06,-5.39654E+01
1.2207031E+06,-5.79854E+01
1.2219238E+06,-6.22254E+01
1.2231445E+06,-6.02654E+01
1.2243652E+06,-6.65254E+01
1.2255859E+06,-5.79854E+01
1.2268066E+06,-5.84654E+01
1.2280273E+06,-6.41654E+01
1.2292480E+06,-5.78254E+01
1.2304688E+06,-6.04454E+01
1.2316895E+06,-5.75254E+01
1.2329102E+06,-5.74254E+01
1.2341309E+06,-5.22054E+01
1.2353516E+06,-6.06054E+01
1.2365723E+06,-6.45654E+01
1.2377930E+06,-6.28454E+01
1.2390137E+06,-6.41254E+01
1.2402344E+06,-5.42454E+01
1.2414551E+06,-4.98854E+01
1.2426758E+06,-5.02254E+01
1.2438965E+06,-5.39454E+01
1.2451172E+06,-6.20254E+01
1.2463379E+06,-6.49454E+01
1.2475586E+06,-5.69054E+01
1.2487793E+06,-5.18654E+01
1.2500000E+06,-4.53854E+01
1.2512207E+06,-4.88054E+01
1.2524414E+06,-5.36854E+01
1.2536621E+06,-5.41054E+01
1.2548828E+06,-5.71854E+01
1.2561035E+06,-7.27454E+01
1.2573242E+06,-6.51054E+01
1.2585449E+06,-5.43254E+01
1.2597656E+06,-5.17254E+01
1.2609863E+06,-5.37054E+01
1.2622070E+06,-5.40654E+01
1.2634277E+06,-5.49254E+01
1.2646484E+06,-5.13054E+01
1.2658691E+06,-5.32854E+01
1.2670898E+06,-5.64454E+01
1.2683105E+06,-5.82054E+01
1.2695312E+06,-5.67254E+01
1.2707520E+06,-5.53254E+01
1.2719727E+06,-6.32454E+01
1.2731934E+06,-5.57454E+01
1.2744141E+06,-5.61254E+01
1.2756348E+06,-5.94454E+01
1.2768555E+06,-5.72254E+01
1.2780762E+06,-5.92254E+01
1.2792969E+06,-5.48854E+01
1.2805176E+06,-5.71454E+01
1.2817383E+06,-7.17454E+01
1.2829590E+06,-5.84654E+01
1.2841797E+06,-5.61854E+01
1.2854004E+06,-5.32254E+01
1.2866211E+06,-5.63854E+01
1.2878418E+06,-7.28254E+01
1.2890625E+06,-6.42654E+01
1.2902832E+06,-5.32654E+01
1.2915039E+06,-5.14054E+01
1.2927246E+06,-5.50454E+01
1.2939453E+06,-6.02654E+01
1.2951660E+06,-6.48054E+01
1.2963867E+06,-6.54454E+01
1.2976074E+06,-6.67654E+01
1.2988281E+06,-5.99654E+01
1.3000488E+06,-5.74054E+01
1.3012695E+06,-6.20454E+01
1.3024902E+06,-6.11254E+01
1.3037109E+06,-6.08254E+01
1.3049316E+06,-6.10254E+01
1.3061523E+06,-5.90054E+01
1.3073730E+06,-5.53854E+01
1.3085938E+06,-5.69054E+01
1.3098145E+06,-6.26054E+01
1.3110352E+06,-7.73254E+01
1.3122559E+06,-6.51054E+01
1.3134766E+06,-6.86654E+01
1.3146973E+06,-7.00854E+01
1.3159180E+06,-6.39454E+01
1.3171387E+06,-6.70854E+01
1.3183594E+06,-5.99254E+01
1.3195801E+06,-5.48254E+01
1.3208008E+06,-5.26454E+01
1.3220215E+06,-5.03254E+01
1.3232422E+06,-5.67654E+01
1.3244629E+06,-6.27454E+01
1.3256836E+06,-5.55654E+01
1.3269043E+06,-5.41454E+01
1.3281250E+06,-5.31654E+01
1.3293457E+06,-5.03654E+01
1.3305664E+06,-6.11254E+01
1.3317871E+06,-6.46054E+01
1.3330078E+06,-6.33454E+01
1.3342285E+06,-5.81254E+01
1.3354492E+06,-7.22054E+01
1.3366699E+06,-5.70854E+01
1.3378906E+06,-6.37054E+01
1.3391113E+06,-5.48854E+01
1.3403320E+06,-5.03054E+01
1.3415527E+06,-5.99654E+01
1.3427734E+06,-6.03654E+01
1.3439941E+06,-5.50854E+01
1.3452148E+06,-5.73854E+01
1.3464355E+06,-6.24654E+01
1.3476562E+06,-7.17054E+01
1.3488770E+06,-6.61454E+01
1.3500977E+06,-6.49454E+01
1.3513184E+06,-5.68054E+01
1.3525391E+06,-5.80854E+01
1.3537598E+06,-5.58054E+01
1.3549805E+06,-5.15454E+01
1.3562012E+06,-4.89454E+01
1.3574219E+06,-5.32654E+01
1.3586426E+06,-6.32254E+01
1.3598633E+06,-6.04054E+01
1.3610840E+06,-6.29454E+01
1.3623047E+06,-6.56454E+01
1.3635254E+06,-6.79854E+01
1.3647461E+06,-6.14654E+01
1.3659668E+06,-5.59854E+01
1.3671875E+06,-5.15254E+01
1.3684082E+06,-5.20454E+01
1.3696289E+06,-6.42454E+01
1.3708496E+06,-5.91254E+01
1.3720703E+06,-5.39054E+01
1.3732910E+06,-5.46654E+01
1.3745117E+06,-6.56854E+01
1.3757324E+06,-6.74454E+01
1.3769531E+06,-5.69254E+01
1.3781738E+06,-5.39654E+01
1.3793945E+06,-5.52054E+01
1.3806152E+06,-6.18254E+01
1.3818359E+06,-6.20054E+01
1.3830566E+06,-7.38854E+01
1.3842773E+06,-5.96254E+01
1.3854980E+06,-6.68854E+01
1.3867188E+06,-5.58654E+01
1.3879395E+06,-6.48454E+01
1.3891602E+06,-5.70254E+01
1.3903809E+06,-5.27454E+01
1.3916016E+06,-5.47454E+01
1.3928223E+06,-5.32254E+01
1.3940430E+06,-5.27254E+01
1.3952637E+06,-6.15254E+01
1.3964844E+06,-5.71054E+01
1.3977051E+06,-5.53854E+01
1.3989258E+06,-5.64454E+01
1.4001465E+06,-5.85454E+01
1.4013672E+06,-5.31054E+01
1.4025879E+06,-5.24454E+01
1.4038086E+06,-5.85454E+01
1.4050293E+06,-5.77054E+01
1.4062500E+06,-5.91054E+01
1.4074707E+06,-5.20454E+01
1.4086914E+06,-5.13854E+01
1.4099121E+06,-6.35454E+01
1.4111328E+06,-5.81254E+01
1.4123535E+06,-6.99254E+01
1.4135742E+06,-5.81054E+01
1.4147949E+06,-5.49254E+01
1.4160156E+06,-5.43854E+01
1.4172363E+06,-5.52054E+01
1.4184570E+06,-5.56654E+01
1.4196777E+06,-6.03454E+01
1.4208984E+06,-5.50054E+01
1.4221191E+06,-5.46654E+01
1.4233398E+06,-6.06454E+01
1.4245605E+06,-6.56854E+01
1.4257812E+06,-5.56454E+01
1.4270020E+06,-5.82654E+01
1.4282227E+06,-6.37254E+01
1.4294434E+06,-6.73654E+01
1.4306641E+06,-6.89654E+01
1.4318848E+06,-5.89654E+01
1.4331055E+06,-6.27854E+01
1.4343262E+06,-6.78254E+01
1.4355469E+06,-6.21454E+01
1.4367676E+06,-5.58454E+01
1.4379883E+06,-5.64854E+01
1.4392090E+06,-5.76254E+01
1.4404297E+06,-5.84854E+01
1.4416504E+06,-5.53854E+01
1.4428711E+06,-5.21454E+01
1.4440918E+06,-6.07054E+01
1.4453125E+06,-5.36654E+01
1.4465332E+06,-5.59654E+01
1.4477539E+06,-6.16654E+01
1.4489746E+06,-7.42054E+01
1.4501953E+06,-5.10654E+01
1.4514160E+06,-5.20254E+01
1.4526367E+06,-6.34254E+01
1.4538574E+06,-5.63454E+01
1.4550781E+06,-5.34054E+01
1.4562988E+06,-6.37254E+01
1.4575195E+06,-6.44254E+01
1.4587402E+06,-5.99654E+01
1.4599609E+06,-5.83654E+01
1.4611816E+06,-5.70054E+01
1.4624023E+06,-5.60054E+01
1.4636230E+06,-5.46654E+01
1.4648438E+06,-5.89454E+01
1.4660645E+06,-7.17454E+01
1.4672852E+06,-6.03454E+01
1.4685059E+06,-5.81654E+01
1.4697266E+06,-6.11854E+01
1.4709473E+06,-5.79454E+01
1.4721680E+06,-5.61054E+01
1.4733887E+06,-5.81654E+01
1.4746094E+06,-6.22854E+01
1.4758301E+06,-6.54454E+01
1.4770508E+06,-6.38254E+01
1.4782715E+06,-5.98054E+01
1.4794922E+06,-5.47854E+01
1.4807129E+06,-6.19254E+01
1.4819336E+06,-5.12854E+01
1.4831543E+06,-5.14854E+01
1.4843750E+06,-5.31654E+01
1.4855957E+06,-5.45854E+01
1.4868164E+06,-5.44654E+01
1.4880371E+06,-6.00854E+01
1.4892578E+06,-6.36454E+01
1.4904785E+06,-5.93054E+01
1.4916992E+06,-5.35054E+01
1.4929199E+06,-5.30854E+01
1.4941406E+06,-5.79454E+01
1.4953613E+06,-6.03654E+01
1.4965820E+06,-5.87254E+01
1.4978027E+06,-6.81254E+01
1.4990234E+06,-6.08854E+01
1.5002441E+06,-5.39854E+01
1.5014648E+06,-5.25454E+01
1.5026855E+06,-5.68054E+01
1.5039062E+06,-5.57454E+01
1.5051270E+06,-5.61654E+01
1.5063477E+06,-5.77854E+01
1.5075684E+06,-5.22054E+01
1.5087891E+06,-6.07254E+01
1.5100098E+06,-6.34254E+01
1.5112305E+06,-6.68254E+01
1.5124512E+06,-5.77054E+01
1.5136719E+06,-6.35654E+01
1.5148926E+06,-6.14054E+01
1.5161133E+06,-5.96254E+01
1.5173340E+06,-5.72654E+01
1.5185547E+06,-5.79054E+01
1.5197754E+06,-5.24454E+01
1.5209961E+06,-5.91254E+01
1.5222168E+06,-6.05454E+01
1.5234375E+06,-8.06654E+01
1.5246582E+06,-6.43254E+01
1.5258789E+06,-5.70654E+01
1.5270996E+06,-5.58454E+01
1.5283203E+06,-5.40654E+01
1.5295410E+06,-5.40854E+01
1.5307617E+06,-5.10254E+01
1.5319824E+06,-5.54054E+01
1.5332031E+06,-6.85454E+01
1.5344238E+06,-6.01854E+01
1.5356445E+06,-5.72654E+01
1.5368652E+06,-5.71454E+01
1.5380859E+06,-5.53454E+01
1.5393066E+06,-6.30054E+01
1.5405273E+06,-5.42054E+01
1.5417480E+06,-5.40054E+01
1.5429688E+06,-5.96254E+01
1.5441895E+06,-7.24654E+01
1.5454102E+06,-5.65854E+01
1.5466309E+06,-5.29654E+01
1.5478516E+06,-5.54054E+01
1.5490723E+06,-5.12854E+01
1.5502930E+06,-5.44654E+01
1.5515137E+06,-7.07654E+01
1.5527344E+06,-6.32454E+01
1.5539551E+06,-5.23854E+01
1.5551758E+06,-4.83654E+01
1.5563965E+06,-4.98454E+01
1.5576172E+06,-5.88454E+01
1.5588379E+06,-6.72454E+01
1.5600586E+06,-6.19054E+01
1.5612793E+06,-5.95854E+01
1.5625000E+06,-6.47854E+01
1.5637207E+06,-6.43054E+01
1.5649414E+06,-5.46854E+01
1.5661621E+06,-5.28054E+01
1.5673828E+06,-5.44254E+01
1.5686035E+06,-6.23054E+01
1.5698242E+06,-6.15054E+01
1.5710449E+06,-5.61054E+01
1.5722656E+06,-6.59254E+01
1.5734863E+06,-5.59854E+01
1.5747070E+06,-5.83454E+01
1.5759277E+06,-5.76054E+01
1.5771484E+06,-5.86654E+01
1.5783691E+06,-5.90654E+01
1.5795898E+06,-5.43454E+01
1.5808105E+06,-5.81254E+01
1.5820312E+06,-6.40854E+01
1.5832520E+06,-6.17454E+01
1.5844727E+06,-6.32454E+01
1.5856934E+06,-6.16854E+01
1.5869141E+06,-5.18254E+01
1.5881348E+06,-5.05054E+01
1.5893555E+06,-5.26254E+01
1.5905762E+06,-5.43854E+01
1.5917969E+06,-5.86654E+01
1.5930176E+06,-6.14654E+01
1.5942383E+06,-6.48454E+01
1.5954590E+06,-5.64654E+01
1.5966797E+06,-5.45454E+01
1.5979004E+06,-5.54454E+01
1.5991211E+06,-5.64854E+01
1.6003418E+06,-6.29254E+01
1.6015625E+06,-5.97454E+01
1.6027832E+06,-5.80854E+01
1.6040039E+06,-5.97454E+01
1.6052246E+06,-6.52654E+01
1.6064453E+06,-5.62654E+01
1.6076660E+06,-5.91254E+01
1.6088867E+06,-5.95054E+01
1.6101074E+06,-6.02654E+01
1.6113281E+06,-6.25654E+01
1.6125488E+06,-5.85254E+01
1.6137695E+06,-5.72054E+01
1.6149902E+06,-5.73854E+01
1.6162109E+06,-5.75254E+01
1.6174316E+06,-5.60054E+01
1.6186523E+06,-5.08854E+01
1.6198730E+06,-4.97654E+01
1.6210938E+06,-6.25654E+01
1.6223145E+06,-5.33454E+01
1.6235352E+06,-6.99654E+01
1.6247559E+06,-5.45254E+01
1.6259766E+06,-5.82654E+01
1.6271973E+06,-6.02254E+01
1.6284180E+06,-5.97054E+01
1.6296387E+06,-6.00054E+01
1.6308594E+06,-7.43254E+01
1.6320801E+06,-6.55254E+01
1.6333008E+06,-5.72254E+01
1.6345215E+06,-5.51054E+01
1.6357422E+06,-5.76054E+01
1.6369629E+06,-5.87454E+01
1.6381836E+06,-7.14454E+01
1.6394043E+06,-5.29854E+01
1.6406250E+06,-5.71454E+01
1.6418457E+06,-6.24454E+01
1.6430664E+06,-5.54854E+01
1.6442871E+06,-5.39054E+01
1.6455078E+06,-5.73654E+01
1.6467285E+06,-5.45654E+01
1.6479492E+06,-5.47654E+01
1.6491699E+06,-6.32054E+01
1.6503906E+06,-6.18254E+01
1.6516113E+06,-5.67054E+01
1.6528320E+06,-5.16854E+01
1.6540527E+06,-5.32854E+01
1.6552734E+06,-5.46454E+01
1.6564941E+06,-5.38854E+01
1.6577148E+06,-6.28054E+01
1.6589355E+06,-5.09054E+01
1.6601562E+06,-4.92254E+01
1.6613770E+06,-5.61854E+01
1.6625977E+06,-6.17254E+01
1.6638184E+06,-6.41854E+01
1.6650391E+06,-6.41654E+01
1.6662598E+06,-5.80854E+01
1.6674805E+06,-5.77054E+01
1.6687012E+06,-5.99254E+01
1.6699219E+06,-5.44454E+01
1.6711426E+06,-5.28854E+01
1.6723633E+06,-5.87454E+01
1.6735840E+06,-5.40854E+01
1.6748047E+06,-5.11454E+01
1.6760254E+06,-5.59254E+01
1.6772461E+06,-6.70254E+01
1.6784668E+06,-6.25654E+01
1.6796875E+06,-6.34654E+01
1.6809082E+06,-6.08854E+01
1.6821289E+06,-5.29254E+01
1.6833496E+06,-5.19854E+01
1.6845703E+06,-5.41854E+01
1.6857910E+06,-6.28854E+01
1.6870117E+06,-6.24454E+01
1.6882324E+06,-6.27254E+01
1.6894531E+06,-6.02254E+01
1.6906738E+06,-5.84054E+01
1.6918945E+06,-5.73654E+01
1.6931152E+06,-6.16854E+01
1.6943359E+06,-8.67654E+01
1.6955566E+06,-7.15654E+01
1.6967773E+06,-6.23654E+01
1.6979980E+06,-5.73454E+01
1.6992188E+06,-5.82454E+01
1.7004395E+06,-5.53054E+01
1.7016602E+06,-5.93654E+01
1.7028809E+06,-5.87254E+01
1.7041016E+06,-5.46454E+01
1.7053223E+06,-5.62854E+01
1.7065430E+06,-5.50254E+01
1.7077637E+06,-5.76854E+01
1.7089844E+06,-5.47854E+01
1.7102051E+06,-5.07054E+01
1.7114258E+06,-5.29054E+01
1.7126465E+06,-5.64254E+01
1.7138672E+06,-7.07254E+01
1.7150879E+06,-5.73854E+01
1.7163086E+06,-5.75854E+01
1.7175293E+06,-5.52854E+01
1.7187500E+06,-5.52854E+01
1.7199707E+06,-6.20054E+01
1.7211914E+06,-6.62854E+01
1.7224121E+06,-6.42454E+01
1.7236328E+06,-6.08854E+01
1.7248535E+06,-5.54654E+01
1.7260742E+06,-5.45254E+01
1.7272949E+06,-5.50654E+01
1.7285156E+06,-5.64854E+01
1.7297363E+06,-5.77254E+01
1.7309570E+06,-6.43254E+01
1.7321777E+06,-5.73254E+01
1.7333984E+06,-5.92054E+01
1.7346191E+06,-5.94454E+01
1.7358398E+06,-5.26254E+01
1.7370605E+06,-5.59054E+01
1.7382812E+06,-7.03454E+01
1.7395020E+06,-5.77854E+01
1.7407227E+06,-6.06654E+01
1.7419434E+06,-6.75654E+01
1.7431641E+06,-5.68854E+01
1.7443848E+06,-5.46854E+01
1.7456055E+06,-5.94454E+01
1.7468262E+06,-5.55854E+01
1.7480469E+06,-5.93654E+01
1.7492676E+06,-6.06254E+01
1.7504883E+06,-5.86054E+01
1.7517090E+06,-5.27254E+01
1.7529297E+06,-5.83254E+01
1.7541504E+06,-6.56654E+01
1.7553711E+06,-5.95854E+01
1.7565918E+06,-5.73254E+01
1.7578125E+06,-6.08254E+01
1.7590332E+06,-7.24654E+01
1.7602539E+06,-8.14254E+01
1.7614746E+06,-7.73254E+01
1.7626953E+06,-5.97054E+01
1.7639160E+06,-5.58254E+01
1.7651367E+06,-5.63454E+01
1.7663574E+06,-5.88054E+01
1.7675781E+06,-7.08854E+01
1.7687988E+06,-6.02254E+01
1.7700195E+06,-6.41854E+01
1.7712402E+06,-6.63054E+01
1.7724609E+06,-6.29254E+01
1.7736816E+06,-6.20854E+01
1.7749023E+06,-6.58054E+01
1.7761230E+06,-5.94054E+01
1.7773438E+06,-5.92654E+01
1.7785645E+06,-6.37254E+01
1.7797852E+06,-5.83254E+01
1.7810059E+06,-5.40054E+01
1.7822266E+06,-5.47254E+01
1.7834473E+06,-7.09654E+01
1.7846680E+06,-7.03454E+01
1.7858887E+06,-7.90254E+01
1.7871094E+06,-6.07654E+01
1.7883301E+06,-5.72854E+01
1.7895508E+06,-5.84654E+01
1.7907715E+06,-5.64254E+01
1.7919922E+06,-6.34654E+01
1.7932129E+06,-5.42254E+01
1.7944336E+06,-4.86254E+01
1.7956543E+06,-5.42454E+01
1.7968750E+06,-5.90654E+01
1.7980957E+06,-6.00054E+01
1.7993164E+06,-5.79454E+01
1.8005371E+06,-5.27254E+01
1.8017578E+06,-5.30054E+01
1.8029785E+06,-5.38854E+01
1.8041992E+06,-5.17654E+01
1.8054199E+06,-5.88454E+01
1.8066406E+06,-5.74254E+01
1.8078613E+06,-5.89454E+01
1.8090820E+06,-6.73854E+01
1.8103027E+06,-6.07654E+01
1.8115234E+06,-5.59854E+01
1.8127441E+06,-5.65854E+01
1.8139648E+06,-6.22254E+01
1.8151855E+06,-5.72854E+01
1.8164062E+06,-6.27254E+01
1.8176270E+06,-6.24654E+01
1.8188477E+06,-5.99654E+01
1.8200684E+06,-6.19454E+01
1.8212891E+06,-5.83254E+01
1.8225098E+06,-5.89054E+01
1.8237305E+06,-6.81854E+01
1.8249512E+06,-5.76054E+01
1.8261719E+06,-5.36454E+01
1.8273926E+06,-5.25054E+01
1.8286133E+06,-5.58054E+01
1.8298340E+06,-5.76654E+01
1.8310547E+06,-5.46054E+01
1.8322754E+06,-5.70054E+01
1.8334961E+06,-6.67654E+01
1.8347168E+06,-5.86254E+01
1.8359375E+06,-5.30254E+01
1.8371582E+06,-5.59854E+01
1.8383789E+06,-6.02654E+01
1.8395996E+06,-6.36054E+01
1.8408203E+06,-6.44654E+01
1.8420410E+06,-5.75454E+01
1.8432617E+06,-5.78454E+01
1.8444824E+06,-6.41454E+01
1.8457031E+06,-6.07454E+01
1.8469238E+06,-5.40454E+01
1.8481445E+06,-5.54454E+01
1.8493652E+06,-5.84254E+01
1.8505859E+06,-6.16654E+01
1.8518066E+06,-6.97654E+01
1.8530273E+06,-6.07054E+01
1.8542480E+06,-5.37054E+01
1.8554688E+06,-5.82054E+01
1.8566895E+06,-5.89654E+01
1.8579102E+06,-5.55854E+01
1.8591309E+06,-6.20454E+01
1.8603516E+06,-6.06254E+01
1.8615723E+06,-5.33254E+01
1.8627930E+06,-5.33054E+01
1.8640137E+06,-5.44854E+01
1.8652344E+06,-5.64454E+01
1.8664551E+06,-6.44454E+01
1.8676758E+06,-5.92054E+01
1.8688965E+06,-4.94854E+01
1.8701172E+06,-5.23054E+01
1.8713379E+06,-6.69054E+01
1.8725586E+06,-5.90654E+01
1.8737793E+06,-6.06054E+01
1.8750000E+06,-5.83654E+01
1.8762207E+06,-6.44454E+01
1.8774414E+06,-5.98854E+01
1.8786621E+06,-5.57054E+01
1.8798828E+06,-5.38254E+01
1.8811035E+06,-5.21454E+01
1.8823242E+06,-5.09854E+01
1.8835449E+06,-5.28454E+01
1.8847656E+06,-6.37054E+01
1.8859863E+06,-6.65854E+01
1.8872070E+06,-6.12054E+01
1.8884277E+06,-6.59854E+01
1.8896484E+06,-6.35854E+01
1.8908691E+06,-6.06654E+01
1.8920898E+06,-7.07254E+01
1.8933105E+06,-5.60854E+01
1.8945312E+06,-5.72454E+01
1.8957520E+06,-5.90654E+01
1.8969727E+06,-6.28054E+01
1.8981934E+06,-5.64254E+01
1.8994141E+06,-6.20654E+01
1.9006348E+06,-6.09254E+01
1.9018555E+06,-6.49454E+01
1.9030762E+06,-6.51254E+01
1.9042969E+06,-6.36654E+01
1.9055176E+06,-6.61654E+01
1.9067383E+06,-6.33254E+01
1.9079590E+06,-5.58254E+01
1.9091797E+06,-5.65654E+01
1.9104004E+06,-5.96654E+01
1.9116211E+06,-6.21654E+01
1.9128418E+06,-5.71454E+01
1.9140625E+06,-5.72454E+01
1.9152832E+06,-6.59254E+01
1.9165039E+06,-5.67854E+01
1.9177246E+06,-6.09254E+01
1.9189453E+06,-6.93454E+01
1.9201660E+06,-7.78654E+01
1.9213867E+06,-6.25454E+01
1.9226074E+06,-6.04654E+01
1.9238281E+06,-5.51054E+01
1.9250488E+06,-4.88454E+01
1.9262695E+06,-5.18654E+01
1.9274902E+06,-5.84654E+01
1.9287109E+06,-6.11254E+01
1.9299316E+06,-6.09854E+01
1.9311523E+06,-5.93654E+01
1.9323730E+06,-5.88054E+01
1.9335938E+06,-5.63854E+01
1.9348145E+06,-5.33454E+01
1.9360352E+06,-6.18854E+01
1.9372559E+06,-7.49254E+01
1.9384766E+06,-6.86854E+01
1.9396973E+06,-6.13254E+01
1.9409180E+06,-6.17254E+01
1.9421387E+06,-5.27454E+01
1.9433594E+06,-5.22254E+01
1.9445801E+06,-5.62854E+01
1.9458008E+06,-5.64054E+01
1.9470215E+06,-5.41254E+01
1.9482422E+06,-7.05854E+01
1.9494629E+06,-5.58054E+01
1.9506836E+06,-6.27454E+01
1.9519043E+06,-6.45254E+01
1.9531250E+06,-6.97454E+01
1.9543457E+06,-6.62454E+01
1.9555664E+06,-6.31054E+01
1.9567871E+06,-6.15254E+01
1.9580078E+06,-6.31854E+01
1.9592285E+06,-5.52654E+01
1.9604492E+06,-4.94854E+01
1.9616699E+06,-4.87454E+01
1.9628906E+06,-5.26254E+01
1.9641113E+06,-6.90254E+01
1.9653320E+06,-6.24854E+01
1.9665527E+06,-5.94054E+01
1.9677734E+06,-5.47854E+01
1.9689941E+06,-5.42254E+01
1.9702148E+06,-6.36854E+01
1.9714355E+06,-6.29054E+01
1.9726562E+06,-5.98054E+01
1.9738770E+06,-5.79854E+01
1.9750977E+06,-5.69054E+01
1.9763184E+06,-5.64854E+01
1.9775391E+06,-5.64654E+01
1.9787598E+06,-6.06054E+01
1.9799805E+06,-5.44654E+01
1.9812012E+06,-5.75254E+01
1.9824219E+06,-6.18254E+01
1.9836426E+06,-6.28854E+01
1.9848633E+06,-5.63454E+01
1.9860840E+06,-5.95054E+01
1.9873047E+06,-5.98054E+01
1.9885254E+06,-8.12854E+01
1.9897461E+06,-5.89654E+01
1.9909668E+06,-5.53854E+01
1.9921875E+06,-5.77854E+01
1.9934082E+06,-6.14854E+01
1.9946289E+06,-6.41854E+01
1.9958496E+06,-5.59854E+01
1.9970703E+06,-5.50454E+01
1.9982910E+06,-5.69654E+01
1.9995117E+06,-8.26054E+01
2.0007324E+06,-6.31454E+01
2.0019531E+06,-5.90254E+01
2.0031738E+06,-5.31654E+01
2.0043945E+06,-5.75454E+01
2.0056152E+06,-7.46654E+01
2.0068359E+06,-5.84254E+01
2.0080566E+06,-5.69854E+01
2.0092773E+06,-6.16254E+01
2.0104980E+06,-6.10654E+01
2.0117188E+06,-5.48454E+01
2.0129395E+06,-5.13054E+01
2.0141602E+06,-5.23654E+01
2.0153809E+06,-6.45854E+01
2.0166016E+06,-5.62654E+01
2.0178223E+06,-5.13054E+01
2.0190430E+06,-5.53854E+01
2.0202637E+06,-6.10854E+01
2.0214844E+06,-5.37654E+01
2.0227051E+06,-5.57054E+01
2.0239258E+06,-5.43254E+01
2.0251465E+06,-5.42254E+01
2.0263672E+06,-5.82654E+01
2.0275879E+06,-6.28654E+01
2.0288086E+06,-6.08054E+01
2.0300293E+06,-5.55654E+01
2.0312500E+06,-5.46054E+01
2.0324707E+06,-6.28254E+01
2.0336914E+06,-5.61254E+01
2.0349121E+06,-5.74854E+01
2.0361328E+06,-5.61654E+01
2.0373535E+06,-5.50654E+01
2.0385742E+06,-5.69654E+01
2.0397949E+06,-5.82054E+01
2.0410156E+06,-5.71454E+01
2.0422363E+06,-6.08654E+01
2.0434570E+06,-7.02654E+01
2.0446777E+06,-6.29054E+01
2.0458984E+06,-5.61654E+01
2.0471191E+06,-5.21454E+01
2.0483398E+06,-5.29454E+01
2.0495605E+06,-6.17654E+01
2.0507812E+06,-6.68054E+01
2.0520020E+06,-6.46854E+01
2.0532227E+06,-6.57254E+01
2.0544434E+06,-5.91654E+01
2.0556641E+06,-5.64254E+01
2.0568848E+06,-5.79854E+01
2.0581055E+06,-5.74454E+01
2.0593262E+06,-5.86654E+01
2.0605469E+06,-5.19054E+01
2.0617676E+06,-5.28454E+01
2.0629883E+06,-5.46654E+01
2.0642090E+06,-5.86254E+01
2.0654297E+06,-5.47654E+01
2.0666504E+06,-5.88654E+01
2.0678711E+06,-5.92054E+01
2.0690918E+06,-5.50654E+01
2.0703125E+06,-6.38254E+01
2.0715332E+06,-5.50454E+01
2.0727539E+06,-5.23854E+01
2.0739746E+06,-5.64054E+01
2.0751953E+06,-5.45454E+01
2.0764160E+06,-5.56454E+01
2.0776367E+06,-6.05454E+01
2.0788574E+06,-6.54254E+01
2.0800781E+06,-6.92254E+01
2.0812988E+06,-6.20254E+01
2.0825195E+06,-5.45454E+01
2.0837402E+06,-5.35654E+01
2.0849609E+06,-6.47054E+01
2.0861816E+06,-5.88054E+01
2.0874023E+06,-5.89054E+01
2.0886230E+06,-6.90254E+01
2.0898438E+06,-6.38654E+01
2.0910645E+06,-6.71054E+01
2.0922852E+06,-5.75454E+01
2.0935059E+06,-5.61254E+01
2.0947266E+06,-5.52854E+01
2.0959473E+06,-5.31454E+01
2.0971680E+06,-6.74654E+01
2.0983887E+06,-5.51054E+01
2.0996094E+06,-6.10254E+01
2.1008301E+06,-6.50854E+01
2.1020508E+06,-6.24654E+01
2.1032715E+06,-7.50654E+01
2.1044922E+06,-6.41054E+01
2.1057129E+06,-5.80254E+01
2.1069336E+06,-5.83654E+01
2.1081543E+06,-5.65854E+01
2.1093750E+06,-5.31654E+01
2.1105957E+06,-5.13054E+01
2.1118164E+06,-4.75254E+01
2.1130371E+06,-4.93054E+01
2.1142578E+06,-5.50454E+01
2.1154785E+06,-5.18654E+01
2.1166992E+06,-5.53654E+01
2.1179199E+06,-5.94854E+01
2.1191406E+06,-5.98054E+01
2.1203613E+06,-6.09454E+01
2.1215820E+06,-5.57054E+01
2.1228027E+06,-5.43854E+01
2.1240234E+06,-4.92254E+01
2.1252441E+06,-4.91254E+01
2.1264648E+06,-5.40454E+01
2.1276855E+06,-4.92054E+01
2.1289062E+06,-4.88054E+01
2.1301270E+06,-5.29654E+01
2.1313477E+06,-6.25254E+01
2.1325684E+06,-5.97054E+01
2.1337891E+06,-5.90254E+01
2.1350098E+06,-5.70654E+01
2.1362305E+06,-5.74054E+01
2.1374512E+06,-6.62054E+01
2.1386719E+06,-5.50854E+01
2.1398926E+06,-7.73854E+01
2.1411133E+06,-5.67654E+01
2.1423340E+06,-6.19454E+01
2.1435547E+06,-7.40054E+01
2.1447754E+06,-6.66254E+01
2.1459961E+06,-5.68854E+01
2.1472168E+06,-5.69054E+01
2.1484375E+06,-6.78454E+01
2.1496582E+06,-5.48854E+01
2.1508789E+06,-5.41654E+01
2.1520996E+06,-6.04854E+01
2.1533203E+06,-6.28854E+01
2.1545410E+06,-6.24654E+01
2.1557617E+06,-5.65454E+01
2.1569824E+06,-6.09854E+01
2.1582031E+06,-6.39454E+01
2.1594238E+06,-5.95454E+01
2.1606445E+06,-5.43054E+01
2.1618652E+06,-5.53854E+01
2.1630859E+06,-6.96654E+01
2.1643066E+06,-5.55854E+01
2.1655273E+06,-5.81854E+01
2.1667480E+06,-5.89454E+01
2.1679688E+06,-5.27454E+01
2.1691895E+06,-6.03054E+01
2.1704102E+06,-7.19054E+01
2.1716309E+06,-5.74254E+01
2.1728516E+06,-5.27454E+01
2.1740723E+06,-6.37854E+01
2.1752930E+06,-5.25654E+01
2.1765137E+06,-5.51454E+01
2.1777344E+06,-5.61454E+01
2.1789551E+06,-6.27454E+01
2.1801758E+06,-6.08854E+01
2.1813965E+06,-5.79054E+01
2.1826172E+06,-6.06454E+01
2.1838379E+06,-5.76054E+01
2.1850586E+06,-5.66054E+01
2.1862793E+06,-5.87254E+01
2.1875000E+06,-5.71854E+01
2.1887207E+06,-6.15254E+01
2.1899414E+06,-6.19054E+01
2.1911621E+06,-5.89654E+01
2.1923828E+06,-5.98854E+01
2.1936035E+06,-5.53254E+01
2.1948242E+06,-5.87854E+01
2.1960449E+06,-5.29654E+01
2.1972656E+06,-5.55854E+01
2.1984863E+06,-5.99254E+01
2.1997070E+06,-5.85254E+01
2.2009277E+06,-5.54854E+01
2.2021484E+06,-6.09454E+01
2.2033691E+06,-5.52854E+01
2.2045898E+06,-6.04454E+01
2.2058105E+06,-6.83654E+01
2.2070312E+06,-6.03054E+01
2.2082520E+06,-5.67454E+01
2.2094727E+06,-6.53854E+01
2.2106934E+06,-5.28854E+01
2.2119141E+06,-6.09254E+01
2.2131348E+06,-6.18854E+01
2.2143555E+06,-5.80254E+01
2.2155762E+06,-5.67054E+01
2.2167969E+06,-5.33254E+01
2.2180176E+06,-5.22254E+01
2.2192383E+06,-5.97054E+01
2.2204590E+06,-5.80254E+01
2.2216797E+06,-5.69054E+01
2.2229004E+06,-5.55054E+01
2.2241211E+06,-5.64854E+01
2.2253418E+06,-5.67254E+01
2.2265625E+06,-5.66254E+01
2.2277832E+06,-6.41654E+01
2.2290039E+06,-6.62454E+01
2.2302246E+06,-6.49654E+01
2.2314453E+06,-6.51054E+01
2.2326660E+06,-5.95454E+01
2.2338867E+06,-6.03054E+01
2.2351074E+06,-5.51254E+01
2.2363281E+06,-6.05854E+01
2.2375488E+06,-6.03854E+01
2.2387695E+06,-5.09054E+01
2.2399902E+06,-5.13454E+01
2.2412109E+06,-5.47054E+01
2.2424316E+06,-5.87254E+01
2.2436523E+06,-5.97654E+01
2.2448730E+06,-6.49054E+01
2.2460938E+06,-5.76054E+01
2.2473145E+06,-6.17254E+01
2.2485352E+06,-8.23254E+01
2.2497559E+06,-5.48454E+01
2.2509766E+06,-5.14454E+01
2.2521973E+06,-5.70854E+01
2.2534180E+06,-6.47254E+01
2.2546387E+06,-6.70054E+01
2.2558594E+06,-6.23454E+01
2.2570801E+06,-5.61654E+01
2.2583008E+06,-5.68054E+01
2.2595215E+06,-5.90254E+01
2.2607422E+06,-6.53854E+01
2.2619629E+06,-6.95454E+01
2.2631836E+06,-6.22654E+01
2.2644043E+06,-5.88054E+01
2.2656250E+06,-5.75454E+01
2.2668457E+06,-5.68854E+01
2.2680664E+06,-5.95054E+01
2.2692871E+06,-7.67454E+01
2.2705078E+06,-5.64854E+01
2.2717285E+06,-5.64454E+01
2.2729492E+06,-5.34454E+01
2.2741699E+06,-5.68254E+01
2.2753906E+06,-5.21654E+01
2.2766113E+06,-5.73454E+01
2.2778320E+06,-6.03054E+01
2.2790527E+06,-5.84854E+01
2.2802734E+06,-5.16654E+01
2.2814941E+06,-5.43854E+01
2.2827148E+06,-7.84254E+01
2.2839355E+06,-6.47054E+01
2.2851562E+06,-7.17854E+01
2.2863770E+06,-6.00854E+01
2.2875977E+06,-5.89454E+01
2.2888184E+06,-6.75654E+01
2.2900391E+06,-5.76854E+01
2.2912598E+06,-5.30054E+01
2.2924805E+06,-5.05254E+01
2.2937012E+06,-5.31054E+01
2.2949219E+06,-5.78654E+01
2.2961426E+06,-5.83254E+01
2.2973633E+06,-5.87454E+01
2.2985840E+06,-5.66054E+01
2.2998047E+06,-5.39254E+01
2.3010254E+06,-5.43654E+01
2.3022461E+06,-5.90054E+01
2.3034668E+06,-5.74454E+01
2.3046875E+06,-5.64854E+01
2.3059082E+06,-5.69254E+01
2.3071289E+06,-5.79854E+01
2.3083496E+06,-6.60654E+01
2.3095703E+06,-5.25654E+01
2.3107910E+06,-5.21254E+01
2.3120117E+06,-5.68254E+01
2.3132324E+06,-7.38054E+01
2.3144531E+06,-6.24854E+01
2.3156738E+06,-6.11054E+01
2.3168945E+06,-5.59854E+01
2.3181152E+06,-5.69854E+01
2.3193359E+06,-6.77254E+01
2.3205566E+06,-6.44654E+01
2.3217773E+06,-5.28054E+01
2.3229980E+06,-5.18454E+01
2.3242188E+06,-5.55054E+01
2.3254395E+06,-5.95054E+01
2.3266602E+06,-5.45454E+01
2.3278809E+06,-5.78454E+01
2.3291016E+06,-7.98854E+01
2.3303223E+06,-6.22654E+01
2.3315430E+06,-5.74854E+01
2.3327637E+06,-5.46854E+01
2.3339844E+06,-5.70454E+01
2.3352051E+06,-6.08454E+01
2.3364258E+06,-6.09454E+01
2.3376465E+06,-6.54454E+01
2.3388672E+06,-5.67054E+01
2.3400879E+06,-5.45854E+01
2.3413086E+06,-5.61454E+01
2.3425293E+06,-6.41454E+01
2.3437500E+06,-5.58054E+01
2.3449707E+06,-6.14254E+01
2.3461914E+06,-5.87854E+01
2.3474121E+06,-5.45254E+01
2.3486328E+06,-5.44654E+01
2.3498535E+06,-5.33654E+01
2.3510742E+06,-5.37854E+01
2.3522949E+06,-6.10654E+01
2.3535156E+06,-5.69654E+01
2.3547363E+06,-5.61054E+01
2.3559570E+06,-5.71854E+01
2.3571777E+06,-5.67454E+01
2.3583984E+06,-6.21654E+01
2.3596191E+06,-5.83654E+01
2.3608398E+06,-5.08054E+01
2.3620605E+06,-4.83654E+01
2.3632812E+06,-5.08854E+01
2.3645020E+06,-5.48854E+01
2.3657227E+06,-5.42254E+01
2.3669434E+06,-5.07454E+01
2.3681641E+06,-5.05654E+01
2.3693848E+06,-5.98454E+01
2.3706055E+06,-6.21854E+01
2.3718262E+06,-6.00854E+01
2.3730469E+06,-6.42254E+01
2.3742676E+06,-6.42654E+01
2.3754883E+06,-6.69454E+01
2.3767090E+06,-5.74854E+01
2.3779297E+06,-5.93454E+01
2.3791504E+06,-6.72454E+01
2.3803711E+06,-6.16254E+01
2.3815918E+06,-6.19854E+01
2.3828125E+06,-5.46054E+01
2.3840332E+06,-5.48654E+01
2.3852539E+06,-6.05654E+01
2.3864746E+06,-6.03854E+01
2.3876953E+06,-5.92254E+01
2.3889160E+06,-5.27254E+01
2.3901367E+06,-5.70454E+01
2.3913574E+06,-5.70454E+01
2.3925781E+06,-6.41654E+01
2.3937988E+06,-6.11054E+01
2.3950195E+06,-5.87254E+01
2.3962402E+06,-6.92254E+01
2.3974609E+06,-5.45254E+01
2.3986816E+06,-5.62654E+01
2.3999023E+06,-5.93054E+01
2.4011230E+06,-6.53254E+01
2.4023438E+06,-6.04054E+01
2.4035645E+06,-5.29854E+01
2.4047852E+06,-5.84854E+01
2.4060059E+06,-6.02654E+01
2.4072266E+06,-6.00854E+01
2.4084473E+06,-6.39854E+01
2.4096680E+06,-6.05654E+01
2.4108887E+06,-6.12454E+01
2.4121094E+06,-5.40654E+01
2.4133301E+06,-5.68054E+01
2.4145508E+06,-5.84654E+01
2.4157715E+06,-5.76854E+01
2.4169922E+06,-5.07054E+01
2.4182129E+06,-5.30254E+01
2.4194336E+06,-5.51854E+01
2.4206543E+06,-6.41854E+01
2.4218750E+06,-5.64654E+01
2.4230957E+06,-6.13654E+01
2.4243164E+06,-6.19054E+01
2.4255371E+06,-6.08254E+01
2.4267578E+06,-5.48254E+01
2.4279785E+06,-6.37254E+01
2.4291992E+06,-6.22654E+01
2.4304199E+06,-6.37854E+01
2.4316406E+06,-6.03454E+01
2.4328613E+06,-5.98054E+01
2.4340820E+06,-5.85454E+01
2.4353027E+06,-7.40654E+01
2.4365234E+06,-5.92254E+01
2.4377441E+06,-6.16254E+01
2.4389648E+06,-5.48454E+01
2.4401855E+06,-5.78054E+01
2.4414062E+06,-6.72654E+01
2.4426270E+06,-5.64854E+01
2.4438477E+06,-5.81654E+01
2.4450684E+06,-6.45254E+01
2.4462891E+06,-5.83254E+01
2.4475098E+06,-5.55254E+01
2.4487305E+06,-5.24254E+01
2.4499512E+06,-5.46654E+01
2.4511719E+06,-6.24854E+01
2.4523926E+06,-7.15854E+01
2.4536133E+06,-5.62854E+01
2.4548340E+06,-6.15254E+01
2.4560547E+06,-5.67054E+01
2.4572754E+06,-5.31254E+01
2.4584961E+06,-5.28854E+01
2.4597168E+06,-5.32054E+01
2.4609375E+06,-5.10454E+01
2.4621582E+06,-5.13454E+01
2.4633789E+06,-5.12054E+01
2.4645996E+06,-5.40454E+01
2.4658203E+06,-5.58854E+01
2.4670410E+06,-7.06254E+01
2.4682617E+06,-5.48254E+01
2.4694824E+06,-6.17054E+01
2.4707031E+06,-5.42054E+01
2.4719238E+06,-5.84054E+01
2.4731445E+06,-6.95854E+01
2.4743652E+06,-6.24254E+01
2.4755859E+06,-5.80254E+01
2.4768066E+06,-5.82654E+01
2.4780273E+06,-6.74854E+01
2.4792480E+06,-5.63054E+01
2.4804688E+06,-5.17854E+01
2.4816895E+06,-5.51254E+01
2.4829102E+06,-5.55854E+01
2.4841309E+06,-5.63054E+01
2.4853516E+06,-5.36854E+01
2.4865723E+06,-5.86854E+01
2.4877930E+06,-6.43654E+01
2.4890137E+06,-5.93654E+01
2.4902344E+06,-5.59454E+01
2.4914551E+06,-6.10854E+01
2.4926758E+06,-5.66654E+01
2.4938965E+06,-7.12454E+01
2.4951172E+06,-6.89454E+01
2.4963379E+06,-5.94054E+01
2.4975586E+06,-5.63054E+01
2.4987793E+06,-5.06254E+01
2.5000000E+06,-4.78654E+01
2.5012207E+06,-5.37054E+01
2.5024414E+06,-5.94854E+01
2.5036621E+06,-5.53054E+01
2.5048828E+06,-5.48454E+01
2.5061035E+06,-6.07454E+01
2.5073242E+06,-6.81854E+01
2.5085449E+06,-6.51654E+01
2.5097656E+06,-5.83654E+01
2.5109863E+06,-5.38054E+01
2.5122070E+06,-5.74854E+01
2.5134277E+06,-7.90654E+01
2.5146484E+06,-5.39054E+01
2.5158691E+06,-5.24054E+01
2.5170898E+06,-5.75254E+01
2.5183105E+06,-5.15054E+01
2.5195312E+06,-5.34254E+01
2.5207520E+06,-5.89454E+01
2.5219727E+06,-5.36454E+01
2.5231934E+06,-6.08654E+01
2.5244141E+06,-5.80254E+01
2.5256348E+06,-5.20254E+01
2.5268555E+06,-5.39254E+01
2.5280762E+06,-5.92054E+01
2.5292969E+06,-6.09254E+01
2.5305176E+06,-7.31654E+01
2.5317383E+06,-6.03854E+01
2.5329590E+06,-5.57054E+01
2.5341797E+06,-5.60654E+01
2.5354004E+06,-6.06254E+01
2.5366211E+06,-8.01254E+01
2.5378418E+06,-6.10454E+01
2.5390625E+06,-6.15654E+01
2.5402832E+06,-5.98454E+01
2.5415039E+06,-5.95854E+01
2.5427246E+06,-5.49054E+01
2.5439453E+06,-5.76054E+01
2.5451660E+06,-5.64854E+01
2.5463867E+06,-7.29254E+01
2.5476074E+06,-5.59454E+01
2.5488281E+06,-5.65454E+01
2.5500488E+06,-6.10454E+01
2.5512695E+06,-5.82054E+01
2.5524902E+06,-5.64854E+01
2.5537109E+06,-6.11854E+01
2.5549316E+06,-6.90054E+01
2.5561523E+06,-5.98854E+01
2.5573730E+06,-6.58054E+01
2.5585938E+06,-6.09854E+01
2.5598145E+06,-5.61654E+01
2.5610352E+06,-4.80454E+01
2.5622559E+06,-5.00054E+01
2.5634766E+06,-6.08854E+01
2.5646973E+06,-7.59254E+01
2.5659180E+06,-5.29254E+01
2.5671387E+06,-5.03054E+01
2.5683594E+06,-6.24654E+01
2.5695801E+06,-5.21454E+01
2.5708008E+06,-5.39054E+01
2.5720215E+06,-6.29654E+01
2.5732422E+06,-6.19054E+01
2.5744629E+06,-5.06654E+01
2.5756836E+06,-5.33854E+01
2.5769043E+06,-5.53454E+01
2.5781250E+06,-5.98454E+01
2.5793457E+06,-6.07454E+01
2.5805664E+06,-5.59854E+01
2.5817871E+06,-5.49654E+01
2.5830078E+06,-5.44054E+01
2.5842285E+06,-5.13254E+01
2.5854492E+06,-4.95054E+01
2.5866699E+06,-5.59054E+01
2.5878906E+06,-5.62054E+01
2.5891113E+06,-5.31454E+01
2.5903320E+06,-5.36254E+01
2.5915527E+06,-5.19654E+01
2.5927734E+06,-5.02254E+01
2.5939941E+06,-5.37254E+01
2.5952148E+06,-5.75654E+01
2.5964355E+06,-5.70654E+01
2.5976562E+06,-6.59054E+01
2.5988770E+06,-5.65254E+01
2.6000977E+06,-5.86054E+01
2.6013184E+06,-5.57054E+01
2.6025391E+06,-6.31454E+01
2.6037598E+06,-5.52854E+01
2.6049805E+06,-5.21654E+01
2.6062012E+06,-6.13254E+01
2.6074219E+06,-5.60654E+01
2.6086426E+06,-5.16254E+01
2.6098633E+06,-5.06054E+01
2.6110840E+06,-5.14054E+01
2.6123047E+06,-5.44654E+01
2.6135254E+06,-6.55854E+01
2.6147461E+06,-5.66854E+01
2.6159668E+06,-5.90254E+01
2.6171875E+06,-5.99254E+01
2.6184082E+06,-7.11454E+01
2.6196289E+06,-5.69854E+01
2.6208496E+06,-5.62654E+01
2.6220703E+06,-5.89454E+01
2.6232910E+06,-6.28054E+01
2.6245117E+06,-6.58054E+01
2.6257324E+06,-6.71654E+01
2.6269531E+06,-6.06254E+01
2.6281738E+06,-6.06054E+01
2.6293945E+06,-7.73854E+01
2.6306152E+06,-5.72054E+01
2.6318359E+06,-5.46854E+01
2.6330566E+06,-5.78054E+01
2.6342773E+06,-6.31454E+01
2.6354980E+06,-5.53054E+01
2.6367188E+06,-5.82054E+01
2.6379395E+06,-6.60654E+01
2.6391602E+06,-5.86054E+01
2.6403809E+06,-6.46654E+01
2.6416016E+06,-6.00854E+01
2.6428223E+06,-5.58254E+01
2.6440430E+06,-6.16654E+01
2.6452637E+06,-6.58854E+01
2.6464844E+06,-6.83454E+01
2.6477051E+06,-6.93654E+01
2.6489258E+06,-5.90254E+01
2.6501465E+06,-5.50454E+01
2.6513672E+06,-5.89654E+01
2.6525879E+06,-8.14054E+01
2.6538086E+06,-6.09054E+01
2.6550293E+06,-5.78254E+01
2.6562500E+06,-5.86854E+01
2.6574707E+06,-6.95054E+01
2.6586914E+06,-6.36654E+01
2.6599121E+06,-6.07854E+01
2.6611328E+06,-6.43654E+01
2.6623535E+06,-5.32654E+01
2.6635742E+06,-5.90654E+01
2.6647949E+06,-6.13254E+01
2.6660156E+06,-5.27454E+01
2.6672363E+06,-4.97054E+01
2.6684570E+06,-5.30854E+01
2.6696777E+06,-6.53854E+01
2.6708984E+06,-6.21254E+01
2.6721191E+06,-6.66054E+01
2.6733398E+06,-5.62654E+01
2.6745605E+06,-5.05654E+01
2.6757812E+06,-5.44054E+01
2.6770020E+06,-6.33454E+01
2.6782227E+06,-6.03054E+01
2.6794434E+06,-6.26254E+01
2.6806641E+06,-5.63054E+01
2.6818848E+06,-6.22454E+01
2.6831055E+06,-6.07254E+01
2.6843262E+06,-5.76854E+01
2.6855469E+06,-5.55254E+01
2.6867676E+06,-5.38454E+01
2.6879883E+06,-6.22854E+01
2.6892090E+06,-5.85254E+01
2.6904297E+06,-5.58454E+01
2.6916504E+06,-6.83254E+01
2.6928711E+06,-5.67654E+01
2.6940918E+06,-5.23854E+01
2.6953125E+06,-5.28454E+01
2.6965332E+06,-5.62254E+01
2.6977539E+06,-5.35254E+01
2.6989746E+06,-5.57054E+01
2.7001953E+06,-6.16254E+01
2.7014160E+06,-5.47254E+01
2.7026367E+06,-6.55854E+01
2.7038574E+06,-5.61854E+01
2.7050781E+06,-7.04654E+01
2.7062988E+06,-6.14654E+01
2.7075195E+06,-6.56854E+01
2.7087402E+06,-6.66254E+01
2.7099609E+06,-5.75854E+01
2.7111816E+06,-5.60854E+01
2.7124023E+06,-5.65654E+01
2.7136230E+06,-5.39454E+01
2.7148438E+06,-5.53854E+01
2.7160645E+06,-6.36454E+01
2.7172852E+06,-5.39054E+01
2.7185059E+06,-5.66854E+01
2.7197266E+06,-6.12254E+01
2.7209473E+06,-6.90054E+01
2.7221680E+06,-5.51254E+01
2.7233887E+06,-5.84054E+01
2.7246094E+06,-5.70054E+01
2.7258301E+06,-5.40054E+01
2.7270508E+06,-5.80054E+01
2.7282715E+06,-5.71454E+01
2.7294922E+06,-5.99254E+01
2.7307129E+06,-7.69854E+01
2.7319336E+06,-6.71654E+01
2.7331543E+06,-5.68854E+01
2.7343750E+06,-5.13054E+01
2.7355957E+06,-4.87254E+01
2.7368164E+06,-5.05254E+01
2.7380371E+06,-5.22654E+01
2.7392578E+06,-6.13054E+01
2.7404785E+06,-5.22254E+01
2.7416992E+06,-5.15454E+01
2.7429199E+06,-6.24854E+01
2.7441406E+06,-9.05054E+01
2.7453613E+06,-5.92254E+01
2.7465820E+06,-5.58854E+01
2.7478027E+06,-5.81854E+01
2.7490234E+06,-6.62054E+01
2.7502441E+06,-6.28054E+01
2.7514648E+06,-5.61254E+01
2.7526855E+06,-5.81054E+01
2.7539062E+06,-5.59254E+01
2.7551270E+06,-5.97054E+01
2.7563477E+06,-5.43254E+01
2.7575684E+06,-5.07254E+01
2.7587891E+06,-5.21454E+01
2.7600098E+06,-5.50054E+01
2.7612305E+06,-6.32254E+01
2.7624512E+06,-6.34454E+01
2.7636719E+06,-5.76854E+01
2.7648926E+06,-5.94454E+01
2.7661133E+06,-5.98454E+01
2.7673340E+06,-6.32654E+01
2.7685547E+06,-6.04054E+01
2.7697754E+06,-5.62054E+01
2.7709961E+06,-5.65854E+01
2.7722168E+06,-5.61254E+01
2.7734375E+06,-5.65054E+01
2.7746582E+06,-5.82854E+01
2.7758789E+06,-5.70854E+01
2.7770996E+06,-5.72854E+01
2.7783203E+06,-5.59254E+01
2.7795410E+06,-5.59054E+01
2.7807617E+06,-5.64654E+01
2.7819824E+06,-5.46854E+01
2.7832031E+06,-5.76254E+01
2.7844238E+06,-6.64854E+01
2.7856445E+06,-5.63854E+01
2.7868652E+06,-5.65254E+01
2.7880859E+06,-5.79454E+01
2.7893066E+06,-6.95454E+01
2.7905273E+06,-6.40854E+01
2.7917480E+06,-6.30454E+01
2.7929688E+06,-6.18054E+01
2.7941895E+06,-5.59254E+01
2.7954102E+06,-5.19054E+01
2.7966309E+06,-6.08254E+01
2.7978516E+06,-5.78654E+01
2.7990723E+06,-6.05654E+01
2.8002930E+06,-6.24054E+01
2.8015137E+06,-6.14654E+01
2.8027344E+06,-6.14254E+01
2.8039551E+06,-6.15054E+01
2.8051758E+06,-5.54654E+01
2.8063965E+06,-5.33854E+01
2.8076172E+06,-5.32454E+01
2.8088379E+06,-5.78254E+01
2.8100586E+06,-6.50654E+01
2.8112793E+06,-6.57854E+01
2.8125000E+06,-5.78654E+01
2.8137207E+06,-6.26654E+01
2.8149414E+06,-6.58054E+01
2.8161621E+06,-5.87854E+01
2.8173828E+06,-6.08654E+01
2.8186035E+06,-6.20654E+01
2.8198242E+06,-5.48054E+01
2.8210449E+06,-5.46054E+01
2.8222656E+06,-5.37454E+01
2.8234863E+06,-5.50854E+01
2.8247070E+06,-5.42654E+01
2.8259277E+06,-5.52854E+01
2.8271484E+06,-6.00454E+01
2.8283691E+06,-6.42454E+01
2.8295898E+06,-5.52654E+01
2.8308105E+06,-5.85454E+01
2.8320312E+06,-5.92054E+01
2.8332520E+06,-5.49054E+01
2.8344727E+06,-5.74854E+01
2.8356934E+06,-6.05454E+01
2.8369141E+06,-5.93054E+01
2.8381348E+06,-5.94454E+01
2.8393555E+06,-6.51054E+01
2.8405762E+06,-5.87854E+01
2.8417969E+06,-6.16454E+01
2.8430176E+06,-6.20054E+01
2.8442383E+06,-5.93054E+01
2.8454590E+06,-5.95854E+01
2.8466797E+06,-5.64654E+01
2.8479004E+06,-5.45454E+01
2.8491211E+06,-5.40254E+01
2.8503418E+06,-5.48854E+01
2.8515625E+06,-6.01254E+01
2.8527832E+06,-5.23054E+01
2.8540039E+06,-5.27854E+01
2.8552246E+06,-6.32854E+01
2.8564453E+06,-5.71654E+01
2.8576660E+06,-5.88054E+01
2.8588867E+06,-6.40654E+01
2.8601074E+06,-5.86254E+01
2.8613281E+06,-5.43054E+01
2.8625488E+06,-5.31854E+01
2.8637695E+06,-5.87454E+01
2.8649902E+06,-6.43454E+01
2.8662109E+06,-5.45854E+01
2.8674316E+06,-5.42654E+01
2.8686523E+06,-6.10454E+01
2.8698730E+06,-5.78054E+01
2.8710938E+06,-5.50054E+01
2.8723145E+06,-5.37654E+01
2.8735352E+06,-6.21254E+01
2.8747559E+06,-5.57854E+01
2.8759766E+06,-5.27454E+01
2.8771973E+06,-5.70054E+01
2.8784180E+06,-6.80854E+01
2.8796387E+06,-5.50254E+01
2.8808594E+06,-5.70254E+01
2.8820801E+06,-6.78454E+01
2.8833008E+06,-6.29854E+01
2.8845215E+06,-6.77454E+01
2.8857422E+06,-5.77054E+01
2.8869629E+06,-5.59054E+01
2.8881836E+06,-5.90054E+01
2.8894043E+06,-6.27454E+01
2.8906250E+06,-5.47054E+01
2.8918457E+06,-5.06654E+01
2.8930664E+06,-5.20254E+01
2.8942871E+06,-6.28854E+01
2.8955078E+06,-5.85254E+01
2.8967285E+06,-5.98454E+01
2.8979492E+06,-6.06054E+01
2.8991699E+06,-6.13654E+01
2.9003906E+06,-6.09254E+01
2.9016113E+06,-8.66054E+01
2.9028320E+06,-5.70054E+01
2.9040527E+06,-5.43254E+01
2.9052734E+06,-5.61254E+01
2.9064941E+06,-6.00854E+01
2.9077148E+06,-5.87454E+01
2.9089355E+06,-5.57454E+01
2.9101562E+06,-5.41254E+01
2.9113770E+06,-5.68854E+01
2.9125977E+06,-6.31054E+01
2.9138184E+06,-6.03254E+01
2.9150391E+06,-6.33854E+01
2.9162598E+06,-6.03254E+01
2.9174805E+06,-5.70654E+01
2.9187012E+06,-6.13854E+01
2.9199219E+06,-6.62454E+01
2.9211426E+06,-7.08854E+01
2.9223633E+06,-6.43454E+01
2.9235840E+06,-6.11654E+01
2.9248047E+06,-5.78054E+01
2.9260254E+06,-6.23854E+01
2.9272461E+06,-5.71054E+01
2.9284668E+06,-5.63654E+01
2.9296875E+06,-6.40054E+01
2.9309082E+06,-7.33254E+01
2.9321289E+06,-5.63454E+01
2.9333496E+06,-5.39454E+01
2.9345703E+06,-6.57254E+01
2.9357910E+06,-7.28454E+01
2.9370117E+06,-5.77854E+01
2.9382324E+06,-5.52654E+01
2.9394531E+06,-6.93654E+01
2.9406738E+06,-7.13654E+01
2.9418945E+06,-5.78054E+01
2.9431152E+06,-6.23854E+01
2.9443359E+06,-5.62654E+01
2.9455566E+06,-5.19054E+01
2.9467773E+06,-5.88454E+01
2.9479980E+06,-5.06454E+01
2.9492188E+06,-5.42854E+01
2.9504395E+06,-6.18454E+01
2.9516602E+06,-6.33854E+01
2.9528809E+06,-5.91654E+01
2.9541016E+06,-5.46454E+01
2.9553223E+06,-6.16654E+01
2.9565430E+06,-5.54254E+01
2.9577637E+06,-5.07654E+01
2.9589844E+06,-5.36854E+01
2.9602051E+06,-6.10854E+01
2.9614258E+06,-6.80854E+01
2.9626465E+06,-6.42254E+01
2.9638672E+06,-5.69854E+01
2.9650879E+06,-5.38054E+01
2.9663086E+06,-5.64254E+01
2.9675293E+06,-6.31654E+01
2.9687500E+06,-5.77254E+01
2.9699707E+06,-5.19254E+01
2.9711914E+06,-5.05454E+01
2.9724121E+06,-5.35254E+01
2.9736328E+06,-6.04054E+01
2.9748535E+06,-5.35654E+01
2.9760742E+06,-6.23454E+01
2.9772949E+06,-5.15254E+01
2.9785156E+06,-5.24454E+01
2.9797363E+06,-5.21654E+01
2.9809570E+06,-5.38854E+01
2.9821777E+06,-5.87454E+01
2.9833984E+06,-6.83654E+01
2.9846191E+06,-5.44254E+01
2.9858398E+06,-5.56654E+01
2.9870605E+06,-7.14654E+01
2.9882812E+06,-6.05054E+01
2.9895020E+06,-5.55854E+01
2.9907227E+06,-5.37254E+01
2.9919434E+06,-6.41854E+01
2.9931641E+06,-5.56254E+01
2.9943848E+06,-6.08454E+01
2.9956055E+06,-5.77254E+01
2.9968262E+06,-6.36654E+01
2.9980469E+06,-6.72854E+01
2.9992676E+06,-5.84854E+01
3.0004883E+06,-5.42654E+01
3.0017090E+06,-5.41654E+01
3.0029297E+06,-5.37454E+01
3.0041504E+06,-5.46654E+01
3.0053711E+06,-5.72854E+01
3.0065918E+06,-5.40454E+01
3.0078125E+06,-5.09654E+01
3.0090332E+06,-5.26254E+01
3.0102539E+06,-5.77454E+01
3.0114746E+06,-6.31054E+01
3.0126953E+06,-6.13654E+01
3.0139160E+06,-6.35254E+01
3.0151367E+06,-6.82654E+01
3.0163574E+06,-5.71254E+01
3.0175781E+06,-5.19054E+01
3.0187988E+06,-5.35454E+01
3.0200195E+06,-6.08654E+01
3.0212402E+06,-5.11054E+01
3.0224609E+06,-5.05854E+01
3.0236816E+06,-4.82454E+01
3.0249023E+06,-5.16454E+01
3.0261230E+06,-6.18454E+01
3.0273438E+06,-6.47454E+01
3.0285645E+06,-5.58254E+01
3.0297852E+06,-5.70454E+01
3.0310059E+06,-5.89054E+01
3.0322266E+06,-6.08854E+01
3.0334473E+06,-5.84054E+01
3.0346680E+06,-7.11854E+01
3.0358887E+06,-6.22454E+01
3.0371094E+06,-5.66854E+01
3.0383301E+06,-5.81054E+01
3.0395508E+06,-6.49254E+01
3.0407715E+06,-5.37054E+01
3.0419922E+06,-6.13254E+01
3.0432129E+06,-5.68654E+01
3.0444336E+06,-5.55854E+01
3.0456543E+06,-5.58254E+01
3.0468750E+06,-5.79054E+01
3.0480957E+06,-5.71254E+01
3.0493164E+06,-5.69254E+01
3.0505371E+06,-5.45254E+01
3.0517578E+06,-5.42854E+01
3.0529785E+06,-5.35654E+01
3.0541992E+06,-5.12454E+01
3.0554199E+06,-5.50454E+01
3.0566406E+06,-6.03254E+01
3.0578613E+06,-5.44254E+01
3.0590820E+06,-5.81254E+01
3.0603027E+06,-6.16854E+01
3.0615234E+06,-5.36054E+01
3.0627441E+06,-5.40054E+01
3.0639648E+06,-5.44454E+01
3.0651855E+06,-5.69654E+01
3.0664062E+06,-5.87454E+01
3.0676270E+06,-5.48654E+01
3.0688477E+06,-5.85654E+01
3.0700684E+06,-5.90654E+01
3.0712891E+06,-5.46854E+01
3.0725098E+06,-5.39254E+01
3.0737305E+06,-5.95454E+01
3.0749512E+06,-6.68254E+01
3.0761719E+06,-5.40254E+01
3.0773926E+06,-5.47854E+01
3.0786133E+06,-5.98054E+01
3.0798340E+06,-5.71854E+01
3.0810547E+06,-5.64854E+01
3.0822754E+06,-6.17254E+01
3.0834961E+06,-6.12254E+01
3.0847168E+06,-5.25254E+01
3.0859375E+06,-4.98854E+01
3.0871582E+06,-5.60854E+01
3.0883789E+06,-5.48054E+01
3.0895996E+06,-5.56454E+01
3.0908203E+06,-5.74654E+01
3.0920410E+06,-5.68454E+01
3.0932617E+06,-5.87254E+01
3.0944824E+06,-6.03654E+01
3.0957031E+06,-6.17054E+01
3.0969238E+06,-6.45454E+01
3.0981445E+06,-7.03054E+01
3.0993652E+06,-5.82854E+01
3.1005859E+06,-5.51654E+01
3.1018066E+06,-5.33454E+01
3.1030273E+06,-5.39054E+01
3.1042480E+06,-5.74054E+01
3.1054688E+06,-5.56254E+01
3.1066895E+06,-5.95054E+01
3.1079102E+06,-6.57454E+01
3.1091309E+06,-5.94854E+01
3.1103516E+06,-5.91654E+01
3.1115723E+06,-5.75254E+01
3.1127930E+06,-6.08054E+01
3.1140137E+06,-5.41254E+01
3.1152344E+06,-5.27854E+01
3.1164551E+06,-5.21454E+01
3.1176758E+06,-5.46654E+01
3.1188965E+06,-6.04254E+01
3.1201172E+06,-5.88654E+01
3.1213379E+06,-5.94854E+01
3.1225586E+06,-6.16854E+01
3.1237793E+06,-5.99654E+01
3.1250000E+06,-5.72654E+01
3.1262207E+06,-5.39854E+01
3.1274414E+06,-5.47854E+01
3.1286621E+06,-6.16454E+01
3.1298828E+06,-6.47254E+01
3.1311035E+06,-6.08254E+01
3.1323242E+06,-6.30054E+01
3.1335449E+06,-5.10254E+01
3.1347656E+06,-5.00854E+01
3.1359863E+06,-5.19054E+01
3.1372070E+06,-5.52454E+01
3.1384277E+06,-5.58654E+01
3.1396484E+06,-5.18454E+01
3.1408691E+06,-5.65054E+01
3.1420898E+06,-5.87854E+01
3.1433105E+06,-6.25454E+01
3.1445312E+06,-5.79854E+01
3.1457520E+06,-5.54654E+01
3.1469727E+06,-5.63454E+01
3.1481934E+06,-6.13654E+01
3.1494141E+06,-5.08054E+01
3.1506348E+06,-5.47454E+01
3.1518555E+06,-5.93654E+01
3.1530762E+06,-5.60254E+01
3.1542969E+06,-6.39854E+01
3.1555176E+06,-5.79854E+01
3.1567383E+06,-6.23454E+01
3.1579590E+06,-8.68254E+01
3.1591797E+06,-6.00854E+01
3.1604004E+06,-5.28454E+01
3.1616211E+06,-5.72654E+01
3.1628418E+06,-6.63654E+01
3.1640625E+06,-6.08654E+01
3.1652832E+06,-5.56854E+01
3.1665039E+06,-7.32454E+01
3.1677246E+06,-6.17854E+01
3.1689453E+06,-5.33454E+01
3.1701660E+06,-5.40054E+01
3.1713867E+06,-5.64454E+01
3.1726074E+06,-6.18454E+01
3.1738281E+06,-6.10854E+01
3.1750488E+06,-5.41854E+01
3.1762695E+06,-5.52854E+01
3.1774902E+06,-5.83254E+01
3.1787109E+06,-6.50654E+01
3.1799316E+06,-6.31254E+01
3.1811523E+06,-6.92254E+01
3.1823730E+06,-5.49854E+01
3.1835938E+06,-6.97454E+01
3.1848145E+06,-6.43254E+01
3.1860352E+06,-5.75254E+01
3.1872559E+06,-5.51254E+01
3.1884766E+06,-5.78454E+01
3.1896973E+06,-5.86854E+01
3.1909180E+06,-6.93054E+01
3.1921387E+06,-5.82654E+01
3.1933594E+06,-5.84254E+01
3.1945801E+06,-5.33854E+01
3.1958008E+06,-5.19654E+01
3.1970215E+06,-5.37854E+01
3.1982422E+06,-5.39654E+01
3.1994629E+06,-5.51654E+01
3.2006836E+06,-5.51454E+01
3.2019043E+06,-5.71654E+01
3.2031250E+06,-6.35654E+01
3.2043457E+06,-7.22654E+01
3.2055664E+06,-6.35254E+01
3.2067871E+06,-5.66254E+01
3.2080078E+06,-5.64254E+01
3.2092285E+06,-6.19254E+01
3.2104492E+06,-6.24854E+01
3.2116699E+06,-5.61654E+01
3.2128906E+06,-5.63254E+01
3.2141113E+06,-5.74454E+01
3.2153320E+06,-5.53854E+01
3.2165527E+06,-5.59454E+01
3.2177734E+06,-6.23054E+01
3.2189941E+06,-6.10454E+01
3.2202148E+06,-5.63054E+01
3.2214355E+06,-5.84054E+01
3.2226562E+06,-6.06454E+01
3.2238770E+06,-5.21854E+01
3.2250977E+06,-4.93054E+01
3.2263184E+06,-5.39254E+01
3.2275391E+06,-5.94054E+01
3.2287598E+06,-6.12854E+01
3.2299805E+06,-7.45054E+01
3.2312012E+06,-6.13454E+01
3.2324219E+06,-5.73854E+01
3.2336426E+06,-5.61854E+01
3.2348633E+06,-6.25654E+01
3.2360840E+06,-6.09654E+01
3.2373047E+06,-5.47654E+01
3.2385254E+06,-5.79454E+01
3.2397461E+06,-7.19254E+01
3.2409668E+06,-5.85654E+01
3.2421875E+06,-5.26654E+01
3.2434082E+06,-8.12854E+01
3.2446289E+06,-5.52654E+01
3.2458496E+06,-5.83654E+01
3.2470703E+06,-6.18854E+01
3.2482910E+06,-5.62854E+01
3.2495117E+06,-5.69454E+01
3.2507324E+06,-6.53454E+01
3.2519531E+06,-5.66854E+01
3.2531738E+06,-6.40654E+01
3.2543945E+06,-6.25054E+01
3.2556152E+06,-5.92054E+01
3.2568359E+06,-5.96654E+01
3.2580566E+06,-6.00054E+01
3.2592773E+06,-6.59054E+01
3.2604980E+06,-6.05654E+01
3.2617188E+06,-6.21854E+01
3.2629395E+06,-5.97654E+01
3.2641602E+06,-6.00454E+01
3.2653809E+06,-6.26854E+01
3.2666016E+06,-5.85454E+01
3.2678223E+06,-5.93654E+01
3.2690430E+06,-5.32454E+01
3.2702637E+06,-5.82854E+01
3.2714844E+06,-5.61654E+01
3.2727051E+06,-5.27854E+01
3.2739258E+06,-5.33854E+01
3.2751465E+06,-5.31254E+01
3.2763672E+06,-5.08454E+01
3.2775879E+06,-5.36054E+01
3.2788086E+06,-6.28254E+01
3.2800293E+06,-6.01854E+01
3.2812500E+06,-5.67854E+01
3.2824707E+06,-6.03454E+01
3.2836914E+06,-5.74254E+01
3.2849121E+06,-5.61654E+01
3.2861328E+06,-6.65054E+01
3.2873535E+06,-6.28854E+01
3.2885742E+06,-5.60454E+01
3.2897949E+06,-5.77054E+01
3.2910156E+06,-5.39054E+01
3.2922363E+06,-5.59454E+01
3.2934570E+06,-5.31654E+01
3.2946777E+06,-5.35654E+01
3.2958984E+06,-5.23454E+01
3.2971191E+06,-5.19654E+01
3.2983398E+06,-5.53854E+01
3.2995605E+06,-5.59654E+01
3.3007812E+06,-5.57454E+01
3.3020020E+06,-5.47454E+01
3.3032227E+06,-5.31654E+01
3.3044434E+06,-5.42854E+01
3.3056641E+06,-5.88654E+01
3.3068848E+06,-6.19454E+01
3.3081055E+06,-5.76854E+01
3.3093262E+06,-5.42054E+01
3.3105469E+06,-5.36654E+01
3.3117676E+06,-5.15654E+01
3.3129883E+06,-5.47254E+01
3.3142090E+06,-5.91054E+01
3.3154297E+06,-5.87254E+01
3.3166504E+06,-6.28654E+01
3.3178711E+06,-5.98454E+01
3.3190918E+06,-5.61054E+01
3.3203125E+06,-5.13054E+01
3.3215332E+06,-5.26854E+01
3.3227539E+06,-5.54454E+01
3.3239746E+06,-5.41854E+01
3.3251953E+06,-5.95854E+01
3.3264160E+06,-6.43854E+01
3.3276367E+06,-5.04254E+01
3.3288574E+06,-5.06254E+01
3.3300781E+06,-5.88654E+01
3.3312988E+06,-5.40054E+01
3.3325195E+06,-5.23054E+01
3.3337402E+06,-5.15454E+01
3.3349609E+06,-5.12654E+01
3.3361816E+06,-5.48454E+01
3.3374023E+06,-6.43654E+01
3.3386230E+06,-5.40654E+01
3.3398438E+06,-5.76254E+01
3.3410645E+06,-6.34054E+01
3.3422852E+06,-7.31654E+01
3.3435059E+06,-6.84254E+01
3.3447266E+06,-6.44254E+01
3.3459473E+06,-6.93654E+01
3.3471680E+06,-5.86854E+01
3.3483887E+06,-6.56454E+01
3.3496094E+06,-5.99654E+01
3.3508301E+06,-5.69054E+01
3.3520508E+06,-5.97654E+01
3.3532715E+06,-5.98454E+01
3.3544922E+06,-5.54054E+01
3.3557129E+06,-6.37454E+01
3.3569336E+06,-5.45654E+01
3.3581543E+06,-5.01254E+01
3.3593750E+06,-5.22054E+01
3.3605957E+06,-5.45254E+01
3.3618164E+06,-5.42454E+01
3.3630371E+06,-5.49654E+01
3.3642578E+06,-5.56854E+01
3.3654785E+06,-5.67854E+01
3.3666992E+06,-6.32454E+01
3.3679199E+06,-6.00854E+01
3.3691406E+06,-5.36654E+01
3.3703613E+06,-5.18454E+01
3.3715820E+06,-6.00054E+01
3.3728027E+06,-5.39854E+01
3.3740234E+06,-6.29054E+01
3.3752441E+06,-6.38054E+01
3.3764648E+06,-5.98454E+01
3.3776855E+06,-6.22454E+01
3.3789062E+06,-6.15254E+01
3.3801270E+06,-5.58854E+01
3.3813477E+06,-5.61254E+01
3.3825684E+06,-6.16054E+01
3.3837891E+06,-5.30054E+01
3.3850098E+06,-5.54854E+01
3.3862305E+06,-5.67054E+01
3.3874512E+06,-6.43454E+01
3.3886719E+06,-5.93654E+01
3.3898926E+06,-5.73654E+01
3.3911133E+06,-5.54654E+01
3.3923340E+06,-4.98454E+01
3.3935547E+06,-5.53454E+01
3.3947754E+06,-6.24054E+01
3.3959961E+06,-5.91054E+01
3.3972168E+06,-6.19054E+01
3.3984375E+06,-6.49054E+01
3.3996582E+06,-6.00854E+01
3.4008789E+06,-5.70254E+01
3.4020996E+06,-6.09054E+01
3.4033203E+06,-5.90054E+01
3.4045410E+06,-5.60054E+01
3.4057617E+06,-5.97054E+01
3.4069824E+06,-5.88054E+01
3.4082031E+06,-6.07654E+01
3.4094238E+06,-5.54254E+01
3.4106445E+06,-5.57454E+01
3.4118652E+06,-5.55454E+01
3.4130859E+06,-6.04454E+01
3.4143066E+06,-7.11454E+01
3.4155273E+06,-6.25654E+01
3.4167480E+06,-5.54254E+01
3.4179688E+06,-5.73654E+01
3.4191895E+06,-5.55454E+01
3.4204102E+06,-6.17054E+01
3.4216309E+06,-5.08254E+01
3.4228516E+06,-5.70054E+01
3.4240723E+06,-5.84054E+01
3.4252930E+06,-6.05254E+01
3.4265137E+06,-6.47054E+01
3.4277344E+06,-6.91254E+01
3.4289551E+06,-5.68454E+01
3.4301758E+06,-6.30454E+01
3.4313965E+06,-6.08854E+01
3.4326172E+06,-6.74054E+01
3.4338379E+06,-6.17254E+01
3.4350586E+06,-6.20054E+01
3.4362793E+06,-5.68654E+01
3.4375000E+06,-5.47054E+01
3.4387207E+06,-5.41454E+01
3.4399414E+06,-5.76254E+01
3.4411621E+06,-6.08054E+01
3.4423828E+06,-5.69454E+01
3.4436035E+06,-5.84254E+01
3.4448242E+06,-6.63054E+01
3.4460449E+06,-6.27254E+01
3.4472656E+06,-6.26054E+01
3.4484863E+06,-6.08854E+01
3.4497070E+06,-5.43054E+01
3.4509277E+06,-5.75654E+01
3.4521484E+06,-6.15254E+01
3.4533691E+06,-6.55854E+01
3.4545898E+06,-5.22454E+01
3.4558105E+06,-5.55454E+01
3.4570312E+06,-6.15054E+01
3.4582520E+06,-5.34254E+01
3.4594727E+06,-5.14054E+01
3.4606934E+06,-5.19454E+01
3.4619141E+06,-5.86654E+01
3.4631348E+06,-6.72054E+01
3.4643555E+06,-7.53854E+01
3.4655762E+06,-7.22254E+01
3.4667969E+06,-6.32454E+01
3.4680176E+06,-5.45854E+01
3.4692383E+06,-5.80254E+01
3.4704590E+06,-6.63054E+01
3.4716797E+06,-5.88054E+01
3.4729004E+06,-5.35054E+01
3.4741211E+06,-5.82854E+01
3.4753418E+06,-5.61654E+01
3.4765625E+06,-6.08654E+01
3.4777832E+06,-5.87454E+01
3.4790039E+06,-5.35054E+01
3.4802246E+06,-5.49254E+01
3.4814453E+06,-6.65054E+01
3.4826660E+06,-5.93654E+01
3.4838867E+06,-7.50854E+01
3.4851074E+06,-5.76854E+01
3.4863281E+06,-5.28854E+01
3.4875488E+06,-5.28854E+01
3.4887695E+06,-5.84054E+01
3.4899902E+06,-5.37854E+01
3.4912109E+06,-5.28254E+01
3.4924316E+06,-6.72254E+01
3.4936523E+06,-5.71254E+01
3.4948730E+06,-5.79054E+01
3.4960938E+06,-5.63254E+01
3.4973145E+06,-5.57854E+01
3.4985352E+06,-6.10654E+01
3.4997559E+06,-5.31454E+01
3.5009766E+06,-5.17854E+01
3.5021973E+06,-5.78654E+01
3.5034180E+06,-6.37854E+01
3.5046387E+06,-5.72254E+01
3.5058594E+06,-5.55454E+01
3.5070801E+06,-6.00454E+01
3.5083008E+06,-5.47854E+01
3.5095215E+06,-6.84654E+01
3.5107422E+06,-5.34654E+01
3.5119629E+06,-4.95454E+01
3.5131836E+06,-5.61854E+01
3.5144043E+06,-5.50054E+01
3.5156250E+06,-5.30654E+01
3.5168457E+06,-5.62654E+01
3.5180664E+06,-5.85454E+01
3.5192871E+06,-5.45254E+01
3.5205078E+06,-5.68454E+01
3.5217285E+06,-5.93654E+01
3.5229492E+06,-5.22254E+01
3.5241699E+06,-5.34854E+01
3.5253906E+06,-6.58254E+01
3.5266113E+06,-6.22654E+01
3.5278320E+06,-7.29254E+01
3.5290527E+06,-5.89654E+01
3.5302734E+06,-5.28654E+01
3.5314941E+06,-5.21854E+01
3.5327148E+06,-5.67054E+01
3.5339355E+06,-6.34654E+01
3.5351562E+06,-6.33654E+01
3.5363770E+06,-7.29054E+01
3.5375977E+06,-5.95854E+01
3.5388184E+06,-5.69654E+01
3.5400391E+06,-6.10054E+01
3.5412598E+06,-5.97054E+01
3.5424805E+06,-5.77854E+01
3.5437012E+06,-5.47454E+01
3.5449219E+06,-5.50254E+01
3.5461426E+06,-5.73454E+01
3.5473633E+06,-5.45054E+01
3.5485840E+06,-5.36454E+01
3.5498047E+06,-5.57854E+01
3.5510254E+06,-5.92654E+01
3.5522461E+06,-5.78654E+01
3.5534668E+06,-5.69054E+01
3.5546875E+06,-6.49454E+01
3.5559082E+06,-5.72054E+01
3.5571289E+06,-6.84254E+01
3.5583496E+06,-5.70454E+01
3.5595703E+06,-6.38254E+01
3.5607910E+06,-6.80854E+01
3.5620117E+06,-7.60654E+01
3.5632324E+06,-6.07854E+01
3.5644531E+06,-5.75854E+01
3.5656738E+06,-5.34854E+01
3.5668945E+06,-5.13254E+01
3.5681152E+06,-4.97454E+01
3.5693359E+06,-5.27854E+01
3.5705566E+06,-5.72854E+01
3.5717773E+06,-5.93654E+01
3.5729980E+06,-7.52854E+01
3.5742188E+06,-6.67454E+01
3.5754395E+06,-6.55254E+01
3.5766602E+06,-6.78054E+01
3.5778809E+06,-6.16454E+01
3.5791016E+06,-6.57654E+01
3.5803223E+06,-6.48854E+01
3.5815430E+06,-6.36254E+01
3.5827637E+06,-6.08054E+01
3.5839844E+06,-6.33254E+01
3.5852051E+06,-5.75654E+01
3.5864258E+06,-5.94454E+01
3.5876465E+06,-6.49454E+01
3.5888672E+06,-5.91254E+01
3.5900879E+06,-5.28254E+01
3.5913086E+06,-5.45254E+01
3.5925293E+06,-6.84654E+01
3.5937500E+06,-6.75454E+01
3.5949707E+06,-5.74254E+01
3.5961914E+06,-5.65854E+01
3.5974121E+06,-6.49254E+01
3.5986328E+06,-5.65254E+01
3.5998535E+06,-6.04854E+01
3.6010742E+06,-5.47854E+01
3.6022949E+06,-5.78054E+01
3.6035156E+06,-5.55654E+01
3.6047363E+06,-5.18654E+01
3.6059570E+06,-5.71054E+01
3.6071777E+06,-5.64054E+01
3.6083984E+06,-5.51254E+01
3.6096191E+06,-6.17654E+01
3.6108398E+06,-5.84254E+01
3.6120605E+06,-5.41054E+01
3.6132812E+06,-6.71254E+01
3.6145020E+06,-5.50254E+01
3.6157227E+06,-5.57854E+01
3.6169434E+06,-5.42254E+01
3.6181641E+06,-5.59854E+01
3.6193848E+06,-6.22454E+01
3.6206055E+06,-5.99654E+01
3.6218262E+06,-6.09854E+01
3.6230469E+06,-6.90254E+01
3.6242676E+06,-6.82854E+01
3.6254883E+06,-6.21854E+01
3.6267090E+06,-5.72854E+01
3.6279297E+06,-5.14654E+01
3.6291504E+06,-5.31854E+01
3.6303711E+06,-5.57054E+01
3.6315918E+06,-5.35054E+01
3.6328125E+06,-6.05054E+01
3.6340332E+06,-7.05854E+01
3.6352539E+06,-6.99654E+01
3.6364746E+06,-6.70454E+01
3.6376953E+06,-6.17454E+01
3.6389160E+06,-6.45254E+01
3.6401367E+06,-6.74054E+01
3.6413574E+06,-5.90654E+01
3.6425781E+06,-5.89654E+01
3.6437988E+06,-6.25854E+01
3.6450195E+06,-6.45654E+01
3.6462402E+06,-5.50254E+01
3.6474609E+06,-5.42654E+01
3.6486816E+06,-5.72654E+01
3.6499023E+06,-6.31854E+01
3.6511230E+06,-5.33854E+01
3.6523438E+06,-5.66854E+01
3.6535645E+06,-5.97654E+01
3.6547852E+06,-5.06054E+01
3.6560059E+06,-4.91054E+01
3.6572266E+06,-5.15854E+01
3.6584473E+06,-6.00454E+01
3.6596680E+06,-6.50854E+01
3.6608887E+06,-5.64254E+01
3.6621094E+06,-5.39654E+01
3.6633301E+06,-6.22854E+01
3.6645508E+06,-5.70454E+01
3.6657715E+06,-5.55254E+01
3.6669922E+06,-5.23454E+01
3.6682129E+06,-5.58454E+01
3.6694336E+06,-5.25454E+01
3.6706543E+06,-5.29254E+01
3.6718750E+06,-6.40854E+01
3.6730957E+06,-5.68054E+01
3.6743164E+06,-5.01854E+01
3.6755371E+06,-5.26654E+01
3.6767578E+06,-6.11054E+01
3.6779785E+06,-5.71454E+01
3.6791992E+06,-5.42654E+01
3.6804199E+06,-5.51254E+01
3.6816406E+06,-6.52654E+01
3.6828613E+06,-5.84254E+01
3.6840820E+06,-6.04254E+01
3.6853027E+06,-5.94854E+01
3.6865234E+06,-6.12454E+01
3.6877441E+06,-6.16854E+01
3.6889648E+06,-5.25054E+01
3.6901855E+06,-5.02654E+01
3.6914062E+06,-5.91254E+01
3.6926270E+06,-6.32254E+01
3.6938477E+06,-5.94454E+01
3.6950684E+06,-5.72654E+01
3.6962891E+06,-5.55854E+01
3.6975098E+06,-5.67854E+01
3.6987305E+06,-6.05654E+01
3.6999512E+06,-5.66054E+01
3.7011719E+06,-5.70454E+01
3.7023926E+06,-6.22254E+01
3.7036133E+06,-5.91254E+01
3.7048340E+06,-6.30054E+01
3.7060547E+06,-7.00854E+01
3.7072754E+06,-6.32654E+01
3.7084961E+06,-7.37854E+01
3.7097168E+06,-5.65454E+01
3.7109375E+06,-5.25854E+01
3.7121582E+06,-5.42254E+01
3.7133789E+06,-5.90254E+01
3.7145996E+06,-6.31454E+01
3.7158203E+06,-5.46454E+01
3.7170410E+06,-5.61054E+01
3.7182617E+06,-6.81854E+01
3.7194824E+06,-6.05254E+01
3.7207031E+06,-5.79454E+01
3.7219238E+06,-5.56654E+01
3.7231445E+06,-5.43854E+01
3.7243652E+06,-5.94854E+01
3.7255859E+06,-6.57454E+01
3.7268066E+06,-6.99254E+01
3.7280273E+06,-5.73454E+01
3.7292480E+06,-5.43654E+01
3.7304688E+06,-5.50454E+01
3.7316895E+06,-6.53454E+01
3.7329102E+06,-5.71054E+01
3.7341309E+06,-7.19054E+01
3.7353516E+06,-7.42454E+01
3.7365723E+06,-5.90654E+01
3.7377930E+06,-6.52854E+01
3.7390137E+06,-6.99254E+01
3.7402344E+06,-5.71054E+01
3.7414551E+06,-5.57654E+01
3.7426758E+06,-6.31254E+01
3.7438965E+06,-5.92654E+01
3.7451172E+06,-6.21654E+01
3.7463379E+06,-5.70654E+01
3.7475586E+06,-6.04254E+01
3.7487793E+06,-5.92254E+01
3.7500000E+06,-5.22454E+01
3.7512207E+06,-5.91054E+01
3.7524414E+06,-5.79854E+01
3.7536621E+06,-5.60654E+01
3.7548828E+06,-5.56654E+01
3.7561035E+06,-6.22654E+01
3.7573242E+06,-6.05254E+01
3.7585449E+06,-5.69254E+01
3.7597656E+06,-6.46454E+01
3.7609863E+06,-6.11054E+01
3.7622070E+06,-6.52454E+01
3.7634277E+06,-5.89454E+01
3.7646484E+06,-5.93654E+01
3.7658691E+06,-5.79454E+01
3.7670898E+06,-5.65654E+01
3.7683105E+06,-5.26454E+01
3.7695312E+06,-4.98854E+01
3.7707520E+06,-5.07454E+01
3.7719727E+06,-5.49054E+01
3.7731934E+06,-5.97654E+01
3.7744141E+06,-5.54254E+01
3.7756348E+06,-5.03454E+01
3.7768555E+06,-5.24854E+01
3.7780762E+06,-5.72054E+01
3.7792969E+06,-5.89654E+01
3.7805176E+06,-5.61454E+01
3.7817383E+06,-5.31454E+01
3.7829590E+06,-7.17254E+01
3.7841797E+06,-5.31254E+01
3.7854004E+06,-5.54454E+01
3.7866211E+06,-5.98054E+01
3.7878418E+06,-5.50454E+01
3.7890625E+06,-7.72654E+01
3.7902832E+06,-5.45454E+01
3.7915039E+06,-5.52854E+01
3.7927246E+06,-6.00454E+01
3.7939453E+06,-6.20254E+01
3.7951660E+06,-5.36454E+01
3.7963867E+06,-5.47854E+01
3.7976074E+06,-6.29254E+01
3.7988281E+06,-5.84254E+01
3.8000488E+06,-6.19254E+01
3.8012695E+06,-5.96654E+01
3.8024902E+06,-6.81654E+01
3.8037109E+06,-5.67854E+01
3.8049316E+06,-5.84254E+01
3.8061523E+06,-5.30454E+01
3.8073730E+06,-5.68454E+01
3.8085938E+06,-5.97654E+01
3.8098145E+06,-5.55854E+01
3.8110352E+06,-5.19254E+01
3.8122559E+06,-5.35654E+01
3.8134766E+06,-7.07254E+01
3.8146973E+06,-5.82054E+01
3.8159180E+06,-5.58454E+01
3.8171387E+06,-5.63454E+01
3.8183594E+06,-5.68254E+01
3.8195801E+06,-8.00054E+01
3.8208008E+06,-7.52454E+01
3.8220215E+06,-5.97054E+01
3.8232422E+06,-6.56254E+01
3.8244629E+06,-6.73454E+01
3.8256836E+06,-6.30654E+01
3.8269043E+06,-5.62854E+01
3.8281250E+06,-5.95054E+01
3.8293457E+06,-6.42254E+01
3.8305664E+06,-5.49454E+01
3.8317871E+06,-5.89654E+01
3.8330078E+06,-6.13454E+01
3.8342285E+06,-6.28254E+01
3.8354492E+06,-5.86654E+01
3.8366699E+06,-5.99654E+01
3.8378906E+06,-5.64054E+01
3.8391113E+06,-5.20854E+01
3.8403320E+06,-5.11854E+01
3.8415527E+06,-5.57054E+01
3.8427734E+06,-5.90654E+01
3.8439941E+06,-5.45254E+01
3.8452148E+06,-5.34654E+01
3.8464355E+06,-5.78254E+01
3.8476562E+06,-5.93654E+01
3.8488770E+06,-5.32654E+01
3.8500977E+06,-5.16254E+01
3.8513184E+06,-6.26654E+01
3.8525391E+06,-6.40254E+01
3.8537598E+06,-6.34254E+01
3.8549805E+06,-5.90254E+01
3.8562012E+06,-5.74254E+01
3.8574219E+06,-6.56854E+01
3.8586426E+06,-5.31054E+01
3.8598633E+06,-4.97454E+01
3.8610840E+06,-5.40254E+01
3.8623047E+06,-6.32854E+01
3.8635254E+06,-6.64054E+01
3.8647461E+06,-5.86854E+01
3.8659668E+06,-5.24654E+01
3.8671875E+06,-5.61854E+01
3.8684082E+06,-7.01254E+01
3.8696289E+06,-5.83654E+01
3.8708496E+06,-5.30254E+01
3.8720703E+06,-6.24054E+01
3.8732910E+06,-7.51054E+01
3.8745117E+06,-5.70054E+01
3.8757324E+06,-5.64254E+01
3.8769531E+06,-6.84654E+01
3.8781738E+06,-6.32054E+01
3.8793945E+06,-6.18854E+01
3.8806152E+06,-6.18254E+01
3.8818359E+06,-5.99254E+01
3.8830566E+06,-6.53854E+01
3.8842773E+06,-5.53254E+01
3.8854980E+06,-5.37854E+01
3.8867188E+06,-6.57054E+01
3.8879395E+06,-6.41454E+01
3.8891602E+06,-5.43654E+01
3.8903809E+06,-5.41654E+01
3.8916016E+06,-5.49054E+01
3.8928223E+06,-5.34254E+01
3.8940430E+06,-5.76654E+01
3.8952637E+06,-5.96654E+01
3.8964844E+06,-5.99254E+01
3.8977051E+06,-5.48854E+01
3.8989258E+06,-5.59054E+01
3.9001465E+06,-5.87454E+01
3.9013672E+06,-5.50854E+01
3.9025879E+06,-5.61654E+01
3.9038086E+06,-5.33854E+01
3.9050293E+06,-5.41254E+01
3.9062500E+06,-5.51654E+01
3.9074707E+06,-5.93054E+01
3.9086914E+06,-6.18454E+01
3.9099121E+06,-5.80854E+01
3.9111328E+06,-6.54054E+01
3.9123535E+06,-5.23454E+01
3.9135742E+06,-5.32654E+01
3.9147949E+06,-5.58254E+01
3.9160156E+06,-5.93454E+01
3.9172363E+06,-6.11254E+01
3.9184570E+06,-6.76854E+01
3.9196777E+06,-5.70454E+01
3.9208984E+06,-6.12254E+01
3.9221191E+06,-5.73654E+01
3.9233398E+06,-5.71054E+01
3.9245605E+06,-5.24454E+01
3.9257812E+06,-5.40254E+01
3.9270020E+06,-6.26254E+01
3.9282227E+06,-5.30854E+01
3.9294434E+06,-5.17854E+01
3.9306641E+06,-5.31254E+01
3.9318848E+06,-5.62254E+01
3.9331055E+06,-5.87254E+01
3.9343262E+06,-5.14454E+01
3.9355469E+06,-5.60254E+01
3.9367676E+06,-5.69054E+01
3.9379883E+06,-5.62654E+01
3.9392090E+06,-5.44454E+01
3.9404297E+06,-5.69454E+01
3.9416504E+06,-6.97054E+01
3.9428711E+06,-6.37054E+01
3.9440918E+06,-6.69254E+01
3.9453125E+06,-6.11654E+01
3.9465332E+06,-5.64054E+01
3.9477539E+06,-5.78454E+01
3.9489746E+06,-6.64054E+01
3.9501953E+06,-7.51454E+01
3.9514160E+06,-6.83454E+01
3.9526367E+06,-5.76854E+01
3.9538574E+06,-5.55254E+01
3.9550781E+06,-6.06854E+01
3.9562988E+06,-6.17654E+01
3.9575195E+06,-5.70454E+01
3.9587402E+06,-6.05654E+01
3.9599609E+06,-6.86654E+01
3.9611816E+06,-5.34054E+01
3.9624023E+06,-5.26654E+01
3.9636230E+06,-6.57054E+01
3.9648438E+06,-6.10454E+01
3.9660645E+06,-5.54454E+01
3.9672852E+06,-5.35454E+01
3.9685059E+06,-5.29454E+01
3.9697266E+06,-5.24254E+01
3.9709473E+06,-5.71854E+01
3.9721680E+06,-6.23054E+01
3.9733887E+06,-5.50254E+01
3.9746094E+06,-6.03654E+01
3.9758301E+06,-5.66854E+01
3.9770508E+06,-5.92054E+01
3.9782715E+06,-6.56254E+01
3.9794922E+06,-6.06254E+01
3.9807129E+06,-5.17854E+01
3.9819336E+06,-5.00454E+01
3.9831543E+06,-5.22654E+01
3.9843750E+06,-5.75254E+01
3.9855957E+06,-5.75254E+01
3.9868164E+06,-6.00854E+01
3.9880371E+06,-5.36054E+01
3.9892578E+06,-5.59054E+01
3.9904785E+06,-5.98454E+01
3.9916992E+06,-6.66654E+01
3.9929199E+06,-7.69454E+01
3.9941406E+06,-6.76054E+01
3.9953613E+06,-6.10654E+01
3.9965820E+06,-6.14854E+01
3.9978027E+06,-5.37454E+01
3.9990234E+06,-5.37854E+01
4.0002441E+06,-5.18054E+01
4.0014648E+06,-5.39654E+01
4.0026855E+06,-6.27254E+01
4.0039062E+06,-5.18654E+01
4.0051270E+06,-5.12454E+01
4.0063477E+06,-5.52054E+01
4.0075684E+06,-5.45454E+01
4.0087891E+06,-5.84654E+01
4.0100098E+06,-5.65854E+01
4.0112305E+06,-5.54054E+01
4.0124512E+06,-5.75254E+01
4.0136719E+06,-6.13854E+01
4.0148926E+06,-5.69654E+01
4.0161133E+06,-6.74054E+01
4.0173340E+06,-6.40254E+01
4.0185547E+06,-5.52654E+01
4.0197754E+06,-5.69254E+01
4.0209961E+06,-6.43254E+01
4.0222168E+06,-5.72854E+01
4.0234375E+06,-5.73654E+01
4.0246582E+06,-5.51454E+01
4.0258789E+06,-5.60654E+01
4.0270996E+06,-5.41654E+01
4.0283203E+06,-5.54854E+01
4.0295410E+06,-5.27854E+01
4.0307617E+06,-5.49254E+01
4.0319824E+06,-5.79254E+01
4.0332031E+06,-6.33854E+01
4.0344238E+06,-5.79054E+01
4.0356445E+06,-5.74254E+01
4.0368652E+06,-6.89454E+01
4.0380859E+06,-5.58254E+01
4.0393066E+06,-5.30254E+01
4.0405273E+06,-6.09854E+01
4.0417480E+06,-8.00054E+01
4.0429688E+06,-6.63254E+01
4.0441895E+06,-6.43254E+01
4.0454102E+06,-7.52854E+01
4.0466309E+06,-5.80254E+01
4.0478516E+06,-5.21454E+01
4.0490723E+06,-5.27654E+01
4.0502930E+06,-5.89054E+01
4.0515137E+06,-6.54054E+01
4.0527344E+06,-6.38454E+01
4.0539551E+06,-6.96254E+01
4.0551758E+06,-6.73454E+01
4.0563965E+06,-5.84654E+01
4.0576172E+06,-5.53454E+01
4.0588379E+06,-5.66654E+01
4.0600586E+06,-7.00054E+01
4.0612793E+06,-7.92654E+01
4.0625000E+06,-6.74454E+01
4.0637207E+06,-5.83254E+01
4.0649414E+06,-6.22654E+01
4.0661621E+06,-6.43854E+01
4.0673828E+06,-6.12054E+01
4.0686035E+06,-5.91054E+01
4.0698242E+06,-5.54454E+01
4.0710449E+06,-5.44654E+01
4.0722656E+06,-5.94854E+01
4.0734863E+06,-5.87454E+01
4.0747070E+06,-6.15054E+01
4.0759277E+06,-6.24054E+01
4.0771484E+06,-5.86054E+01
4.0783691E+06,-5.78054E+01
4.0795898E+06,-6.76254E+01
4.0808105E+06,-5.50854E+01
4.0820312E+06,-5.50854E+01
4.0832520E+06,-6.34254E+01
4.0844727E+06,-6.37254E+01
4.0856934E+06,-6.32654E+01
4.0869141E+06,-5.75254E+01
4.0881348E+06,-5.80854E+01
4.0893555E+06,-6.69254E+01
4.0905762E+06,-6.11054E+01
4.0917969E+06,-5.79054E+01
4.0930176E+06,-5.64654E+01
4.0942383E+06,-6.97454E+01
4.0954590E+06,-6.14054E+01
4.0966797E+06,-5.79054E+01
4.0979004E+06,-5.49054E+01
4.0991211E+06,-5.47854E+01
4.1003418E+06,-5.46654E+01
4.1015625E+06,-5.43654E+01
4.1027832E+06,-6.09254E+01
4.1040039E+06,-6.71054E+01
4.1052246E+06,-5.69654E+01
4.1064453E+06,-5.09254E+01
4.1076660E+06,-5.59854E+01
4.1088867E+06,-5.41254E+01
4.1101074E+06,-5.25854E+01
4.1113281E+06,-5.85454E+01
4.1125488E+06,-5.81254E+01
4.1137695E+06,-6.74654E+01
4.1149902E+06,-5.78454E+01
4.1162109E+06,-6.39654E+01
4.1174316E+06,-6.00854E+01
4.1186523E+06,-5.29654E+01
4.1198730E+06,-4.97054E+01
4.1210938E+06,-5.03454E+01
4.1223145E+06,-5.27454E+01
4.1235352E+06,-6.16054E+01
4.1247559E+06,-6.16054E+01
4.1259766E+06,-5.91654E+01
4.1271973E+06,-5.08854E+01
4.1284180E+06,-5.32854E+01
4.1296387E+06,-5.71254E+01
4.1308594E+06,-5.14054E+01
4.1320801E+06,-4.88454E+01
4.1333008E+06,-5.13254E+01
4.1345215E+06,-6.69654E+01
4.1357422E+06,-5.55254E+01
4.1369629E+06,-6.46054E+01
4.1381836E+06,-6.25054E+01
4.1394043E+06,-6.67254E+01
4.1406250E+06,-5.87454E+01
4.1418457E+06,-5.41054E+01
4.1430664E+06,-5.31654E+01
4.1442871E+06,-5.62254E+01
4.1455078E+06,-5.74654E+01
4.1467285E+06,-5.51654E+01
4.1479492E+06,-4.97654E+01
4.1491699E+06,-5.08854E+01
4.1503906E+06,-6.22054E+01
4.1516113E+06,-6.37054E+01
4.1528320E+06,-7.07054E+01
4.1540527E+06,-6.32654E+01
4.1552734E+06,-5.88454E+01
4.1564941E+06,-6.83454E+01
4.1577148E+06,-5.87454E+01
4.1589355E+06,-5.29654E+01
4.1601562E+06,-5.35654E+01
4.1613770E+06,-5.71654E+01
4.1625977E+06,-6.77854E+01
4.1638184E+06,-6.62654E+01
4.1650391E+06,-6.04654E+01
4.1662598E+06,-6.73454E+01
4.1674805E+06,-5.80254E+01
4.1687012E+06,-5.40254E+01
4.1699219E+06,-6.34054E+01
4.1711426E+06,-6.25454E+01
4.1723633E+06,-6.14654E+01
4.1735840E+06,-6.16854E+01
4.1748047E+06,-5.17454E+01
4.1760254E+06,-5.52054E+01
4.1772461E+06,-5.11854E+01
4.1784668E+06,-5.02654E+01
4.1796875E+06,-5.45054E+01
4.1809082E+06,-8.54654E+01
4.1821289E+06,-5.13054E+01
4.1833496E+06,-5.08254E+01
4.1845703E+06,-5.55854E+01
4.1857910E+06,-5.57654E+01
4.1870117E+06,-5.45854E+01
4.1882324E+06,-5.45854E+01
4.1894531E+06,-6.18654E+01
4.1906738E+06,-6.04654E+01
4.1918945E+06,-5.95454E+01
4.1931152E+06,-5.98854E+01
4.1943359E+06,-5.82454E+01
4.1955566E+06,-6.51654E+01
4.1967773E+06,-7.35454E+01
4.1979980E+06,-6.77254E+01
4.1992188E+06,-6.88054E+01
4.2004395E+06,-5.94054E+01
4.2016602E+06,-5.77254E+01
4.2028809E+06,-5.83654E+01
4.2041016E+06,-5.93054E+01
4.2053223E+06,-6.05254E+01
4.2065430E+06,-6.14254E+01
4.2077637E+06,-6.10454E+01
4.2089844E+06,-5.52254E+01
4.2102051E+06,-5.27254E+01
4.2114258E+06,-5.85254E+01
4.2126465E+06,-5.74254E+01
4.2138672E+06,-5.41654E+01
4.2150879E+06,-6.23054E+01
4.2163086E+06,-5.42654E+01
4.2175293E+06,-5.32854E+01
4.2187500E+06,-5.90654E+01
4.2199707E+06,-5.66254E+01
4.2211914E+06,-6.27854E+01
4.2224121E+06,-6.33054E+01
4.2236328E+06,-6.17454E+01
4.2248535E+06,-5.92254E+01
4.2260742E+06,-6.43654E+01
4.2272949E+06,-5.55854E+01
4.2285156E+06,-5.96654E+01
4.2297363E+06,-5.90254E+01
4.2309570E+06,-5.66454E+01
4.2321777E+06,-6.24854E+01
4.2333984E+06,-5.44254E+01
4.2346191E+06,-5.34254E+01
4.2358398E+06,-5.65854E+01
4.2370605E+06,-5.83254E+01
4.2382812E+06,-6.06854E+01
4.2395020E+06,-6.46654E+01
4.2407227E+06,-6.47454E+01
4.2419434E+06,-5.72654E+01
4.2431641E+06,-6.29254E+01
4.2443848E+06,-6.11054E+01
4.2456055E+06,-6.27054E+01
4.2468262E+06,-5.69854E+01
4.2480469E+06,-5.72254E+01
4.2492676E+06,-6.29854E+01
4.2504883E+06,-5.36254E+01
4.2517090E+06,-5.59654E+01
4.2529297E+06,-6.25454E+01
4.2541504E+06,-5.92054E+01
4.2553711E+06,-5.37254E+01
4.2565918E+06,-5.65454E+01
4.2578125E+06,-5.73254E+01
4.2590332E+06,-6.20854E+01
4.2602539E+06,-7.32454E+01
4.2614746E+06,-5.94054E+01
4.2626953E+06,-5.53454E+01
4.2639160E+06,-5.44654E+01
4.2651367E+06,-6.22454E+01
4.2663574E+06,-6.10054E+01
4.2675781E+06,-6.31054E+01
4.2687988E+06,-5.87454E+01
4.2700195E+06,-5.93454E+01
4.2712402E+06,-5.14054E+01
4.2724609E+06,-5.79054E+01
4.2736816E+06,-5.57054E+01
4.2749023E+06,-4.92654E+01
4.2761230E+06,-5.12054E+01
4.2773438E+06,-5.32654E+01
4.2785645E+06,-7.08254E+01
4.2797852E+06,-5.23054E+01
4.2810059E+06,-5.16854E+01
4.2822266E+06,-6.08654E+01
4.2834473E+06,-6.36454E+01
4.2846680E+06,-6.06854E+01
4.2858887E+06,-5.71654E+01
4.2871094E+06,-5.82454E+01
4.2883301E+06,-5.43854E+01
4.2895508E+06,-5.51054E+01
4.2907715E+06,-5.74054E+01
4.2919922E+06,-6.21854E+01
4.2932129E+06,-5.63654E+01
4.2944336E+06,-6.08054E+01
4.2956543E+06,-5.86254E+01
4.2968750E+06,-5.45454E+01
4.2980957E+06,-5.42654E+01
4.2993164E+06,-5.66454E+01
4.3005371E+06,-5.70454E+01
4.3017578E+06,-5.54854E+01
4.3029785E+06,-5.82454E+01
4.3041992E+06,-6.24854E+01
4.3054199E+06,-5.42254E+01
4.3066406E+06,-5.70854E+01
4.3078613E+06,-6.21054E+01
4.3090820E+06,-6.45854E+01
4.3103027E+06,-5.83254E+01
4.3115234E+06,-6.42054E+01
4.3127441E+06,-6.96654E+01
4.3139648E+06,-7.20654E+01
4.3151855E+06,-6.02254E+01
4.3164062E+06,-5.43654E+01
4.3176270E+06,-5.59054E+01
4.3188477E+06,-5.95854E+01
4.3200684E+06,-6.88654E+01
4.3212891E+06,-8.09854E+01
4.3225098E+06,-5.82654E+01
4.3237305E+06,-5.19654E+01
4.3249512E+06,-5.09254E+01
4.3261719E+06,-5.56854E+01
4.3273926E+06,-5.87254E+01
4.3286133E+06,-5.92254E+01
4.3298340E+06,-6.69054E+01
4.3310547E+06,-5.70254E+01
4.3322754E+06,-5.44454E+01
4.3334961E+06,-5.40854E+01
4.3347168E+06,-5.53054E+01
4.3359375E+06,-6.02654E+01
4.3371582E+06,-5.91254E+01
4.3383789E+06,-5.54854E+01
4.3395996E+06,-5.53254E+01
4.3408203E+06,-5.38854E+01
4.3420410E+06,-5.72654E+01
4.3432617E+06,-5.80054E+01
4.3444824E+06,-5.54254E+01
4.3457031E+06,-6.75254E+01
4.3469238E+06,-6.11654E+01
4.3481445E+06,-6.93054E+01
4.3493652E+06,-7.02654E+01
4.3505859E+06,-6.58254E+01
4.3518066E+06,-7.49054E+01
4.3530273E+06,-7.36854E+01
4.3542480E+06,-5.89454E+01
4.3554688E+06,-5.40454E+01
4.3566895E+06,-5.27654E+01
4.3579102E+06,-6.04454E+01
4.3591309E+06,-6.47254E+01
4.3603516E+06,-5.75454E+01
4.3615723E+06,-5.34254E+01
4.3627930E+06,-5.30054E+01
4.3640137E+06,-6.11254E+01
4.3652344E+06,-6.05054E+01
4.3664551E+06,-5.66254E+01
4.3676758E+06,-5.55454E+01
4.3688965E+06,-5.48254E+01
4.3701172E+06,-5.10654E+01
4.3713379E+06,-5.58254E+01
4.3725586E+06,-6.70054E+01
4.3737793E+06,-5.51254E+01
4.3750000E+06,-5.19854E+01
4.3762207E+06,-6.19054E+01
4.3774414E+06,-5.73654E+01
4.3786621E+06,-5.37654E+01
4.3798828E+06,-5.13054E+01
4.3811035E+06,-5.54254E+01
4.3823242E+06,-5.45254E+01
4.3835449E+06,-5.93454E+01
4.3847656E+06,-6.13854E+01
4.3859863E+06,-5.18054E+01
4.3872070E+06,-5.28654E+01
4.3884277E+06,-5.72054E+01
4.3896484E+06,-6.10454E+01
4.3908691E+06,-5.82854E+01
4.3920898E+06,-5.82054E+01
4.3933105E+06,-6.20054E+01
4.3945312E+06,-5.98054E+01
4.3957520E+06,-6.20054E+01
4.3969727E+06,-5.44454E+01
4.3981934E+06,-5.93454E+01
4.3994141E+06,-5.48454E+01
4.4006348E+06,-5.17654E+01
4.4018555E+06,-5.13054E+01
4.4030762E+06,-5.39654E+01
4.4042969E+06,-6.67254E+01
4.4055176E+06,-5.32454E+01
4.4067383E+06,-5.34054E+01
4.4079590E+06,-5.94854E+01
4.4091797E+06,-5.45254E+01
4.4104004E+06,-5.46854E+01
4.4116211E+06,-5.82454E+01
4.4128418E+06,-6.24854E+01
4.4140625E+06,-7.04654E+01
4.4152832E+06,-6.33254E+01
4.4165039E+06,-5.54454E+01
4.4177246E+06,-5.25654E+01
4.4189453E+06,-5.59654E+01
4.4201660E+06,-6.57254E+01
4.4213867E+06,-6.65054E+01
4.4226074E+06,-5.07654E+01
4.4238281E+06,-4.90254E+01
4.4250488E+06,-6.71054E+01
4.4262695E+06,-5.23454E+01
4.4274902E+06,-5.56054E+01
4.4287109E+06,-7.54254E+01
4.4299316E+06,-5.45654E+01
4.4311523E+06,-5.40454E+01
4.4323730E+06,-6.93654E+01
4.4335938E+06,-6.48054E+01
4.4348145E+06,-7.12454E+01
4.4360352E+06,-5.54654E+01
4.4372559E+06,-5.29654E+01
4.4384766E+06,-6.11654E+01
4.4396973E+06,-5.73454E+01
4.4409180E+06,-6.41654E+01
4.4421387E+06,-5.86654E+01
4.4433594E+06,-5.75454E+01
4.4445801E+06,-5.80254E+01
4.4458008E+06,-5.77054E+01
4.4470215E+06,-5.86254E+01
4.4482422E+06,-6.00454E+01
4.4494629E+06,-6.28854E+01
4.4506836E+06,-5.52854E+01
4.4519043E+06,-5.45854E+01
4.4531250E+06,-5.48254E+01
4.4543457E+06,-5.48854E+01
4.4555664E+06,-5.77854E+01
4.4567871E+06,-6.86254E+01
4.4580078E+06,-6.06854E+01
4.4592285E+06,-5.87254E+01
4.4604492E+06,-5.71054E+01
4.4616699E+06,-5.35654E+01
4.4628906E+06,-5.18454E+01
4.4641113E+06,-5.73854E+01
4.4653320E+06,-7.22254E+01
4.4665527E+06,-6.37254E+01
4.4677734E+06,-5.57054E+01
4.4689941E+06,-5.16054E+01
4.4702148E+06,-5.30454E+01
4.4714355E+06,-6.12854E+01
4.4726562E+06,-5.47454E+01
4.4738770E+06,-5.95854E+01
4.4750977E+06,-5.13254E+01
4.4763184E+06,-5.71054E+01
4.4775391E+06,-5.92254E+01
4.4787598E+06,-5.29654E+01
4.4799805E+06,-5.24654E+01
4.4812012E+06,-5.08054E+01
4.4824219E+06,-5.16254E+01
4.4836426E+06,-5.60454E+01
4.4848633E+06,-5.80454E+01
4.4860840E+06,-6.80254E+01
4.4873047E+06,-5.76854E+01
4.4885254E+06,-6.99654E+01
4.4897461E+06,-5.90254E+01
4.4909668E+06,-6.36054E+01
4.4921875E+06,-5.64054E+01
4.4934082E+06,-5.63054E+01
4.4946289E+06,-5.89454E+01
4.4958496E+06,-5.00454E+01
4.4970703E+06,-4.79454E+01
4.4982910E+06,-5.24454E+01
4.4995117E+06,-6.22454E+01
4.5007324E+06,-6.43054E+01
4.5019531E+06,-5.64654E+01
4.5031738E+06,-6.27654E+01
4.5043945E+06,-6.66054E+01
4.5056152E+06,-5.43254E+01
4.5068359E+06,-5.63654E+01
4.5080566E+06,-5.87454E+01
4.5092773E+06,-5.70854E+01
4.5104980E+06,-5.48654E+01
4.5117188E+06,-5.49254E+01
4.5129395E+06,-5.39454E+01
4.5141602E+06,-5.75454E+01
4.5153809E+06,-7.56454E+01
4.5166016E+06,-5.88054E+01
4.5178223E+06,-6.19054E+01
4.5190430E+06,-6.08854E+01
4.5202637E+06,-5.83254E+01
4.5214844E+06,-5.86854E+01
4.5227051E+06,-5.34654E+01
4.5239258E+06,-5.33654E+01
4.5251465E+06,-5.54854E+01
4.5263672E+06,-6.12254E+01
4.5275879E+06,-7.08654E+01
4.5288086E+06,-5.94054E+01
4.5300293E+06,-5.47454E+01
4.5312500E+06,-5.74654E+01
4.5324707E+06,-6.83654E+01
4.5336914E+06,-6.03654E+01
4.5349121E+06,-5.75454E+01
4.5361328E+06,-6.93054E+01
4.5373535E+06,-5.42254E+01
4.5385742E+06,-5.54254E+01
4.5397949E+06,-6.11054E+01
4.5410156E+06,-6.50454E+01
4.5422363E+06,-6.42654E+01
4.5434570E+06,-7.06854E+01
4.5446777E+06,-6.37254E+01
4.5458984E+06,-5.84854E+01
4.5471191E+06,-5.84054E+01
4.5483398E+06,-6.05254E+01
4.5495605E+06,-5.74254E+01
4.5507812E+06,-5.60654E+01
4.5520020E+06,-5.49054E+01
4.5532227E+06,-6.03054E+01
4.5544434E+06,-5.57054E+01
4.5556641E+06,-5.20254E+01
4.5568848E+06,-5.73654E+01
4.5581055E+06,-5.17654E+01
4.5593262E+06,-5.05254E+01
4.5605469E+06,-4.99654E+01
4.5617676E+06,-5.38454E+01
4.5629883E+06,-5.50854E+01
4.5642090E+06,-6.59654E+01
4.5654297E+06,-5.97454E+01
4.5666504E+06,-6.34054E+01
4.5678711E+06,-5.35854E+01
4.5690918E+06,-5.04854E+01
4.5703125E+06,-5.80254E+01
4.5715332E+06,-6.63254E+01
4.5727539E+06,-6.20854E+01
4.5739746E+06,-5.65454E+01
4.5751953E+06,-5.48854E+01
4.5764160E+06,-5.80254E+01
4.5776367E+06,-6.10254E+01
4.5788574E+06,-7.26254E+01
4.5800781E+06,-5.73454E+01
4.5812988E+06,-5.47854E+01
4.5825195E+06,-6.08054E+01
4.5837402E+06,-5.42054E+01
4.5849609E+06,-5.36654E+01
4.5861816E+06,-6.46454E+01
4.5874023E+06,-5.91054E+01
4.5886230E+06,-5.34454E+01
4.5898438E+06,-5.93454E+01
4.5910645E+06,-5.45854E+01
4.5922852E+06,-6.42254E+01
4.5935059E+06,-5.56054E+01
4.5947266E+06,-5.25854E+01
4.5959473E+06,-6.02254E+01
4.5971680E+06,-5.69454E+01
4.5983887E+06,-5.23054E+01
4.5996094E+06,-5.32254E+01
4.6008301E+06,-5.81654E+01
4.6020508E+06,-5.55254E+01
4.6032715E+06,-5.08654E+01
4.6044922E+06,-5.26654E+01
4.6057129E+06,-6.95054E+01
4.6069336E+06,-5.48254E+01
4.6081543E+06,-5.57654E+01
4.6093750E+06,-5.90654E+01
4.6105957E+06,-6.50254E+01
4.6118164E+06,-5.50054E+01
4.6130371E+06,-5.73654E+01
4.6142578E+06,-5.84054E+01
4.6154785E+06,-6.37054E+01
4.6166992E+06,-5.84854E+01
4.6179199E+06,-5.27254E+01
4.6191406E+06,-5.26054E+01
4.6203613E+06,-5.40654E+01
4.6215820E+06,-5.63454E+01
4.6228027E+06,-6.16454E+01
4.6240234E+06,-6.43254E+01
4.6252441E+06,-6.30654E+01
4.6264648E+06,-6.30654E+01
4.6276855E+06,-6.55254E+01
4.6289062E+06,-6.54854E+01
4.6301270E+06,-5.98454E+01
4.6313477E+06,-6.57054E+01
4.6325684E+06,-6.92654E+01
4.6337891E+06,-7.26654E+01
4.6350098E+06,-5.74854E+01
4.6362305E+06,-5.79254E+01
4.6374512E+06,-5.55654E+01
4.6386719E+06,-5.70054E+01
4.6398926E+06,-5.38854E+01
4.6411133E+06,-6.21454E+01
4.6423340E+06,-5.92054E+01
4.6435547E+06,-6.41454E+01
4.6447754E+06,-5.37654E+01
4.6459961E+06,-5.66054E+01
4.6472168E+06,-7.06854E+01
4.6484375E+06,-5.52454E+01
4.6496582E+06,-5.39854E+01
4.6508789E+06,-6.02654E+01
4.6520996E+06,-6.10654E+01
4.6533203E+06,-6.56654E+01
4.6545410E+06,-6.15454E+01
4.6557617E+06,-5.53254E+01
4.6569824E+06,-5.49054E+01
4.6582031E+06,-5.14254E+01
4.6594238E+06,-5.08254E+01
4.6606445E+06,-5.39454E+01
4.6618652E+06,-5.41254E+01
4.6630859E+06,-5.74254E+01
4.6643066E+06,-6.22054E+01
4.6655273E+06,-7.07054E+01
4.6667480E+06,-7.13454E+01
4.6679688E+06,-6.77854E+01
4.6691895E+06,-6.06454E+01
4.6704102E+06,-7.29654E+01
4.6716309E+06,-5.76054E+01
4.6728516E+06,-5.77254E+01
4.6740723E+06,-6.42854E+01
4.6752930E+06,-5.59854E+01
4.6765137E+06,-5.81254E+01
4.6777344E+06,-6.26254E+01
4.6789551E+06,-6.09854E+01
4.6801758E+06,-6.16054E+01
4.6813965E+06,-6.74454E+01
4.6826172E+06,-5.85254E+01
4.6838379E+06,-5.43054E+01
4.6850586E+06,-5.34254E+01
4.6862793E+06,-6.40054E+01
4.6875000E+06,-5.69654E+01
4.6887207E+06,-5.70454E+01
4.6899414E+06,-6.17454E+01
4.6911621E+06,-6.47454E+01
4.6923828E+06,-6.14654E+01
4.6936035E+06,-5.73654E+01
4.6948242E+06,-5.39654E+01
4.6960449E+06,-5.23254E+01
4.6972656E+06,-5.69054E+01
4.6984863E+06,-6.43254E+01
4.6997070E+06,-6.00054E+01
4.7009277E+06,-5.49654E+01
4.7021484E+06,-5.22254E+01
4.7033691E+06,-5.63054E+01
4.7045898E+06,-5.69254E+01
4.7058105E+06,-5.48054E+01
4.7070312E+06,-5.55454E+01
4.7082520E+06,-5.61654E+01
4.7094727E+06,-7.72254E+01
4.7106934E+06,-5.95454E+01
4.7119141E+06,-6.21854E+01
4.7131348E+06,-6.83454E+01
4.7143555E+06,-5.50454E+01
4.7155762E+06,-5.09854E+01
4.7167969E+06,-5.76254E+01
4.7180176E+06,-5.76054E+01
4.7192383E+06,-5.18454E+01
4.7204590E+06,-5.26654E+01
4.7216797E+06,-5.81054E+01
4.7229004E+06,-5.61054E+01
4.7241211E+06,-5.93054E+01
4.7253418E+06,-6.92254E+01
4.7265625E+06,-6.39854E+01
4.7277832E+06,-5.84854E+01
4.7290039E+06,-5.64454E+01
4.7302246E+06,-6.08654E+01
4.7314453E+06,-5.63254E+01
4.7326660E+06,-5.28454E+01
4.7338867E+06,-5.82854E+01
4.7351074E+06,-7.01854E+01
4.7363281E+06,-6.13254E+01
4.7375488E+06,-6.38654E+01
4.7387695E+06,-5.55054E+01
4.7399902E+06,-5.68054E+01
4.7412109E+06,-6.03854E+01
4.7424316E+06,-5.88654E+01
4.7436523E+06,-5.46654E+01
4.7448730E+06,-5.29654E+01
4.7460938E+06,-5.44054E+01
4.7473145E+06,-5.80254E+01
4.7485352E+06,-5.83254E+01
4.7497559E+06,-6.04054E+01
4.7509766E+06,-7.60654E+01
4.7521973E+06,-6.05054E+01
4.7534180E+06,-5.63654E+01
4.7546387E+06,-5.70054E+01
4.7558594E+06,-6.01254E+01
4.7570801E+06,-6.58254E+01
4.7583008E+06,-6.72454E+01
4.7595215E+06,-6.21054E+01
4.7607422E+06,-6.70054E+01
4.7619629E+06,-6.47854E+01
4.7631836E+06,-5.68254E+01
4.7644043E+06,-6.10654E+01
4.7656250E+06,-5.79854E+01
4.7668457E+06,-5.48854E+01
4.7680664E+06,-6.00054E+01
4.7692871E+06,-6.07254E+01
4.7705078E+06,-5.75654E+01
4.7717285E+06,-5.77054E+01
4.7729492E+06,-5.88454E+01
4.7741699E+06,-6.20854E+01
4.7753906E+06,-5.69654E+01
4.7766113E+06,-5.88054E+01
4.7778320E+06,-6.16254E+01
4.7790527E+06,-7.53454E+01
4.7802734E+06,-6.52854E+01
4.7814941E+06,-5.63654E+01
4.7827148E+06,-6.03254E+01
4.7839355E+06,-7.50254E+01
4.7851562E+06,-7.20054E+01
4.7863770E+06,-5.95054E+01
4.7875977E+06,-6.05654E+01
4.7888184E+06,-5.64054E+01
4.7900391E+06,-5.99654E+01
4.7912598E+06,-5.95454E+01
4.7924805E+06,-6.95454E+01
4.7937012E+06,-5.84054E+01
4.7949219E+06,-5.58054E+01
4.7961426E+06,-6.00054E+01
4.7973633E+06,-6.81654E+01
4.7985840E+06,-6.42254E+01
4.7998047E+06,-6.11254E+01
4.8010254E+06,-5.95854E+01
4.8022461E+06,-5.74854E+01
4.8034668E+06,-5.70254E+01
4.8046875E+06,-6.02654E+01
4.8059082E+06,-5.67854E+01
4.8071289E+06,-6.31054E+01
4.8083496E+06,-6.24654E+01
4.8095703E+06,-5.99654E+01
4.8107910E+06,-6.70454E+01
4.8120117E+06,-5.87854E+01
4.8132324E+06,-6.01254E+01
4.8144531E+06,-5.49054E+01
4.8156738E+06,-5.85254E+01
4.8168945E+06,-6.50454E+01
4.8181152E+06,-6.51254E+01
4.8193359E+06,-6.07454E+01
4.8205566E+06,-5.66454E+01
4.8217773E+06,-6.43654E+01
4.8229980E+06,-6.13454E+01
4.8242188E+06,-6.00854E+01
4.8254395E+06,-5.37254E+01
4.8266602E+06,-5.33054E+01
4.8278809E+06,-6.72854E+01
4.8291016E+06,-5.67454E+01
4.8303223E+06,-5.43854E+01
4.8315430E+06,-5.56854E+01
4.8327637E+06,-5.37054E+01
4.8339844E+06,-5.20454E+01
4.8352051E+06,-7.79454E+01
4.8364258E+06,-5.95054E+01
4.8376465E+06,-6.41254E+01
4.8388672E+06,-5.76854E+01
4.8400879E+06,-5.35054E+01
4.8413086E+06,-5.40654E+01
4.8425293E+06,-5.91654E+01
4.8437500E+06,-5.95054E+01
4.8449707E+06,-5.35854E+01
4.8461914E+06,-5.56454E+01
4.8474121E+06,-5.95454E+01
4.8486328E+06,-5.69854E+01
4.8498535E+06,-5.90254E+01
4.8510742E+06,-6.89054E+01
4.8522949E+06,-6.33454E+01
4.8535156E+06,-7.34654E+01
4.8547363E+06,-5.57454E+01
4.8559570E+06,-5.42454E+01
4.8571777E+06,-6.39854E+01
4.8583984E+06,-6.72054E+01
4.8596191E+06,-6.92654E+01
4.8608398E+06,-5.73654E+01
4.8620605E+06,-5.54854E+01
4.8632812E+06,-5.69254E+01
4.8645020E+06,-5.42454E+01
4.8657227E+06,-5.36854E+01
4.8669434E+06,-5.91054E+01
4.8681641E+06,-6.35454E+01
4.8693848E+06,-5.96254E+01
4.8706055E+06,-5.42054E+01
4.8718262E+06,-5.70654E+01
4.8730469E+06,-6.92254E+01
4.8742676E+06,-5.91654E+01
4.8754883E+06,-5.50054E+01
4.8767090E+06,-5.92054E+01
4.8779297E+06,-6.39654E+01
4.8791504E+06,-6.10454E+01
4.8803711E+06,-6.76054E+01
4.8815918E+06,-5.50254E+01
4.8828125E+06,-5.87254E+01
4.8840332E+06,-5.52454E+01
4.8852539E+06,-6.54454E+01
4.8864746E+06,-6.18654E+01
4.8876953E+06,-5.99254E+01
4.8889160E+06,-6.46854E+01
4.8901367E+06,-5.65854E+01
4.8913574E+06,-5.23654E+01
4.8925781E+06,-5.89454E+01
4.8937988E+06,-5.51854E+01
4.8950195E+06,-6.31654E+01
4.8962402E+06,-5.70254E+01
4.8974609E+06,-5.32254E+01
4.8986816E+06,-5.08654E+01
4.8999023E+06,-5.42254E+01
4.9011230E+06,-5.16254E+01
4.9023438E+06,-5.06454E+01
4.9035645E+06,-5.06254E+01
4.9047852E+06,-5.83654E+01
4.9060059E+06,-5.85254E+01
4.9072266E+06,-7.23654E+01
4.9084473E+06,-5.56254E+01
4.9096680E+06,-5.51454E+01
4.9108887E+06,-5.76654E+01
4.9121094E+06,-5.86654E+01
4.9133301E+06,-5.62254E+01
4.9145508E+06,-5.57654E+01
4.9157715E+06,-5.55054E+01
4.9169922E+06,-5.86854E+01
4.9182129E+06,-5.50254E+01
4.9194336E+06,-5.77454E+01
4.9206543E+06,-5.60654E+01
4.9218750E+06,-5.51254E+01
4.9230957E+06,-5.52854E+01
4.9243164E+06,-5.49054E+01
4.9255371E+06,-5.38054E+01
4.9267578E+06,-6.37854E+01
4.9279785E+06,-5.74654E+01
4.9291992E+06,-5.94454E+01
4.9304199E+06,-6.52454E+01
4.9316406E+06,-5.82854E+01
4.9328613E+06,-6.03454E+01
4.9340820E+06,-6.37254E+01
4.9353027E+06,-6.77454E+01
4.9365234E+06,-5.81054E+01
4.9377441E+06,-5.86254E+01
4.9389648E+06,-5.90054E+01
4.9401855E+06,-6.00854E+01
4.9414062E+06,-5.35054E+01
4.9426270E+06,-6.36654E+01
4.9438477E+06,-5.57054E+01
4.9450684E+06,-5.75254E+01
4.9462891E+06,-6.09854E+01
4.9475098E+06,-5.94854E+01
4.9487305E+06,-5.36854E+01
4.9499512E+06,-5.15454E+01
4.9511719E+06,-5.46854E+01
4.9523926E+06,-5.89454E+01
4.9536133E+06,-6.17654E+01
4.9548340E+06,-5.63854E+01
4.9560547E+06,-6.39054E+01
4.9572754E+06,-5.71254E+01
4.9584961E+06,-6.77054E+01
4.9597168E+06,-5.46654E+01
4.9609375E+06,-5.72254E+01
4.9621582E+06,-5.59254E+01
4.9633789E+06,-5.73454E+01
4.9645996E+06,-5.89454E+01
4.9658203E+06,-5.97054E+01
4.9670410E+06,-6.08054E+01
4.9682617E+06,-6.24254E+01
4.9694824E+06,-6.49454E+01
4.9707031E+06,-5.91654E+01
4.9719238E+06,-5.81254E+01
4.9731445E+06,-5.57654E+01
4.9743652E+06,-5.95854E+01
4.9755859E+06,-5.64654E+01
4.9768066E+06,-5.50254E+01
4.9780273E+06,-6.38654E+01
4.9792480E+06,-5.58454E+01
4.9804688E+06,-5.50854E+01
4.9816895E+06,-7.13054E+01
4.9829102E+06,-6.23254E+01
4.9841309E+06,-5.92054E+01
4.9853516E+06,-6.75654E+01
4.9865723E+06,-5.67254E+01
4.9877930E+06,-6.23654E+01
4.9890137E+06,-6.07454E+01
4.9902344E+06,-5.78054E+01
4.9914551E+06,-6.54254E+01
4.9926758E+06,-6.59854E+01
4.9938965E+06,-6.08254E+01
4.9951172E+06,-5.69854E+01
4.9963379E+06,-5.69054E+01
4.9975586E+06,-5.97054E+01
4.9987793E+06,-4.04054E+01
