Model,TBS2074B
Firmware Version,v1.31.16

Point Format,Y,,,,Point Format,Y
Horizontal Units,S,,,,Horizontal Units,S
Horizontal Scale,2e-05,,,,Horizontal Scale,0.0002
Sample Interval,0,,,,Sample Interval,1.6e-06
Filter Frequency,2e+08,,,,Filter Frequency,2e+08
Record Length,2000,,,,Record Length,2000
Gating,0.0% to 100.0%,0.0% to 100.0%,0.0% to 100.0%,,Gating,0.0% to 100.0%
Probe Attenuation,1,1,1,,Probe Attenuation,1
Vertical Units,V,V,V,,Vertical Units,V
Vertical Offset,0,0,0,,Vertical Offset,0
Vertical Scale,1,1,1,,Vertical Scale,0.02
Label,,,,,Label,
TIME,CH1,CH2,CH3,,TIME,REF1
-5.00000000000e-04,-5,2.96,2.52,,1.154e-03,0.054
-5.00000000000e-04,-5,2.92,2.52,,1.155e-03,0.054
-5.00000000000e-04,-5,2.92,2.52,,1.157e-03,0.054
-5.00000000000e-04,-5,2.92,2.52,,1.158e-03,0.054
-5.00000000000e-04,-5,2.92,2.52,,1.160e-03,0.054
-5.00000000000e-04,-5,2.92,2.52,,1.162e-03,0.054
-5.00000000000e-04,-5,2.88,2.52,,1.163e-03,0.054
-5.00000000000e-04,-5,2.88,2.52,,1.165e-03,0.054
-5.00000000000e-04,-5,2.88,2.52,,1.166e-03,0.054
-5.00000000000e-04,-5,2.88,2.52,,1.168e-03,0.054
-5.00000000000e-04,-5,2.88,2.52,,1.170e-03,0.0548
-5.00000000000e-04,-5,2.84,2.52,,1.171e-03,0.054
-5.00000000000e-04,-5,2.84,2.52,,1.173e-03,0.0548
-5.00000000000e-04,-5,2.84,2.52,,1.174e-03,0.054
-5.00000000000e-04,-5,2.84,2.52,,1.176e-03,0.054
-5.00000000000e-04,-5,2.84,2.52,,1.178e-03,0.054
-5.00000000000e-04,-5,2.84,2.52,,1.179e-03,0.0548
-5.00000000000e-04,-5,2.8,2.52,,1.181e-03,0.0548
-5.00000000000e-04,-5,2.8,2.52,,1.182e-03,0.0548
-5.00000000000e-04,-5,2.8,2.52,,1.184e-03,0.0548
-5.00000000000e-04,-5,2.8,2.52,,1.186e-03,0.0548
-5.00000000000e-04,-5,2.76,2.52,,1.187e-03,0.0548
-5.00000000000e-04,-5,2.8,2.52,,1.189e-03,0.054
-5.00000000000e-04,-5,2.76,2.52,,1.190e-03,0.054
-5.00000000000e-04,-5,2.76,2.52,,1.192e-03,0.0548
-5.00000000000e-04,-5,2.76,2.52,,1.194e-03,0.0548
-5.00000000000e-04,-5,2.76,2.52,,1.195e-03,0.0548
-5.00000000000e-04,-5,2.76,2.52,,1.197e-03,0.0548
-5.00000000000e-04,-5,2.72,2.52,,1.198e-03,0.0548
-5.00000000000e-04,-5,2.72,2.52,,1.200e-03,0.0548
-5.00000000000e-04,-5,2.68,2.52,,1.202e-03,0.0548
-5.00000000000e-04,-4.96,2.72,2.52,,1.203e-03,0.0548
-5.00000000000e-04,-5,2.72,2.52,,1.205e-03,0.0548
-5.00000000000e-04,-5,2.68,2.52,,1.206e-03,0.0548
-5.00000000000e-04,-5,2.68,2.52,,1.208e-03,0.0548
-5.00000000000e-04,-5,2.68,2.52,,1.210e-03,0.0548
-5.00000000000e-04,-5,2.68,2.52,,1.211e-03,0.0548
-5.00000000000e-04,-5,2.64,2.52,,1.213e-03,0.0548
-5.00000000000e-04,-5,2.64,2.52,,1.214e-03,0.0548
-5.00000000000e-04,-5,2.64,2.52,,1.216e-03,0.0548
-5.00000000000e-04,-5,2.64,2.56,,1.218e-03,0.0548
-5.00000000000e-04,-5,2.64,2.52,,1.219e-03,0.0548
-5.00000000000e-04,-5,2.64,2.56,,1.221e-03,0.0548
-5.00000000000e-04,-5,2.6,2.52,,1.222e-03,0.0548
-5.00000000000e-04,-5,2.6,2.52,,1.224e-03,0.0548
-5.00000000000e-04,-5,2.6,2.52,,1.226e-03,0.0548
-5.00000000000e-04,-5,2.56,2.52,,1.227e-03,0.0548
-5.00000000000e-04,-5,2.56,2.52,,1.229e-03,0.0548
-5.00000000000e-04,-5,2.56,2.52,,1.230e-03,0.0548
-5.00000000000e-04,-5,2.56,2.56,,1.232e-03,0.0548
-5.00000000000e-04,-5,2.56,2.52,,1.234e-03,0.0548
-5.00000000000e-04,-4.96,2.56,2.56,,1.235e-03,0.0548
-5.00000000000e-04,-5,2.56,2.52,,1.237e-03,0.0548
-5.00000000000e-04,-4.96,2.52,2.52,,1.238e-03,0.0548
-5.00000000000e-04,-5,2.48,2.52,,1.240e-03,0.0548
-5.00000000000e-04,-5,2.52,2.56,,1.242e-03,0.0548
-5.00000000000e-04,-5,2.52,2.56,,1.243e-03,0.0548
-5.00000000000e-04,-5,2.52,2.56,,1.245e-03,0.0548
-5.00000000000e-04,-5,2.52,2.52,,1.246e-03,0.0548
-5.00000000000e-04,-5,2.48,2.56,,1.248e-03,0.0548
-5.00000000000e-04,-5,2.48,2.52,,1.250e-03,0.0548
-5.00000000000e-04,-5,2.48,2.56,,1.251e-03,0.054
-5.00000000000e-04,-5,2.44,2.56,,1.253e-03,0.0548
-5.00000000000e-04,-5,2.44,2.56,,1.254e-03,0.0548
-5.00000000000e-04,-4.96,2.44,2.56,,1.256e-03,0.0548
-5.00000000000e-04,-5,2.44,2.56,,1.258e-03,0.0548
-5.00000000000e-04,-5,2.44,2.56,,1.259e-03,0.0548
-5.00000000000e-04,-5,2.44,2.56,,1.261e-03,0.0548
-5.00000000000e-04,-5,2.4,2.56,,1.262e-03,0.0548
-5.00000000000e-04,-5,2.4,2.56,,1.264e-03,0.0548
-5.00000000000e-04,-5,2.36,2.56,,1.266e-03,0.0548
-5.00000000000e-04,-5,2.36,2.56,,1.267e-03,0.0548
-5.00000000000e-04,-5,2.32,2.56,,1.269e-03,0.0548
-5.00000000000e-04,-5,2.32,2.56,,1.270e-03,0.0548
-5.00000000000e-04,-5,2.32,2.56,,1.272e-03,0.0548
-5.00000000000e-04,-5,2.32,2.56,,1.274e-03,0.0548
-5.00000000000e-04,-5,2.32,2.56,,1.275e-03,0.0548
-5.00000000000e-04,-5,2.32,2.56,,1.277e-03,0.0548
-5.00000000000e-04,-5,2.28,2.52,,1.278e-03,0.0548
-5.00000000000e-04,-5,2.28,2.56,,1.280e-03,0.0548
-5.00000000000e-04,-5,2.28,2.56,,1.282e-03,0.0548
-5.00000000000e-04,-5,2.28,2.56,,1.283e-03,0.054
-5.00000000000e-04,-5,2.24,2.52,,1.285e-03,0.054
-5.00000000000e-04,-5,2.24,2.56,,1.286e-03,0.054
-5.00000000000e-04,-4.96,2.24,2.52,,1.288e-03,0.0548
-5.00000000000e-04,-5,2.24,2.56,,1.290e-03,0.0548
-5.00000000000e-04,-5,2.2,2.56,,1.291e-03,0.0548
-5.00000000000e-04,-5,2.2,2.56,,1.293e-03,0.0548
-5.00000000000e-04,-5,2.2,2.56,,1.294e-03,0.054
-5.00000000000e-04,-5,2.16,2.56,,1.296e-03,0.0548
-5.00000000000e-04,-5,2.16,2.56,,1.298e-03,0.0548
-5.00000000000e-04,-5,2.16,2.56,,1.299e-03,0.0548
-5.00000000000e-04,-5,2.16,2.56,,1.301e-03,0.0548
-5.00000000000e-04,-5,2.16,2.56,,1.302e-03,0.054
-5.00000000000e-04,-5,2.16,2.56,,1.304e-03,0.054
-5.00000000000e-04,-4.96,2.12,2.56,,1.306e-03,0.0548
-5.00000000000e-04,-5,2.12,2.56,,1.307e-03,0.0548
-5.00000000000e-04,-5,2.12,2.56,,1.309e-03,0.0548
-5.00000000000e-04,-5,2.12,2.56,,1.310e-03,0.0548
-5.00000000000e-04,-5,2.08,2.56,,1.312e-03,0.054
-5.00000000000e-04,-5,2.12,2.56,,1.314e-03,0.054
-5.00000000000e-04,-5,2.08,2.56,,1.315e-03,0.0548
-5.00000000000e-04,-5,2.04,2.56,,1.317e-03,0.0548
-5.00000000000e-04,-5,2.08,2.56,,1.318e-03,0.054
-5.00000000000e-04,-5,2.04,2.56,,1.320e-03,0.054
-5.00000000000e-04,-5,2.08,2.56,,1.322e-03,0.054
-5.00000000000e-04,-5,2.04,2.56,,1.323e-03,0.054
-5.00000000000e-04,-5,2.04,2.56,,1.325e-03,0.054
-5.00000000000e-04,-5,2.04,2.56,,1.326e-03,0.054
-5.00000000000e-04,-5,2.04,2.56,,1.328e-03,0.054
-5.00000000000e-04,-4.96,2.04,2.56,,1.330e-03,0.054
-5.00000000000e-04,-5,2,2.56,,1.331e-03,0.054
-5.00000000000e-04,-5,2,2.56,,1.333e-03,0.054
-5.00000000000e-04,-5,1.96,2.56,,1.334e-03,0.054
-5.00000000000e-04,-5,2,2.56,,1.336e-03,0.054
-5.00000000000e-04,-5,2,2.56,,1.338e-03,0.054
-5.00000000000e-04,-5,2,2.56,,1.339e-03,0.054
-5.00000000000e-04,-4.96,2,2.56,,1.341e-03,0.054
-5.00000000000e-04,-5,1.96,2.56,,1.342e-03,0.054
-5.00000000000e-04,-5,1.96,2.56,,1.344e-03,0.0532
-5.00000000000e-04,-5,1.96,2.56,,1.346e-03,0.0532
-5.00000000000e-04,-5,1.96,2.56,,1.347e-03,0.054
-5.00000000000e-04,-5,1.96,2.56,,1.349e-03,0.054
-5.00000000000e-04,-5,1.96,2.56,,1.350e-03,0.054
-5.00000000000e-04,-5,1.96,2.56,,1.352e-03,0.054
-5.00000000000e-04,-5,1.96,2.56,,1.354e-03,0.054
-5.00000000000e-04,-5,1.96,2.56,,1.355e-03,0.054
-5.00000000000e-04,-5,1.96,2.56,,1.357e-03,0.054
-5.00000000000e-04,-5,1.92,2.56,,1.358e-03,0.054
-5.00000000000e-04,-5,1.96,2.56,,1.360e-03,0.0532
-5.00000000000e-04,-5,1.96,2.56,,1.362e-03,0.054
-5.00000000000e-04,-5,1.96,2.56,,1.363e-03,0.054
-5.00000000000e-04,-5,1.96,2.56,,1.365e-03,0.054
-5.00000000000e-04,-5,1.96,2.56,,1.366e-03,0.054
-5.00000000000e-04,-5,1.96,2.52,,1.368e-03,0.054
-5.00000000000e-04,-5,1.96,2.56,,1.370e-03,0.0532
-5.00000000000e-04,-5,1.96,2.56,,1.371e-03,0.0532
-5.00000000000e-04,-5,1.96,2.56,,1.373e-03,0.0532
-5.00000000000e-04,-5,1.92,2.56,,1.374e-03,0.0532
-5.00000000000e-04,-5,1.92,2.56,,1.376e-03,0.054
-5.00000000000e-04,-5,1.92,2.56,,1.378e-03,0.054
-5.00000000000e-04,-5,1.92,2.56,,1.379e-03,0.054
-5.00000000000e-04,-5,1.88,2.56,,1.381e-03,0.054
-5.00000000000e-04,-5,1.88,2.56,,1.382e-03,0.054
-5.00000000000e-04,-5,1.84,2.56,,1.384e-03,0.0532
-5.00000000000e-04,-5,1.84,2.56,,1.386e-03,0.0532
-5.00000000000e-04,-5,1.8,2.56,,1.387e-03,0.054
-5.00000000000e-04,-5,1.8,2.56,,1.389e-03,0.0532
-5.00000000000e-04,-5,1.76,2.56,,1.390e-03,0.0532
-5.00000000000e-04,-5,1.76,2.56,,1.392e-03,0.0532
-5.00000000000e-04,-5,1.72,2.56,,1.394e-03,0.0532
-5.00000000000e-04,-5,1.68,2.56,,1.395e-03,0.0524
-5.00000000000e-04,-5,1.68,2.52,,1.397e-03,0.0532
-5.00000000000e-04,-5,1.64,2.56,,1.398e-03,0.0532
-5.00000000000e-04,-5,1.64,2.56,,1.400e-03,0.0532
-5.00000000000e-04,-5,1.6,2.56,,1.402e-03,0.0524
-5.00000000000e-04,-5,1.56,2.56,,1.403e-03,0.0532
-5.00000000000e-04,-5,1.56,2.56,,1.405e-03,0.0532
-5.00000000000e-04,-5,1.56,2.56,,1.406e-03,0.0524
-5.00000000000e-04,-5,1.52,2.56,,1.408e-03,0.0524
-5.00000000000e-04,-4.96,1.52,2.56,,1.410e-03,0.0532
-5.00000000000e-04,-5,1.48,2.56,,1.411e-03,0.0532
-5.00000000000e-04,-4.96,1.48,2.56,,1.413e-03,0.0532
-5.00000000000e-04,-5,1.48,2.52,,1.414e-03,0.0532
-5.00000000000e-04,-5,1.48,2.56,,1.416e-03,0.0532
-5.00000000000e-04,-5,1.44,2.56,,1.418e-03,0.0524
-5.00000000000e-04,-5,1.44,2.56,,1.419e-03,0.0532
-5.00000000000e-04,-5,1.4,2.56,,1.421e-03,0.0532
-5.00000000000e-04,-5,1.4,2.56,,1.422e-03,0.0532
-5.00000000000e-04,-5,1.36,2.56,,1.424e-03,0.0532
-5.00000000000e-04,-5,1.36,2.56,,1.426e-03,0.0532
-5.00000000000e-04,-5,1.36,2.56,,1.427e-03,0.0532
-5.00000000000e-04,-5,1.32,2.56,,1.429e-03,0.0532
-5.00000000000e-04,-5,1.32,2.56,,1.430e-03,0.0532
-5.00000000000e-04,-5,1.32,2.56,,1.432e-03,0.0532
-5.00000000000e-04,-5,1.28,2.56,,1.434e-03,0.0532
-5.00000000000e-04,-5,1.28,2.56,,1.435e-03,0.0532
-5.00000000000e-04,-5,1.24,2.56,,1.437e-03,0.0532
-5.00000000000e-04,-4.96,1.24,2.56,,1.438e-03,0.0524
-5.00000000000e-04,-5,1.24,2.56,,1.440e-03,0.0532
-5.00000000000e-04,-4.96,1.24,2.6,,1.442e-03,0.0524
-5.00000000000e-04,-5,1.2,2.56,,1.443e-03,0.0524
-5.00000000000e-04,-5,1.2,2.56,,1.445e-03,0.0524
-5.00000000000e-04,-5,1.2,2.56,,1.446e-03,0.0524
-5.00000000000e-04,-5,1.16,2.56,,1.448e-03,0.0524
-5.00000000000e-04,-5,1.16,2.56,,1.450e-03,0.0532
-5.00000000000e-04,-4.96,1.12,2.56,,1.451e-03,0.0532
-5.00000000000e-04,-4.96,1.16,2.56,,1.453e-03,0.0524
-5.00000000000e-04,-5,1.12,2.56,,1.454e-03,0.0524
-5.00000000000e-04,-5,1.12,2.56,,1.456e-03,0.0524
-5.00000000000e-04,-5,1.12,2.56,,1.458e-03,0.0532
-5.00000000000e-04,-5,1.08,2.56,,1.459e-03,0.0524
-5.00000000000e-04,-5,1.08,2.56,,1.461e-03,0.0524
-5.00000000000e-04,-5,1.08,2.56,,1.462e-03,0.0524
-5.00000000000e-04,-5,1.04,2.56,,1.464e-03,0.0524
-5.00000000000e-04,-5,1.04,2.56,,1.466e-03,0.0524
-5.00000000000e-04,-5,1.04,2.6,,1.467e-03,0.0524
-5.00000000000e-04,-5,1.04,2.56,,1.469e-03,0.0524
-5.00000000000e-04,-5,1.04,2.56,,1.470e-03,0.0524
-5.00000000000e-04,-5,1,2.56,,1.472e-03,0.0524
-5.00000000000e-04,-5,1,2.56,,1.474e-03,0.0524
-5.00000000000e-04,-5,1,2.56,,1.475e-03,0.0524
-5.00000000000e-04,-5,0.96,2.56,,1.477e-03,0.0524
-5.00000000000e-04,-5,1,2.56,,1.478e-03,0.0524
-5.00000000000e-04,-5,1,2.56,,1.480e-03,0.0524
-5.00000000000e-04,-5,0.96,2.6,,1.482e-03,0.0524
-5.00000000000e-04,-4.96,0.96,2.6,,1.483e-03,0.0524
-5.00000000000e-04,-5,0.96,2.56,,1.485e-03,0.0524
-5.00000000000e-04,-5,0.96,2.56,,1.486e-03,0.0524
-5.00000000000e-04,-5,0.96,2.56,,1.488e-03,0.0524
-5.00000000000e-04,-4.96,0.96,2.6,,1.490e-03,0.0524
-5.00000000000e-04,-5,0.96,2.56,,1.491e-03,0.0516
-5.00000000000e-04,-5,0.96,2.6,,1.493e-03,0.0524
-5.00000000000e-04,-5,0.96,2.56,,1.494e-03,0.0524
-5.00000000000e-04,-5,0.96,2.56,,1.496e-03,0.0524
-5.00000000000e-04,-5,0.92,2.56,,1.498e-03,0.0524
-5.00000000000e-04,-5,0.92,2.56,,1.499e-03,0.0524
-5.00000000000e-04,-4.96,0.92,2.56,,1.501e-03,0.0524
-5.00000000000e-04,-5,0.92,2.56,,1.502e-03,0.0524
-5.00000000000e-04,-5,0.92,2.56,,1.504e-03,0.0524
-5.00000000000e-04,-5,0.88,2.56,,1.506e-03,0.0524
-5.00000000000e-04,-5,0.88,2.56,,1.507e-03,0.0524
-5.00000000000e-04,-5,0.84,2.6,,1.509e-03,0.0524
-5.00000000000e-04,-5,0.84,2.56,,1.510e-03,0.0524
-5.00000000000e-04,-5,0.84,2.6,,1.512e-03,0.0524
-5.00000000000e-04,-4.96,0.84,2.56,,1.514e-03,0.0524
-5.00000000000e-04,-5,0.8,2.6,,1.515e-03,0.0524
-5.00000000000e-04,-5,0.8,2.56,,1.517e-03,0.0516
-5.00000000000e-04,-5,0.76,2.56,,1.518e-03,0.0516
-5.00000000000e-04,-5,0.76,2.6,,1.520e-03,0.0524
-5.00000000000e-04,-5,0.72,2.56,,1.522e-03,0.0524
-5.00000000000e-04,-5,0.72,2.56,,1.523e-03,0.0516
-5.00000000000e-04,-5,0.72,2.6,,1.525e-03,0.0516
-5.00000000000e-04,-4.96,0.68,2.56,,1.526e-03,0.0516
-5.00000000000e-04,-4.96,0.68,2.6,,1.528e-03,0.0516
-5.00000000000e-04,-5,0.68,2.6,,1.530e-03,0.0516
-5.00000000000e-04,-5,0.68,2.6,,1.531e-03,0.0516
-5.00000000000e-04,-5,0.64,2.6,,1.533e-03,0.0516
-5.00000000000e-04,-5,0.64,2.56,,1.534e-03,0.0516
-5.00000000000e-04,-5,0.64,2.6,,1.536e-03,0.0516
-5.00000000000e-04,-5,0.64,2.6,,1.538e-03,0.0516
-5.00000000000e-04,-5,0.6,2.56,,1.539e-03,0.0508
-5.00000000000e-04,-4.96,0.6,2.6,,1.541e-03,0.0516
-5.00000000000e-04,-4.96,0.6,2.6,,1.542e-03,0.0516
-5.00000000000e-04,-5,0.6,2.56,,1.544e-03,0.0516
-5.00000000000e-04,-5,0.56,2.6,,1.546e-03,0.0516
-5.00000000000e-04,-5,0.6,2.6,,1.547e-03,0.0516
-5.00000000000e-04,-5,0.56,2.56,,1.549e-03,0.0516
-5.00000000000e-04,-4.96,0.56,2.56,,1.550e-03,0.0516
-5.00000000000e-04,-5,0.56,2.56,,1.552e-03,0.0508
-5.00000000000e-04,-4.96,0.56,2.6,,1.554e-03,0.0508
-5.00000000000e-04,-5,0.56,2.6,,1.555e-03,0.0516
-5.00000000000e-04,-4.96,0.56,2.6,,1.557e-03,0.0508
-5.00000000000e-04,-5,0.6,2.6,,1.558e-03,0.0508
-5.00000000000e-04,-5,0.56,2.6,,1.560e-03,0.0508
-5.00000000000e-04,-5,0.6,2.6,,1.562e-03,0.0508
-5.00000000000e-04,-5,0.6,2.56,,1.563e-03,0.0508
-5.00000000000e-04,-5,0.6,2.6,,1.565e-03,0.0508
-5.00000000000e-04,-5,0.6,2.6,,1.566e-03,0.0508
-5.00000000000e-04,-5,0.64,2.6,,1.568e-03,0.0508
-5.00000000000e-04,-4.96,0.68,2.6,,1.570e-03,0.0508
-5.00000000000e-04,-5,0.68,2.6,,1.571e-03,0.0508
-5.00000000000e-04,-4.96,0.72,2.6,,1.573e-03,0.0508
-5.00000000000e-04,-5,0.76,2.6,,1.574e-03,0.0508
-5.00000000000e-04,-4.96,0.8,2.6,,1.576e-03,0.0508
-5.00000000000e-04,-4.96,0.84,2.6,,1.578e-03,0.0508
-5.00000000000e-04,-4.96,0.88,2.6,,1.579e-03,0.0508
-5.00000000000e-04,-5,0.96,2.6,,1.581e-03,0.0508
-5.00000000000e-04,-5,1.04,2.6,,1.582e-03,0.0508
-5.00000000000e-04,-4.96,1.12,2.6,,1.584e-03,0.0508
-5.00000000000e-04,-4.96,1.16,2.6,,1.586e-03,0.0508
-5.00000000000e-04,-4.96,1.24,2.6,,1.587e-03,0.0508
-5.00000000000e-04,-4.96,1.32,2.6,,1.589e-03,0.0508
-5.00000000000e-04,-4.96,1.36,2.6,,1.590e-03,0.0508
-5.00000000000e-04,-4.96,1.4,2.6,,1.592e-03,0.0508
-5.00000000000e-04,-4.96,1.4,2.56,,1.594e-03,0.0508
-5.00000000000e-04,-4.96,1.44,2.6,,1.595e-03,0.0508
-5.00000000000e-04,-4.96,1.44,2.6,,1.597e-03,0.05
-5.00000000000e-04,-4.96,1.4,2.6,,1.598e-03,0.0508
-5.00000000000e-04,-4.96,1.36,2.6,,1.600e-03,0.0508
-5.00000000000e-04,-5,1.32,2.6,,1.602e-03,0.0508
-5.00000000000e-04,-4.96,1.28,2.6,,1.603e-03,0.0508
-5.00000000000e-04,-5,1.24,2.6,,1.605e-03,0.0508
-5.00000000000e-04,-5,1.16,2.6,,1.606e-03,0.05
-5.00000000000e-04,-4.96,1.08,2.6,,1.608e-03,0.0508
-5.00000000000e-04,-4.96,1,2.6,,1.610e-03,0.05
-5.00000000000e-04,-5,0.96,2.6,,1.611e-03,0.0508
-5.00000000000e-04,-4.96,0.88,2.6,,1.613e-03,0.0508
-5.00000000000e-04,-4.96,0.8,2.6,,1.614e-03,0.0508
-5.00000000000e-04,-4.96,0.76,2.6,,1.616e-03,0.0508
-5.00000000000e-04,-4.96,0.68,2.6,,1.618e-03,0.05
-5.00000000000e-04,-4.96,0.64,2.6,,1.619e-03,0.0508
-5.00000000000e-04,-5,0.56,2.6,,1.621e-03,0.05
-5.00000000000e-04,-4.96,0.52,2.6,,1.622e-03,0.05
-5.00000000000e-04,-4.96,0.48,2.6,,1.624e-03,0.0508
-5.00000000000e-04,-5,0.44,2.6,,1.626e-03,0.05
-5.00000000000e-04,-5,0.4,2.6,,1.627e-03,0.05
-5.00000000000e-04,-4.96,0.36,2.6,,1.629e-03,0.05
-5.00000000000e-04,-4.96,0.32,2.6,,1.630e-03,0.05
-5.00000000000e-04,-4.96,0.28,2.6,,1.632e-03,0.0492
-5.00000000000e-04,-4.96,0.28,2.6,,1.634e-03,0.05
-5.00000000000e-04,-4.96,0.24,2.6,,1.635e-03,0.05
-5.00000000000e-04,-4.96,0.2,2.6,,1.637e-03,0.05
-5.00000000000e-04,-4.96,0.16,2.6,,1.638e-03,0.05
-5.00000000000e-04,-4.96,0.16,2.6,,1.640e-03,0.05
-5.00000000000e-04,-4.96,0.12,2.6,,1.642e-03,0.05
-5.00000000000e-04,-4.96,0.12,2.6,,1.643e-03,0.05
-5.00000000000e-04,-4.96,0.08,2.6,,1.645e-03,0.05
-5.00000000000e-04,-5,0.08,2.56,,1.646e-03,0.05
-5.00000000000e-04,-4.96,0.08,2.6,,1.648e-03,0.05
-5.00000000000e-04,-4.96,0.04,2.6,,1.650e-03,0.0492
-5.00000000000e-04,-4.96,0,2.6,,1.651e-03,0.05
-5.00000000000e-04,-5,0,2.56,,1.653e-03,0.0492
-5.00000000000e-04,-5,0,2.6,,1.654e-03,0.0492
-5.00000000000e-04,-4.96,0,2.6,,1.656e-03,0.0492
-5.00000000000e-04,-4.96,0,2.6,,1.658e-03,0.0492
-5.00000000000e-04,-4.96,-0.04,2.6,,1.659e-03,0.05
-5.00000000000e-04,-4.96,-0.04,2.6,,1.661e-03,0.05
-5.00000000000e-04,-4.96,-0.04,2.6,,1.662e-03,0.05
-5.00000000000e-04,-4.96,-0.04,2.6,,1.664e-03,0.0492
-5.00000000000e-04,-4.96,-0.08,2.56,,1.666e-03,0.0492
-5.00000000000e-04,-4.96,-0.08,2.6,,1.667e-03,0.0492
-5.00000000000e-04,-4.96,-0.04,2.6,,1.669e-03,0.05
-5.00000000000e-04,-4.96,-0.08,2.6,,1.670e-03,0.0492
-5.00000000000e-04,-4.96,-0.04,2.56,,1.672e-03,0.0492
-5.00000000000e-04,-4.96,-0.04,2.6,,1.674e-03,0.05
-5.00000000000e-04,-4.96,-0.04,2.6,,1.675e-03,0.0492
-5.00000000000e-04,-4.96,-0.04,2.6,,1.677e-03,0.0492
-5.00000000000e-04,-4.96,-0.04,2.6,,1.678e-03,0.0492
-5.00000000000e-04,-4.96,-0.04,2.6,,1.680e-03,0.0492
-5.00000000000e-04,-4.96,-0.04,2.6,,1.682e-03,0.0492
-5.00000000000e-04,-4.96,-0.04,2.6,,1.683e-03,0.0492
-5.00000000000e-04,-4.96,0,2.6,,1.685e-03,0.0492
-5.00000000000e-04,-4.96,0,2.6,,1.686e-03,0.0492
-5.00000000000e-04,-4.96,0.04,2.6,,1.688e-03,0.0492
-5.00000000000e-04,-4.92,0.04,2.6,,1.690e-03,0.0484
-5.00000000000e-04,-4.92,0.08,2.6,,1.691e-03,0.0492
-5.00000000000e-04,-4.92,0.12,2.6,,1.693e-03,0.0492
-5.00000000000e-04,-4.92,0.12,2.6,,1.694e-03,0.0492
-5.00000000000e-04,-4.92,0.16,2.6,,1.696e-03,0.0492
-5.00000000000e-04,-4.88,0.2,2.6,,1.698e-03,0.0492
-5.00000000000e-04,-4.92,0.28,2.6,,1.699e-03,0.0492
-5.00000000000e-04,-4.88,0.32,2.6,,1.701e-03,0.0492
-5.00000000000e-04,-4.88,0.4,2.6,,1.702e-03,0.0492
-5.00000000000e-04,-4.88,0.48,2.6,,1.704e-03,0.0484
-5.00000000000e-04,-4.88,0.52,2.6,,1.706e-03,0.0492
-5.00000000000e-04,-4.84,0.64,2.6,,1.707e-03,0.0492
-5.00000000000e-04,-4.84,0.72,2.56,,1.709e-03,0.0492
-5.00000000000e-04,-4.76,0.8,2.6,,1.710e-03,0.0492
-5.00000000000e-04,-4.72,0.92,2.6,,1.712e-03,0.0492
-5.00000000000e-04,-4.64,1,2.6,,1.714e-03,0.0484
-5.00000000000e-04,-4.52,1.08,2.6,,1.715e-03,0.0492
-5.00000000000e-04,-4.4,1.16,2.6,,1.717e-03,0.0492
-5.00000000000e-04,-4.24,1.24,2.56,,1.718e-03,0.0492
-5.00000000000e-04,-4.16,1.28,2.6,,1.720e-03,0.0492
-5.00000000000e-04,-4.16,1.32,2.6,,1.722e-03,0.0492
-5.00000000000e-04,-4.16,1.32,2.6,,1.723e-03,0.0492
-5.00000000000e-04,-4.24,1.32,2.6,,1.725e-03,0.0492
-5.00000000000e-04,-4.36,1.28,2.64,,1.726e-03,0.0484
-5.00000000000e-04,-4.48,1.24,2.6,,1.728e-03,0.0492
-5.00000000000e-04,-4.6,1.2,2.56,,1.730e-03,0.0492
-5.00000000000e-04,-4.68,1.12,2.56,,1.731e-03,0.0492
-5.00000000000e-04,-4.76,1.08,2.64,,1.733e-03,0.0484
-5.00000000000e-04,-4.8,0.96,2.6,,1.734e-03,0.0484
-5.00000000000e-04,-4.88,0.88,2.6,,1.736e-03,0.0484
-5.00000000000e-04,-4.92,0.8,2.6,,1.738e-03,0.0484
-5.00000000000e-04,-4.92,0.72,2.6,,1.739e-03,0.0484
-5.00000000000e-04,-4.92,0.6,2.64,,1.741e-03,0.0484
-5.00000000000e-04,-4.96,0.52,2.6,,1.742e-03,0.0484
-5.00000000000e-04,-4.96,0.44,2.6,,1.744e-03,0.0476
-5.00000000000e-04,-4.96,0.36,2.56,,1.746e-03,0.0484
-5.00000000000e-04,-4.96,0.28,2.6,,1.747e-03,0.0484
-5.00000000000e-04,-4.96,0.2,2.6,,1.749e-03,0.0484
-5.00000000000e-04,-4.96,0.12,2.6,,1.750e-03,0.0484
-5.00000000000e-04,-4.96,0.04,2.6,,1.752e-03,0.0484
-5.00000000000e-04,-5,0,2.6,,1.754e-03,0.0484
-5.00000000000e-04,-4.96,-0.04,2.64,,1.755e-03,0.0484
-5.00000000000e-04,-5,-0.12,2.6,,1.757e-03,0.0484
-5.00000000000e-04,-4.96,-0.16,2.64,,1.758e-03,0.0484
-5.00000000000e-04,-5,-0.24,2.6,,1.760e-03,0.0484
-5.00000000000e-04,-5,-0.28,2.6,,1.762e-03,0.0476
-5.00000000000e-04,-5,-0.32,2.6,,1.763e-03,0.0484
-5.00000000000e-04,-5,-0.36,2.6,,1.765e-03,0.0484
-5.00000000000e-04,-5,-0.4,2.64,,1.766e-03,0.0484
-5.00000000000e-04,-5,-0.44,2.6,,1.768e-03,0.0484
-5.00000000000e-04,-5,-0.48,2.6,,1.770e-03,0.0484
-5.00000000000e-04,-5,-0.52,2.6,,1.771e-03,0.0484
-5.00000000000e-04,-5,-0.56,2.6,,1.773e-03,0.0484
-5.00000000000e-04,-5,-0.6,2.64,,1.774e-03,0.0476
-5.00000000000e-04,-5,-0.6,2.6,,1.776e-03,0.0476
-5.00000000000e-04,-5,-0.64,2.6,,1.778e-03,0.0484
-5.00000000000e-04,-5,-0.64,2.6,,1.779e-03,0.0484
-5.00000000000e-04,-5,-0.68,2.6,,1.781e-03,0.0476
-5.00000000000e-04,-5,-0.72,2.6,,1.782e-03,0.0476
-5.00000000000e-04,-5,-0.72,2.64,,1.784e-03,0.0484
-5.00000000000e-04,-5,-0.76,2.64,,1.786e-03,0.0484
-5.00000000000e-04,-5,-0.8,2.64,,1.787e-03,0.0476
-5.00000000000e-04,-5,-0.8,2.6,,1.789e-03,0.0476
-5.00000000000e-04,-5,-0.84,2.6,,1.790e-03,0.0484
-5.00000000000e-04,-5,-0.84,2.64,,1.792e-03,0.0484
-5.00000000000e-04,-5,-0.88,2.6,,1.794e-03,0.0476
-5.00000000000e-04,-5,-0.88,2.64,,1.795e-03,0.0476
-5.00000000000e-04,-5,-0.92,2.6,,1.797e-03,0.0476
-5.00000000000e-04,-5,-0.96,2.64,,1.798e-03,0.0484
-5.00000000000e-04,-5,-0.96,2.6,,1.800e-03,0.0476
-5.00000000000e-04,-5,-1,2.64,,1.802e-03,0.0476
-5.00000000000e-04,-5,-1,2.64,,1.803e-03,0.0476
-5.00000000000e-04,-5,-1,2.64,,1.805e-03,0.0476
-5.00000000000e-04,-5,-1,2.64,,1.806e-03,0.0476
-5.00000000000e-04,-5,-1.04,2.64,,1.808e-03,0.0476
-5.00000000000e-04,-5,-1.04,2.6,,1.810e-03,0.0476
-5.00000000000e-04,-5,-1.08,2.64,,1.811e-03,0.0476
-5.00000000000e-04,-5,-1.08,2.6,,1.813e-03,0.0476
-5.00000000000e-04,-5,-1.08,2.64,,1.814e-03,0.0476
-5.00000000000e-04,-5,-1.08,2.6,,1.816e-03,0.0476
-5.00000000000e-04,-5,-1.12,2.64,,1.818e-03,0.0476
-5.00000000000e-04,-5,-1.12,2.64,,1.819e-03,0.0468
-5.00000000000e-04,-5,-1.16,2.64,,1.821e-03,0.0468
-5.00000000000e-04,-5,-1.16,2.6,,1.822e-03,0.0476
-5.00000000000e-04,-5,-1.16,2.6,,1.824e-03,0.0476
-5.00000000000e-04,-5,-1.16,2.6,,1.826e-03,0.0476
-5.00000000000e-04,-5,-1.2,2.64,,1.827e-03,0.0476
-5.00000000000e-04,-5,-1.2,2.64,,1.829e-03,0.0476
-5.00000000000e-04,-5,-1.2,2.64,,1.830e-03,0.0468
-5.00000000000e-04,-5,-1.2,2.64,,1.832e-03,0.0476
-5.00000000000e-04,-5,-1.24,2.64,,1.834e-03,0.0476
-5.00000000000e-04,-5,-1.24,2.6,,1.835e-03,0.0476
-5.00000000000e-04,-5,-1.24,2.6,,1.837e-03,0.0468
-5.00000000000e-04,-4.96,-1.24,2.64,,1.838e-03,0.0476
-5.00000000000e-04,-5,-1.24,2.64,,1.840e-03,0.0468
-5.00000000000e-04,-5,-1.28,2.64,,1.842e-03,0.0468
-5.00000000000e-04,-4.96,-1.28,2.64,,1.843e-03,0.0476
-5.00000000000e-04,-5,-1.28,2.64,,1.845e-03,0.0476
-5.00000000000e-04,-5,-1.28,2.64,,1.846e-03,0.0476
-5.00000000000e-04,-5,-1.28,2.64,,1.848e-03,0.0476
-5.00000000000e-04,-5,-1.32,2.64,,1.850e-03,0.0468
-5.00000000000e-04,-5,-1.32,2.64,,1.851e-03,0.0468
-5.00000000000e-04,-5,-1.32,2.64,,1.853e-03,0.0468
-5.00000000000e-04,-5,-1.32,2.64,,1.854e-03,0.0468
-5.00000000000e-04,-5,-1.32,2.64,,1.856e-03,0.0476
-5.00000000000e-04,-5,-1.36,2.64,,1.858e-03,0.0468
-5.00000000000e-04,-4.96,-1.36,2.64,,1.859e-03,0.0468
-5.00000000000e-04,-4.96,-1.36,2.64,,1.861e-03,0.0468
-5.00000000000e-04,-5,-1.36,2.64,,1.862e-03,0.0468
-5.00000000000e-04,-5,-1.36,2.64,,1.864e-03,0.0468
-5.00000000000e-04,-5,-1.36,2.64,,1.866e-03,0.0468
-5.00000000000e-04,-5,-1.4,2.64,,1.867e-03,0.0468
-5.00000000000e-04,-5,-1.36,2.64,,1.869e-03,0.0468
-5.00000000000e-04,-5,-1.4,2.64,,1.870e-03,0.0468
-5.00000000000e-04,-5,-1.4,2.64,,1.872e-03,0.0468
-5.00000000000e-04,-5,-1.4,2.64,,1.874e-03,0.0468
-5.00000000000e-04,-4.96,-1.4,2.64,,1.875e-03,0.0468
-5.00000000000e-04,-5,-1.4,2.64,,1.877e-03,0.0468
-5.00000000000e-04,-5,-1.4,2.64,,1.878e-03,0.0468
-5.00000000000e-04,-5,-1.4,2.64,,1.880e-03,0.0468
-5.00000000000e-04,-5,-1.4,2.64,,1.882e-03,0.0468
-5.00000000000e-04,-5,-1.4,2.64,,1.883e-03,0.0468
-5.00000000000e-04,-5,-1.4,2.64,,1.885e-03,0.0468
-5.00000000000e-04,-5,-1.4,2.64,,1.886e-03,0.0468
-5.00000000000e-04,-5,-1.4,2.64,,1.888e-03,0.0468
-5.00000000000e-04,-5,-1.4,2.64,,1.890e-03,0.0468
-5.00000000000e-04,-5,-1.44,2.64,,1.891e-03,0.0468
-5.00000000000e-04,-5,-1.44,2.64,,1.893e-03,0.046
-5.00000000000e-04,-5,-1.44,2.64,,1.894e-03,0.046
-5.00000000000e-04,-5,-1.44,2.64,,1.896e-03,0.0468
-5.00000000000e-04,-5,-1.44,2.64,,1.898e-03,0.046
-5.00000000000e-04,-5,-1.44,2.64,,1.899e-03,0.046
-5.00000000000e-04,-5,-1.44,2.64,,1.901e-03,0.046
-5.00000000000e-04,-5,-1.44,2.64,,1.902e-03,0.046
-5.00000000000e-04,-5,-1.44,2.64,,1.904e-03,0.046
-5.00000000000e-04,-5,-1.4,2.64,,1.906e-03,0.046
-5.00000000000e-04,-5,-1.4,2.64,,1.907e-03,0.046
-5.00000000000e-04,-5,-1.4,2.64,,1.909e-03,0.046
-5.00000000000e-04,-5,-1.4,2.64,,1.910e-03,0.046
-5.00000000000e-04,-5,-1.4,2.64,,1.912e-03,0.046
-5.00000000000e-04,-5,-1.4,2.64,,1.914e-03,0.046
-5.00000000000e-04,-5,-1.36,2.64,,1.915e-03,0.046
-5.00000000000e-04,-5,-1.36,2.6,,1.917e-03,0.046
-5.00000000000e-04,-5,-1.36,2.64,,1.918e-03,0.046
-5.00000000000e-04,-5,-1.32,2.64,,1.920e-03,0.046
-5.00000000000e-04,-5,-1.32,2.64,,1.922e-03,0.0452
-5.00000000000e-04,-5,-1.28,2.64,,1.923e-03,0.046
-5.00000000000e-04,-5,-1.24,2.64,,1.925e-03,0.0452
-5.00000000000e-04,-5,-1.2,2.64,,1.926e-03,0.046
-5.00000000000e-04,-5,-1.16,2.64,,1.928e-03,0.046
-5.00000000000e-04,-5,-1.12,2.6,,1.930e-03,0.046
-5.00000000000e-04,-5,-1.12,2.64,,1.931e-03,0.046
-5.00000000000e-04,-5,-1.12,2.64,,1.933e-03,0.0452
-5.00000000000e-04,-5,-1.08,2.64,,1.934e-03,0.0452
-5.00000000000e-04,-5,-1.08,2.64,,1.936e-03,0.046
-5.00000000000e-04,-5,-1.08,2.6,,1.938e-03,0.046
-5.00000000000e-04,-5,-1.12,2.64,,1.939e-03,0.0452
-5.00000000000e-04,-5,-1.12,2.6,,1.941e-03,0.0452
-5.00000000000e-04,-5,-1.12,2.64,,1.942e-03,0.0452
-5.00000000000e-04,-5,-1.16,2.64,,1.944e-03,0.0452
-5.00000000000e-04,-5,-1.2,2.64,,1.946e-03,0.046
-5.00000000000e-04,-5,-1.2,2.64,,1.947e-03,0.0452
-5.00000000000e-04,-5,-1.24,2.64,,1.949e-03,0.0452
-5.00000000000e-04,-5,-1.24,2.6,,1.950e-03,0.0452
-5.00000000000e-04,-5,-1.28,2.64,,1.952e-03,0.0452
-5.00000000000e-04,-5,-1.28,2.64,,1.954e-03,0.0452
-5.00000000000e-04,-5,-1.32,2.64,,1.955e-03,0.046
-5.00000000000e-04,-5,-1.32,2.64,,1.957e-03,0.0452
-5.00000000000e-04,-5,-1.32,2.64,,1.958e-03,0.0452
-5.00000000000e-04,-5,-1.32,2.6,,1.960e-03,0.0452
-5.00000000000e-04,-5,-1.4,2.64,,1.962e-03,0.046
-5.00000000000e-04,-5,-1.36,2.64,,1.963e-03,0.0452
-5.00000000000e-04,-5,-1.4,2.64,,1.965e-03,0.0452
-5.00000000000e-04,-5,-1.4,2.64,,1.966e-03,0.0452
-5.00000000000e-04,-5,-1.4,2.64,,1.968e-03,0.0452
-5.00000000000e-04,-5,-1.4,2.64,,1.970e-03,0.0452
-5.00000000000e-04,-5,-1.4,2.64,,1.971e-03,0.0452
-5.00000000000e-04,-4.96,-1.4,2.64,,1.973e-03,0.0452
-5.00000000000e-04,-5,-1.4,2.6,,1.974e-03,0.0444
-5.00000000000e-04,-5,-1.4,2.6,,1.976e-03,0.0452
-5.00000000000e-04,-5,-1.4,2.64,,1.978e-03,0.0444
-5.00000000000e-04,-5,-1.4,2.64,,1.979e-03,0.0444
-5.00000000000e-04,-5,-1.4,2.64,,1.981e-03,0.0452
-5.00000000000e-04,-4.96,-1.4,2.64,,1.982e-03,0.0452
-5.00000000000e-04,-5,-1.4,2.64,,1.984e-03,0.0444
-5.00000000000e-04,-5,-1.4,2.64,,1.986e-03,0.0444
-5.00000000000e-04,-4.96,-1.36,2.64,,1.987e-03,0.0444
-5.00000000000e-04,-5,-1.36,2.64,,1.989e-03,0.0444
-5.00000000000e-04,-5,-1.36,2.64,,1.990e-03,0.0444
-5.00000000000e-04,-5,-1.36,2.64,,1.992e-03,0.0444
-5.00000000000e-04,-5,-1.36,2.6,,1.994e-03,0.0444
-5.00000000000e-04,-4.96,-1.36,2.64,,1.995e-03,0.0444
-5.00000000000e-04,-5,-1.36,2.64,,1.997e-03,0.0444
-5.00000000000e-04,-5,-1.36,2.64,,1.998e-03,0.0444
-5.00000000000e-04,-5,-1.36,2.64,,2.000e-03,0.0444
-5.00000000000e-04,-5,-1.36,2.64,,2.002e-03,0.0444
-5.00000000000e-04,-5,-1.4,2.64,,2.003e-03,0.0436
-5.00000000000e-04,-5,-1.36,2.64,,2.005e-03,0.0444
-5.00000000000e-04,-5,-1.36,2.64,,2.006e-03,0.0444
-5.00000000000e-04,-5,-1.32,2.64,,2.008e-03,0.0444
-5.00000000000e-04,-5,-1.32,2.64,,2.010e-03,0.0436
-5.00000000000e-04,-5,-1.32,2.64,,2.011e-03,0.0444
-5.00000000000e-04,-5,-1.32,2.64,,2.013e-03,0.0444
-5.00000000000e-04,-5,-1.32,2.64,,2.014e-03,0.0436
-5.00000000000e-04,-5,-1.32,2.64,,2.016e-03,0.0436
-5.00000000000e-04,-5,-1.28,2.64,,2.018e-03,0.0444
-5.00000000000e-04,-5,-1.28,2.64,,2.019e-03,0.0436
-5.00000000000e-04,-5,-1.28,2.64,,2.021e-03,0.0436
-5.00000000000e-04,-5,-1.28,2.68,,2.022e-03,0.0444
-5.00000000000e-04,-5,-1.32,2.64,,2.024e-03,0.0436
-5.00000000000e-04,-5,-1.28,2.68,,2.026e-03,0.0436
-5.00000000000e-04,-5,-1.24,2.64,,2.027e-03,0.0436
-5.00000000000e-04,-5,-1.24,2.64,,2.029e-03,0.0428
-5.00000000000e-04,-5,-1.24,2.64,,2.030e-03,0.0436
-5.00000000000e-04,-5,-1.24,2.64,,2.032e-03,0.0428
-5.00000000000e-04,-5,-1.24,2.64,,2.034e-03,0.0436
-5.00000000000e-04,-5,-1.24,2.64,,2.035e-03,0.0436
-5.00000000000e-04,-5,-1.24,2.64,,2.037e-03,0.0436
-5.00000000000e-04,-4.96,-1.2,2.64,,2.038e-03,0.0436
-5.00000000000e-04,-5,-1.2,2.64,,2.040e-03,0.0436
-5.00000000000e-04,-5,-1.2,2.64,,2.042e-03,0.0436
-5.00000000000e-04,-5,-1.2,2.68,,2.043e-03,0.0428
-5.00000000000e-04,-5,-1.2,2.68,,2.045e-03,0.0436
-5.00000000000e-04,-5,-1.2,2.64,,2.046e-03,0.0428
-5.00000000000e-04,-5,-1.16,2.64,,2.048e-03,0.0428
-5.00000000000e-04,-5,-1.16,2.68,,2.050e-03,0.0436
-5.00000000000e-04,-5,-1.16,2.64,,2.051e-03,0.0428
-5.00000000000e-04,-5,-1.16,2.64,,2.053e-03,0.0428
-5.00000000000e-04,-5,-1.16,2.64,,2.054e-03,0.0428
-5.00000000000e-04,-5,-1.16,2.64,,2.056e-03,0.0428
-5.00000000000e-04,-5,-1.12,2.64,,2.058e-03,0.042
-5.00000000000e-04,-5,-1.12,2.64,,2.059e-03,0.0428
-5.00000000000e-04,-5,-1.12,2.64,,2.061e-03,0.0428
-5.00000000000e-04,-4.96,-1.12,2.64,,2.062e-03,0.0428
-5.00000000000e-04,-5,-1.08,2.68,,2.064e-03,0.042
-5.00000000000e-04,-5,-1.08,2.68,,2.066e-03,0.0428
-5.00000000000e-04,-5,-1.12,2.64,,2.067e-03,0.042
-5.00000000000e-04,-5,-1.08,2.64,,2.069e-03,0.042
-5.00000000000e-04,-5,-1.08,2.64,,2.070e-03,0.042
-5.00000000000e-04,-5,-1.04,2.68,,2.072e-03,0.042
-5.00000000000e-04,-5,-1.04,2.64,,2.074e-03,0.042
-5.00000000000e-04,-5,-1.04,2.64,,2.075e-03,0.042
-5.00000000000e-04,-5,-1.04,2.64,,2.077e-03,0.042
-5.00000000000e-04,-4.96,-1,2.68,,2.078e-03,0.042
-5.00000000000e-04,-5,-1,2.68,,2.080e-03,0.042
-5.00000000000e-04,-5,-1,2.68,,2.082e-03,0.042
-5.00000000000e-04,-5,-1,2.68,,2.083e-03,0.0412
-5.00000000000e-04,-5,-1,2.68,,2.085e-03,0.042
-5.00000000000e-04,-5,-0.96,2.64,,2.086e-03,0.0412
-5.00000000000e-04,-5,-0.96,2.68,,2.088e-03,0.0412
-5.00000000000e-04,-5,-0.96,2.64,,2.090e-03,0.0412
-5.00000000000e-04,-5,-0.96,2.68,,2.091e-03,0.0412
-5.00000000000e-04,-5,-0.96,2.68,,2.093e-03,0.0412
-5.00000000000e-04,-4.96,-0.92,2.64,,2.094e-03,0.0412
-5.00000000000e-04,-5,-0.92,2.64,,2.096e-03,0.0412
-5.00000000000e-04,-5,-0.88,2.64,,2.098e-03,0.0412
-5.00000000000e-04,-5,-0.88,2.68,,2.099e-03,0.0412
-5.00000000000e-04,-5,-0.84,2.64,,2.101e-03,0.0412
-5.00000000000e-04,-5,-0.84,2.64,,2.102e-03,0.0404
-5.00000000000e-04,-5,-0.84,2.68,,2.104e-03,0.0404
-5.00000000000e-04,-4.96,-0.84,2.68,,2.106e-03,0.0404
-5.00000000000e-04,-5,-0.84,2.64,,2.107e-03,0.0404
-5.00000000000e-04,-5,-0.8,2.68,,2.109e-03,0.0412
-5.00000000000e-04,-5,-0.8,2.64,,2.110e-03,0.0404
-5.00000000000e-04,-5,-0.8,2.64,,2.112e-03,0.0396
-5.00000000000e-04,-4.96,-0.76,2.68,,2.114e-03,0.0404
-5.00000000000e-04,-5,-0.76,2.68,,2.115e-03,0.0404
-5.00000000000e-04,-5,-0.76,2.68,,2.117e-03,0.0396
-5.00000000000e-04,-5,-0.76,2.64,,2.118e-03,0.0396
-5.00000000000e-04,-5,-0.72,2.68,,2.120e-03,0.0396
-5.00000000000e-04,-5,-0.72,2.68,,2.122e-03,0.0396
-5.00000000000e-04,-4.96,-0.72,2.68,,2.123e-03,0.0396
-5.00000000000e-04,-5,-0.68,2.68,,2.125e-03,0.0396
-5.00000000000e-04,-4.96,-0.68,2.68,,2.126e-03,0.0396
-5.00000000000e-04,-4.96,-0.68,2.68,,2.128e-03,0.0396
-5.00000000000e-04,-4.96,-0.64,2.64,,2.130e-03,0.0388
-5.00000000000e-04,-4.96,-0.64,2.68,,2.131e-03,0.0396
-5.00000000000e-04,-4.96,-0.64,2.64,,2.133e-03,0.0388
-5.00000000000e-04,-4.96,-0.64,2.68,,2.134e-03,0.0388
-5.00000000000e-04,-4.96,-0.6,2.68,,2.136e-03,0.0388
-5.00000000000e-04,-5,-0.6,2.68,,2.138e-03,0.0388
-5.00000000000e-04,-5,-0.6,2.68,,2.139e-03,0.038
-5.00000000000e-04,-4.96,-0.56,2.68,,2.141e-03,0.0388
-5.00000000000e-04,-5,-0.56,2.68,,2.142e-03,0.038
-5.00000000000e-04,-4.96,-0.56,2.68,,2.144e-03,0.038
-5.00000000000e-04,-5,-0.56,2.68,,2.146e-03,0.038
-5.00000000000e-04,-5,-0.56,2.68,,2.147e-03,0.038
-5.00000000000e-04,-5,-0.52,2.68,,2.149e-03,0.038
-5.00000000000e-04,-5,-0.52,2.68,,2.150e-03,0.0372
-5.00000000000e-04,-5,-0.48,2.68,,2.152e-03,0.0372
-5.00000000000e-04,-4.96,-0.48,2.68,,2.154e-03,0.0372
-5.00000000000e-04,-4.96,-0.48,2.68,,2.155e-03,0.0372
-5.00000000000e-04,-4.96,-0.44,2.68,,2.157e-03,0.0372
-5.00000000000e-04,-4.96,-0.44,2.68,,2.158e-03,0.0372
-5.00000000000e-04,-4.96,-0.44,2.68,,2.160e-03,0.0364
-5.00000000000e-04,-4.96,-0.44,2.68,,2.162e-03,0.0364
-5.00000000000e-04,-5,-0.4,2.68,,2.163e-03,0.0364
-5.00000000000e-04,-4.96,-0.4,2.68,,2.165e-03,0.0356
-5.00000000000e-04,-5,-0.36,2.68,,2.166e-03,0.0364
-5.00000000000e-04,-5,-0.4,2.68,,2.168e-03,0.0364
-5.00000000000e-04,-4.96,-0.4,2.68,,2.170e-03,0.0356
-5.00000000000e-04,-5,-0.36,2.68,,2.171e-03,0.0356
-5.00000000000e-04,-4.96,-0.32,2.68,,2.173e-03,0.0356
-5.00000000000e-04,-5,-0.32,2.68,,2.174e-03,0.0348
-5.00000000000e-04,-5,-0.32,2.68,,2.176e-03,0.0348
-5.00000000000e-04,-4.96,-0.28,2.68,,2.178e-03,0.0348
-5.00000000000e-04,-4.96,-0.28,2.68,,2.179e-03,0.0348
-5.00000000000e-04,-4.96,-0.28,2.68,,2.181e-03,0.0348
-5.00000000000e-04,-4.96,-0.28,2.68,,2.182e-03,0.0348
-5.00000000000e-04,-4.96,-0.24,2.68,,2.184e-03,0.034
-5.00000000000e-04,-4.96,-0.24,2.68,,2.186e-03,0.034
-5.00000000000e-04,-4.96,-0.24,2.68,,2.187e-03,0.034
-5.00000000000e-04,-5,-0.24,2.68,,2.189e-03,0.034
-5.00000000000e-04,-5,-0.2,2.68,,2.190e-03,0.0332
-5.00000000000e-04,-4.96,-0.2,2.68,,2.192e-03,0.0332
-5.00000000000e-04,-4.96,-0.2,2.68,,2.194e-03,0.0332
-5.00000000000e-04,-4.96,-0.16,2.68,,2.195e-03,0.0332
-5.00000000000e-04,-4.96,-0.16,2.68,,2.197e-03,0.0324
-5.00000000000e-04,-4.96,-0.12,2.64,,2.198e-03,0.0324
-5.00000000000e-04,-4.96,-0.12,2.68,,2.200e-03,0.0324
-5.00000000000e-04,-5,-0.12,2.68,,2.202e-03,0.0316
-5.00000000000e-04,-5,-0.08,2.68,,2.203e-03,0.0316
-5.00000000000e-04,-4.96,-0.08,2.68,,2.205e-03,0.0316
-5.00000000000e-04,-5,-0.08,2.68,,2.206e-03,0.0316
-5.00000000000e-04,-4.96,-0.08,2.68,,2.208e-03,0.0316
-5.00000000000e-04,-4.96,-0.04,2.68,,2.210e-03,0.0308
-5.00000000000e-04,-4.96,-0.04,2.68,,2.211e-03,0.0308
-5.00000000000e-04,-4.96,0,2.68,,2.213e-03,0.0308
-5.00000000000e-04,-4.96,0,2.68,,2.214e-03,0.03
-5.00000000000e-04,-4.96,0,2.68,,2.216e-03,0.03
-5.00000000000e-04,-4.96,0,2.68,,2.218e-03,0.03
-5.00000000000e-04,-5,0.04,2.68,,2.219e-03,0.03
-5.00000000000e-04,-5,0.04,2.68,,2.221e-03,0.0292
-5.00000000000e-04,-5,0.04,2.68,,2.222e-03,0.0292
-5.00000000000e-04,-4.96,0.08,2.68,,2.224e-03,0.0284
-5.00000000000e-04,-5,0.08,2.68,,2.226e-03,0.0284
-5.00000000000e-04,-4.96,0.12,2.68,,2.227e-03,0.0284
-5.00000000000e-04,-4.96,0.12,2.68,,2.229e-03,0.0284
-5.00000000000e-04,-5,0.12,2.68,,2.230e-03,0.0284
-5.00000000000e-04,-4.96,0.16,2.68,,2.232e-03,0.0276
-5.00000000000e-04,-4.96,0.16,2.68,,2.234e-03,0.0268
-5.00000000000e-04,-4.96,0.16,2.68,,2.235e-03,0.0276
-5.00000000000e-04,-4.96,0.2,2.68,,2.237e-03,0.0268
-5.00000000000e-04,-4.96,0.2,2.68,,2.238e-03,0.0268
-5.00000000000e-04,-4.96,0.2,2.68,,2.240e-03,0.026
-5.00000000000e-04,-5,0.2,2.68,,2.242e-03,0.026
-5.00000000000e-04,-4.96,0.24,2.68,,2.243e-03,0.0252
-5.00000000000e-04,-4.96,0.28,2.68,,2.245e-03,0.0252
-5.00000000000e-04,-4.96,0.28,2.64,,2.246e-03,0.0252
-5.00000000000e-04,-4.96,0.28,2.68,,2.248e-03,0.0252
-5.00000000000e-04,-4.96,0.32,2.68,,2.250e-03,0.0244
-5.00000000000e-04,-4.96,0.32,2.68,,2.251e-03,0.0244
-5.00000000000e-04,-4.96,0.36,2.68,,2.253e-03,0.0236
-5.00000000000e-04,-4.96,0.36,2.68,,2.254e-03,0.0236
-5.00000000000e-04,-4.96,0.36,2.68,,2.256e-03,0.0236
-5.00000000000e-04,-4.96,0.36,2.68,,2.258e-03,0.0228
-5.00000000000e-04,-4.96,0.4,2.68,,2.259e-03,0.022
-5.00000000000e-04,-4.96,0.4,2.68,,2.261e-03,0.022
-5.00000000000e-04,-5,0.44,2.68,,2.262e-03,0.022
-5.00000000000e-04,-4.96,0.44,2.64,,2.264e-03,0.0212
-5.00000000000e-04,-4.96,0.44,2.68,,2.266e-03,0.0212
-5.00000000000e-04,-5,0.48,2.68,,2.267e-03,0.0204
-5.00000000000e-04,-4.96,0.48,2.68,,2.269e-03,0.0204
-5.00000000000e-04,-4.96,0.52,2.68,,2.270e-03,0.0204
-5.00000000000e-04,-4.96,0.52,2.68,,2.272e-03,0.0196
-5.00000000000e-04,-4.96,0.52,2.68,,2.274e-03,0.0188
-5.00000000000e-04,-4.92,0.52,2.68,,2.275e-03,0.0188
-5.00000000000e-04,-4.96,0.52,2.68,,2.277e-03,0.018
-5.00000000000e-04,-4.96,0.56,2.68,,2.278e-03,0.018
-5.00000000000e-04,-4.96,0.6,2.68,,2.280e-03,0.018
-5.00000000000e-04,-4.96,0.6,2.68,,2.282e-03,0.0172
-5.00000000000e-04,-4.92,0.6,2.68,,2.283e-03,0.0172
-5.00000000000e-04,-4.96,0.64,2.68,,2.285e-03,0.0164
-5.00000000000e-04,-4.92,0.64,2.68,,2.286e-03,0.0164
-5.00000000000e-04,-4.92,0.68,2.68,,2.288e-03,0.0156
-5.00000000000e-04,-4.92,0.64,2.68,,2.290e-03,0.0156
-5.00000000000e-04,-4.92,0.68,2.72,,2.291e-03,0.0148
-5.00000000000e-04,-4.92,0.68,2.68,,2.293e-03,0.014
-5.00000000000e-04,-4.92,0.72,2.68,,2.294e-03,0.014
-5.00000000000e-04,-4.92,0.72,2.68,,2.296e-03,0.014
-5.00000000000e-04,-4.88,0.72,2.64,,2.298e-03,0.0132
-5.00000000000e-04,-4.84,0.76,2.68,,2.299e-03,0.0132
-5.00000000000e-04,-4.84,0.76,2.68,,2.301e-03,0.0124
-5.00000000000e-04,-4.8,0.8,2.68,,2.302e-03,0.0124
-5.00000000000e-04,-4.8,0.8,2.68,,2.304e-03,0.0124
-5.00000000000e-04,-4.76,0.8,2.68,,2.306e-03,0.0116
-5.00000000000e-04,-4.68,0.84,2.68,,2.307e-03,0.0108
-5.00000000000e-04,-4.6,0.84,2.68,,2.309e-03,0.0108
-5.00000000000e-04,-4.44,0.84,2.68,,2.310e-03,0.01
-5.00000000000e-04,-4.28,0.88,2.68,,2.312e-03,0.01
-5.00000000000e-04,-4,0.92,2.68,,2.314e-03,0.0092
-5.00000000000e-04,-3.72,0.92,2.68,,2.315e-03,0.0092
-5.00000000000e-04,-3.36,0.88,2.68,,2.317e-03,0.0084
-5.00000000000e-04,-3.24,0.92,2.72,,2.318e-03,0.0084
-5.00000000000e-04,-3.2,0.92,2.68,,2.320e-03,0.0076
-5.00000000000e-04,-3.28,0.96,2.68,,2.322e-03,0.0076
-5.00000000000e-04,-3.48,0.96,2.68,,2.323e-03,0.0068
-5.00000000000e-04,-3.76,0.96,2.68,,2.325e-03,0.006
-5.00000000000e-04,-4.04,1,2.72,,2.326e-03,0.006
-5.00000000000e-04,-4.24,1,2.68,,2.328e-03,0.0052
-5.00000000000e-04,-4.44,1.04,2.68,,2.330e-03,0.0044
-5.00000000000e-04,-4.6,1.04,2.68,,2.331e-03,0.0044
-5.00000000000e-04,-4.68,1.04,2.68,,2.333e-03,0.0036
-5.00000000000e-04,-4.76,1.04,2.68,,2.334e-03,0.0036
-5.00000000000e-04,-4.84,1.08,2.72,,2.336e-03,0.0028
-5.00000000000e-04,-4.88,1.08,2.68,,2.338e-03,0.002
-5.00000000000e-04,-4.88,1.08,2.68,,2.339e-03,0.0012
-5.00000000000e-04,-4.92,1.12,2.72,,2.341e-03,0.0012
-5.00000000000e-04,-4.92,1.12,2.72,,2.342e-03,0.0004
-5.00000000000e-04,-4.96,1.12,2.72,,2.344e-03,-0.0004
-5.00000000000e-04,-4.96,1.16,2.68,,2.346e-03,-0.0004
-5.00000000000e-04,-5,1.16,2.68,,2.347e-03,-0.0012
-5.00000000000e-04,-4.96,1.2,2.68,,2.349e-03,-0.002
-5.00000000000e-04,-4.96,1.2,2.68,,2.350e-03,-0.0028
-5.00000000000e-04,-4.96,1.2,2.72,,2.352e-03,-0.0036
-5.00000000000e-04,-4.96,1.24,2.72,,2.354e-03,-0.0036
-5.00000000000e-04,-4.96,1.24,2.68,,2.355e-03,-0.0044
-5.00000000000e-04,-4.96,1.28,2.72,,2.357e-03,-0.0052
-5.00000000000e-04,-5,1.28,2.68,,2.358e-03,-0.0052
-5.00000000000e-04,-5,1.28,2.72,,2.360e-03,-0.006
-5.00000000000e-04,-5,1.28,2.68,,2.362e-03,-0.0068
-5.00000000000e-04,-4.96,1.32,2.72,,2.363e-03,-0.0076
-5.00000000000e-04,-5,1.32,2.72,,2.365e-03,-0.0084
-5.00000000000e-04,-4.96,1.32,2.72,,2.366e-03,-0.0084
-5.00000000000e-04,-5,1.36,2.72,,2.368e-03,-0.0084
-5.00000000000e-04,-5,1.36,2.68,,2.370e-03,-0.01
-5.00000000000e-04,-5,1.4,2.72,,2.371e-03,-0.01
-5.00000000000e-04,-5,1.4,2.72,,2.373e-03,-0.01
-5.00000000000e-04,-5,1.4,2.72,,2.374e-03,-0.0108
-5.00000000000e-04,-5,1.44,2.72,,2.376e-03,-0.0116
-5.00000000000e-04,-5,1.44,2.68,,2.378e-03,-0.0124
-5.00000000000e-04,-5,1.44,2.68,,2.379e-03,-0.0132
-5.00000000000e-04,-5,1.48,2.68,,2.381e-03,-0.0132
-5.00000000000e-04,-5,1.48,2.72,,2.382e-03,-0.014
-5.00000000000e-04,-5,1.48,2.72,,2.384e-03,-0.014
-5.00000000000e-04,-5,1.52,2.72,,2.386e-03,-0.0156
-5.00000000000e-04,-5,1.52,2.72,,2.387e-03,-0.0156
-5.00000000000e-04,-4.96,1.52,2.72,,2.389e-03,-0.0164
-5.00000000000e-04,-5,1.52,2.72,,2.390e-03,-0.0164
-5.00000000000e-04,-5,1.56,2.72,,2.392e-03,-0.0172
-5.00000000000e-04,-4.96,1.56,2.68,,2.394e-03,-0.0172
-5.00000000000e-04,-5,1.6,2.72,,2.395e-03,-0.0188
-5.00000000000e-04,-5,1.6,2.72,,2.397e-03,-0.0188
-5.00000000000e-04,-5,1.6,2.72,,2.398e-03,-0.0196
-5.00000000000e-04,-5,1.64,2.72,,2.400e-03,-0.0196
-5.00000000000e-04,-5,1.64,2.72,,2.402e-03,-0.0204
-5.00000000000e-04,-4.96,1.64,2.72,,2.403e-03,-0.0204
-5.00000000000e-04,-4.96,1.64,2.72,,2.405e-03,-0.0212
-5.00000000000e-04,-5,1.64,2.72,,2.406e-03,-0.022
-5.00000000000e-04,-5,1.68,2.72,,2.408e-03,-0.0228
-5.00000000000e-04,-5,1.72,2.72,,2.410e-03,-0.0228
-5.00000000000e-04,-5,1.72,2.72,,2.411e-03,-0.0236
-5.00000000000e-04,-5,1.72,2.72,,2.413e-03,-0.0252
-5.00000000000e-04,-5,1.76,2.72,,2.414e-03,-0.0252
-5.00000000000e-04,-5,1.76,2.72,,2.416e-03,-0.026
-5.00000000000e-04,-5,1.76,2.72,,2.418e-03,-0.0268
-5.00000000000e-04,-5,1.8,2.72,,2.419e-03,-0.0268
-5.00000000000e-04,-5,1.8,2.72,,2.421e-03,-0.0284
-5.00000000000e-04,-5,1.84,2.72,,2.422e-03,-0.0284
-5.00000000000e-04,-5,1.84,2.72,,2.424e-03,-0.0292
-5.00000000000e-04,-4.96,1.8,2.72,,2.426e-03,-0.0292
-5.00000000000e-04,-5,1.84,2.72,,2.427e-03,-0.03
-5.00000000000e-04,-5,1.88,2.72,,2.429e-03,-0.0308
-5.00000000000e-04,-5,1.92,2.72,,2.430e-03,-0.0324
-5.00000000000e-04,-4.96,1.88,2.72,,2.432e-03,-0.0324
-5.00000000000e-04,-5,1.92,2.72,,2.434e-03,-0.0332
-5.00000000000e-04,-5,1.92,2.72,,2.435e-03,-0.0332
-5.00000000000e-04,-5,1.96,2.72,,2.437e-03,-0.034
-5.00000000000e-04,-5,1.96,2.72,,2.438e-03,-0.0348
-5.00000000000e-04,-5,1.96,2.72,,2.440e-03,-0.0356
-5.00000000000e-04,-5,1.96,2.72,,2.442e-03,-0.0364
-5.00000000000e-04,-4.96,2,2.72,,2.443e-03,-0.038
-5.00000000000e-04,-5,2,2.72,,2.445e-03,-0.038
-5.00000000000e-04,-4.96,2,2.72,,2.446e-03,-0.0396
-5.00000000000e-04,-4.96,2.04,2.72,,2.448e-03,-0.0404
-5.00000000000e-04,-5,2.04,2.72,,2.450e-03,-0.0404
-5.00000000000e-04,-4.96,2.04,2.72,,2.451e-03,-0.0412
-5.00000000000e-04,-5,2.08,2.72,,2.453e-03,-0.042
-5.00000000000e-04,-5,2.08,2.72,,2.454e-03,-0.0428
-5.00000000000e-04,-5,2.08,2.72,,2.456e-03,-0.0436
-5.00000000000e-04,-5,2.12,2.72,,2.458e-03,-0.0444
-5.00000000000e-04,-5,2.12,2.72,,2.459e-03,-0.0444
-5.00000000000e-04,-5,2.12,2.72,,2.461e-03,-0.0444
-5.00000000000e-04,-4.96,2.16,2.72,,2.462e-03,-0.0452
-5.00000000000e-04,-4.96,2.16,2.72,,2.464e-03,-0.046
-5.00000000000e-04,-4.96,2.12,2.72,,2.466e-03,-0.0468
-5.00000000000e-04,-5,2.16,2.72,,2.467e-03,-0.0468
-5.00000000000e-04,-5,2.2,2.72,,2.469e-03,-0.0476
-5.00000000000e-04,-5,2.2,2.72,,2.470e-03,-0.0484
-5.00000000000e-04,-5,2.16,2.72,,2.472e-03,-0.0492
-5.00000000000e-04,-5,2.2,2.72,,2.474e-03,-0.0492
-5.00000000000e-04,-5,2.2,2.72,,2.475e-03,-0.05
-5.00000000000e-04,-5,2.24,2.72,,2.477e-03,-0.0508
-5.00000000000e-04,-5,2.24,2.72,,2.478e-03,-0.0516
-5.00000000000e-04,-5,2.24,2.72,,2.480e-03,-0.0516
-5.00000000000e-04,-5,2.28,2.72,,2.482e-03,-0.0516
-5.00000000000e-04,-5,2.28,2.72,,2.483e-03,-0.0524
-5.00000000000e-04,-5,2.28,2.72,,2.485e-03,-0.054
-5.00000000000e-04,-5,2.32,2.72,,2.486e-03,-0.054
-5.00000000000e-04,-5,2.32,2.72,,2.488e-03,-0.0548
-5.00000000000e-04,-5,2.32,2.72,,2.490e-03,-0.0548
-5.00000000000e-04,-5,2.32,2.72,,2.491e-03,-0.0556
-5.00000000000e-04,-5,2.36,2.72,,2.493e-03,-0.0564
-5.00000000000e-04,-5,2.36,2.72,,2.494e-03,-0.0564
-5.00000000000e-04,-5,2.36,2.72,,2.496e-03,-0.0572
-5.00000000000e-04,-5,2.4,2.72,,2.498e-03,-0.0572
-5.00000000000e-04,-5,2.4,2.72,,2.499e-03,-0.0588
-5.00000000000e-04,-5,2.36,2.72,,2.501e-03,-0.0588
-5.00000000000e-04,-5,2.4,2.72,,2.502e-03,-0.0596
-5.00000000000e-04,-5,2.4,2.72,,2.504e-03,-0.0604
-5.00000000000e-04,-5,2.44,2.68,,2.506e-03,-0.0604
-5.00000000000e-04,-5,2.44,2.72,,2.507e-03,-0.0612
-5.00000000000e-04,-5,2.44,2.72,,2.509e-03,-0.062
-5.00000000000e-04,-5,2.44,2.68,,2.510e-03,-0.062
-5.00000000000e-04,-5,2.48,2.72,,2.512e-03,-0.0628
-5.00000000000e-04,-5,2.48,2.72,,2.514e-03,-0.0636
-5.00000000000e-04,-5,2.48,2.72,,2.515e-03,-0.0644
-5.00000000000e-04,-5,2.48,2.72,,2.517e-03,-0.0652
-5.00000000000e-04,-5,2.48,2.72,,2.518e-03,-0.066
-5.00000000000e-04,-5,2.52,2.72,,2.520e-03,-0.066
-5.00000000000e-04,-5,2.52,2.72,,2.522e-03,-0.0668
-5.00000000000e-04,-5,2.52,2.72,,2.523e-03,-0.0676
-5.00000000000e-04,-5,2.56,2.72,,2.525e-03,-0.0684
-5.00000000000e-04,-5,2.52,2.72,,2.526e-03,-0.0692
-5.00000000000e-04,-5,2.56,2.72,,2.528e-03,-0.0692
-5.00000000000e-04,-5,2.56,2.72,,2.530e-03,-0.07
-5.00000000000e-04,-5,2.56,2.72,,2.531e-03,-0.0708
-5.00000000000e-04,-5,2.56,2.72,,2.533e-03,-0.0716
-5.00000000000e-04,-4.96,2.6,2.72,,2.534e-03,-0.0716
-5.00000000000e-04,-5,2.6,2.72,,2.536e-03,-0.0724
-5.00000000000e-04,-5,2.6,2.72,,2.538e-03,-0.0732
-5.00000000000e-04,-5,2.6,2.72,,2.539e-03,-0.0732
-5.00000000000e-04,-5,2.64,2.72,,2.541e-03,-0.0732
-5.00000000000e-04,-5,2.64,2.72,,2.542e-03,-0.074
-5.00000000000e-04,-5,2.64,2.68,,2.544e-03,-0.0748
-5.00000000000e-04,-5,2.64,2.72,,2.546e-03,-0.0748
-5.00000000000e-04,-5,2.64,2.72,,2.547e-03,-0.0756
-5.00000000000e-04,-4.96,2.68,2.72,,2.549e-03,-0.0764
-5.00000000000e-04,-5,2.68,2.72,,2.550e-03,-0.0764
-5.00000000000e-04,-5,2.68,2.68,,2.552e-03,-0.0764
-5.00000000000e-04,-5,2.68,2.72,,2.554e-03,-0.0764
-5.00000000000e-04,-5,2.72,2.72,,2.555e-03,-0.0772
-5.00000000000e-04,-5,2.68,2.68,,2.557e-03,-0.078
-5.00000000000e-04,-5,2.72,2.72,,2.558e-03,-0.0772
-5.00000000000e-04,-5,2.72,2.72,,2.560e-03,-0.078
-5.00000000000e-04,-5,2.72,2.72,,2.562e-03,-0.078
-5.00000000000e-04,-4.96,2.76,2.72,,2.563e-03,-0.0788
-5.00000000000e-04,-5,2.76,2.72,,2.565e-03,-0.0788
-5.00000000000e-04,-5,2.76,2.72,,2.566e-03,-0.0796
-5.00000000000e-04,-5,2.76,2.72,,2.568e-03,-0.0796
-5.00000000000e-04,-5,2.76,2.72,,2.570e-03,-0.0796
-5.00000000000e-04,-5,2.76,2.72,,2.571e-03,-0.0804
-5.00000000000e-04,-4.96,2.76,2.72,,2.573e-03,-0.0804
-5.00000000000e-04,-5,2.8,2.72,,2.574e-03,-0.0812
-5.00000000000e-04,-5,2.8,2.72,,2.576e-03,-0.0812
-5.00000000000e-04,-4.96,2.8,2.72,,2.578e-03,-0.0812
-5.00000000000e-04,-5,2.8,2.76,,2.579e-03,-0.0812
-5.00000000000e-04,-4.96,2.8,2.72,,2.581e-03,-0.082
-5.00000000000e-04,-5,2.8,2.72,,2.582e-03,-0.0828
-5.00000000000e-04,-4.96,2.84,2.72,,2.584e-03,-0.0828
-5.00000000000e-04,-5,2.84,2.72,,2.586e-03,-0.0836
-5.00000000000e-04,-5,2.8,2.72,,2.587e-03,-0.0844
-5.00000000000e-04,-5,2.84,2.72,,2.589e-03,-0.0836
-5.00000000000e-04,-5,2.84,2.72,,2.590e-03,-0.0844
-5.00000000000e-04,-5,2.88,2.72,,2.592e-03,-0.0844
-5.00000000000e-04,-4.96,2.88,2.72,,2.594e-03,-0.0852
-5.00000000000e-04,-5,2.88,2.72,,2.595e-03,-0.0852
-5.00000000000e-04,-4.96,2.88,2.72,,2.597e-03,-0.086
-5.00000000000e-04,-5,2.88,2.72,,2.598e-03,-0.086
-5.00000000000e-04,-5,2.88,2.72,,2.600e-03,-0.0868
-5.00000000000e-04,-5,2.88,2.72,,2.602e-03,-0.0868
-5.00000000000e-04,-5,2.88,2.72,,2.603e-03,-0.0868
-5.00000000000e-04,-5,2.92,2.72,,2.605e-03,-0.0876
-5.00000000000e-04,-5,2.92,2.72,,2.606e-03,-0.0876
-5.00000000000e-04,-4.96,2.88,2.72,,2.608e-03,-0.0876
-5.00000000000e-04,-4.96,2.92,2.72,,2.610e-03,-0.0876
-5.00000000000e-04,-4.96,2.92,2.72,,2.611e-03,-0.0876
-5.00000000000e-04,-5,2.92,2.72,,2.613e-03,-0.0884
-5.00000000000e-04,-5,2.96,2.72,,2.614e-03,-0.0884
-5.00000000000e-04,-5,2.96,2.72,,2.616e-03,-0.0884
-5.00000000000e-04,-5,2.96,2.72,,2.618e-03,-0.0884
-5.00000000000e-04,-5,2.96,2.72,,2.619e-03,-0.0884
-5.00000000000e-04,-5,2.96,2.72,,2.621e-03,-0.0884
-5.00000000000e-04,-5,2.96,2.72,,2.622e-03,-0.0884
-5.00000000000e-04,-5,2.96,2.72,,2.624e-03,-0.0892
-5.00000000000e-04,-5,2.96,2.72,,2.626e-03,-0.0884
-5.00000000000e-04,-5,3,2.72,,2.627e-03,-0.0884
-5.00000000000e-04,-5,3,2.76,,2.629e-03,-0.0892
-5.00000000000e-04,-5,3,2.76,,2.630e-03,-0.0892
-5.00000000000e-04,-5,3,2.76,,2.632e-03,-0.0892
-5.00000000000e-04,-5,3,2.72,,2.634e-03,-0.0892
-5.00000000000e-04,-5,3,2.72,,2.635e-03,-0.0892
-5.00000000000e-04,-5,3,2.72,,2.637e-03,-0.0892
-5.00000000000e-04,-5,3,2.72,,2.638e-03,-0.0892
-5.00000000000e-04,-5,3,2.72,,2.640e-03,-0.0892
-5.00000000000e-04,-5,3.04,2.72,,2.642e-03,-0.0892
-5.00000000000e-04,-5,3,2.72,,2.643e-03,-0.0892
-5.00000000000e-04,-5,3.04,2.76,,2.645e-03,-0.0892
-5.00000000000e-04,-4.96,3.04,2.76,,2.646e-03,-0.0892
-5.00000000000e-04,-5,3.04,2.76,,2.648e-03,-0.0892
-5.00000000000e-04,-5,3,2.72,,2.650e-03,-0.0892
-5.00000000000e-04,-5,3.04,2.72,,2.651e-03,-0.0892
-5.00000000000e-04,-4.96,3.04,2.72,,2.653e-03,-0.0884
-5.00000000000e-04,-5,3.04,2.72,,2.654e-03,-0.0884
-5.00000000000e-04,-5,3.04,2.76,,2.656e-03,-0.0884
-5.00000000000e-04,-5,3.04,2.76,,2.658e-03,-0.0884
-5.00000000000e-04,-4.96,3.04,2.72,,2.659e-03,-0.0876
-5.00000000000e-04,-5,3.04,2.72,,2.661e-03,-0.0876
-5.00000000000e-04,-5,3.04,2.72,,2.662e-03,-0.0868
-5.00000000000e-04,-5,3.04,2.72,,2.664e-03,-0.0868
-5.00000000000e-04,-4.96,3.08,2.76,,2.666e-03,-0.0868
-5.00000000000e-04,-4.96,3.08,2.72,,2.667e-03,-0.0868
-5.00000000000e-04,-4.96,3.08,2.76,,2.669e-03,-0.0868
-5.00000000000e-04,-5,3.08,2.72,,2.670e-03,-0.0868
-5.00000000000e-04,-5,3.08,2.76,,2.672e-03,-0.0868
-5.00000000000e-04,-5,3.08,2.76,,2.674e-03,-0.0868
-5.00000000000e-04,-5,3.08,2.76,,2.675e-03,-0.0876
-5.00000000000e-04,-5,3.08,2.76,,2.677e-03,-0.0868
-5.00000000000e-04,-5,3.08,2.72,,2.678e-03,-0.086
-5.00000000000e-04,-5,3.08,2.76,,2.680e-03,-0.086
-5.00000000000e-04,-5,3.08,2.76,,2.682e-03,-0.086
-5.00000000000e-04,-5,3.08,2.76,,2.683e-03,-0.086
-5.00000000000e-04,-5,3.08,2.76,,2.685e-03,-0.0852
-5.00000000000e-04,-5,3.08,2.76,,2.686e-03,-0.0852
-5.00000000000e-04,-5,3.08,2.76,,2.688e-03,-0.0844
-5.00000000000e-04,-5,3.08,2.76,,2.690e-03,-0.0844
-5.00000000000e-04,-5,3.08,2.76,,2.691e-03,-0.0836
-5.00000000000e-04,-5,3.08,2.76,,2.693e-03,-0.0828
-5.00000000000e-04,-4.96,3.08,2.76,,2.694e-03,-0.0828
-5.00000000000e-04,-4.96,3.12,2.76,,2.696e-03,-0.0828
-5.00000000000e-04,-4.96,3.08,2.76,,2.698e-03,-0.0828
-5.00000000000e-04,-5,3.08,2.76,,2.699e-03,-0.0828
-5.00000000000e-04,-4.96,3.12,2.76,,2.701e-03,-0.0828
-5.00000000000e-04,-5,3.12,2.76,,2.702e-03,-0.0828
-5.00000000000e-04,-4.96,3.08,2.76,,2.704e-03,-0.0828
-5.00000000000e-04,-5,3.12,2.76,,2.706e-03,-0.0828
-5.00000000000e-04,-5,3.08,2.76,,2.707e-03,-0.0828
-5.00000000000e-04,-5,3.12,2.76,,2.709e-03,-0.0828
-5.00000000000e-04,-5,3.12,2.72,,2.710e-03,-0.0836
-5.00000000000e-04,-5,3.12,2.72,,2.712e-03,-0.0828
-5.00000000000e-04,-4.96,3.12,2.76,,2.714e-03,-0.0828
-5.00000000000e-04,-5,3.12,2.76,,2.715e-03,-0.0828
-5.00000000000e-04,-5,3.12,2.76,,2.717e-03,-0.0828
-5.00000000000e-04,-4.96,3.12,2.76,,2.718e-03,-0.082
-5.00000000000e-04,-5,3.12,2.76,,2.720e-03,-0.082
-5.00000000000e-04,-5,3.08,2.76,,2.722e-03,-0.082
-5.00000000000e-04,-5,3.12,2.76,,2.723e-03,-0.0812
-5.00000000000e-04,-5,3.08,2.76,,2.725e-03,-0.0812
-5.00000000000e-04,-5,3.08,2.76,,2.726e-03,-0.0812
-5.00000000000e-04,-5,3.08,2.76,,2.728e-03,-0.0804
-5.00000000000e-04,-5,3.08,2.76,,2.730e-03,-0.0812
-5.00000000000e-04,-5,3.08,2.76,,2.731e-03,-0.0796
-5.00000000000e-04,-5,3.12,2.76,,2.733e-03,-0.0796
-5.00000000000e-04,-4.96,3.08,2.72,,2.734e-03,-0.0796
-5.00000000000e-04,-4.96,3.08,2.76,,2.736e-03,-0.0788
-5.00000000000e-04,-5,3.08,2.76,,2.738e-03,-0.078
-5.00000000000e-04,-5,3.08,2.76,,2.739e-03,-0.0772
-5.00000000000e-04,-5,3.08,2.76,,2.741e-03,-0.0772
-5.00000000000e-04,-5,3.08,2.76,,2.742e-03,-0.0764
-5.00000000000e-04,-5,3.08,2.76,,2.744e-03,-0.0764
-5.00000000000e-04,-5,3.08,2.76,,2.746e-03,-0.0756
-5.00000000000e-04,-5,3.04,2.76,,2.747e-03,-0.0748
-5.00000000000e-04,-4.96,3.08,2.76,,2.749e-03,-0.0748
-5.00000000000e-04,-4.96,3.08,2.76,,2.750e-03,-0.074
-5.00000000000e-04,-4.96,3.08,2.76,,2.752e-03,-0.074
-5.00000000000e-04,-4.96,3.08,2.76,,2.754e-03,-0.0732
-5.00000000000e-04,-5,3.04,2.72,,2.755e-03,-0.0724
-5.00000000000e-04,-4.96,3.08,2.76,,2.757e-03,-0.0724
-5.00000000000e-04,-5,3.08,2.76,,2.758e-03,-0.0716
-5.00000000000e-04,-5,3.08,2.76,,2.760e-03,-0.0708
-5.00000000000e-04,-5,3.08,2.76,,2.762e-03,-0.0708
-5.00000000000e-04,-4.96,3.08,2.76,,2.763e-03,-0.07
-5.00000000000e-04,-5,3.04,2.76,,2.765e-03,-0.0692
-5.00000000000e-04,-4.96,3.04,2.76,,2.766e-03,-0.07
-5.00000000000e-04,-5,3.04,2.76,,2.768e-03,-0.0692
-5.00000000000e-04,-5,3.04,2.76,,2.770e-03,-0.0692
-5.00000000000e-04,-5,3.04,2.76,,2.771e-03,-0.0692
-5.00000000000e-04,-5,3.04,2.72,,2.773e-03,-0.0692
-5.00000000000e-04,-4.96,3.04,2.76,,2.774e-03,-0.0684
-5.00000000000e-04,-5,3.04,2.76,,2.776e-03,-0.0676
-5.00000000000e-04,-5,3,2.76,,2.778e-03,-0.0676
-5.00000000000e-04,-4.96,3.04,2.76,,2.779e-03,-0.0676
-5.00000000000e-04,-4.96,3,2.76,,2.781e-03,-0.0668
-5.00000000000e-04,-5,3,2.76,,2.782e-03,-0.0668
-5.00000000000e-04,-5,3,2.76,,2.784e-03,-0.066
-5.00000000000e-04,-4.96,3,2.76,,2.786e-03,-0.066
-5.00000000000e-04,-5,3,2.76,,2.787e-03,-0.0652
-5.00000000000e-04,-5,3,2.76,,2.789e-03,-0.0652
-5.00000000000e-04,-5,3,2.76,,2.790e-03,-0.0652
-5.00000000000e-04,-4.96,3,2.76,,2.792e-03,-0.0644
-5.00000000000e-04,-4.96,3,2.76,,2.794e-03,-0.0644
-5.00000000000e-04,-4.96,3,2.76,,2.795e-03,-0.0636
-5.00000000000e-04,-4.96,2.96,2.76,,2.797e-03,-0.0628
-5.00000000000e-04,-5,3,2.76,,2.798e-03,-0.0628
-5.00000000000e-04,-4.96,2.96,2.76,,2.800e-03,-0.062
-5.00000000000e-04,-4.96,2.96,2.76,,2.802e-03,-0.0612
-5.00000000000e-04,-4.96,2.96,2.76,,2.803e-03,-0.0604
-5.00000000000e-04,-4.96,2.96,2.76,,2.805e-03,-0.0596
-5.00000000000e-04,-4.96,2.96,2.76,,2.806e-03,-0.0596
-5.00000000000e-04,-5,2.96,2.76,,2.808e-03,-0.058
-5.00000000000e-04,-4.96,2.92,2.72,,2.810e-03,-0.058
-5.00000000000e-04,-4.96,2.92,2.76,,2.811e-03,-0.0572
-5.00000000000e-04,-5,2.92,2.76,,2.813e-03,-0.0572
-5.00000000000e-04,-4.96,2.92,2.72,,2.814e-03,-0.0564
-5.00000000000e-04,-4.96,2.92,2.76,,2.816e-03,-0.0556
-5.00000000000e-04,-4.96,2.92,2.76,,2.818e-03,-0.0548
-5.00000000000e-04,-4.96,2.92,2.76,,2.819e-03,-0.0548
-5.00000000000e-04,-4.96,2.92,2.76,,2.821e-03,-0.054
-5.00000000000e-04,-4.96,2.88,2.76,,2.822e-03,-0.0532
-5.00000000000e-04,-4.96,2.88,2.76,,2.824e-03,-0.0524
-5.00000000000e-04,-5,2.88,2.76,,2.826e-03,-0.0516
-5.00000000000e-04,-5,2.88,2.76,,2.827e-03,-0.0508
-5.00000000000e-04,-5,2.88,2.76,,2.829e-03,-0.0508
-5.00000000000e-04,-4.96,2.88,2.76,,2.830e-03,-0.05
-5.00000000000e-04,-4.96,2.88,2.76,,2.832e-03,-0.0492
-5.00000000000e-04,-5,2.84,2.76,,2.834e-03,-0.0492
-5.00000000000e-04,-4.96,2.88,2.76,,2.835e-03,-0.0484
-5.00000000000e-04,-4.96,2.84,2.76,,2.837e-03,-0.0484
-5.00000000000e-04,-4.96,2.84,2.76,,2.838e-03,-0.0476
-5.00000000000e-04,-4.96,2.84,2.76,,2.840e-03,-0.0468
-5.00000000000e-04,-4.96,2.84,2.76,,2.842e-03,-0.046
-5.00000000000e-04,-4.96,2.8,2.76,,2.843e-03,-0.046
-5.00000000000e-04,-4.96,2.8,2.76,,2.845e-03,-0.0452
-5.00000000000e-04,-4.96,2.8,2.76,,2.846e-03,-0.0452
-5.00000000000e-04,-4.96,2.8,2.76,,2.848e-03,-0.0444
-5.00000000000e-04,-4.96,2.76,2.76,,2.850e-03,-0.0444
-5.00000000000e-04,-4.96,2.8,2.76,,2.851e-03,-0.0436
-5.00000000000e-04,-4.96,2.76,2.76,,2.853e-03,-0.0428
-5.00000000000e-04,-4.96,2.76,2.76,,2.854e-03,-0.0428
-5.00000000000e-04,-4.96,2.76,2.76,,2.856e-03,-0.042
-5.00000000000e-04,-4.96,2.76,2.76,,2.858e-03,-0.0412
-5.00000000000e-04,-4.96,2.72,2.76,,2.859e-03,-0.0404
-5.00000000000e-04,-4.96,2.72,2.76,,2.861e-03,-0.0404
-5.00000000000e-04,-4.96,2.72,2.76,,2.862e-03,-0.0388
-5.00000000000e-04,-4.96,2.72,2.76,,2.864e-03,-0.0396
-5.00000000000e-04,-4.96,2.72,2.76,,2.866e-03,-0.038
-5.00000000000e-04,-4.96,2.72,2.76,,2.867e-03,-0.038
-5.00000000000e-04,-4.96,2.68,2.76,,2.869e-03,-0.0372
-5.00000000000e-04,-4.96,2.68,2.76,,2.870e-03,-0.0372
-5.00000000000e-04,-4.96,2.68,2.76,,2.872e-03,-0.0364
-5.00000000000e-04,-4.92,2.68,2.76,,2.874e-03,-0.0356
-5.00000000000e-04,-4.96,2.64,2.76,,2.875e-03,-0.0348
-5.00000000000e-04,-4.92,2.64,2.76,,2.877e-03,-0.0348
-5.00000000000e-04,-4.92,2.64,2.76,,2.878e-03,-0.034
-5.00000000000e-04,-4.92,2.64,2.76,,2.880e-03,-0.0332
-5.00000000000e-04,-4.92,2.6,2.76,,2.882e-03,-0.0332
-5.00000000000e-04,-4.92,2.6,2.76,,2.883e-03,-0.0324
-5.00000000000e-04,-4.92,2.6,2.76,,2.885e-03,-0.0316
-5.00000000000e-04,-4.92,2.6,2.76,,2.886e-03,-0.0308
-5.00000000000e-04,-4.92,2.56,2.76,,2.888e-03,-0.03
-5.00000000000e-04,-4.92,2.52,2.76,,2.890e-03,-0.03
-5.00000000000e-04,-4.88,2.56,2.76,,2.891e-03,-0.0292
-5.00000000000e-04,-4.88,2.52,2.76,,2.893e-03,-0.0284
-5.00000000000e-04,-4.88,2.52,2.76,,2.894e-03,-0.0276
-5.00000000000e-04,-4.88,2.52,2.76,,2.896e-03,-0.0268
-5.00000000000e-04,-4.88,2.48,2.76,,2.898e-03,-0.0268
-5.00000000000e-04,-4.84,2.48,2.72,,2.899e-03,-0.026
-5.00000000000e-04,-4.88,2.48,2.76,,2.901e-03,-0.026
-5.00000000000e-04,-4.84,2.48,2.76,,2.902e-03,-0.0244
-5.00000000000e-04,-4.8,2.48,2.76,,2.904e-03,-0.0236
-5.00000000000e-04,-4.76,2.44,2.76,,2.906e-03,-0.0236
-5.00000000000e-04,-4.68,2.44,2.76,,2.907e-03,-0.0228
-5.00000000000e-04,-4.6,2.44,2.76,,2.909e-03,-0.022
-5.00000000000e-04,-4.52,2.4,2.76,,2.910e-03,-0.022
-5.00000000000e-04,-4.52,2.4,2.8,,2.912e-03,-0.0212
-5.00000000000e-04,-4.48,2.4,2.76,,2.914e-03,-0.0204
-5.00000000000e-04,-4.44,2.36,2.76,,2.915e-03,-0.0204
-5.00000000000e-04,-4.44,2.36,2.76,,2.917e-03,-0.0196
-5.00000000000e-04,-4.48,2.36,2.76,,2.918e-03,-0.0196
-5.00000000000e-04,-4.56,2.36,2.76,,2.920e-03,-0.018
-5.00000000000e-04,-4.64,2.32,2.76,,2.922e-03,-0.0188
-5.00000000000e-04,-4.72,2.32,2.76,,2.923e-03,-0.0172
-5.00000000000e-04,-4.8,2.32,2.76,,2.925e-03,-0.0172
-5.00000000000e-04,-4.84,2.28,2.72,,2.926e-03,-0.0164
-5.00000000000e-04,-4.88,2.28,2.76,,2.928e-03,-0.0156
-5.00000000000e-04,-4.92,2.24,2.76,,2.930e-03,-0.0156
-5.00000000000e-04,-4.92,2.24,2.76,,2.931e-03,-0.0156
-5.00000000000e-04,-4.92,2.24,2.8,,2.933e-03,-0.014
-5.00000000000e-04,-5,2.24,2.8,,2.934e-03,-0.014
-5.00000000000e-04,-4.96,2.2,2.76,,2.936e-03,-0.0132
-5.00000000000e-04,-4.96,2.16,2.76,,2.938e-03,-0.0132
-5.00000000000e-04,-4.96,2.16,2.76,,2.939e-03,-0.0124
-5.00000000000e-04,-4.96,2.16,2.76,,2.941e-03,-0.0116
-5.00000000000e-04,-4.96,2.16,2.8,,2.942e-03,-0.0116
-5.00000000000e-04,-5,2.16,2.76,,2.944e-03,-0.0108
-5.00000000000e-04,-4.96,2.12,2.76,,2.946e-03,-0.0108
-5.00000000000e-04,-5,2.12,2.76,,2.947e-03,-0.0108
-5.00000000000e-04,-5,2.12,2.76,,2.949e-03,-0.01
-5.00000000000e-04,-5,2.08,2.76,,2.950e-03,-0.0092
-5.00000000000e-04,-5,2.04,2.8,,2.952e-03,-0.0092
-5.00000000000e-04,-5,2.04,2.76,,2.954e-03,-0.0084
-5.00000000000e-04,-5,2.04,2.76,,2.955e-03,-0.0084
-5.00000000000e-04,-4.96,2.04,2.8,,2.957e-03,-0.0076
-5.00000000000e-04,-5,2.04,2.8,,2.958e-03,-0.0068
-5.00000000000e-04,-4.96,2,2.76,,2.960e-03,-0.0068
-5.00000000000e-04,-5,2,2.76,,2.962e-03,-0.0068
-5.00000000000e-04,-5,2,2.8,,2.963e-03,-0.0052
-5.00000000000e-04,-5,1.96,2.8,,2.965e-03,-0.0052
-5.00000000000e-04,-5,1.96,2.76,,2.966e-03,-0.0052
-5.00000000000e-04,-5,1.92,2.8,,2.968e-03,-0.0036
-5.00000000000e-04,-5,1.92,2.76,,2.970e-03,-0.0044
-5.00000000000e-04,-5,1.88,2.76,,2.971e-03,-0.0028
-5.00000000000e-04,-5,1.88,2.76,,2.973e-03,-0.0028
-5.00000000000e-04,-4.96,1.88,2.8,,2.974e-03,-0.002
-5.00000000000e-04,-5,1.84,2.76,,2.976e-03,-0.002
-5.00000000000e-04,-5,1.8,2.76,,2.978e-03,-0.0012
-5.00000000000e-04,-5,1.84,2.8,,2.979e-03,-0.0012
-5.00000000000e-04,-5,1.8,2.8,,2.981e-03,-0.0004
-5.00000000000e-04,-5,1.8,2.8,,2.982e-03,-0.0004
-5.00000000000e-04,-5,1.76,2.8,,2.984e-03,0.0004
-5.00000000000e-04,-5,1.76,2.8,,2.986e-03,0.0004
-5.00000000000e-04,-5,1.72,2.8,,2.987e-03,0.0012
-5.00000000000e-04,-5,1.72,2.8,,2.989e-03,0.002
-5.00000000000e-04,-5,1.72,2.8,,2.990e-03,0.002
-5.00000000000e-04,-5,1.68,2.8,,2.992e-03,0.0028
-5.00000000000e-04,-5,1.68,2.8,,2.994e-03,0.0036
-5.00000000000e-04,-5,1.64,2.76,,2.995e-03,0.0036
-5.00000000000e-04,-5,1.64,2.76,,2.997e-03,0.0044
-5.00000000000e-04,-5,1.64,2.8,,2.998e-03,0.0044
-5.00000000000e-04,-5,1.6,2.8,,3.000e-03,0.0044
-5.00000000000e-04,-5,1.6,2.8,,3.002e-03,0.006
-5.00000000000e-04,-5,1.56,2.8,,3.003e-03,0.006
-5.00000000000e-04,-5,1.56,2.8,,3.005e-03,0.006
-5.00000000000e-04,-5,1.56,2.8,,3.006e-03,0.006
-5.00000000000e-04,-4.96,1.52,2.76,,3.008e-03,0.0068
-5.00000000000e-04,-5,1.48,2.76,,3.010e-03,0.0076
-5.00000000000e-04,-5,1.48,2.76,,3.011e-03,0.0076
-5.00000000000e-04,-5,1.48,2.8,,3.013e-03,0.0076
-5.00000000000e-04,-5,1.44,2.76,,3.014e-03,0.0076
-5.00000000000e-04,-5,1.44,2.76,,3.016e-03,0.0076
-5.00000000000e-04,-5,1.4,2.8,,3.018e-03,0.0092
-5.00000000000e-04,-5,1.36,2.8,,3.019e-03,0.0092
-5.00000000000e-04,-5,1.4,2.8,,3.021e-03,0.0092
-5.00000000000e-04,-5,1.36,2.8,,3.022e-03,0.01
-5.00000000000e-04,-5,1.36,2.8,,3.024e-03,0.01
-5.00000000000e-04,-5,1.32,2.8,,3.026e-03,0.0108
-5.00000000000e-04,-5,1.32,2.8,,3.027e-03,0.0108
-5.00000000000e-04,-5,1.28,2.8,,3.029e-03,0.0108
-5.00000000000e-04,-5,1.28,2.8,,3.030e-03,0.0116
-5.00000000000e-04,-5,1.24,2.8,,3.032e-03,0.0116
-5.00000000000e-04,-5,1.24,2.8,,3.034e-03,0.0116
-5.00000000000e-04,-5,1.2,2.8,,3.035e-03,0.0124
-5.00000000000e-04,-5,1.2,2.8,,3.037e-03,0.0124
-5.00000000000e-04,-5,1.16,2.8,,3.038e-03,0.0124
-5.00000000000e-04,-4.96,1.16,2.8,,3.040e-03,0.0132
-5.00000000000e-04,-5,1.12,2.8,,3.042e-03,0.0132
-5.00000000000e-04,-4.96,1.08,2.8,,3.043e-03,0.014
-5.00000000000e-04,-4.96,1.08,2.8,,3.045e-03,0.014
-5.00000000000e-04,-5,1.04,2.8,,3.046e-03,0.014
-5.00000000000e-04,-5,1.04,2.8,,3.048e-03,0.014
-5.00000000000e-04,-5,1.04,2.8,,3.050e-03,0.0148
-5.00000000000e-04,-5,1,2.8,,3.051e-03,0.0148
-5.00000000000e-04,-5,0.96,2.8,,3.053e-03,0.0156
-5.00000000000e-04,-5,0.96,2.8,,3.054e-03,0.0156
-5.00000000000e-04,-5,0.96,2.8,,3.056e-03,0.0156
-5.00000000000e-04,-5,0.92,2.8,,3.058e-03,0.0156
-5.00000000000e-04,-5,0.92,2.8,,3.059e-03,0.0164
-5.00000000000e-04,-5,0.88,2.8,,3.061e-03,0.0164
-5.00000000000e-04,-5,0.84,2.8,,3.062e-03,0.0172
-5.00000000000e-04,-5,0.84,2.8,,3.064e-03,0.0164
-5.00000000000e-04,-5,0.8,2.8,,3.066e-03,0.018
-5.00000000000e-04,-5,0.8,2.8,,3.067e-03,0.018
-5.00000000000e-04,-5,0.76,2.76,,3.069e-03,0.018
-5.00000000000e-04,-5,0.76,2.8,,3.070e-03,0.018
-5.00000000000e-04,-5,0.72,2.8,,3.072e-03,0.0188
-5.00000000000e-04,-5,0.68,2.8,,3.074e-03,0.0188
-5.00000000000e-04,-5,0.68,2.8,,3.075e-03,0.0196
-5.00000000000e-04,-5,0.64,2.8,,3.077e-03,0.0196
-5.00000000000e-04,-5,0.64,2.8,,3.078e-03,0.0196
-5.00000000000e-04,-5,0.6,2.8,,3.080e-03,0.0196
-5.00000000000e-04,-4.96,0.6,2.8,,3.082e-03,0.0204
-5.00000000000e-04,-5,0.56,2.8,,3.083e-03,0.0204
-5.00000000000e-04,-5,0.56,2.8,,3.085e-03,0.0204
-5.00000000000e-04,-5,0.52,2.8,,3.086e-03,0.0212
-5.00000000000e-04,-5,0.48,2.8,,3.088e-03,0.0204
-5.00000000000e-04,-5,0.48,2.8,,3.090e-03,0.0212
-5.00000000000e-04,-5,0.44,2.8,,3.091e-03,0.0212
-5.00000000000e-04,-4.96,0.44,2.8,,3.093e-03,0.0212
-5.00000000000e-04,-5,0.4,2.8,,3.094e-03,0.0212
-5.00000000000e-04,-5,0.4,2.8,,3.096e-03,0.022
-5.00000000000e-04,-5,0.36,2.8,,3.098e-03,0.022
-5.00000000000e-04,-5,0.36,2.8,,3.099e-03,0.0228
-5.00000000000e-04,-5,0.32,2.76,,3.101e-03,0.0228
-5.00000000000e-04,-5,0.28,2.8,,3.102e-03,0.0228
-5.00000000000e-04,-5,0.28,2.8,,3.104e-03,0.0228
-5.00000000000e-04,-5,0.24,2.8,,3.106e-03,0.0228
-5.00000000000e-04,-5,0.24,2.8,,3.107e-03,0.0236
-5.00000000000e-04,-5,0.2,2.8,,3.109e-03,0.0236
-5.00000000000e-04,-5,0.2,2.8,,3.110e-03,0.0236
-5.00000000000e-04,-5,0.16,2.8,,3.112e-03,0.0228
-5.00000000000e-04,-5,0.12,2.8,,3.114e-03,0.0236
-5.00000000000e-04,-5,0.12,2.8,,3.115e-03,0.0236
-5.00000000000e-04,-5,0.08,2.8,,3.117e-03,0.0244
-5.00000000000e-04,-5,0.08,2.8,,3.118e-03,0.0244
-5.00000000000e-04,-5,0.04,2.8,,3.120e-03,0.0244
-5.00000000000e-04,-5,0.04,2.8,,3.122e-03,0.0244
-5.00000000000e-04,-5,-0.04,2.8,,3.123e-03,0.0244
-5.00000000000e-04,-4.96,0,2.8,,3.125e-03,0.0244
-5.00000000000e-04,-5,-0.04,2.8,,3.126e-03,0.0244
-5.00000000000e-04,-5,-0.12,2.8,,3.128e-03,0.0252
-5.00000000000e-04,-5,-0.08,2.8,,3.130e-03,0.0252
-5.00000000000e-04,-5,-0.12,2.8,,3.131e-03,0.0244
-5.00000000000e-04,-5,-0.16,2.8,,3.133e-03,0.0252
-5.00000000000e-04,-5,-0.16,2.8,,3.134e-03,0.0252
-5.00000000000e-04,-5,-0.2,2.8,,3.136e-03,0.026
-5.00000000000e-04,-4.96,-0.24,2.84,,3.138e-03,0.026
-5.00000000000e-04,-5,-0.24,2.8,,3.139e-03,0.026
-5.00000000000e-04,-5,-0.24,2.8,,3.141e-03,0.026
-5.00000000000e-04,-5,-0.28,2.8,,3.142e-03,0.0252
-5.00000000000e-04,-5,-0.32,2.8,,3.144e-03,0.026
-5.00000000000e-04,-5,-0.32,2.8,,3.146e-03,0.026
-5.00000000000e-04,-5.04,-0.36,2.8,,3.147e-03,0.0268
-5.00000000000e-04,-5,-0.4,2.8,,3.149e-03,0.0268
-5.00000000000e-04,-5,-0.4,2.8,,3.150e-03,0.0268
-5.00000000000e-04,-5,-0.44,2.8,,3.152e-03,0.0268
-5.00000000000e-04,-5,-0.44,2.8,,3.154e-03,0.0268
-5.00000000000e-04,-5,-0.48,2.8,,3.155e-03,0.0268
-5.00000000000e-04,-5,-0.52,2.8,,3.157e-03,0.0268
-5.00000000000e-04,-5,-0.56,2.8,,3.158e-03,0.0268
-5.00000000000e-04,-5,-0.56,2.8,,3.160e-03,0.0268
-5.00000000000e-04,-4.96,-0.6,2.8,,3.162e-03,0.0276
-5.00000000000e-04,-5,-0.6,2.8,,3.163e-03,0.0276
-5.00000000000e-04,-5,-0.64,2.8,,3.165e-03,0.0276
-5.00000000000e-04,-5,-0.68,2.8,,3.166e-03,0.0276
-5.00000000000e-04,-5,-0.68,2.8,,3.168e-03,0.0276
-5.00000000000e-04,-5,-0.72,2.8,,3.170e-03,0.0276
-5.00000000000e-04,-5,-0.76,2.8,,3.171e-03,0.0276
-5.00000000000e-04,-5,-0.76,2.8,,3.173e-03,0.0276
-5.00000000000e-04,-5,-0.8,2.8,,3.174e-03,0.0284
-5.00000000000e-04,-5,-0.8,2.8,,3.176e-03,0.0284
-5.00000000000e-04,-5,-0.84,2.84,,3.178e-03,0.0284
-5.00000000000e-04,-5,-0.88,2.8,,3.179e-03,0.0284
-5.00000000000e-04,-5,-0.88,2.8,,3.181e-03,0.0284
-5.00000000000e-04,-5,-0.92,2.8,,3.182e-03,0.0284
-5.00000000000e-04,-5,-0.96,2.8,,3.184e-03,0.0284
-5.00000000000e-04,-5,-0.96,2.8,,3.186e-03,0.0284
-5.00000000000e-04,-5,-1,2.8,,3.187e-03,0.0292
-5.00000000000e-04,-5,-1.04,2.8,,3.189e-03,0.0284
-5.00000000000e-04,-5,-1.08,2.8,,3.190e-03,0.0292
-5.00000000000e-04,-5,-1.08,2.8,,3.192e-03,0.0284
-5.00000000000e-04,-4.96,-1.12,2.8,,3.194e-03,0.0292
-5.00000000000e-04,-5,-1.16,2.8,,3.195e-03,0.0292
-5.00000000000e-04,-5,-1.16,2.8,,3.197e-03,0.0292
-5.00000000000e-04,-5,-1.2,2.84,,3.198e-03,0.0292
-5.00000000000e-04,-5,-1.24,2.84,,3.200e-03,0.0292
-5.00000000000e-04,-5,-1.28,2.8,,3.202e-03,0.0292
-5.00000000000e-04,-5,-1.28,2.8,,3.203e-03,0.0292
-5.00000000000e-04,-5,-1.32,2.8,,3.205e-03,0.0292
-5.00000000000e-04,-5,-1.32,2.8,,3.206e-03,0.0292
-5.00000000000e-04,-5,-1.36,2.8,,3.208e-03,0.0292
-5.00000000000e-04,-5,-1.4,2.84,,3.210e-03,0.03
-5.00000000000e-04,-5,-1.44,2.84,,3.211e-03,0.0292
-5.00000000000e-04,-5,-1.44,2.84,,3.213e-03,0.0292
-5.00000000000e-04,-5,-1.48,2.8,,3.214e-03,0.03
-5.00000000000e-04,-5,-1.52,2.84,,3.216e-03,0.03
-5.00000000000e-04,-5,-1.56,2.84,,3.218e-03,0.03
-5.00000000000e-04,-5,-1.56,2.84,,3.219e-03,0.03
-5.00000000000e-04,-5,-1.6,2.8,,3.221e-03,0.03
-5.00000000000e-04,-4.96,-1.64,2.84,,3.222e-03,0.0292
-5.00000000000e-04,-4.96,-1.64,2.8,,3.224e-03,0.03
-5.00000000000e-04,-5,-1.68,2.8,,3.226e-03,0.03
-5.00000000000e-04,-5,-1.72,2.8,,3.227e-03,0.03
-5.00000000000e-04,-5,-1.72,2.84,,3.229e-03,0.03
-5.00000000000e-04,-5,-1.76,2.84,,3.230e-03,0.03
-5.00000000000e-04,-5,-1.8,2.8,,3.232e-03,0.03
-5.00000000000e-04,-5,-1.8,2.84,,3.234e-03,0.03
-5.00000000000e-04,-5,-1.84,2.8,,3.235e-03,0.03
-5.00000000000e-04,-5,-1.88,2.84,,3.237e-03,0.0308
-5.00000000000e-04,-5,-1.92,2.8,,3.238e-03,0.03
-5.00000000000e-04,-5,-1.92,2.8,,3.240e-03,0.03
-5.00000000000e-04,-5,-2,2.8,,3.242e-03,0.03
-5.00000000000e-04,-5,-2,2.84,,3.243e-03,0.03
-5.00000000000e-04,-5,-2,2.8,,3.245e-03,0.03
-5.00000000000e-04,-5,-2.04,2.84,,3.246e-03,0.03
-5.00000000000e-04,-5,-2.12,2.84,,3.248e-03,0.03
-5.00000000000e-04,-5,-2.08,2.84,,3.250e-03,0.03
-5.00000000000e-04,-5,-2.12,2.8,,3.251e-03,0.03
-5.00000000000e-04,-5,-2.16,2.8,,3.253e-03,0.03
-5.00000000000e-04,-5,-2.2,2.84,,3.254e-03,0.03
-5.00000000000e-04,-5,-2.2,2.84,,3.256e-03,0.03
-5.00000000000e-04,-5,-2.24,2.84,,3.258e-03,0.03
-5.00000000000e-04,-5,-2.28,2.84,,3.259e-03,0.03
-5.00000000000e-04,-5,-2.28,2.84,,3.261e-03,0.0308
-5.00000000000e-04,-5,-2.32,2.84,,3.262e-03,0.0308
-5.00000000000e-04,-5,-2.32,2.84,,3.264e-03,0.0308
-5.00000000000e-04,-5,-2.36,2.8,,3.266e-03,0.03
-5.00000000000e-04,-5,-2.36,2.84,,3.267e-03,0.0308
-5.00000000000e-04,-4.96,-2.44,2.84,,3.269e-03,0.0308
-5.00000000000e-04,-5,-2.48,2.84,,3.270e-03,0.0308
-5.00000000000e-04,-5,-2.52,2.8,,3.272e-03,0.0308
-5.00000000000e-04,-5,-2.48,2.84,,3.274e-03,0.0308
-5.00000000000e-04,-5,-2.52,2.84,,3.275e-03,0.0308
-5.00000000000e-04,-5,-2.56,2.84,,3.277e-03,0.03
-5.00000000000e-04,-5,-2.6,2.8,,3.278e-03,0.0308
-5.00000000000e-04,-5,-2.6,2.84,,3.280e-03,0.0308
-5.00000000000e-04,-5,-2.64,2.84,,3.282e-03,0.0308
-5.00000000000e-04,-5,-2.64,2.84,,3.283e-03,0.0308
-5.00000000000e-04,-5,-2.68,2.84,,3.285e-03,0.0308
-5.00000000000e-04,-5,-2.72,2.84,,3.286e-03,0.0308
-5.00000000000e-04,-4.96,-2.76,2.84,,3.288e-03,0.0308
-5.00000000000e-04,-5,-2.76,2.84,,3.290e-03,0.0308
-5.00000000000e-04,-5,-2.8,2.84,,3.291e-03,0.0308
-5.00000000000e-04,-5,-2.8,2.84,,3.293e-03,0.0308
-5.00000000000e-04,-5,-2.84,2.8,,3.294e-03,0.03
-5.00000000000e-04,-5,-2.92,2.84,,3.296e-03,0.0308
-5.00000000000e-04,-5,-2.92,2.8,,3.298e-03,0.0308
-5.00000000000e-04,-5,-2.92,2.84,,3.299e-03,0.0308
-5.00000000000e-04,-5,-2.96,2.84,,3.301e-03,0.0308
-5.00000000000e-04,-5,-3,2.84,,3.302e-03,0.0308
-5.00000000000e-04,-5,-3,2.84,,3.304e-03,0.0308
-5.00000000000e-04,-5,-3.04,2.84,,3.306e-03,0.0308
-5.00000000000e-04,-5,-3.04,2.84,,3.307e-03,0.0308
-5.00000000000e-04,-5,-3.08,2.8,,3.309e-03,0.0308
-5.00000000000e-04,-5,-3.12,2.84,,3.310e-03,0.0308
-5.00000000000e-04,-5,-3.16,2.84,,3.312e-03,0.03
-5.00000000000e-04,-5,-3.16,2.84,,3.314e-03,0.0308
-5.00000000000e-04,-4.96,-3.2,2.84,,3.315e-03,0.0308
-5.00000000000e-04,-5,-3.2,2.84,,3.317e-03,0.0308
-5.00000000000e-04,-5,-3.24,2.84,,3.318e-03,0.0308
-5.00000000000e-04,-5,-3.24,2.84,,3.320e-03,0.0308
-5.00000000000e-04,-5,-3.28,2.84,,3.322e-03,0.0308
-5.00000000000e-04,-5,-3.32,2.84,,3.323e-03,0.03
-5.00000000000e-04,-5,-3.32,2.84,,3.325e-03,0.0308
-5.00000000000e-04,-5,-3.36,2.84,,3.326e-03,0.03
-5.00000000000e-04,-5,-3.4,2.8,,3.328e-03,0.0308
-5.00000000000e-04,-4.96,-3.44,2.84,,3.330e-03,0.0308
-5.00000000000e-04,-5,-3.44,2.84,,3.331e-03,0.03
-5.00000000000e-04,-5,-3.48,2.84,,3.333e-03,0.03
-5.00000000000e-04,-5,-3.52,2.84,,3.334e-03,0.0308
-5.00000000000e-04,-5,-3.52,2.84,,3.336e-03,0.0308
-5.00000000000e-04,-5,-3.56,2.84,,3.338e-03,0.03
-5.00000000000e-04,-5,-3.56,2.84,,3.339e-03,0.0308
-5.00000000000e-04,-5,-3.6,2.84,,3.341e-03,0.0308
-5.00000000000e-04,-5,-3.6,2.84,,3.342e-03,0.0308
-5.00000000000e-04,-5,-3.64,2.84,,3.344e-03,0.0308
-5.00000000000e-04,-5,-3.68,2.84,,3.346e-03,0.0308
-5.00000000000e-04,-5,-3.68,2.8,,3.347e-03,0.0308
-5.00000000000e-04,-5,-3.72,2.84,,3.349e-03,0.0308
-5.00000000000e-04,-5,-3.76,2.84,,3.350e-03,0.0308
-5.00000000000e-04,-4.96,-3.76,2.84,,3.352e-03,0.03
-5.00000000000e-04,-4.96,-3.8,2.84,,3.354e-03,0.03
-5.00000000000e-04,-5,-3.8,2.84,,3.355e-03,0.0308
-5.00000000000e-04,-4.96,-3.84,2.84,,3.357e-03,0.03
-5.00000000000e-04,-5,-3.84,2.84,,3.358e-03,0.0308
-5.00000000000e-04,-5,-3.88,2.84,,3.360e-03,0.0308
-5.00000000000e-04,-5,-3.92,2.84,,3.362e-03,0.0308
-5.00000000000e-04,-4.96,-3.92,2.84,,3.363e-03,0.0308
-5.00000000000e-04,-5,-3.96,2.84,,3.365e-03,0.0308
-5.00000000000e-04,-5,-4,2.84,,3.366e-03,0.03
-5.00000000000e-04,-5,-4,2.84,,3.368e-03,0.0308
-5.00000000000e-04,-5,-4.04,2.84,,3.370e-03,0.0308
-5.00000000000e-04,-5,-4.04,2.84,,3.371e-03,0.0308
-5.00000000000e-04,-4.96,-4.08,2.84,,3.373e-03,0.03
-5.00000000000e-04,-5,-4.08,2.84,,3.374e-03,0.0308
-5.00000000000e-04,-5,-4.12,2.84,,3.376e-03,0.0308
-5.00000000000e-04,-5,-4.12,2.84,,3.378e-03,0.03
-5.00000000000e-04,-5,-4.16,2.84,,3.379e-03,0.03
-5.00000000000e-04,-5,-4.16,2.84,,3.381e-03,0.0308
-5.00000000000e-04,-5,-4.2,2.84,,3.382e-03,0.03
-5.00000000000e-04,-5,-4.2,2.84,,3.384e-03,0.0308
-5.00000000000e-04,-5,-4.24,2.84,,3.386e-03,0.03
-5.00000000000e-04,-4.96,-4.24,2.84,,3.387e-03,0.03
-5.00000000000e-04,-4.96,-4.28,2.84,,3.389e-03,0.0308
-5.00000000000e-04,-5,-4.28,2.84,,3.390e-03,0.03
-5.00000000000e-04,-5,-4.32,2.84,,3.392e-03,0.03
-5.00000000000e-04,-5,-4.32,2.84,,3.394e-03,0.03
-5.00000000000e-04,-5,-4.32,2.84,,3.395e-03,0.03
-5.00000000000e-04,-4.96,-4.36,2.84,,3.397e-03,0.03
-5.00000000000e-04,-5,-4.36,2.84,,3.398e-03,0.03
-5.00000000000e-04,-4.96,-4.4,2.84,,3.400e-03,0.03
-5.00000000000e-04,-4.96,-4.4,2.84,,3.402e-03,0.03
-5.00000000000e-04,-4.96,-4.4,2.84,,3.403e-03,0.03
-5.00000000000e-04,-4.96,-4.44,2.84,,3.405e-03,0.03
-5.00000000000e-04,-4.96,-4.44,2.84,,3.406e-03,0.0292
-5.00000000000e-04,-4.96,-4.48,2.84,,3.408e-03,0.03
-5.00000000000e-04,-4.96,-4.48,2.84,,3.410e-03,0.03
-5.00000000000e-04,-4.96,-4.48,2.84,,3.411e-03,0.03
-5.00000000000e-04,-5,-4.52,2.84,,3.413e-03,0.03
-5.00000000000e-04,-5,-4.52,2.84,,3.414e-03,0.03
-5.00000000000e-04,-4.96,-4.52,2.84,,3.416e-03,0.0292
-5.00000000000e-04,-4.96,-4.56,2.84,,3.418e-03,0.03
-5.00000000000e-04,-4.96,-4.56,2.84,,3.419e-03,0.03
-5.00000000000e-04,-4.96,-4.56,2.84,,3.421e-03,0.03
-5.00000000000e-04,-4.96,-4.56,2.84,,3.422e-03,0.03
-5.00000000000e-04,-4.96,-4.6,2.84,,3.424e-03,0.03
-5.00000000000e-04,-5,-4.64,2.84,,3.426e-03,0.03
-5.00000000000e-04,-4.96,-4.6,2.84,,3.427e-03,0.03
-5.00000000000e-04,-4.96,-4.6,2.8,,3.429e-03,0.03
-5.00000000000e-04,-4.96,-4.64,2.84,,3.430e-03,0.0292
-5.00000000000e-04,-4.96,-4.64,2.84,,3.432e-03,0.03
-5.00000000000e-04,-5,-4.68,2.84,,3.434e-03,0.0292
-5.00000000000e-04,-5,-4.68,2.84,,3.435e-03,0.0292
-5.00000000000e-04,-4.96,-4.68,2.84,,3.437e-03,0.03
-5.00000000000e-04,-4.96,-4.68,2.84,,3.438e-03,0.03
-5.00000000000e-04,-4.96,-4.72,2.84,,3.440e-03,0.03
-5.00000000000e-04,-4.96,-4.72,2.84,,3.442e-03,0.03
-5.00000000000e-04,-4.96,-4.72,2.84,,3.443e-03,0.0292
-5.00000000000e-04,-4.96,-4.76,2.84,,3.445e-03,0.0292
-5.00000000000e-04,-4.96,-4.76,2.84,,3.446e-03,0.03
-5.00000000000e-04,-4.96,-4.76,2.84,,3.448e-03,0.0292
-5.00000000000e-04,-4.96,-4.76,2.88,,3.450e-03,0.03
-5.00000000000e-04,-4.96,-4.76,2.84,,3.451e-03,0.03
-5.00000000000e-04,-4.96,-4.76,2.84,,3.453e-03,0.0292
-5.00000000000e-04,-4.96,-4.76,2.84,,3.454e-03,0.03
-5.00000000000e-04,-4.92,-4.76,2.84,,3.456e-03,0.03
-5.00000000000e-04,-4.92,-4.76,2.84,,3.458e-03,0.0292
-5.00000000000e-04,-4.92,-4.72,2.84,,3.459e-03,0.0292
-5.00000000000e-04,-4.92,-4.72,2.84,,3.461e-03,0.0292
-5.00000000000e-04,-4.96,-4.72,2.84,,3.462e-03,0.0292
-5.00000000000e-04,-4.92,-4.72,2.84,,3.464e-03,0.03
-5.00000000000e-04,-4.92,-4.68,2.84,,3.466e-03,0.03
-5.00000000000e-04,-4.96,-4.68,2.84,,3.467e-03,0.0292
-5.00000000000e-04,-4.92,-4.68,2.84,,3.469e-03,0.0292
-5.00000000000e-04,-4.92,-4.64,2.88,,3.470e-03,0.0292
-5.00000000000e-04,-4.92,-4.64,2.84,,3.472e-03,0.0292
-5.00000000000e-04,-4.92,-4.64,2.84,,3.474e-03,0.03
-5.00000000000e-04,-4.92,-4.64,2.84,,3.475e-03,0.0292
-5.00000000000e-04,-4.88,-4.64,2.84,,3.477e-03,0.0292
-5.00000000000e-04,-4.88,-4.64,2.84,,3.478e-03,0.0292
-5.00000000000e-04,-4.88,-4.64,2.88,,3.480e-03,0.0292
-5.00000000000e-04,-4.84,-4.68,2.84,,3.482e-03,0.0292
-5.00000000000e-04,-4.84,-4.68,2.88,,3.483e-03,0.0292
-5.00000000000e-04,-4.8,-4.72,2.84,,3.485e-03,0.0292
-5.00000000000e-04,-4.76,-4.76,2.84,,3.486e-03,0.0292
-5.00000000000e-04,-4.72,-4.76,2.84,,3.488e-03,0.0292
-5.00000000000e-04,-4.68,-4.8,2.84,,3.490e-03,0.0292
-5.00000000000e-04,-4.6,-4.84,2.88,,3.491e-03,0.0292
-5.00000000000e-04,-4.48,-4.84,2.84,,3.493e-03,0.0292
-5.00000000000e-04,-4.32,-4.88,2.88,,3.494e-03,0.0284
-5.00000000000e-04,-3.96,-4.92,2.88,,3.496e-03,0.0292
-5.00000000000e-04,-3.32,-4.92,2.84,,3.498e-03,0.0292
-5.00000000000e-04,-2.36,-4.92,2.88,,3.499e-03,0.0292
-5.00000000000e-04,-1.48,-4.96,2.88,,3.501e-03,0.0292
-5.00000000000e-04,-1.08,-4.96,2.88,,3.502e-03,0.0292
-5.00000000000e-04,-1.16,-5,2.84,,3.504e-03,0.0292
-5.00000000000e-04,-1.6,-5,2.88,,3.506e-03,0.0284
-5.00000000000e-04,-2.28,-5,2.88,,3.507e-03,0.0284
-5.00000000000e-04,-2.88,-5,2.84,,3.509e-03,0.0292
-5.00000000000e-04,-3.44,-5,2.88,,3.510e-03,0.0284
-5.00000000000e-04,-3.84,-5,2.88,,3.512e-03,0.0292
-5.00000000000e-04,-4.16,-5,2.84,,3.514e-03,0.0292
-5.00000000000e-04,-4.4,-5,2.84,,3.515e-03,0.0292
-5.00000000000e-04,-4.56,-5,2.88,,3.517e-03,0.0292
-5.00000000000e-04,-4.68,-4.96,2.88,,3.518e-03,0.0284
-5.00000000000e-04,-4.76,-4.96,2.88,,3.520e-03,0.0284
-5.00000000000e-04,-4.8,-4.96,2.84,,3.522e-03,0.0284
-5.00000000000e-04,-4.88,-4.92,2.88,,3.523e-03,0.0284
-5.00000000000e-04,-4.88,-4.92,2.88,,3.525e-03,0.0284
-5.00000000000e-04,-4.92,-4.92,2.88,,3.526e-03,0.0284
-5.00000000000e-04,-4.92,-4.88,2.84,,3.528e-03,0.0284
-5.00000000000e-04,-4.96,-4.88,2.84,,3.530e-03,0.0284
-5.00000000000e-04,-4.96,-4.88,2.88,,3.531e-03,0.0292
-5.00000000000e-04,-4.96,-4.84,2.88,,3.533e-03,0.0284
-5.00000000000e-04,-4.96,-4.84,2.84,,3.534e-03,0.0284
-5.00000000000e-04,-4.96,-4.84,2.88,,3.536e-03,0.0276
-5.00000000000e-04,-5,-4.8,2.88,,3.538e-03,0.0284
-5.00000000000e-04,-5,-4.8,2.88,,3.539e-03,0.0284
-5.00000000000e-04,-5,-4.76,2.88,,3.541e-03,0.0284
-5.00000000000e-04,-5,-4.76,2.88,,3.542e-03,0.0284
-5.00000000000e-04,-5,-4.72,2.88,,3.544e-03,0.0284
-5.00000000000e-04,-5,-4.68,2.88,,3.546e-03,0.0284
-5.00000000000e-04,-5,-4.68,2.88,,3.547e-03,0.0284
-5.00000000000e-04,-5,-4.6,2.88,,3.549e-03,0.0284
-5.00000000000e-04,-5,-4.52,2.88,,3.550e-03,0.0284
-5.00000000000e-04,-5,-4.48,2.88,,3.552e-03,0.0284
-5.00000000000e-04,-5,-4.32,2.88,,3.554e-03,0.0276
-5.00000000000e-04,-5,-4.24,2.88,,3.555e-03,0.0284
-5.00000000000e-04,-5,-4.12,2.88,,3.557e-03,0.0284
-5.00000000000e-04,-5,-4,2.88,,3.558e-03,0.0284
-5.00000000000e-04,-5,-3.84,2.88,,3.560e-03,0.0276
-5.00000000000e-04,-5,-3.68,2.88,,3.562e-03,0.0284
-5.00000000000e-04,-5,-3.48,2.88,,3.563e-03,0.0284
-5.00000000000e-04,-5,-3.32,2.88,,3.565e-03,0.0284
-5.00000000000e-04,-5,-3.12,2.88,,3.566e-03,0.0284
-5.00000000000e-04,-5,-2.96,2.88,,3.568e-03,0.0284
-5.00000000000e-04,-5,-2.8,2.88,,3.570e-03,0.0284
-5.00000000000e-04,-5,-2.68,2.88,,3.571e-03,0.0284
-5.00000000000e-04,-5,-2.56,2.88,,3.573e-03,0.0284
-5.00000000000e-04,-5,-2.52,2.88,,3.574e-03,0.0284
-5.00000000000e-04,-5,-2.48,2.88,,3.576e-03,0.0284
-5.00000000000e-04,-5,-2.48,2.88,,3.578e-03,0.0276
-5.00000000000e-04,-5,-2.52,2.88,,3.579e-03,0.0284
-5.00000000000e-04,-5,-2.52,2.88,,3.581e-03,0.0284
-5.00000000000e-04,-5,-2.6,2.88,,3.582e-03,0.0284
-5.00000000000e-04,-5,-2.64,2.88,,3.584e-03,0.0276
-5.00000000000e-04,-5,-2.76,2.88,,3.586e-03,0.0284
-5.00000000000e-04,-5,-2.88,2.88,,3.587e-03,0.0276
-5.00000000000e-04,-5,-3,2.88,,3.589e-03,0.0284
-5.00000000000e-04,-5,-3.08,2.88,,3.590e-03,0.0284
-5.00000000000e-04,-5,-3.16,2.88,,3.592e-03,0.0276
-5.00000000000e-04,-5,-3.28,2.88,,3.594e-03,0.0284
-5.00000000000e-04,-5,-3.36,2.88,,3.595e-03,0.0276
-5.00000000000e-04,-5,-3.44,2.88,,3.597e-03,0.0284
-5.00000000000e-04,-5,-3.48,2.88,,3.598e-03,0.0276
-5.00000000000e-04,-5,-3.56,2.88,,3.600e-03,0.0276
-5.00000000000e-04,-5,-3.56,2.88,,3.602e-03,0.0284
-5.00000000000e-04,-5,-3.56,2.88,,3.603e-03,0.0284
-5.00000000000e-04,-5,-3.56,2.88,,3.605e-03,0.0276
-5.00000000000e-04,-5,-3.56,2.88,,3.606e-03,0.0284
-5.00000000000e-04,-5,-3.48,2.88,,3.608e-03,0.0276
-5.00000000000e-04,-5,-3.44,2.88,,3.610e-03,0.0276
-5.00000000000e-04,-5,-3.36,2.88,,3.611e-03,0.0276
-5.00000000000e-04,-5,-3.24,2.88,,3.613e-03,0.0276
-5.00000000000e-04,-5,-3.12,2.88,,3.614e-03,0.0276
-5.00000000000e-04,-5,-3,2.88,,3.616e-03,0.0284
-5.00000000000e-04,-5,-2.88,2.88,,3.618e-03,0.0284
-5.00000000000e-04,-5,-2.76,2.88,,3.619e-03,0.0276
-5.00000000000e-04,-5,-2.64,2.88,,3.621e-03,0.0276
-5.00000000000e-04,-5,-2.56,2.88,,3.622e-03,0.0276
-5.00000000000e-04,-5,-2.52,2.88,,3.624e-03,0.0276
-5.00000000000e-04,-5,-2.48,2.88,,3.626e-03,0.0276
-5.00000000000e-04,-5,-2.48,2.88,,3.627e-03,0.0276
-5.00000000000e-04,-4.96,-2.52,2.88,,3.629e-03,0.0276
-5.00000000000e-04,-5,-2.56,2.88,,3.630e-03,0.0276
-5.00000000000e-04,-5,-2.64,2.88,,3.632e-03,0.0276
-5.00000000000e-04,-5,-2.8,2.88,,3.634e-03,0.0268
-5.00000000000e-04,-5,-2.92,2.84,,3.635e-03,0.0276
-5.00000000000e-04,-5,-3.04,2.88,,3.637e-03,0.0276
-5.00000000000e-04,-5,-3.2,2.88,,3.638e-03,0.0276
-5.00000000000e-04,-5,-3.36,2.88,,3.640e-03,0.0276
-5.00000000000e-04,-5,-3.48,2.88,,3.642e-03,0.0276
-5.00000000000e-04,-5,-3.64,2.88,,3.643e-03,0.0276
-5.00000000000e-04,-5,-3.8,2.88,,3.645e-03,0.0268
-5.00000000000e-04,-5,-3.96,2.88,,3.646e-03,0.0276
-5.00000000000e-04,-5,-4.12,2.88,,3.648e-03,0.0276
-5.00000000000e-04,-5,-4.24,2.88,,3.650e-03,0.0276
-5.00000000000e-04,-5,-4.36,2.84,,3.651e-03,0.0276
-5.00000000000e-04,-5,-4.48,2.88,,3.653e-03,0.0268
-5.00000000000e-04,-5,-4.6,2.88,,3.654e-03,0.0268
-5.00000000000e-04,-5,-4.68,2.88,,3.656e-03,0.0268
-5.00000000000e-04,-5,-4.8,2.88,,3.658e-03,0.0268
-5.00000000000e-04,-5,-4.88,2.88,,3.659e-03,0.0276
-5.00000000000e-04,-5,-5,2.88,,3.661e-03,0.0268
-5.00000000000e-04,-5,-5.08,2.88,,3.662e-03,0.0268
-5.00000000000e-04,-5,-5.08,2.88,,3.664e-03,0.0268
-5.00000000000e-04,-5,-5.08,2.88,,3.666e-03,0.0268
-5.00000000000e-04,-5,-5.08,2.88,,3.667e-03,0.0268
-5.00000000000e-04,-5,-5.08,2.84,,3.669e-03,0.0276
-5.00000000000e-04,-5,-5.08,2.88,,3.670e-03,0.0268
-5.00000000000e-04,-5,-5.08,2.88,,3.672e-03,0.0268
-5.00000000000e-04,-5,-5.08,2.88,,3.674e-03,0.0268
-5.00000000000e-04,-5,-5.08,2.88,,3.675e-03,0.0268
-5.00000000000e-04,-5,-5.08,2.88,,3.677e-03,0.0268
-5.00000000000e-04,-5,-5.08,2.88,,3.678e-03,0.0268
-5.00000000000e-04,-5,-5.08,2.88,,3.680e-03,0.0268
-5.00000000000e-04,-5,-5.08,2.88,,3.682e-03,0.0268
-5.00000000000e-04,-5,-5.08,2.88,,3.683e-03,0.0268
-5.00000000000e-04,-5,-5.08,2.88,,3.685e-03,0.0268
-5.00000000000e-04,-5.04,-5.08,2.88,,3.686e-03,0.0268
-5.00000000000e-04,-4.96,-5.08,2.88,,3.688e-03,0.0268
-5.00000000000e-04,-5,-5.08,2.88,,3.690e-03,0.026
-5.00000000000e-04,-5,-5.08,2.88,,3.691e-03,0.0268
-5.00000000000e-04,-5,-5.08,2.84,,3.693e-03,0.0268
-5.00000000000e-04,-5,-5.08,2.88,,3.694e-03,0.0268
-5.00000000000e-04,-5,-5.08,2.88,,3.696e-03,0.0268
-5.00000000000e-04,-5,-5.08,2.88,,3.698e-03,0.0268
-5.00000000000e-04,-5,-5.08,2.88,,3.699e-03,0.0268
-5.00000000000e-04,-5,-5.08,2.88,,3.701e-03,0.0268
-5.00000000000e-04,-5,-5.08,2.88,,3.702e-03,0.0268
-5.00000000000e-04,-5,-5.08,2.88,,3.704e-03,0.0268
-5.00000000000e-04,-5,-5.08,2.88,,3.706e-03,0.0268
-5.00000000000e-04,-5,-5.08,2.88,,3.707e-03,0.0268
-5.00000000000e-04,-5,-5.08,2.88,,3.709e-03,0.0268
-5.00000000000e-04,-4.96,-5.08,2.84,,3.710e-03,0.0268
-5.00000000000e-04,-5,-5.08,2.88,,3.712e-03,0.0268
-5.00000000000e-04,-4.96,-5.08,2.88,,3.714e-03,0.0268
-5.00000000000e-04,-5,-5.08,2.88,,3.715e-03,0.0268
-5.00000000000e-04,-5,-5.08,2.88,,3.717e-03,0.0268
-5.00000000000e-04,-5,-5.08,2.88,,3.718e-03,0.0268
-5.00000000000e-04,-5,-5.08,2.88,,3.720e-03,0.026
-5.00000000000e-04,-5,-5.08,2.88,,3.722e-03,0.026
-5.00000000000e-04,-5,-5.08,2.88,,3.723e-03,0.0268
-5.00000000000e-04,-5,-5.08,2.88,,3.725e-03,0.0268
-5.00000000000e-04,-5,-5.08,2.88,,3.726e-03,0.026
-5.00000000000e-04,-5,-5.08,2.88,,3.728e-03,0.0268
-5.00000000000e-04,-5,-5.08,2.88,,3.730e-03,0.026
-5.00000000000e-04,-5,-5.08,2.88,,3.731e-03,0.026
-5.00000000000e-04,-5,-5.08,2.92,,3.733e-03,0.0268
-5.00000000000e-04,-5,-5.08,2.88,,3.734e-03,0.026
-5.00000000000e-04,-5,-5.08,2.88,,3.736e-03,0.026
-5.00000000000e-04,-5,-5.08,2.88,,3.738e-03,0.026
-5.00000000000e-04,-5,-5.08,2.88,,3.739e-03,0.026
-5.00000000000e-04,-5,-5.08,2.88,,3.741e-03,0.026
-5.00000000000e-04,-5,-5.08,2.92,,3.742e-03,0.026
-5.00000000000e-04,-5,-5.08,2.92,,3.744e-03,0.026
-5.00000000000e-04,-5,-5.08,2.92,,3.746e-03,0.026
-5.00000000000e-04,-5,-5.08,2.88,,3.747e-03,0.026
-5.00000000000e-04,-5,-5.08,2.92,,3.749e-03,0.026
-5.00000000000e-04,-5,-5.08,2.88,,3.750e-03,0.026
-5.00000000000e-04,-5,-5.08,2.88,,3.752e-03,0.026
-5.00000000000e-04,-5,-5.08,2.88,,3.754e-03,0.026
-5.00000000000e-04,-5.04,-5.08,2.92,,3.755e-03,0.026
-5.00000000000e-04,-5,-5.08,2.88,,3.757e-03,0.0252
-5.00000000000e-04,-5,-5.08,2.88,,3.758e-03,0.026
-5.00000000000e-04,-5,-5.08,2.88,,3.760e-03,0.026
-5.00000000000e-04,-5,-5.08,2.88,,3.762e-03,0.026
-5.00000000000e-04,-5,-5.08,2.88,,3.763e-03,0.0252
-5.00000000000e-04,-5,-5.08,2.88,,3.765e-03,0.026
-5.00000000000e-04,-5,-5.08,2.88,,3.766e-03,0.026
-5.00000000000e-04,-5,-5.08,2.88,,3.768e-03,0.026
-5.00000000000e-04,-5,-5.08,2.92,,3.770e-03,0.0252
-5.00000000000e-04,-5,-5.08,2.88,,3.771e-03,0.0252
-5.00000000000e-04,-5,-5.08,2.92,,3.773e-03,0.0252
-5.00000000000e-04,-5,-5.08,2.88,,3.774e-03,0.026
-5.00000000000e-04,-5,-5.08,2.88,,3.776e-03,0.0252
-5.00000000000e-04,-5,-5.08,2.88,,3.778e-03,0.026
-5.00000000000e-04,-5,-5.08,2.92,,3.779e-03,0.026
-5.00000000000e-04,-5,-5.08,2.92,,3.781e-03,0.026
-5.00000000000e-04,-5,-5.08,2.88,,3.782e-03,0.0252
-5.00000000000e-04,-5,-5.08,2.92,,3.784e-03,0.026
-5.00000000000e-04,-5,-5.08,2.88,,3.786e-03,0.0252
-5.00000000000e-04,-5,-5.08,2.88,,3.787e-03,0.026
-5.00000000000e-04,-5,-5.08,2.92,,3.789e-03,0.0252
-5.00000000000e-04,-5,-5.08,2.88,,3.790e-03,0.026
-5.00000000000e-04,-5,-5.08,2.88,,3.792e-03,0.0252
-5.00000000000e-04,-5,-5.08,2.88,,3.794e-03,0.0252
-5.00000000000e-04,-5,-5.08,2.92,,3.795e-03,0.026
-5.00000000000e-04,-5,-5.08,2.92,,3.797e-03,0.026
-5.00000000000e-04,-5,-5.08,2.92,,3.798e-03,0.026
-5.00000000000e-04,-5,-5.08,2.88,,3.800e-03,0.0252
-5.00000000000e-04,-5,-5.08,2.92,,3.802e-03,0.0252
-5.00000000000e-04,-5,-5.08,2.88,,3.803e-03,0.0252
-5.00000000000e-04,-5,-5.08,2.92,,3.805e-03,0.0252
-5.00000000000e-04,-5,-5.08,2.92,,3.806e-03,0.0252
-5.00000000000e-04,-5,-5.08,2.88,,3.808e-03,0.0252
-5.00000000000e-04,-4.96,-5.08,2.92,,3.810e-03,0.0252
-5.00000000000e-04,-5,-5.08,2.88,,3.811e-03,0.0252
-5.00000000000e-04,-5,-5.08,2.92,,3.813e-03,0.0252
-5.00000000000e-04,-5,-5.08,2.92,,3.814e-03,0.0252
-5.00000000000e-04,-5,-5.08,2.92,,3.816e-03,0.0252
-5.00000000000e-04,-5,-5.08,2.92,,3.818e-03,0.0252
-5.00000000000e-04,-5,-5.08,2.92,,3.819e-03,0.026
-5.00000000000e-04,-5,-5.08,2.92,,3.821e-03,0.0252
-5.00000000000e-04,-5,-5.08,2.88,,3.822e-03,0.0252
-5.00000000000e-04,-5,-5.08,2.92,,3.824e-03,0.0252
-5.00000000000e-04,-5,-5.08,2.88,,3.826e-03,0.0252
-5.00000000000e-04,-5,-5.08,2.88,,3.827e-03,0.0252
-5.00000000000e-04,-5,-5.08,2.92,,3.829e-03,0.0252
-5.00000000000e-04,-5,-5.08,2.92,,3.830e-03,0.0244
-5.00000000000e-04,-5,-5.08,2.88,,3.832e-03,0.0244
-5.00000000000e-04,-5,-5.08,2.88,,3.834e-03,0.0244
-5.00000000000e-04,-5,-5.08,2.88,,3.835e-03,0.0252
-5.00000000000e-04,-5,-5.08,2.88,,3.837e-03,0.0244
-5.00000000000e-04,-5,-5.08,2.92,,3.838e-03,0.0244
-5.00000000000e-04,-5,-5.08,2.92,,3.840e-03,0.0244
-5.00000000000e-04,-5,-5.08,2.92,,3.842e-03,0.0244
-5.00000000000e-04,-5,-5.08,2.88,,3.843e-03,0.0252
-5.00000000000e-04,-4.96,-5.08,2.92,,3.845e-03,0.0244
-5.00000000000e-04,-5,-5.08,2.92,,3.846e-03,0.0252
-5.00000000000e-04,-5,-5.08,2.88,,3.848e-03,0.0252
-5.00000000000e-04,-5,-5.08,2.88,,3.850e-03,0.0252
-5.00000000000e-04,-5,-5.08,2.88,,3.851e-03,0.0252
-5.00000000000e-04,-5,-5.08,2.88,,3.853e-03,0.0252
-5.00000000000e-04,-5,-5.08,2.88,,3.854e-03,0.0244
-5.00000000000e-04,-5,-5.08,2.88,,3.856e-03,0.0244
-5.00000000000e-04,-4.96,-5.08,2.88,,3.858e-03,0.0252
-5.00000000000e-04,-5,-5.08,2.92,,3.859e-03,0.0244
-5.00000000000e-04,-4.96,-5.08,2.88,,3.861e-03,0.0244
-5.00000000000e-04,-5,-5.08,2.88,,3.862e-03,0.0244
-5.00000000000e-04,-5,-5.08,2.88,,3.864e-03,0.0244
-5.00000000000e-04,-5,-5.08,2.88,,3.866e-03,0.0244
-5.00000000000e-04,-5,-5.08,2.88,,3.867e-03,0.0244
-5.00000000000e-04,-5,-5.08,2.92,,3.869e-03,0.0244
-5.00000000000e-04,-5,-5.08,2.88,,3.870e-03,0.0244
-5.00000000000e-04,-5,-5.08,2.88,,3.872e-03,0.0244
-5.00000000000e-04,-5,-5.08,2.88,,3.874e-03,0.0236
-5.00000000000e-04,-4.96,-5.08,2.88,,3.875e-03,0.0244
-5.00000000000e-04,-5,-5.08,2.92,,3.877e-03,0.0244
-5.00000000000e-04,-5,-5.08,2.92,,3.878e-03,0.0244
-5.00000000000e-04,-5,-5.08,2.88,,3.880e-03,0.0244
-5.00000000000e-04,-5,-5.08,2.88,,3.882e-03,0.0244
-5.00000000000e-04,-5,-5.08,2.88,,3.883e-03,0.0244
-5.00000000000e-04,-5,-5.08,2.88,,3.885e-03,0.0244
-5.00000000000e-04,-5,-5.08,2.88,,3.886e-03,0.0244
-5.00000000000e-04,-5,-5.08,2.92,,3.888e-03,0.0244
-5.00000000000e-04,-5,-5.08,2.88,,3.890e-03,0.0244
-5.00000000000e-04,-5,-5.08,2.92,,3.891e-03,0.0236
-5.00000000000e-04,-5,-5.08,2.92,,3.893e-03,0.0244
-5.00000000000e-04,-5,-5.08,2.88,,3.894e-03,0.0236
-5.00000000000e-04,-5,-5.08,2.92,,3.896e-03,0.0244
-5.00000000000e-04,-5,-5.08,2.88,,3.898e-03,0.0244
-5.00000000000e-04,-5,-5.08,2.88,,3.899e-03,0.0244
-5.00000000000e-04,-5,-5.08,2.88,,3.901e-03,0.0244
-5.00000000000e-04,-5,-5.08,2.88,,3.902e-03,0.0244
-5.00000000000e-04,-5,-5.08,2.92,,3.904e-03,0.0244
-5.00000000000e-04,-5,-5.08,2.88,,3.906e-03,0.0244
-5.00000000000e-04,-5,-5.08,2.88,,3.907e-03,0.0244
-5.00000000000e-04,-5,-5.08,2.92,,3.909e-03,0.0244
-5.00000000000e-04,-5,-5.08,2.88,,3.910e-03,0.0244
-5.00000000000e-04,-5,-5.08,2.88,,3.912e-03,0.0236
-5.00000000000e-04,-4.96,-5.08,2.88,,3.914e-03,0.0244
-5.00000000000e-04,-5,-5.08,2.88,,3.915e-03,0.0236
-5.00000000000e-04,-5,-5.08,2.92,,3.917e-03,0.0244
-5.00000000000e-04,-5,-5.08,2.88,,3.918e-03,0.0244
-5.00000000000e-04,-5,-5.08,2.88,,3.920e-03,0.0236
-5.00000000000e-04,-5,-5.08,2.88,,3.922e-03,0.0244
-5.00000000000e-04,-5,-5.08,2.88,,3.923e-03,0.0244
-5.00000000000e-04,-5,-5.08,2.88,,3.925e-03,0.0244
-5.00000000000e-04,-5.04,-5.08,2.88,,3.926e-03,0.0236
-5.00000000000e-04,-5,-5.08,2.88,,3.928e-03,0.0236
-5.00000000000e-04,-5,-5.08,2.88,,3.930e-03,0.0244
-5.00000000000e-04,-4.96,-5.08,2.88,,3.931e-03,0.0244
-5.00000000000e-04,-5,-5.08,2.88,,3.933e-03,0.0244
-5.00000000000e-04,-5,-5.08,2.88,,3.934e-03,0.0244
-5.00000000000e-04,-5,-5.08,2.88,,3.936e-03,0.0244
-5.00000000000e-04,-5,-5.08,2.88,,3.938e-03,0.0244
-5.00000000000e-04,-5,-5.08,2.88,,3.939e-03,0.0236
-5.00000000000e-04,-5,-5.08,2.88,,3.941e-03,0.0244
-5.00000000000e-04,-5,-5.08,2.88,,3.942e-03,0.0244
-5.00000000000e-04,-5,-5.08,2.88,,3.944e-03,0.0244
-5.00000000000e-04,-5,-5.08,2.88,,3.946e-03,0.0244
-5.00000000000e-04,-5,-5.08,2.88,,3.947e-03,0.0244
-5.00000000000e-04,-5,-5.08,2.88,,3.949e-03,0.0244
-5.00000000000e-04,-5,-5.08,2.88,,3.950e-03,0.0244
-5.00000000000e-04,-5,-5.08,2.88,,3.952e-03,0.0244
-5.00000000000e-04,-5,-5.08,2.88,,3.954e-03,0.0244
-5.00000000000e-04,-5,-5.08,2.88,,3.955e-03,0.0244
-5.00000000000e-04,-5,-5.08,2.88,,3.957e-03,0.0244
-5.00000000000e-04,-5,-5.08,2.88,,3.958e-03,0.0244
-5.00000000000e-04,-5,-5.08,2.88,,3.960e-03,0.0244
-5.00000000000e-04,-5,-5.08,2.88,,3.962e-03,0.0236
-5.00000000000e-04,-5,-5.08,2.88,,3.963e-03,0.0236
-5.00000000000e-04,-5,-5.08,2.88,,3.965e-03,0.0244
-5.00000000000e-04,-5,-5.08,2.88,,3.966e-03,0.0244
-5.00000000000e-04,-5,-5.08,2.88,,3.968e-03,0.0236
-5.00000000000e-04,-5,-5.08,2.88,,3.970e-03,0.0244
-5.00000000000e-04,-5,-5.08,2.88,,3.971e-03,0.0244
-5.00000000000e-04,-5,-5.08,2.88,,3.973e-03,0.0244
-5.00000000000e-04,-5,-5.08,2.88,,3.974e-03,0.0244
-5.00000000000e-04,-5,-5.08,2.88,,3.976e-03,0.0244
-5.00000000000e-04,-5,-5.08,2.88,,3.978e-03,0.0244
-5.00000000000e-04,-5,-5.08,2.88,,3.979e-03,0.0244
-5.00000000000e-04,-5,-5.08,2.88,,3.981e-03,0.0244
-5.00000000000e-04,-5,-5.08,2.88,,3.982e-03,0.0244
-5.00000000000e-04,-5,-5.08,2.84,,3.984e-03,0.0244
-5.00000000000e-04,-5,-5.08,2.88,,3.986e-03,0.0244
-5.00000000000e-04,-5,-5.08,2.88,,3.987e-03,0.0244
-5.00000000000e-04,-5,-5.08,2.88,,3.989e-03,0.0244
-5.00000000000e-04,-5,-5.08,2.88,,3.990e-03,0.0244
-5.00000000000e-04,-5,-5.08,2.88,,3.992e-03,0.0244
-5.00000000000e-04,-5,-5.08,2.88,,3.994e-03,0.0244
-5.00000000000e-04,-5,-5.08,2.88,,3.995e-03,0.0244
-5.00000000000e-04,-5,-5.08,2.88,,3.997e-03,0.0244
-5.00000000000e-04,-5,-5.08,2.88,,3.998e-03,0.0244
-5.00000000000e-04,-5,-5.08,2.88,,4.000e-03,0.0244
-5.00000000000e-04,-5,-5.08,2.88,,4.002e-03,0.0244
-5.00000000000e-04,-5,-5.08,2.88,,4.003e-03,0.0244
-5.00000000000e-04,-5,-5.08,2.88,,4.005e-03,0.0244
-5.00000000000e-04,-5,-5.08,2.88,,4.006e-03,0.0244
-5.00000000000e-04,-5,-5.08,2.88,,4.008e-03,0.0244
-5.00000000000e-04,-5,-5.08,2.88,,4.010e-03,0.0244
-5.00000000000e-04,-5,-5.08,2.88,,4.011e-03,0.0244
-5.00000000000e-04,-5,-5.08,2.88,,4.013e-03,0.0244
-5.00000000000e-04,-5,-5.08,2.88,,4.014e-03,0.0244
-5.00000000000e-04,-5,-5.08,2.88,,4.016e-03,0.0244
-5.00000000000e-04,-5,-5.08,2.88,,4.018e-03,0.0244
-5.00000000000e-04,-4.96,-5.08,2.88,,4.019e-03,0.0244
-5.00000000000e-04,-5,-5.08,2.88,,4.021e-03,0.0244
-5.00000000000e-04,-5,-5.04,2.88,,4.022e-03,0.0244
-5.00000000000e-04,-5,-4.88,2.88,,4.024e-03,0.0244
-5.00000000000e-04,-5,-4.72,2.88,,4.026e-03,0.0244
-5.00000000000e-04,-5,-4.52,2.88,,4.027e-03,0.0244
-5.00000000000e-04,-5,-4.32,2.88,,4.029e-03,0.0244
-5.00000000000e-04,-5,-4.08,2.88,,4.030e-03,0.0244
-5.00000000000e-04,-5,-3.88,2.88,,4.032e-03,0.0244
-5.00000000000e-04,-5,-3.68,2.88,,4.034e-03,0.0252
-5.00000000000e-04,-5,-3.44,2.88,,4.035e-03,0.0244
-5.00000000000e-04,-5,-3.28,2.88,,4.037e-03,0.0252
-5.00000000000e-04,-5,-3.12,2.88,,4.038e-03,0.0252
-5.00000000000e-04,-5,-2.96,2.88,,4.040e-03,0.0244
-5.00000000000e-04,-5,-2.88,2.88,,4.042e-03,0.0244
-5.00000000000e-04,-5,-2.8,2.88,,4.043e-03,0.0252
-5.00000000000e-04,-5,-2.8,2.88,,4.045e-03,0.0244
-5.00000000000e-04,-5,-2.8,2.88,,4.046e-03,0.0244
-5.00000000000e-04,-5,-2.88,2.88,,4.048e-03,0.0244
-5.00000000000e-04,-5,-2.92,2.88,,4.050e-03,0.0244
-5.00000000000e-04,-5,-3,2.88,,4.051e-03,0.0252
-5.00000000000e-04,-5,-3.08,2.88,,4.053e-03,0.0252
-5.00000000000e-04,-5,-3.16,2.88,,4.054e-03,0.0252
-5.00000000000e-04,-4.96,-3.24,2.88,,4.056e-03,0.0252
-5.00000000000e-04,-5,-3.32,2.88,,4.058e-03,0.0252
-5.00000000000e-04,-5,-3.4,2.88,,4.059e-03,0.0252
-5.00000000000e-04,-5,-3.44,2.88,,4.061e-03,0.0252
-5.00000000000e-04,-5,-3.48,2.88,,4.062e-03,0.0252
-5.00000000000e-04,-5,-3.52,2.88,,4.064e-03,0.0252
-5.00000000000e-04,-5,-3.52,2.88,,4.066e-03,0.0244
-5.00000000000e-04,-5,-3.52,2.88,,4.067e-03,0.0244
-5.00000000000e-04,-5,-3.44,2.88,,4.069e-03,0.0244
-5.00000000000e-04,-5,-3.36,2.88,,4.070e-03,0.0244
-5.00000000000e-04,-5,-3.28,2.88,,4.072e-03,0.0252
-5.00000000000e-04,-5,-3.16,2.88,,4.074e-03,0.0252
-5.00000000000e-04,-5.04,-3.04,2.84,,4.075e-03,0.0252
-5.00000000000e-04,-5,-2.88,2.88,,4.077e-03,0.0252
-5.00000000000e-04,-5,-2.76,2.88,,4.078e-03,0.0244
-5.00000000000e-04,-5,-2.64,2.88,,4.080e-03,0.0252
-5.00000000000e-04,-5,-2.56,2.88,,4.082e-03,0.0252
-5.00000000000e-04,-4.96,-2.48,2.88,,4.083e-03,0.0252
-5.00000000000e-04,-5,-2.48,2.88,,4.085e-03,0.0252
-5.00000000000e-04,-5,-2.44,2.88,,4.086e-03,0.0252
-5.00000000000e-04,-5,-2.44,2.84,,4.088e-03,0.0252
-5.00000000000e-04,-5,-2.52,2.88,,4.090e-03,0.0252
-5.00000000000e-04,-5,-2.52,2.88,,4.091e-03,0.0252
-5.00000000000e-04,-5,-2.6,2.88,,4.093e-03,0.0244
-5.00000000000e-04,-5,-2.72,2.84,,4.094e-03,0.0244
-5.00000000000e-04,-5,-2.8,2.84,,4.096e-03,0.0252
-5.00000000000e-04,-5,-2.92,2.84,,4.098e-03,0.0244
-5.00000000000e-04,-5,-3.04,2.88,,4.099e-03,0.0252
-5.00000000000e-04,-5,-3.16,2.84,,4.101e-03,0.0252
-5.00000000000e-04,-5,-3.28,2.88,,4.102e-03,0.0252
-5.00000000000e-04,-5,-3.36,2.84,,4.104e-03,0.0252
-5.00000000000e-04,-5,-3.48,2.88,,4.106e-03,0.0252
-5.00000000000e-04,-5,-3.56,2.88,,4.107e-03,0.0252
-5.00000000000e-04,-5,-3.68,2.88,,4.109e-03,0.0252
-5.00000000000e-04,-5.04,-3.76,2.84,,4.110e-03,0.0252
-5.00000000000e-04,-5,-3.84,2.88,,4.112e-03,0.0252
-5.00000000000e-04,-5,-3.88,2.88,,4.114e-03,0.0252
-5.00000000000e-04,-5,-3.92,2.88,,4.115e-03,0.0252
-5.00000000000e-04,-5,-4,2.84,,4.117e-03,0.0252
-5.00000000000e-04,-5,-4.04,2.84,,4.118e-03,0.0252
-5.00000000000e-04,-5,-4.12,2.84,,4.120e-03,0.0252
-5.00000000000e-04,-4.96,-4.12,2.88,,4.122e-03,0.0252
-5.00000000000e-04,-5,-4.16,2.88,,4.123e-03,0.0252
-5.00000000000e-04,-5,-4.2,2.84,,4.125e-03,0.0252
-5.00000000000e-04,-5,-4.24,2.88,,4.126e-03,0.0252
-5.00000000000e-04,-4.96,-4.28,2.88,,4.128e-03,0.0252
-5.00000000000e-04,-4.96,-4.28,2.84,,4.130e-03,0.026
-5.00000000000e-04,-4.96,-4.32,2.84,,4.131e-03,0.0252
-5.00000000000e-04,-4.92,-4.36,2.84,,4.133e-03,0.026
-5.00000000000e-04,-4.88,-4.4,2.84,,4.134e-03,0.0252
-5.00000000000e-04,-4.8,-4.44,2.88,,4.136e-03,0.0252
-5.00000000000e-04,-4.72,-4.44,2.84,,4.138e-03,0.0252
-5.00000000000e-04,-4.56,-4.48,2.84,,4.139e-03,0.0252
-5.00000000000e-04,-4.28,-4.52,2.84,,4.141e-03,0.0252
-5.00000000000e-04,-3.84,-4.56,2.84,,4.142e-03,0.026
-5.00000000000e-04,-3.08,-4.52,2.84,,4.144e-03,0.0252
-5.00000000000e-04,-2.28,-4.6,2.84,,4.146e-03,0.026
-5.00000000000e-04,-1.52,-4.6,2.84,,4.147e-03,0.026
-5.00000000000e-04,-0.92,-4.64,2.84,,4.149e-03,0.026
-5.00000000000e-04,-0.64,-4.6,2.84,,4.150e-03,0.026
-5.00000000000e-04,-0.84,-4.64,2.84,,4.152e-03,0.0252
-5.00000000000e-04,-1.36,-4.64,2.88,,4.154e-03,0.0252
-5.00000000000e-04,-2.04,-4.64,2.88,,4.155e-03,0.0252
-5.00000000000e-04,-2.68,-4.64,2.84,,4.157e-03,0.0252
-5.00000000000e-04,-3.16,-4.64,2.88,,4.158e-03,0.026
-5.00000000000e-04,-3.56,-4.64,2.84,,4.160e-03,0.0252
-5.00000000000e-04,-3.88,-4.64,2.84,,4.162e-03,0.026
-5.00000000000e-04,-4.12,-4.6,2.84,,4.163e-03,0.0252
-5.00000000000e-04,-4.28,-4.6,2.84,,4.165e-03,0.026
-5.00000000000e-04,-4.4,-4.6,2.84,,4.166e-03,0.026
-5.00000000000e-04,-4.48,-4.6,2.84,,4.168e-03,0.026
-5.00000000000e-04,-4.56,-4.56,2.84,,4.170e-03,0.026
-5.00000000000e-04,-4.68,-4.56,2.84,,4.171e-03,0.026
-5.00000000000e-04,-4.68,-4.52,2.84,,4.173e-03,0.026
-5.00000000000e-04,-4.76,-4.52,2.84,,4.174e-03,0.026
-5.00000000000e-04,-4.76,-4.48,2.84,,4.176e-03,0.026
-5.00000000000e-04,-4.8,-4.48,2.84,,4.178e-03,0.026
-5.00000000000e-04,-4.8,-4.44,2.84,,4.179e-03,0.0252
-5.00000000000e-04,-4.84,-4.44,2.84,,4.181e-03,0.026
-5.00000000000e-04,-4.88,-4.4,2.84,,4.182e-03,0.026
-5.00000000000e-04,-4.88,-4.4,2.84,,4.184e-03,0.026
-5.00000000000e-04,-4.88,-4.36,2.84,,4.186e-03,0.026
-5.00000000000e-04,-4.92,-4.36,2.84,,4.187e-03,0.026
-5.00000000000e-04,-4.88,-4.36,2.84,,4.189e-03,0.026
-5.00000000000e-04,-4.92,-4.36,2.84,,4.190e-03,0.026
-5.00000000000e-04,-4.92,-4.4,2.84,,4.192e-03,0.026
-5.00000000000e-04,-4.92,-4.4,2.84,,4.194e-03,0.026
-5.00000000000e-04,-4.92,-4.4,2.84,,4.195e-03,0.026
-5.00000000000e-04,-4.92,-4.4,2.84,,4.197e-03,0.026
-5.00000000000e-04,-4.96,-4.44,2.88,,4.198e-03,0.026
-5.00000000000e-04,-4.92,-4.44,2.84,,4.200e-03,0.026
-5.00000000000e-04,-4.92,-4.48,2.84,,4.202e-03,0.026
-5.00000000000e-04,-4.92,-4.48,2.84,,4.203e-03,0.026
-5.00000000000e-04,-4.92,-4.48,2.84,,4.205e-03,0.0268
-5.00000000000e-04,-4.96,-4.48,2.84,,4.206e-03,0.0268
-5.00000000000e-04,-4.92,-4.52,2.84,,4.208e-03,0.0268
-5.00000000000e-04,-4.92,-4.52,2.84,,4.210e-03,0.0268
-5.00000000000e-04,-4.96,-4.52,2.84,,4.211e-03,0.026
-5.00000000000e-04,-4.96,-4.52,2.84,,4.213e-03,0.0268
-5.00000000000e-04,-4.96,-4.56,2.84,,4.214e-03,0.0268
-5.00000000000e-04,-4.96,-4.56,2.84,,4.216e-03,0.0268
-5.00000000000e-04,-4.96,-4.56,2.84,,4.218e-03,0.0268
-5.00000000000e-04,-4.96,-4.56,2.8,,4.219e-03,0.0268
-5.00000000000e-04,-4.96,-4.56,2.84,,4.221e-03,0.0268
-5.00000000000e-04,-4.96,-4.56,2.84,,4.222e-03,0.0268
-5.00000000000e-04,-4.96,-4.56,2.84,,4.224e-03,0.0268
-5.00000000000e-04,-4.96,-4.56,2.84,,4.226e-03,0.026
-5.00000000000e-04,-4.96,-4.56,2.84,,4.227e-03,0.0268
-5.00000000000e-04,-4.96,-4.52,2.84,,4.229e-03,0.0268
-5.00000000000e-04,-4.96,-4.52,2.88,,4.230e-03,0.0268
-5.00000000000e-04,-5,-4.52,2.84,,4.232e-03,0.0268
-5.00000000000e-04,-4.96,-4.52,2.84,,4.234e-03,0.026
-5.00000000000e-04,-4.96,-4.52,2.8,,4.235e-03,0.0268
-5.00000000000e-04,-4.96,-4.52,2.84,,4.237e-03,0.0268
-5.00000000000e-04,-4.96,-4.48,2.84,,4.238e-03,0.0268
-5.00000000000e-04,-4.96,-4.48,2.84,,4.240e-03,0.0268
-5.00000000000e-04,-4.96,-4.44,2.84,,4.242e-03,0.0268
-5.00000000000e-04,-4.96,-4.44,2.84,,4.243e-03,0.0268
-5.00000000000e-04,-4.96,-4.44,2.84,,4.245e-03,0.0268
-5.00000000000e-04,-4.96,-4.44,2.84,,4.246e-03,0.0268
-5.00000000000e-04,-4.96,-4.44,2.84,,4.248e-03,0.0268
-5.00000000000e-04,-4.96,-4.4,2.84,,4.250e-03,0.0268
-5.00000000000e-04,-4.96,-4.44,2.84,,4.251e-03,0.0268
-5.00000000000e-04,-4.96,-4.4,2.84,,4.253e-03,0.0268
-5.00000000000e-04,-4.96,-4.4,2.84,,4.254e-03,0.0268
-5.00000000000e-04,-4.96,-4.36,2.84,,4.256e-03,0.0268
-5.00000000000e-04,-4.96,-4.36,2.84,,4.258e-03,0.0268
-5.00000000000e-04,-4.96,-4.36,2.84,,4.259e-03,0.0268
-5.00000000000e-04,-4.96,-4.36,2.84,,4.261e-03,0.0268
-5.00000000000e-04,-5,-4.36,2.84,,4.262e-03,0.0268
-5.00000000000e-04,-4.96,-4.32,2.84,,4.264e-03,0.0268
-5.00000000000e-04,-4.96,-4.32,2.8,,4.266e-03,0.0268
-5.00000000000e-04,-4.96,-4.28,2.84,,4.267e-03,0.0268
-5.00000000000e-04,-4.96,-4.28,2.84,,4.269e-03,0.0268
-5.00000000000e-04,-4.96,-4.28,2.84,,4.270e-03,0.0268
-5.00000000000e-04,-4.96,-4.24,2.84,,4.272e-03,0.0268
-5.00000000000e-04,-4.96,-4.24,2.84,,4.274e-03,0.0268
-5.00000000000e-04,-4.96,-4.24,2.84,,4.275e-03,0.0268
-5.00000000000e-04,-5,-4.24,2.84,,4.277e-03,0.0268
-5.00000000000e-04,-5,-4.2,2.84,,4.278e-03,0.0268
-5.00000000000e-04,-4.96,-4.2,2.84,,4.280e-03,0.0268
-5.00000000000e-04,-4.96,-4.16,2.84,,4.282e-03,0.0268
-5.00000000000e-04,-4.96,-4.16,2.84,,4.283e-03,0.0268
-5.00000000000e-04,-4.96,-4.12,2.84,,4.285e-03,0.0276
-5.00000000000e-04,-5,-4.12,2.84,,4.286e-03,0.0268
-5.00000000000e-04,-5,-4.12,2.84,,4.288e-03,0.0268
-5.00000000000e-04,-5,-4.08,2.84,,4.290e-03,0.0268
-5.00000000000e-04,-5,-4.08,2.84,,4.291e-03,0.0268
-5.00000000000e-04,-5,-4.04,2.84,,4.293e-03,0.0276
-5.00000000000e-04,-5,-4.04,2.84,,4.294e-03,0.0268
-5.00000000000e-04,-5,-4,2.84,,4.296e-03,0.0276
-5.00000000000e-04,-5,-4,2.84,,4.298e-03,0.0276
-5.00000000000e-04,-5,-4,2.84,,4.299e-03,0.0276
-5.00000000000e-04,-5,-3.96,2.84,,4.301e-03,0.0276
-5.00000000000e-04,-5,-3.96,2.84,,4.302e-03,0.0276
-5.00000000000e-04,-5,-3.92,2.84,,4.304e-03,0.0276
-5.00000000000e-04,-4.96,-3.92,2.8,,4.306e-03,0.0276
-5.00000000000e-04,-5,-3.88,2.84,,4.307e-03,0.0268
-5.00000000000e-04,-5,-3.88,2.84,,4.309e-03,0.0276
-5.00000000000e-04,-5,-3.84,2.84,,4.310e-03,0.0276
-5.00000000000e-04,-5,-3.8,2.8,,4.312e-03,0.0268
-5.00000000000e-04,-5,-3.8,2.84,,4.314e-03,0.0276
-5.00000000000e-04,-5,-3.8,2.84,,4.315e-03,0.0276
-5.00000000000e-04,-5,-3.76,2.84,,4.317e-03,0.0276
-5.00000000000e-04,-4.96,-3.76,2.84,,4.318e-03,0.0268
-5.00000000000e-04,-5,-3.72,2.84,,4.320e-03,0.0276
-5.00000000000e-04,-5,-3.68,2.84,,4.322e-03,0.0268
-5.00000000000e-04,-5,-3.68,2.84,,4.323e-03,0.0276
-5.00000000000e-04,-5,-3.68,2.84,,4.325e-03,0.0276
-5.00000000000e-04,-5,-3.64,2.84,,4.326e-03,0.0276
-5.00000000000e-04,-5,-3.6,2.84,,4.328e-03,0.0276
-5.00000000000e-04,-5,-3.6,2.84,,4.330e-03,0.0276
-5.00000000000e-04,-5,-3.56,2.84,,4.331e-03,0.0268
-5.00000000000e-04,-5,-3.56,2.84,,4.333e-03,0.0276
-5.00000000000e-04,-4.96,-3.52,2.84,,4.334e-03,0.0276
-5.00000000000e-04,-5,-3.52,2.8,,4.336e-03,0.0276
-5.00000000000e-04,-4.96,-3.48,2.8,,4.338e-03,0.0276
-5.00000000000e-04,-5,-3.48,2.84,,4.339e-03,0.0276
-5.00000000000e-04,-4.96,-3.44,2.84,,4.341e-03,0.0276
-5.00000000000e-04,-5,-3.44,2.84,,4.342e-03,0.0276
-5.00000000000e-04,-5,-3.4,2.84,,4.344e-03,0.0276
-5.00000000000e-04,-5,-3.4,2.84,,4.346e-03,0.0276
-5.00000000000e-04,-5,-3.36,2.8,,4.347e-03,0.0276
-5.00000000000e-04,-5,-3.32,2.84,,4.349e-03,0.0276
-5.00000000000e-04,-4.96,-3.32,2.84,,4.350e-03,0.0276
-5.00000000000e-04,-5,-3.28,2.84,,4.352e-03,0.0276

