[Hz],FFT[dBm]
0.0000000E+00,-3.65454E+01
1.5258789E+03,-3.93054E+01
3.0517578E+03,-5.77254E+01
4.5776367E+03,-6.21254E+01
6.1035156E+03,-5.41854E+01
7.6293945E+03,-5.01854E+01
9.1552734E+03,-5.48454E+01
1.0681152E+04,-6.58454E+01
1.2207031E+04,-5.85654E+01
1.3732910E+04,-5.44854E+01
1.5258789E+04,-5.61654E+01
1.6784668E+04,-5.46254E+01
1.8310547E+04,-5.60454E+01
1.9836426E+04,-5.89054E+01
2.1362305E+04,-6.86854E+01
2.2888184E+04,-5.79854E+01
2.4414062E+04,-6.25054E+01
2.5939941E+04,-7.00854E+01
2.7465820E+04,-6.13054E+01
2.8991699E+04,-6.77054E+01
3.0517578E+04,-6.33854E+01
3.2043457E+04,-5.80454E+01
3.3569336E+04,-5.61654E+01
3.5095215E+04,-5.97054E+01
3.6621094E+04,-6.34054E+01
3.8146973E+04,-5.72454E+01
3.9672852E+04,-5.27454E+01
4.1198730E+04,-5.56654E+01
4.2724609E+04,-5.94454E+01
4.4250488E+04,-5.44454E+01
4.5776367E+04,-5.76654E+01
4.7302246E+04,-5.60654E+01
4.8828125E+04,-5.91054E+01
5.0354004E+04,-6.96254E+01
5.1879883E+04,-5.66054E+01
5.3405762E+04,-5.54254E+01
5.4931641E+04,-5.94054E+01
5.6457520E+04,-5.84654E+01
5.7983398E+04,-5.51254E+01
5.9509277E+04,-5.44254E+01
6.1035156E+04,-5.90254E+01
6.2561035E+04,-5.47854E+01
6.4086914E+04,-5.38454E+01
6.5612793E+04,-6.50854E+01
6.7138672E+04,-6.07854E+01
6.8664551E+04,-5.77254E+01
7.0190430E+04,-5.49454E+01
7.1716309E+04,-5.34054E+01
7.3242188E+04,-5.55254E+01
7.4768066E+04,-5.97454E+01
7.6293945E+04,-5.97454E+01
7.7819824E+04,-5.32654E+01
7.9345703E+04,-6.51654E+01
8.0871582E+04,-5.76854E+01
8.2397461E+04,-5.71854E+01
8.3923340E+04,-5.92654E+01
8.5449219E+04,-5.87854E+01
8.6975098E+04,-7.42054E+01
8.8500977E+04,-5.92654E+01
9.0026855E+04,-6.12254E+01
9.1552734E+04,-5.85454E+01
9.3078613E+04,-6.14854E+01
9.4604492E+04,-5.71054E+01
9.6130371E+04,-6.85254E+01
9.7656250E+04,-5.65654E+01
9.9182129E+04,-5.89054E+01
1.0070801E+05,-7.37454E+01
1.0223389E+05,-6.14654E+01
1.0375977E+05,-6.27454E+01
1.0528564E+05,-5.67054E+01
1.0681152E+05,-5.29654E+01
1.0833740E+05,-5.81254E+01
1.0986328E+05,-5.12654E+01
1.1138916E+05,-5.71454E+01
1.1291504E+05,-5.48854E+01
1.1444092E+05,-5.76254E+01
1.1596680E+05,-5.56654E+01
1.1749268E+05,-5.56454E+01
1.1901855E+05,-5.40454E+01
1.2054443E+05,-6.22254E+01
1.2207031E+05,-7.15054E+01
1.2359619E+05,-6.61854E+01
1.2512207E+05,-6.04054E+01
1.2664795E+05,-5.99654E+01
1.2817383E+05,-5.36454E+01
1.2969971E+05,-4.93454E+01
1.3122559E+05,-5.33854E+01
1.3275146E+05,-5.61654E+01
1.3427734E+05,-5.29854E+01
1.3580322E+05,-5.34454E+01
1.3732910E+05,-5.59254E+01
1.3885498E+05,-5.49454E+01
1.4038086E+05,-5.66254E+01
1.4190674E+05,-5.92654E+01
1.4343262E+05,-6.61254E+01
1.4495850E+05,-5.84254E+01
1.4648438E+05,-6.18454E+01
1.4801025E+05,-6.60054E+01
1.4953613E+05,-6.40854E+01
1.5106201E+05,-6.00454E+01
1.5258789E+05,-6.82054E+01
1.5411377E+05,-5.67854E+01
1.5563965E+05,-5.61454E+01
1.5716553E+05,-6.60454E+01
1.5869141E+05,-5.78654E+01
1.6021729E+05,-6.08854E+01
1.6174316E+05,-6.38054E+01
1.6326904E+05,-5.94454E+01
1.6479492E+05,-5.84854E+01
1.6632080E+05,-5.43654E+01
1.6784668E+05,-5.39854E+01
1.6937256E+05,-5.77854E+01
1.7089844E+05,-5.54654E+01
1.7242432E+05,-5.29054E+01
1.7395020E+05,-5.70254E+01
1.7547607E+05,-6.32054E+01
1.7700195E+05,-5.66854E+01
1.7852783E+05,-5.94854E+01
1.8005371E+05,-5.89654E+01
1.8157959E+05,-5.52254E+01
1.8310547E+05,-5.52454E+01
1.8463135E+05,-5.62654E+01
1.8615723E+05,-5.29654E+01
1.8768311E+05,-4.88054E+01
1.8920898E+05,-5.15054E+01
1.9073486E+05,-5.69854E+01
1.9226074E+05,-5.58054E+01
1.9378662E+05,-5.35854E+01
1.9531250E+05,-5.80054E+01
1.9683838E+05,-6.68654E+01
1.9836426E+05,-6.35654E+01
1.9989014E+05,-5.94854E+01
2.0141602E+05,-6.26054E+01
2.0294189E+05,-5.52654E+01
2.0446777E+05,-5.12054E+01
2.0599365E+05,-4.95054E+01
2.0751953E+05,-5.29054E+01
2.0904541E+05,-5.77454E+01
2.1057129E+05,-6.55454E+01
2.1209717E+05,-6.28454E+01
2.1362305E+05,-6.60254E+01
2.1514893E+05,-6.01854E+01
2.1667480E+05,-6.22054E+01
2.1820068E+05,-6.47854E+01
2.1972656E+05,-7.47854E+01
2.2125244E+05,-6.43854E+01
2.2277832E+05,-6.08054E+01
2.2430420E+05,-5.82654E+01
2.2583008E+05,-7.35654E+01
2.2735596E+05,-5.76254E+01
2.2888184E+05,-5.42054E+01
2.3040771E+05,-5.23454E+01
2.3193359E+05,-5.50454E+01
2.3345947E+05,-5.98454E+01
2.3498535E+05,-5.73654E+01
2.3651123E+05,-6.19654E+01
2.3803711E+05,-5.65654E+01
2.3956299E+05,-5.55454E+01
2.4108887E+05,-5.43454E+01
2.4261475E+05,-5.92054E+01
2.4414062E+05,-5.35454E+01
2.4566650E+05,-5.06054E+01
2.4719238E+05,-5.71454E+01
2.4871826E+05,-6.27454E+01
2.5024414E+05,-5.78454E+01
2.5177002E+05,-5.21654E+01
2.5329590E+05,-4.93454E+01
2.5482178E+05,-5.07254E+01
2.5634766E+05,-5.97454E+01
2.5787354E+05,-5.57854E+01
2.5939941E+05,-6.04654E+01
2.6092529E+05,-6.23054E+01
2.6245117E+05,-5.65854E+01
2.6397705E+05,-5.62654E+01
2.6550293E+05,-5.96654E+01
2.6702881E+05,-6.09454E+01
2.6855469E+05,-7.47254E+01
2.7008057E+05,-6.23454E+01
2.7160645E+05,-5.73454E+01
2.7313232E+05,-5.38654E+01
2.7465820E+05,-5.95054E+01
2.7618408E+05,-6.53654E+01
2.7770996E+05,-6.63054E+01
2.7923584E+05,-5.15254E+01
2.8076172E+05,-5.23254E+01
2.8228760E+05,-6.07254E+01
2.8381348E+05,-6.25454E+01
2.8533936E+05,-5.87254E+01
2.8686523E+05,-5.81854E+01
2.8839111E+05,-6.91654E+01
2.8991699E+05,-5.64454E+01
2.9144287E+05,-5.44454E+01
2.9296875E+05,-5.55254E+01
2.9449463E+05,-6.30454E+01
2.9602051E+05,-5.67054E+01
2.9754639E+05,-5.44254E+01
2.9907227E+05,-5.77454E+01
3.0059814E+05,-5.67254E+01
3.0212402E+05,-5.71854E+01
3.0364990E+05,-6.60454E+01
3.0517578E+05,-7.52654E+01
3.0670166E+05,-5.82854E+01
3.0822754E+05,-6.51854E+01
3.0975342E+05,-6.04254E+01
3.1127930E+05,-6.42854E+01
3.1280518E+05,-6.57654E+01
3.1433105E+05,-5.89054E+01
3.1585693E+05,-5.00854E+01
3.1738281E+05,-4.86654E+01
3.1890869E+05,-5.18054E+01
3.2043457E+05,-7.11854E+01
3.2196045E+05,-6.40254E+01
3.2348633E+05,-5.97454E+01
3.2501221E+05,-5.95454E+01
3.2653809E+05,-8.85254E+01
3.2806396E+05,-6.70854E+01
3.2958984E+05,-6.76654E+01
3.3111572E+05,-7.24454E+01
3.3264160E+05,-6.35054E+01
3.3416748E+05,-6.20854E+01
3.3569336E+05,-5.86854E+01
3.3721924E+05,-6.90254E+01
3.3874512E+05,-5.69254E+01
3.4027100E+05,-5.71854E+01
3.4179688E+05,-6.35054E+01
3.4332275E+05,-5.90054E+01
3.4484863E+05,-5.95454E+01
3.4637451E+05,-6.54454E+01
3.4790039E+05,-5.94854E+01
3.4942627E+05,-6.19854E+01
3.5095215E+05,-6.07854E+01
3.5247803E+05,-5.81054E+01
3.5400391E+05,-5.37454E+01
3.5552979E+05,-5.39054E+01
3.5705566E+05,-5.24454E+01
3.5858154E+05,-5.49454E+01
3.6010742E+05,-6.21454E+01
3.6163330E+05,-5.80054E+01
3.6315918E+05,-6.15654E+01
3.6468506E+05,-5.56854E+01
3.6621094E+05,-4.99654E+01
3.6773682E+05,-5.32654E+01
3.6926270E+05,-5.84254E+01
3.7078857E+05,-5.44454E+01
3.7231445E+05,-5.51454E+01
3.7384033E+05,-7.23054E+01
3.7536621E+05,-6.60854E+01
3.7689209E+05,-5.64854E+01
3.7841797E+05,-6.78454E+01
3.7994385E+05,-5.91254E+01
3.8146973E+05,-5.73254E+01
3.8299561E+05,-5.59054E+01
3.8452148E+05,-5.51854E+01
3.8604736E+05,-5.78054E+01
3.8757324E+05,-6.19054E+01
3.8909912E+05,-5.74054E+01
3.9062500E+05,-5.99654E+01
3.9215088E+05,-5.36654E+01
3.9367676E+05,-5.17254E+01
3.9520264E+05,-5.91654E+01
3.9672852E+05,-7.04254E+01
3.9825439E+05,-5.84054E+01
3.9978027E+05,-5.37654E+01
4.0130615E+05,-5.84054E+01
4.0283203E+05,-5.13654E+01
4.0435791E+05,-5.66054E+01
4.0588379E+05,-8.30854E+01
4.0740967E+05,-5.68654E+01
4.0893555E+05,-5.50254E+01
4.1046143E+05,-5.44454E+01
4.1198730E+05,-6.13854E+01
4.1351318E+05,-5.74254E+01
4.1503906E+05,-5.84654E+01
4.1656494E+05,-6.73454E+01
4.1809082E+05,-6.11054E+01
4.1961670E+05,-6.89454E+01
4.2114258E+05,-6.27254E+01
4.2266846E+05,-6.52254E+01
4.2419434E+05,-5.60454E+01
4.2572021E+05,-5.33854E+01
4.2724609E+05,-5.30654E+01
4.2877197E+05,-5.64854E+01
4.3029785E+05,-6.01254E+01
4.3182373E+05,-6.69054E+01
4.3334961E+05,-5.86854E+01
4.3487549E+05,-5.86054E+01
4.3640137E+05,-5.40854E+01
4.3792725E+05,-5.61654E+01
4.3945312E+05,-5.50854E+01
4.4097900E+05,-5.19254E+01
4.4250488E+05,-6.42454E+01
4.4403076E+05,-5.51454E+01
4.4555664E+05,-5.41654E+01
4.4708252E+05,-5.92654E+01
4.4860840E+05,-5.63854E+01
4.5013428E+05,-5.04854E+01
4.5166016E+05,-5.76254E+01
4.5318604E+05,-5.98054E+01
4.5471191E+05,-5.58854E+01
4.5623779E+05,-5.46654E+01
4.5776367E+05,-5.64654E+01
4.5928955E+05,-5.93454E+01
4.6081543E+05,-6.17854E+01
4.6234131E+05,-5.68054E+01
4.6386719E+05,-5.61654E+01
4.6539307E+05,-5.20654E+01
4.6691895E+05,-5.08054E+01
4.6844482E+05,-5.46654E+01
4.6997070E+05,-5.90054E+01
4.7149658E+05,-5.53654E+01
4.7302246E+05,-5.49854E+01
4.7454834E+05,-6.37254E+01
4.7607422E+05,-6.03854E+01
4.7760010E+05,-5.99254E+01
4.7912598E+05,-6.68854E+01
4.8065186E+05,-5.46254E+01
4.8217773E+05,-5.23254E+01
4.8370361E+05,-6.46454E+01
4.8522949E+05,-5.81054E+01
4.8675537E+05,-6.58054E+01
4.8828125E+05,-5.96254E+01
4.8980713E+05,-5.54254E+01
4.9133301E+05,-5.80854E+01
4.9285889E+05,-7.11254E+01
4.9438477E+05,-5.25654E+01
4.9591064E+05,-5.03854E+01
4.9743652E+05,-5.54654E+01
4.9896240E+05,-6.00854E+01
5.0048828E+05,-5.61654E+01
5.0201416E+05,-6.03654E+01
5.0354004E+05,-6.24454E+01
5.0506592E+05,-6.20454E+01
5.0659180E+05,-5.26654E+01
5.0811768E+05,-5.80254E+01
5.0964355E+05,-5.81254E+01
5.1116943E+05,-6.39654E+01
5.1269531E+05,-6.07854E+01
5.1422119E+05,-5.79854E+01
5.1574707E+05,-6.00454E+01
5.1727295E+05,-6.61254E+01
5.1879883E+05,-6.07054E+01
5.2032471E+05,-5.41654E+01
5.2185059E+05,-6.08854E+01
5.2337646E+05,-6.03054E+01
5.2490234E+05,-7.85654E+01
5.2642822E+05,-6.13654E+01
5.2795410E+05,-6.56654E+01
5.2947998E+05,-6.22254E+01
5.3100586E+05,-6.00054E+01
5.3253174E+05,-5.72454E+01
5.3405762E+05,-5.87454E+01
5.3558350E+05,-5.68254E+01
5.3710938E+05,-5.53454E+01
5.3863525E+05,-5.53854E+01
5.4016113E+05,-5.75454E+01
5.4168701E+05,-7.58654E+01
5.4321289E+05,-6.20454E+01
5.4473877E+05,-5.56254E+01
5.4626465E+05,-5.39654E+01
5.4779053E+05,-5.05054E+01
5.4931641E+05,-4.84654E+01
5.5084229E+05,-4.94054E+01
5.5236816E+05,-5.51654E+01
5.5389404E+05,-5.76254E+01
5.5541992E+05,-5.51654E+01
5.5694580E+05,-5.34254E+01
5.5847168E+05,-5.69454E+01
5.5999756E+05,-5.67854E+01
5.6152344E+05,-5.70454E+01
5.6304932E+05,-5.04054E+01
5.6457520E+05,-5.26454E+01
5.6610107E+05,-6.35654E+01
5.6762695E+05,-5.48454E+01
5.6915283E+05,-5.19854E+01
5.7067871E+05,-5.45054E+01
5.7220459E+05,-5.81254E+01
5.7373047E+05,-5.65454E+01
5.7525635E+05,-5.57654E+01
5.7678223E+05,-6.32454E+01
5.7830811E+05,-6.17654E+01
5.7983398E+05,-5.69054E+01
5.8135986E+05,-6.40654E+01
5.8288574E+05,-5.73254E+01
5.8441162E+05,-5.72054E+01
5.8593750E+05,-5.36854E+01
5.8746338E+05,-5.90054E+01
5.8898926E+05,-5.92054E+01
5.9051514E+05,-6.20454E+01
5.9204102E+05,-5.24054E+01
5.9356689E+05,-5.12454E+01
5.9509277E+05,-6.81654E+01
5.9661865E+05,-5.34054E+01
5.9814453E+05,-6.12254E+01
5.9967041E+05,-5.33054E+01
6.0119629E+05,-5.95854E+01
6.0272217E+05,-5.65454E+01
6.0424805E+05,-5.68654E+01
6.0577393E+05,-5.81254E+01
6.0729980E+05,-5.28454E+01
6.0882568E+05,-4.98054E+01
6.1035156E+05,-5.77854E+01
6.1187744E+05,-5.42854E+01
6.1340332E+05,-4.91654E+01
6.1492920E+05,-4.84254E+01
6.1645508E+05,-4.52454E+01
6.1798096E+05,-3.97454E+01
6.1950684E+05,-3.36854E+01
6.2103271E+05,-2.38054E+01
6.2255859E+05,-8.54540E+00
6.2408447E+05,7.79460E+00
6.2561035E+05,8.97460E+00
6.2713623E+05,-3.00540E+00
6.2866211E+05,-2.17854E+01
6.3018799E+05,-3.18454E+01
6.3171387E+05,-3.75654E+01
6.3323975E+05,-4.37254E+01
6.3476562E+05,-5.11654E+01
6.3629150E+05,-5.15654E+01
6.3781738E+05,-5.12654E+01
6.3934326E+05,-5.87254E+01
6.4086914E+05,-6.42054E+01
6.4239502E+05,-5.61654E+01
6.4392090E+05,-5.94854E+01
6.4544678E+05,-5.76254E+01
6.4697266E+05,-5.76254E+01
6.4849854E+05,-7.05254E+01
6.5002441E+05,-6.03654E+01
6.5155029E+05,-5.43654E+01
6.5307617E+05,-6.15054E+01
6.5460205E+05,-5.64054E+01
6.5612793E+05,-6.18654E+01
6.5765381E+05,-6.65454E+01
6.5917969E+05,-5.54854E+01
6.6070557E+05,-5.45054E+01
6.6223145E+05,-5.28654E+01
6.6375732E+05,-6.02654E+01
6.6528320E+05,-5.03654E+01
6.6680908E+05,-5.21854E+01
6.6833496E+05,-5.82454E+01
6.6986084E+05,-5.50454E+01
6.7138672E+05,-5.50254E+01
6.7291260E+05,-5.68054E+01
6.7443848E+05,-5.48054E+01
6.7596436E+05,-5.99654E+01
6.7749023E+05,-6.04854E+01
6.7901611E+05,-6.23854E+01
6.8054199E+05,-6.02254E+01
6.8206787E+05,-5.74454E+01
6.8359375E+05,-5.59654E+01
6.8511963E+05,-6.05054E+01
6.8664551E+05,-5.22654E+01
6.8817139E+05,-5.30054E+01
6.8969727E+05,-4.92254E+01
6.9122314E+05,-4.93454E+01
6.9274902E+05,-5.01254E+01
6.9427490E+05,-5.74054E+01
6.9580078E+05,-6.27654E+01
6.9732666E+05,-5.78054E+01
6.9885254E+05,-5.60654E+01
7.0037842E+05,-5.71854E+01
7.0190430E+05,-5.50854E+01
7.0343018E+05,-5.35054E+01
7.0495605E+05,-5.02254E+01
7.0648193E+05,-5.46054E+01
7.0800781E+05,-8.08054E+01
7.0953369E+05,-6.54054E+01
7.1105957E+05,-6.04254E+01
7.1258545E+05,-6.33854E+01
7.1411133E+05,-5.48054E+01
7.1563721E+05,-5.55054E+01
7.1716309E+05,-6.58654E+01
7.1868896E+05,-5.90654E+01
7.2021484E+05,-5.60454E+01
7.2174072E+05,-5.55854E+01
7.2326660E+05,-5.73254E+01
7.2479248E+05,-5.95454E+01
7.2631836E+05,-6.11854E+01
7.2784424E+05,-6.31654E+01
7.2937012E+05,-6.43854E+01
7.3089600E+05,-8.14054E+01
7.3242188E+05,-6.03454E+01
7.3394775E+05,-5.43854E+01
7.3547363E+05,-5.40454E+01
7.3699951E+05,-5.46654E+01
7.3852539E+05,-5.58254E+01
7.4005127E+05,-5.89054E+01
7.4157715E+05,-5.15454E+01
7.4310303E+05,-5.08454E+01
7.4462891E+05,-5.48854E+01
7.4615479E+05,-5.58454E+01
7.4768066E+05,-5.85654E+01
7.4920654E+05,-6.36254E+01
7.5073242E+05,-6.06854E+01
7.5225830E+05,-6.56254E+01
7.5378418E+05,-6.13854E+01
7.5531006E+05,-5.58254E+01
7.5683594E+05,-4.82654E+01
7.5836182E+05,-4.79454E+01
7.5988770E+05,-5.43054E+01
7.6141357E+05,-5.99254E+01
7.6293945E+05,-6.80254E+01
7.6446533E+05,-7.29654E+01
7.6599121E+05,-7.86654E+01
7.6751709E+05,-5.86054E+01
7.6904297E+05,-5.52454E+01
7.7056885E+05,-5.52454E+01
7.7209473E+05,-5.93054E+01
7.7362061E+05,-7.82454E+01
7.7514648E+05,-6.48054E+01
7.7667236E+05,-6.02254E+01
7.7819824E+05,-5.59254E+01
7.7972412E+05,-5.50854E+01
7.8125000E+05,-6.80254E+01
7.8277588E+05,-5.84654E+01
7.8430176E+05,-5.45054E+01
7.8582764E+05,-5.42454E+01
7.8735352E+05,-5.75854E+01
7.8887939E+05,-6.23654E+01
7.9040527E+05,-6.23054E+01
7.9193115E+05,-5.58854E+01
7.9345703E+05,-6.56254E+01
7.9498291E+05,-5.81654E+01
7.9650879E+05,-5.77854E+01
7.9803467E+05,-6.04454E+01
7.9956055E+05,-6.70454E+01
8.0108643E+05,-6.37854E+01
8.0261230E+05,-6.35054E+01
8.0413818E+05,-5.46854E+01
8.0566406E+05,-5.30654E+01
8.0718994E+05,-5.31854E+01
8.0871582E+05,-5.43854E+01
8.1024170E+05,-5.90654E+01
8.1176758E+05,-6.79054E+01
8.1329346E+05,-7.13654E+01
8.1481934E+05,-6.44654E+01
8.1634521E+05,-6.52054E+01
8.1787109E+05,-5.98054E+01
8.1939697E+05,-6.09254E+01
8.2092285E+05,-5.54054E+01
8.2244873E+05,-5.95054E+01
8.2397461E+05,-5.71054E+01
8.2550049E+05,-5.96654E+01
8.2702637E+05,-5.88454E+01
8.2855225E+05,-5.24654E+01
8.3007812E+05,-5.91654E+01
8.3160400E+05,-7.23654E+01
8.3312988E+05,-5.91054E+01
8.3465576E+05,-5.82854E+01
8.3618164E+05,-5.74454E+01
8.3770752E+05,-5.81854E+01
8.3923340E+05,-5.40054E+01
8.4075928E+05,-5.46254E+01
8.4228516E+05,-5.84654E+01
8.4381104E+05,-7.18454E+01
8.4533691E+05,-5.71054E+01
8.4686279E+05,-5.97054E+01
8.4838867E+05,-5.57654E+01
8.4991455E+05,-5.18454E+01
8.5144043E+05,-6.32254E+01
8.5296631E+05,-6.42454E+01
8.5449219E+05,-5.48854E+01
8.5601807E+05,-5.07654E+01
8.5754395E+05,-5.70654E+01
8.5906982E+05,-5.82654E+01
8.6059570E+05,-5.73854E+01
8.6212158E+05,-5.67054E+01
8.6364746E+05,-5.76654E+01
8.6517334E+05,-6.02654E+01
8.6669922E+05,-7.72854E+01
8.6822510E+05,-5.38854E+01
8.6975098E+05,-5.23254E+01
8.7127686E+05,-5.95854E+01
8.7280273E+05,-6.56254E+01
8.7432861E+05,-5.65054E+01
8.7585449E+05,-5.54054E+01
8.7738037E+05,-5.96254E+01
8.7890625E+05,-7.09054E+01
8.8043213E+05,-7.16054E+01
8.8195801E+05,-6.11454E+01
8.8348389E+05,-6.27654E+01
8.8500977E+05,-6.03854E+01
8.8653564E+05,-6.45054E+01
8.8806152E+05,-6.22254E+01
8.8958740E+05,-5.84254E+01
8.9111328E+05,-5.60654E+01
8.9263916E+05,-7.03454E+01
8.9416504E+05,-5.86654E+01
8.9569092E+05,-5.77854E+01
8.9721680E+05,-6.16454E+01
8.9874268E+05,-6.74054E+01
9.0026855E+05,-6.47654E+01
9.0179443E+05,-5.95854E+01
9.0332031E+05,-5.54054E+01
9.0484619E+05,-6.04254E+01
9.0637207E+05,-6.43254E+01
9.0789795E+05,-6.09054E+01
9.0942383E+05,-5.77054E+01
9.1094971E+05,-5.49054E+01
9.1247559E+05,-5.71654E+01
9.1400146E+05,-8.12254E+01
9.1552734E+05,-6.15054E+01
9.1705322E+05,-6.32054E+01
9.1857910E+05,-6.00054E+01
9.2010498E+05,-5.25654E+01
9.2163086E+05,-6.04654E+01
9.2315674E+05,-5.66254E+01
9.2468262E+05,-5.17054E+01
9.2620850E+05,-5.64054E+01
9.2773438E+05,-7.51654E+01
9.2926025E+05,-6.03454E+01
9.3078613E+05,-5.44654E+01
9.3231201E+05,-5.92254E+01
9.3383789E+05,-5.86254E+01
9.3536377E+05,-5.33854E+01
9.3688965E+05,-5.19654E+01
9.3841553E+05,-5.80454E+01
9.3994141E+05,-6.56854E+01
9.4146729E+05,-5.50854E+01
9.4299316E+05,-5.58254E+01
9.4451904E+05,-5.81054E+01
9.4604492E+05,-5.69254E+01
9.4757080E+05,-5.82054E+01
9.4909668E+05,-5.39454E+01
9.5062256E+05,-5.22254E+01
9.5214844E+05,-5.15054E+01
9.5367432E+05,-5.58454E+01
9.5520020E+05,-6.42054E+01
9.5672607E+05,-5.50854E+01
9.5825195E+05,-5.43054E+01
9.5977783E+05,-5.55254E+01
9.6130371E+05,-5.29454E+01
9.6282959E+05,-5.31054E+01
9.6435547E+05,-5.74054E+01
9.6588135E+05,-6.32454E+01
9.6740723E+05,-6.28454E+01
9.6893311E+05,-5.63454E+01
9.7045898E+05,-5.89454E+01
9.7198486E+05,-5.86054E+01
9.7351074E+05,-5.18054E+01
9.7503662E+05,-5.23054E+01
9.7656250E+05,-6.84854E+01
9.7808838E+05,-6.28254E+01
9.7961426E+05,-6.28454E+01
9.8114014E+05,-5.91054E+01
9.8266602E+05,-6.93654E+01
9.8419189E+05,-5.76054E+01
9.8571777E+05,-5.86654E+01
9.8724365E+05,-6.51254E+01
9.8876953E+05,-5.81654E+01
9.9029541E+05,-5.62454E+01
9.9182129E+05,-6.31254E+01
9.9334717E+05,-6.23654E+01
9.9487305E+05,-6.75454E+01
9.9639893E+05,-6.39654E+01
9.9792480E+05,-7.02254E+01
9.9945068E+05,-6.11454E+01
1.0009766E+06,-5.61254E+01
1.0025024E+06,-5.52454E+01
1.0040283E+06,-6.99254E+01
1.0055542E+06,-5.99654E+01
1.0070801E+06,-5.91654E+01
1.0086060E+06,-6.24254E+01
1.0101318E+06,-5.79254E+01
1.0116577E+06,-5.25054E+01
1.0131836E+06,-5.93654E+01
1.0147095E+06,-6.11854E+01
1.0162354E+06,-5.39854E+01
1.0177612E+06,-5.30454E+01
1.0192871E+06,-5.20654E+01
1.0208130E+06,-5.47454E+01
1.0223389E+06,-5.70054E+01
1.0238647E+06,-5.41654E+01
1.0253906E+06,-5.16654E+01
1.0269165E+06,-5.35854E+01
1.0284424E+06,-6.20254E+01
1.0299683E+06,-6.11654E+01
1.0314941E+06,-5.54654E+01
1.0330200E+06,-5.81054E+01
1.0345459E+06,-5.98054E+01
1.0360718E+06,-5.37654E+01
1.0375977E+06,-5.81054E+01
1.0391235E+06,-6.12054E+01
1.0406494E+06,-5.44254E+01
1.0421753E+06,-5.46654E+01
1.0437012E+06,-5.58254E+01
1.0452271E+06,-5.80054E+01
1.0467529E+06,-7.02654E+01
1.0482788E+06,-6.12054E+01
1.0498047E+06,-5.88054E+01
1.0513306E+06,-5.26054E+01
1.0528564E+06,-5.15254E+01
1.0543823E+06,-5.54854E+01
1.0559082E+06,-6.62054E+01
1.0574341E+06,-5.90254E+01
1.0589600E+06,-5.77054E+01
1.0604858E+06,-5.85454E+01
1.0620117E+06,-5.46654E+01
1.0635376E+06,-6.06254E+01
1.0650635E+06,-6.51654E+01
1.0665894E+06,-5.53054E+01
1.0681152E+06,-5.46654E+01
1.0696411E+06,-5.94454E+01
1.0711670E+06,-6.41254E+01
1.0726929E+06,-5.64054E+01
1.0742188E+06,-5.33454E+01
1.0757446E+06,-6.25854E+01
1.0772705E+06,-6.14454E+01
1.0787964E+06,-5.36254E+01
1.0803223E+06,-5.69854E+01
1.0818481E+06,-6.47854E+01
1.0833740E+06,-5.56054E+01
1.0848999E+06,-5.21454E+01
1.0864258E+06,-5.80854E+01
1.0879517E+06,-5.79454E+01
1.0894775E+06,-5.87254E+01
1.0910034E+06,-5.75654E+01
1.0925293E+06,-5.58254E+01
1.0940552E+06,-5.85654E+01
1.0955811E+06,-5.78254E+01
1.0971069E+06,-5.76854E+01
1.0986328E+06,-5.51854E+01
1.1001587E+06,-5.51654E+01
1.1016846E+06,-5.54654E+01
1.1032104E+06,-5.81254E+01
1.1047363E+06,-5.79254E+01
1.1062622E+06,-5.13854E+01
1.1077881E+06,-5.26854E+01
1.1093140E+06,-6.93054E+01
1.1108398E+06,-5.43854E+01
1.1123657E+06,-5.39454E+01
1.1138916E+06,-5.88654E+01
1.1154175E+06,-6.59054E+01
1.1169434E+06,-6.78054E+01
1.1184692E+06,-5.37254E+01
1.1199951E+06,-5.22854E+01
1.1215210E+06,-5.25654E+01
1.1230469E+06,-5.74254E+01
1.1245728E+06,-6.30254E+01
1.1260986E+06,-5.65054E+01
1.1276245E+06,-5.35654E+01
1.1291504E+06,-5.95854E+01
1.1306763E+06,-7.07854E+01
1.1322021E+06,-6.36454E+01
1.1337280E+06,-5.46254E+01
1.1352539E+06,-5.43654E+01
1.1367798E+06,-5.53254E+01
1.1383057E+06,-5.67854E+01
1.1398315E+06,-5.45254E+01
1.1413574E+06,-5.51054E+01
1.1428833E+06,-5.29654E+01
1.1444092E+06,-6.11054E+01
1.1459351E+06,-5.70054E+01
1.1474609E+06,-5.65854E+01
1.1489868E+06,-5.26254E+01
1.1505127E+06,-5.26454E+01
1.1520386E+06,-6.73254E+01
1.1535645E+06,-5.93054E+01
1.1550903E+06,-6.81854E+01
1.1566162E+06,-5.59454E+01
1.1581421E+06,-5.25854E+01
1.1596680E+06,-5.39454E+01
1.1611938E+06,-5.98854E+01
1.1627197E+06,-7.60654E+01
1.1642456E+06,-6.79054E+01
1.1657715E+06,-6.99254E+01
1.1672974E+06,-6.17854E+01
1.1688232E+06,-5.39654E+01
1.1703491E+06,-5.20454E+01
1.1718750E+06,-5.69254E+01
1.1734009E+06,-6.98854E+01
1.1749268E+06,-6.05054E+01
1.1764526E+06,-6.03854E+01
1.1779785E+06,-6.17854E+01
1.1795044E+06,-5.84654E+01
1.1810303E+06,-5.55854E+01
1.1825562E+06,-5.85454E+01
1.1840820E+06,-5.76654E+01
1.1856079E+06,-5.32654E+01
1.1871338E+06,-5.55854E+01
1.1886597E+06,-6.07054E+01
1.1901855E+06,-5.94454E+01
1.1917114E+06,-6.00054E+01
1.1932373E+06,-5.51854E+01
1.1947632E+06,-6.17254E+01
1.1962891E+06,-5.86654E+01
1.1978149E+06,-5.26854E+01
1.1993408E+06,-5.54854E+01
1.2008667E+06,-5.80054E+01
1.2023926E+06,-5.42654E+01
1.2039185E+06,-6.00454E+01
1.2054443E+06,-5.72654E+01
1.2069702E+06,-5.48254E+01
1.2084961E+06,-7.53454E+01
1.2100220E+06,-5.42454E+01
1.2115479E+06,-5.62054E+01
1.2130737E+06,-6.20254E+01
1.2145996E+06,-5.93654E+01
1.2161255E+06,-5.40854E+01
1.2176514E+06,-5.87854E+01
1.2191772E+06,-6.12654E+01
1.2207031E+06,-6.30254E+01
1.2222290E+06,-5.81254E+01
1.2237549E+06,-5.63254E+01
1.2252808E+06,-5.75454E+01
1.2268066E+06,-5.77254E+01
1.2283325E+06,-6.14054E+01
1.2298584E+06,-9.32454E+01
1.2313843E+06,-6.23454E+01
1.2329102E+06,-6.54654E+01
1.2344360E+06,-6.69854E+01
1.2359619E+06,-6.94054E+01
1.2374878E+06,-7.16654E+01
1.2390137E+06,-5.90254E+01
1.2405396E+06,-5.42454E+01
1.2420654E+06,-5.71654E+01
1.2435913E+06,-6.58254E+01
1.2451172E+06,-5.58854E+01
1.2466431E+06,-5.80254E+01
1.2481689E+06,-5.11054E+01
1.2496948E+06,-4.37254E+01
1.2512207E+06,-5.02254E+01
1.2527466E+06,-5.61854E+01
1.2542725E+06,-5.90254E+01
1.2557983E+06,-6.21254E+01
1.2573242E+06,-5.28854E+01
1.2588501E+06,-5.45054E+01
1.2603760E+06,-5.37254E+01
1.2619019E+06,-5.85654E+01
1.2634277E+06,-5.80454E+01
1.2649536E+06,-5.46054E+01
1.2664795E+06,-6.47654E+01
1.2680054E+06,-6.15854E+01
1.2695312E+06,-5.43254E+01
1.2710571E+06,-5.74054E+01
1.2725830E+06,-5.27854E+01
1.2741089E+06,-5.12654E+01
1.2756348E+06,-5.84654E+01
1.2771606E+06,-6.16254E+01
1.2786865E+06,-5.66054E+01
1.2802124E+06,-6.39854E+01
1.2817383E+06,-6.37454E+01
1.2832642E+06,-6.50054E+01
1.2847900E+06,-5.46254E+01
1.2863159E+06,-5.24054E+01
1.2878418E+06,-5.91254E+01
1.2893677E+06,-6.86054E+01
1.2908936E+06,-5.85654E+01
1.2924194E+06,-5.14854E+01
1.2939453E+06,-5.02654E+01
1.2954712E+06,-5.34654E+01
1.2969971E+06,-5.29254E+01
1.2985229E+06,-5.44654E+01
1.3000488E+06,-6.12854E+01
1.3015747E+06,-6.15654E+01
1.3031006E+06,-6.09254E+01
1.3046265E+06,-5.94454E+01
1.3061523E+06,-6.54654E+01
1.3076782E+06,-5.55254E+01
1.3092041E+06,-5.50054E+01
1.3107300E+06,-5.36454E+01
1.3122559E+06,-5.29054E+01
1.3137817E+06,-6.20654E+01
1.3153076E+06,-5.51254E+01
1.3168335E+06,-5.22054E+01
1.3183594E+06,-5.70854E+01
1.3198853E+06,-5.80854E+01
1.3214111E+06,-6.60254E+01
1.3229370E+06,-5.43454E+01
1.3244629E+06,-5.54854E+01
1.3259888E+06,-6.19854E+01
1.3275146E+06,-5.49054E+01
1.3290405E+06,-5.84254E+01
1.3305664E+06,-6.13054E+01
1.3320923E+06,-6.54654E+01
1.3336182E+06,-6.43054E+01
1.3351440E+06,-6.07254E+01
1.3366699E+06,-6.14854E+01
1.3381958E+06,-5.42854E+01
1.3397217E+06,-5.50454E+01
1.3412476E+06,-5.63454E+01
1.3427734E+06,-6.14654E+01
1.3442993E+06,-6.25054E+01
1.3458252E+06,-5.77254E+01
1.3473511E+06,-5.09254E+01
1.3488770E+06,-5.06054E+01
1.3504028E+06,-5.86654E+01
1.3519287E+06,-5.30054E+01
1.3534546E+06,-5.13854E+01
1.3549805E+06,-5.71654E+01
1.3565063E+06,-5.56454E+01
1.3580322E+06,-5.29254E+01
1.3595581E+06,-5.76254E+01
1.3610840E+06,-6.20454E+01
1.3626099E+06,-5.82454E+01
1.3641357E+06,-6.60054E+01
1.3656616E+06,-8.15054E+01
1.3671875E+06,-5.72654E+01
1.3687134E+06,-5.43854E+01
1.3702393E+06,-6.39654E+01
1.3717651E+06,-5.84254E+01
1.3732910E+06,-6.32454E+01
1.3748169E+06,-5.74454E+01
1.3763428E+06,-5.59454E+01
1.3778687E+06,-5.78454E+01
1.3793945E+06,-7.55654E+01
1.3809204E+06,-5.94454E+01
1.3824463E+06,-5.76054E+01
1.3839722E+06,-5.74454E+01
1.3854980E+06,-5.69054E+01
1.3870239E+06,-5.83454E+01
1.3885498E+06,-5.66254E+01
1.3900757E+06,-5.33254E+01
1.3916016E+06,-5.18054E+01
1.3931274E+06,-5.36254E+01
1.3946533E+06,-5.47854E+01
1.3961792E+06,-6.66654E+01
1.3977051E+06,-5.84854E+01
1.3992310E+06,-5.34254E+01
1.4007568E+06,-5.36654E+01
1.4022827E+06,-5.91054E+01
1.4038086E+06,-6.73654E+01
1.4053345E+06,-6.69054E+01
1.4068604E+06,-5.53854E+01
1.4083862E+06,-5.90054E+01
1.4099121E+06,-5.94054E+01
1.4114380E+06,-5.57054E+01
1.4129639E+06,-5.86854E+01
1.4144897E+06,-5.77254E+01
1.4160156E+06,-6.06254E+01
1.4175415E+06,-6.64654E+01
1.4190674E+06,-6.69654E+01
1.4205933E+06,-6.13454E+01
1.4221191E+06,-6.02654E+01
1.4236450E+06,-5.42454E+01
1.4251709E+06,-5.44854E+01
1.4266968E+06,-5.80254E+01
1.4282227E+06,-6.16654E+01
1.4297485E+06,-5.74054E+01
1.4312744E+06,-5.24054E+01
1.4328003E+06,-5.06254E+01
1.4343262E+06,-4.91054E+01
1.4358521E+06,-4.93654E+01
1.4373779E+06,-5.45054E+01
1.4389038E+06,-5.59654E+01
1.4404297E+06,-5.40054E+01
1.4419556E+06,-6.57654E+01
1.4434814E+06,-5.86654E+01
1.4450073E+06,-5.88654E+01
1.4465332E+06,-5.71854E+01
1.4480591E+06,-5.75254E+01
1.4495850E+06,-6.23254E+01
1.4511108E+06,-5.71854E+01
1.4526367E+06,-5.60254E+01
1.4541626E+06,-6.42654E+01
1.4556885E+06,-7.40654E+01
1.4572144E+06,-6.73854E+01
1.4587402E+06,-5.49454E+01
1.4602661E+06,-5.37054E+01
1.4617920E+06,-6.00854E+01
1.4633179E+06,-6.30854E+01
1.4648438E+06,-5.43854E+01
1.4663696E+06,-5.29854E+01
1.4678955E+06,-5.52054E+01
1.4694214E+06,-5.78654E+01
1.4709473E+06,-6.02254E+01
1.4724731E+06,-6.22254E+01
1.4739990E+06,-6.21654E+01
1.4755249E+06,-6.12454E+01
1.4770508E+06,-6.23254E+01
1.4785767E+06,-6.19254E+01
1.4801025E+06,-5.63654E+01
1.4816284E+06,-5.93454E+01
1.4831543E+06,-5.87454E+01
1.4846802E+06,-5.41054E+01
1.4862061E+06,-5.38054E+01
1.4877319E+06,-5.64854E+01
1.4892578E+06,-7.25054E+01
1.4907837E+06,-5.57454E+01
1.4923096E+06,-5.72054E+01
1.4938354E+06,-6.36654E+01
1.4953613E+06,-6.39454E+01
1.4968872E+06,-5.68454E+01
1.4984131E+06,-5.92254E+01
1.4999390E+06,-6.59854E+01
1.5014648E+06,-5.64054E+01
1.5029907E+06,-5.63454E+01
1.5045166E+06,-6.64454E+01
1.5060425E+06,-6.44654E+01
1.5075684E+06,-6.63854E+01
1.5090942E+06,-6.46454E+01
1.5106201E+06,-6.23854E+01
1.5121460E+06,-6.27054E+01
1.5136719E+06,-5.48454E+01
1.5151978E+06,-5.63854E+01
1.5167236E+06,-5.47254E+01
1.5182495E+06,-5.80854E+01
1.5197754E+06,-5.51254E+01
1.5213013E+06,-5.12454E+01
1.5228271E+06,-5.68654E+01
1.5243530E+06,-5.44654E+01
1.5258789E+06,-5.59654E+01
1.5274048E+06,-6.38254E+01
1.5289307E+06,-6.30054E+01
1.5304565E+06,-6.39254E+01
1.5319824E+06,-6.22454E+01
1.5335083E+06,-5.52854E+01
1.5350342E+06,-5.34854E+01
1.5365601E+06,-6.19054E+01
1.5380859E+06,-5.73454E+01
1.5396118E+06,-5.72454E+01
1.5411377E+06,-5.73854E+01
1.5426636E+06,-5.60254E+01
1.5441895E+06,-5.97654E+01
1.5457153E+06,-6.18654E+01
1.5472412E+06,-5.74254E+01
1.5487671E+06,-5.75254E+01
1.5502930E+06,-6.43454E+01
1.5518188E+06,-5.96254E+01
1.5533447E+06,-5.57454E+01
1.5548706E+06,-5.57054E+01
1.5563965E+06,-6.30054E+01
1.5579224E+06,-6.11654E+01
1.5594482E+06,-5.68654E+01
1.5609741E+06,-5.92254E+01
1.5625000E+06,-5.69254E+01
1.5640259E+06,-5.53054E+01
1.5655518E+06,-5.38054E+01
1.5670776E+06,-5.35654E+01
1.5686035E+06,-6.99654E+01
1.5701294E+06,-5.31854E+01
1.5716553E+06,-5.24654E+01
1.5731812E+06,-6.26654E+01
1.5747070E+06,-6.11254E+01
1.5762329E+06,-5.16254E+01
1.5777588E+06,-4.94054E+01
1.5792847E+06,-5.35654E+01
1.5808105E+06,-5.32054E+01
1.5823364E+06,-5.13254E+01
1.5838623E+06,-5.79454E+01
1.5853882E+06,-5.59054E+01
1.5869141E+06,-5.74254E+01
1.5884399E+06,-5.68854E+01
1.5899658E+06,-5.20854E+01
1.5914917E+06,-5.29654E+01
1.5930176E+06,-5.91054E+01
1.5945435E+06,-5.46654E+01
1.5960693E+06,-5.12054E+01
1.5975952E+06,-5.40454E+01
1.5991211E+06,-5.61054E+01
1.6006470E+06,-8.18454E+01
1.6021729E+06,-5.97654E+01
1.6036987E+06,-5.84654E+01
1.6052246E+06,-7.07654E+01
1.6067505E+06,-6.23854E+01
1.6082764E+06,-6.71654E+01
1.6098022E+06,-5.89654E+01
1.6113281E+06,-6.31854E+01
1.6128540E+06,-7.11654E+01
1.6143799E+06,-6.03454E+01
1.6159058E+06,-5.26054E+01
1.6174316E+06,-5.40654E+01
1.6189575E+06,-5.49054E+01
1.6204834E+06,-7.11854E+01
1.6220093E+06,-5.75454E+01
1.6235352E+06,-6.39854E+01
1.6250610E+06,-6.15454E+01
1.6265869E+06,-5.62654E+01
1.6281128E+06,-5.46454E+01
1.6296387E+06,-5.10054E+01
1.6311646E+06,-6.28654E+01
1.6326904E+06,-6.92654E+01
1.6342163E+06,-5.08854E+01
1.6357422E+06,-5.22854E+01
1.6372681E+06,-5.82654E+01
1.6387939E+06,-6.22854E+01
1.6403198E+06,-6.56454E+01
1.6418457E+06,-5.35454E+01
1.6433716E+06,-5.54854E+01
1.6448975E+06,-6.22454E+01
1.6464233E+06,-5.44854E+01
1.6479492E+06,-5.26454E+01
1.6494751E+06,-6.12054E+01
1.6510010E+06,-5.87854E+01
1.6525269E+06,-5.62654E+01
1.6540527E+06,-5.83454E+01
1.6555786E+06,-7.23454E+01
1.6571045E+06,-5.44854E+01
1.6586304E+06,-5.17254E+01
1.6601562E+06,-5.10854E+01
1.6616821E+06,-5.16654E+01
1.6632080E+06,-5.52054E+01
1.6647339E+06,-5.91654E+01
1.6662598E+06,-5.84854E+01
1.6677856E+06,-5.95454E+01
1.6693115E+06,-5.73854E+01
1.6708374E+06,-5.74654E+01
1.6723633E+06,-5.02254E+01
1.6738892E+06,-4.81054E+01
1.6754150E+06,-5.45254E+01
1.6769409E+06,-7.14254E+01
1.6784668E+06,-5.43654E+01
1.6799927E+06,-5.31654E+01
1.6815186E+06,-5.21254E+01
1.6830444E+06,-5.14654E+01
1.6845703E+06,-5.46254E+01
1.6860962E+06,-6.22254E+01
1.6876221E+06,-6.78254E+01
1.6891479E+06,-5.98054E+01
1.6906738E+06,-6.11054E+01
1.6921997E+06,-6.17454E+01
1.6937256E+06,-5.72254E+01
1.6952515E+06,-6.14054E+01
1.6967773E+06,-5.98854E+01
1.6983032E+06,-5.51654E+01
1.6998291E+06,-5.36054E+01
1.7013550E+06,-5.74454E+01
1.7028809E+06,-6.09254E+01
1.7044067E+06,-5.47254E+01
1.7059326E+06,-6.45854E+01
1.7074585E+06,-5.95054E+01
1.7089844E+06,-5.44654E+01
1.7105103E+06,-5.51454E+01
1.7120361E+06,-5.78654E+01
1.7135620E+06,-5.56454E+01
1.7150879E+06,-5.60854E+01
1.7166138E+06,-6.29254E+01
1.7181396E+06,-5.95454E+01
1.7196655E+06,-5.37054E+01
1.7211914E+06,-5.24254E+01
1.7227173E+06,-5.46654E+01
1.7242432E+06,-5.51654E+01
1.7257690E+06,-5.31254E+01
1.7272949E+06,-5.36854E+01
1.7288208E+06,-5.95854E+01
1.7303467E+06,-6.45254E+01
1.7318726E+06,-6.12654E+01
1.7333984E+06,-5.43654E+01
1.7349243E+06,-5.43854E+01
1.7364502E+06,-5.58454E+01
1.7379761E+06,-6.06454E+01
1.7395020E+06,-5.46654E+01
1.7410278E+06,-5.12054E+01
1.7425537E+06,-5.79854E+01
1.7440796E+06,-6.15454E+01
1.7456055E+06,-6.61654E+01
1.7471313E+06,-5.71654E+01
1.7486572E+06,-5.49854E+01
1.7501831E+06,-5.82654E+01
1.7517090E+06,-5.68054E+01
1.7532349E+06,-6.08854E+01
1.7547607E+06,-5.40454E+01
1.7562866E+06,-4.97654E+01
1.7578125E+06,-5.45854E+01
1.7593384E+06,-6.24254E+01
1.7608643E+06,-5.78654E+01
1.7623901E+06,-5.61254E+01
1.7639160E+06,-5.67654E+01
1.7654419E+06,-6.30454E+01
1.7669678E+06,-5.61654E+01
1.7684937E+06,-5.97454E+01
1.7700195E+06,-6.00054E+01
1.7715454E+06,-6.18854E+01
1.7730713E+06,-6.65254E+01
1.7745972E+06,-7.04854E+01
1.7761230E+06,-6.59854E+01
1.7776489E+06,-5.72454E+01
1.7791748E+06,-5.18454E+01
1.7807007E+06,-5.00054E+01
1.7822266E+06,-5.63854E+01
1.7837524E+06,-7.33854E+01
1.7852783E+06,-6.29654E+01
1.7868042E+06,-5.53654E+01
1.7883301E+06,-5.40454E+01
1.7898560E+06,-5.68054E+01
1.7913818E+06,-5.45854E+01
1.7929077E+06,-5.46654E+01
1.7944336E+06,-5.10254E+01
1.7959595E+06,-5.05054E+01
1.7974854E+06,-5.21454E+01
1.7990112E+06,-6.01254E+01
1.8005371E+06,-5.77854E+01
1.8020630E+06,-5.96654E+01
1.8035889E+06,-5.37054E+01
1.8051147E+06,-5.14454E+01
1.8066406E+06,-7.01254E+01
1.8081665E+06,-5.46254E+01
1.8096924E+06,-5.56854E+01
1.8112183E+06,-6.55854E+01
1.8127441E+06,-5.40454E+01
1.8142700E+06,-5.09054E+01
1.8157959E+06,-5.32254E+01
1.8173218E+06,-5.51854E+01
1.8188477E+06,-5.78454E+01
1.8203735E+06,-5.61654E+01
1.8218994E+06,-5.77454E+01
1.8234253E+06,-6.76254E+01
1.8249512E+06,-6.23254E+01
1.8264771E+06,-5.89054E+01
1.8280029E+06,-5.82454E+01
1.8295288E+06,-5.89654E+01
1.8310547E+06,-5.96254E+01
1.8325806E+06,-6.49454E+01
1.8341064E+06,-5.38054E+01
1.8356323E+06,-6.09654E+01
1.8371582E+06,-5.54854E+01
1.8386841E+06,-5.56654E+01
1.8402100E+06,-5.91054E+01
1.8417358E+06,-6.07254E+01
1.8432617E+06,-6.11854E+01
1.8447876E+06,-5.74454E+01
1.8463135E+06,-5.74054E+01
1.8478394E+06,-5.44454E+01
1.8493652E+06,-5.52454E+01
1.8508911E+06,-5.64254E+01
1.8524170E+06,-5.23054E+01
1.8539429E+06,-5.88454E+01
1.8554688E+06,-5.68054E+01
1.8569946E+06,-5.74254E+01
1.8585205E+06,-7.14854E+01
1.8600464E+06,-5.55054E+01
1.8615723E+06,-5.95454E+01
1.8630981E+06,-5.63054E+01
1.8646240E+06,-7.81254E+01
1.8661499E+06,-5.18654E+01
1.8676758E+06,-5.32054E+01
1.8692017E+06,-6.86654E+01
1.8707275E+06,-6.97054E+01
1.8722534E+06,-5.53854E+01
1.8737793E+06,-5.72454E+01
1.8753052E+06,-4.90254E+01
1.8768311E+06,-4.90654E+01
1.8783569E+06,-5.08254E+01
1.8798828E+06,-5.23854E+01
1.8814087E+06,-5.20854E+01
1.8829346E+06,-5.43654E+01
1.8844604E+06,-6.79254E+01
1.8859863E+06,-6.02654E+01
1.8875122E+06,-5.87454E+01
1.8890381E+06,-5.42254E+01
1.8905640E+06,-5.42654E+01
1.8920898E+06,-5.59054E+01
1.8936157E+06,-5.80054E+01
1.8951416E+06,-6.97054E+01
1.8966675E+06,-5.84254E+01
1.8981934E+06,-5.90054E+01
1.8997192E+06,-6.63854E+01
1.9012451E+06,-6.10054E+01
1.9027710E+06,-6.24054E+01
1.9042969E+06,-6.44254E+01
1.9058228E+06,-6.33254E+01
1.9073486E+06,-6.00854E+01
1.9088745E+06,-5.64654E+01
1.9104004E+06,-5.56254E+01
1.9119263E+06,-5.74854E+01
1.9134521E+06,-5.45854E+01
1.9149780E+06,-5.80454E+01
1.9165039E+06,-5.49454E+01
1.9180298E+06,-5.94854E+01
1.9195557E+06,-5.72254E+01
1.9210815E+06,-5.79854E+01
1.9226074E+06,-5.07654E+01
1.9241333E+06,-4.96654E+01
1.9256592E+06,-5.93454E+01
1.9271851E+06,-6.31654E+01
1.9287109E+06,-6.00854E+01
1.9302368E+06,-5.81654E+01
1.9317627E+06,-7.98454E+01
1.9332886E+06,-5.70854E+01
1.9348145E+06,-5.57254E+01
1.9363403E+06,-5.61654E+01
1.9378662E+06,-5.60654E+01
1.9393921E+06,-5.57054E+01
1.9409180E+06,-5.38654E+01
1.9424438E+06,-5.29454E+01
1.9439697E+06,-5.10254E+01
1.9454956E+06,-5.24054E+01
1.9470215E+06,-5.53054E+01
1.9485474E+06,-5.67854E+01
1.9500732E+06,-6.50454E+01
1.9515991E+06,-6.11054E+01
1.9531250E+06,-7.05854E+01
1.9546509E+06,-6.07254E+01
1.9561768E+06,-7.22654E+01
1.9577026E+06,-6.80454E+01
1.9592285E+06,-6.00454E+01
1.9607544E+06,-5.46654E+01
1.9622803E+06,-5.34054E+01
1.9638062E+06,-6.26054E+01
1.9653320E+06,-5.39254E+01
1.9668579E+06,-5.15054E+01
1.9683838E+06,-5.50254E+01
1.9699097E+06,-6.01854E+01
1.9714355E+06,-6.68654E+01
1.9729614E+06,-6.49054E+01
1.9744873E+06,-5.55254E+01
1.9760132E+06,-5.90654E+01
1.9775391E+06,-5.38654E+01
1.9790649E+06,-5.58854E+01
1.9805908E+06,-5.83654E+01
1.9821167E+06,-5.84254E+01
1.9836426E+06,-5.72654E+01
1.9851685E+06,-5.44454E+01
1.9866943E+06,-5.53654E+01
1.9882202E+06,-5.92654E+01
1.9897461E+06,-5.88454E+01
1.9912720E+06,-5.63654E+01
1.9927979E+06,-5.49054E+01
1.9943237E+06,-5.75254E+01
1.9958496E+06,-6.37654E+01
1.9973755E+06,-5.74454E+01
1.9989014E+06,-5.99254E+01
2.0004272E+06,-5.78054E+01
2.0019531E+06,-5.40854E+01
2.0034790E+06,-5.84654E+01
2.0050049E+06,-6.33254E+01
2.0065308E+06,-5.98054E+01
2.0080566E+06,-6.08654E+01
2.0095825E+06,-5.84254E+01
2.0111084E+06,-5.87454E+01
2.0126343E+06,-5.46254E+01
2.0141602E+06,-5.67054E+01
2.0156860E+06,-6.29854E+01
2.0172119E+06,-5.65854E+01
2.0187378E+06,-4.96654E+01
2.0202637E+06,-4.88054E+01
2.0217896E+06,-5.30254E+01
2.0233154E+06,-6.29254E+01
2.0248413E+06,-6.89454E+01
2.0263672E+06,-6.34654E+01
2.0278931E+06,-6.68054E+01
2.0294189E+06,-6.13254E+01
2.0309448E+06,-5.63854E+01
2.0324707E+06,-5.80054E+01
2.0339966E+06,-5.84654E+01
2.0355225E+06,-6.09054E+01
2.0370483E+06,-6.96654E+01
2.0385742E+06,-5.88654E+01
2.0401001E+06,-5.71854E+01
2.0416260E+06,-5.91254E+01
2.0431519E+06,-5.62854E+01
2.0446777E+06,-6.60254E+01
2.0462036E+06,-5.36254E+01
2.0477295E+06,-5.77454E+01
2.0492554E+06,-5.92654E+01
2.0507812E+06,-5.52854E+01
2.0523071E+06,-5.67854E+01
2.0538330E+06,-5.43254E+01
2.0553589E+06,-5.17654E+01
2.0568848E+06,-5.48654E+01
2.0584106E+06,-5.58254E+01
2.0599365E+06,-5.06454E+01
2.0614624E+06,-5.51054E+01
2.0629883E+06,-6.27054E+01
2.0645142E+06,-5.60654E+01
2.0660400E+06,-5.34654E+01
2.0675659E+06,-5.89054E+01
2.0690918E+06,-5.73654E+01
2.0706177E+06,-5.90054E+01
2.0721436E+06,-5.87854E+01
2.0736694E+06,-5.23854E+01
2.0751953E+06,-5.27654E+01
2.0767212E+06,-5.49254E+01
2.0782471E+06,-5.53454E+01
2.0797729E+06,-5.54254E+01
2.0812988E+06,-5.64254E+01
2.0828247E+06,-6.12254E+01
2.0843506E+06,-5.85454E+01
2.0858765E+06,-5.63654E+01
2.0874023E+06,-7.08854E+01
2.0889282E+06,-5.42454E+01
2.0904541E+06,-5.27454E+01
2.0919800E+06,-5.45254E+01
2.0935059E+06,-5.49254E+01
2.0950317E+06,-6.24054E+01
2.0965576E+06,-5.43054E+01
2.0980835E+06,-5.05654E+01
2.0996094E+06,-5.45454E+01
2.1011353E+06,-6.54454E+01
2.1026611E+06,-5.63054E+01
2.1041870E+06,-5.53454E+01
2.1057129E+06,-7.19054E+01
2.1072388E+06,-5.45254E+01
2.1087646E+06,-5.13454E+01
2.1102905E+06,-5.25654E+01
2.1118164E+06,-5.71854E+01
2.1133423E+06,-5.83254E+01
2.1148682E+06,-6.35654E+01
2.1163940E+06,-5.46054E+01
2.1179199E+06,-5.67654E+01
2.1194458E+06,-5.75454E+01
2.1209717E+06,-5.24654E+01
2.1224976E+06,-5.40054E+01
2.1240234E+06,-5.22654E+01
2.1255493E+06,-4.79454E+01
2.1270752E+06,-5.38454E+01
2.1286011E+06,-6.90254E+01
2.1301270E+06,-5.86854E+01
2.1316528E+06,-5.73454E+01
2.1331787E+06,-5.97654E+01
2.1347046E+06,-5.38054E+01
2.1362305E+06,-5.39654E+01
2.1377563E+06,-6.38054E+01
2.1392822E+06,-5.74254E+01
2.1408081E+06,-5.35254E+01
2.1423340E+06,-6.09854E+01
2.1438599E+06,-6.66254E+01
2.1453857E+06,-5.62654E+01
2.1469116E+06,-5.13654E+01
2.1484375E+06,-5.13254E+01
2.1499634E+06,-5.25054E+01
2.1514893E+06,-5.17054E+01
2.1530151E+06,-5.14654E+01
2.1545410E+06,-6.25454E+01
2.1560669E+06,-6.00854E+01
2.1575928E+06,-5.65454E+01
2.1591187E+06,-5.12854E+01
2.1606445E+06,-5.12654E+01
2.1621704E+06,-5.71254E+01
2.1636963E+06,-6.48454E+01
2.1652222E+06,-5.58854E+01
2.1667480E+06,-5.35054E+01
2.1682739E+06,-5.60854E+01
2.1697998E+06,-5.93454E+01
2.1713257E+06,-6.85254E+01
2.1728516E+06,-5.68654E+01
2.1743774E+06,-6.16454E+01
2.1759033E+06,-5.70454E+01
2.1774292E+06,-5.82654E+01
2.1789551E+06,-5.57654E+01
2.1804810E+06,-5.47454E+01
2.1820068E+06,-5.20454E+01
2.1835327E+06,-5.23054E+01
2.1850586E+06,-5.33254E+01
2.1865845E+06,-5.37454E+01
2.1881104E+06,-5.37854E+01
2.1896362E+06,-6.12654E+01
2.1911621E+06,-5.61654E+01
2.1926880E+06,-5.59454E+01
2.1942139E+06,-5.46854E+01
2.1957397E+06,-6.18654E+01
2.1972656E+06,-5.21654E+01
2.1987915E+06,-5.60654E+01
2.2003174E+06,-5.80454E+01
2.2018433E+06,-5.23254E+01
2.2033691E+06,-5.13854E+01
2.2048950E+06,-5.95054E+01
2.2064209E+06,-5.55654E+01
2.2079468E+06,-5.31254E+01
2.2094727E+06,-5.62854E+01
2.2109985E+06,-5.42854E+01
2.2125244E+06,-5.73854E+01
2.2140503E+06,-5.47654E+01
2.2155762E+06,-6.32854E+01
2.2171021E+06,-6.07854E+01
2.2186279E+06,-6.13054E+01
2.2201538E+06,-6.34854E+01
2.2216797E+06,-6.55254E+01
2.2232056E+06,-7.21054E+01
2.2247314E+06,-6.82854E+01
2.2262573E+06,-5.70654E+01
2.2277832E+06,-5.51254E+01
2.2293091E+06,-5.87454E+01
2.2308350E+06,-6.48054E+01
2.2323608E+06,-5.63654E+01
2.2338867E+06,-6.21854E+01
2.2354126E+06,-6.25854E+01
2.2369385E+06,-6.77254E+01
2.2384644E+06,-6.26854E+01
2.2399902E+06,-5.98454E+01
2.2415161E+06,-5.97054E+01
2.2430420E+06,-5.83454E+01
2.2445679E+06,-5.64454E+01
2.2460938E+06,-5.25454E+01
2.2476196E+06,-5.35254E+01
2.2491455E+06,-5.85254E+01
2.2506714E+06,-6.83454E+01
2.2521973E+06,-7.03054E+01
2.2537231E+06,-6.71854E+01
2.2552490E+06,-6.56254E+01
2.2567749E+06,-5.41654E+01
2.2583008E+06,-5.62454E+01
2.2598267E+06,-5.62054E+01
2.2613525E+06,-5.42454E+01
2.2628784E+06,-5.74454E+01
2.2644043E+06,-5.41654E+01
2.2659302E+06,-6.61054E+01
2.2674561E+06,-6.32454E+01
2.2689819E+06,-6.27254E+01
2.2705078E+06,-5.36054E+01
2.2720337E+06,-5.16654E+01
2.2735596E+06,-5.19454E+01
2.2750854E+06,-5.19854E+01
2.2766113E+06,-5.32454E+01
2.2781372E+06,-5.71654E+01
2.2796631E+06,-6.62454E+01
2.2811890E+06,-7.64054E+01
2.2827148E+06,-6.23854E+01
2.2842407E+06,-6.25254E+01
2.2857666E+06,-6.07254E+01
2.2872925E+06,-5.82454E+01
2.2888184E+06,-6.15254E+01
2.2903442E+06,-5.53454E+01
2.2918701E+06,-5.52654E+01
2.2933960E+06,-5.82454E+01
2.2949219E+06,-6.03254E+01
2.2964478E+06,-5.31054E+01
2.2979736E+06,-5.05854E+01
2.2994995E+06,-5.46254E+01
2.3010254E+06,-6.38054E+01
2.3025513E+06,-6.01854E+01
2.3040771E+06,-5.54854E+01
2.3056030E+06,-6.36454E+01
2.3071289E+06,-6.25054E+01
2.3086548E+06,-6.25654E+01
2.3101807E+06,-5.73854E+01
2.3117065E+06,-6.02654E+01
2.3132324E+06,-6.45854E+01
2.3147583E+06,-6.28054E+01
2.3162842E+06,-5.33254E+01
2.3178101E+06,-5.58854E+01
2.3193359E+06,-6.02654E+01
2.3208618E+06,-5.39054E+01
2.3223877E+06,-5.48854E+01
2.3239136E+06,-6.24854E+01
2.3254395E+06,-6.03654E+01
2.3269653E+06,-5.67854E+01
2.3284912E+06,-6.66254E+01
2.3300171E+06,-5.50854E+01
2.3315430E+06,-5.55254E+01
2.3330688E+06,-5.46254E+01
2.3345947E+06,-5.36654E+01
2.3361206E+06,-5.74654E+01
2.3376465E+06,-6.18254E+01
2.3391724E+06,-5.77054E+01
2.3406982E+06,-6.08654E+01
2.3422241E+06,-5.24854E+01
2.3437500E+06,-5.30454E+01
2.3452759E+06,-6.08654E+01
2.3468018E+06,-5.50254E+01
2.3483276E+06,-6.31454E+01
2.3498535E+06,-5.55854E+01
2.3513794E+06,-6.40054E+01
2.3529053E+06,-5.96254E+01
2.3544312E+06,-5.97654E+01
2.3559570E+06,-5.66854E+01
2.3574829E+06,-6.37654E+01
2.3590088E+06,-5.59054E+01
2.3605347E+06,-5.64454E+01
2.3620605E+06,-5.77454E+01
2.3635864E+06,-5.53854E+01
2.3651123E+06,-5.75854E+01
2.3666382E+06,-6.07254E+01
2.3681641E+06,-5.44654E+01
2.3696899E+06,-6.38054E+01
2.3712158E+06,-5.54454E+01
2.3727417E+06,-6.30654E+01
2.3742676E+06,-6.08454E+01
2.3757935E+06,-5.31054E+01
2.3773193E+06,-5.41454E+01
2.3788452E+06,-6.25454E+01
2.3803711E+06,-6.25654E+01
2.3818970E+06,-5.61654E+01
2.3834229E+06,-5.58454E+01
2.3849487E+06,-5.86054E+01
2.3864746E+06,-5.33254E+01
2.3880005E+06,-5.59254E+01
2.3895264E+06,-5.92254E+01
2.3910522E+06,-5.68654E+01
2.3925781E+06,-5.89654E+01
2.3941040E+06,-5.57854E+01
2.3956299E+06,-5.68654E+01
2.3971558E+06,-5.81254E+01
2.3986816E+06,-5.52254E+01
2.4002075E+06,-5.08254E+01
2.4017334E+06,-5.09654E+01
2.4032593E+06,-4.98454E+01
2.4047852E+06,-5.16654E+01
2.4063110E+06,-5.68454E+01
2.4078369E+06,-6.26654E+01
2.4093628E+06,-6.05454E+01
2.4108887E+06,-6.27054E+01
2.4124146E+06,-5.54454E+01
2.4139404E+06,-5.35054E+01
2.4154663E+06,-7.31654E+01
2.4169922E+06,-6.38454E+01
2.4185181E+06,-5.88454E+01
2.4200439E+06,-5.52454E+01
2.4215698E+06,-5.79454E+01
2.4230957E+06,-6.37054E+01
2.4246216E+06,-5.83254E+01
2.4261475E+06,-5.91654E+01
2.4276733E+06,-6.71054E+01
2.4291992E+06,-5.69654E+01
2.4307251E+06,-5.66454E+01
2.4322510E+06,-6.34054E+01
2.4337769E+06,-5.54454E+01
2.4353027E+06,-5.78654E+01
2.4368286E+06,-5.93054E+01
2.4383545E+06,-6.34254E+01
2.4398804E+06,-7.76054E+01
2.4414062E+06,-6.83454E+01
2.4429321E+06,-7.10654E+01
2.4444580E+06,-5.94054E+01
2.4459839E+06,-5.90254E+01
2.4475098E+06,-8.07054E+01
2.4490356E+06,-6.50254E+01
2.4505615E+06,-5.99654E+01
2.4520874E+06,-5.94454E+01
2.4536133E+06,-6.00454E+01
2.4551392E+06,-5.94054E+01
2.4566650E+06,-5.51654E+01
2.4581909E+06,-5.95054E+01
2.4597168E+06,-5.49054E+01
2.4612427E+06,-6.33254E+01
2.4627686E+06,-5.97654E+01
2.4642944E+06,-5.62654E+01
2.4658203E+06,-5.44254E+01
2.4673462E+06,-5.42654E+01
2.4688721E+06,-5.49054E+01
2.4703979E+06,-6.11054E+01
2.4719238E+06,-6.14854E+01
2.4734497E+06,-6.01254E+01
2.4749756E+06,-5.78054E+01
2.4765015E+06,-6.39054E+01
2.4780273E+06,-5.61054E+01
2.4795532E+06,-5.65854E+01
2.4810791E+06,-5.91654E+01
2.4826050E+06,-6.06854E+01
2.4841309E+06,-6.80254E+01
2.4856567E+06,-5.93454E+01
2.4871826E+06,-5.87254E+01
2.4887085E+06,-5.76254E+01
2.4902344E+06,-5.48454E+01
2.4917603E+06,-5.93454E+01
2.4932861E+06,-5.63254E+01
2.4948120E+06,-5.32454E+01
2.4963379E+06,-5.55854E+01
2.4978638E+06,-6.00854E+01
2.4993896E+06,-5.19454E+01
2.5009155E+06,-5.48454E+01
2.5024414E+06,-6.17854E+01
2.5039673E+06,-6.92254E+01
2.5054932E+06,-5.80854E+01
2.5070190E+06,-5.50254E+01
2.5085449E+06,-6.07254E+01
2.5100708E+06,-5.51654E+01
2.5115967E+06,-5.76854E+01
2.5131226E+06,-6.24654E+01
2.5146484E+06,-6.71454E+01
2.5161743E+06,-5.68854E+01
2.5177002E+06,-5.24854E+01
2.5192261E+06,-5.14254E+01
2.5207520E+06,-5.40454E+01
2.5222778E+06,-5.68054E+01
2.5238037E+06,-6.24654E+01
2.5253296E+06,-6.11454E+01
2.5268555E+06,-5.84654E+01
2.5283813E+06,-5.78454E+01
2.5299072E+06,-5.75454E+01
2.5314331E+06,-5.87254E+01
2.5329590E+06,-6.25854E+01
2.5344849E+06,-6.40054E+01
2.5360107E+06,-5.80054E+01
2.5375366E+06,-6.79254E+01
2.5390625E+06,-6.14854E+01
2.5405884E+06,-7.63054E+01
2.5421143E+06,-6.82454E+01
2.5436401E+06,-6.02254E+01
2.5451660E+06,-5.42654E+01
2.5466919E+06,-5.67054E+01
2.5482178E+06,-5.14654E+01
2.5497437E+06,-5.38654E+01
2.5512695E+06,-5.42854E+01
2.5527954E+06,-5.48054E+01
2.5543213E+06,-6.28254E+01
2.5558472E+06,-5.84654E+01
2.5573730E+06,-5.16454E+01
2.5588989E+06,-5.14654E+01
2.5604248E+06,-5.77254E+01
2.5619507E+06,-5.53854E+01
2.5634766E+06,-5.76654E+01
2.5650024E+06,-5.85654E+01
2.5665283E+06,-6.37254E+01
2.5680542E+06,-5.86254E+01
2.5695801E+06,-5.85654E+01
2.5711060E+06,-6.99654E+01
2.5726318E+06,-6.39254E+01
2.5741577E+06,-5.25454E+01
2.5756836E+06,-5.51054E+01
2.5772095E+06,-6.17254E+01
2.5787354E+06,-4.93654E+01
2.5802612E+06,-4.81054E+01
2.5817871E+06,-5.45254E+01
2.5833130E+06,-6.36054E+01
2.5848389E+06,-5.93654E+01
2.5863647E+06,-5.57054E+01
2.5878906E+06,-5.71454E+01
2.5894165E+06,-5.59654E+01
2.5909424E+06,-5.79054E+01
2.5924683E+06,-5.67054E+01
2.5939941E+06,-5.84654E+01
2.5955200E+06,-5.98054E+01
2.5970459E+06,-5.48654E+01
2.5985718E+06,-5.36454E+01
2.6000977E+06,-5.55054E+01
2.6016235E+06,-6.05654E+01
2.6031494E+06,-6.17654E+01
2.6046753E+06,-8.98854E+01
2.6062012E+06,-7.19654E+01
2.6077271E+06,-5.60654E+01
2.6092529E+06,-5.83454E+01
2.6107788E+06,-5.64854E+01
2.6123047E+06,-5.40254E+01
2.6138306E+06,-6.17854E+01
2.6153564E+06,-5.91054E+01
2.6168823E+06,-5.99654E+01
2.6184082E+06,-5.52654E+01
2.6199341E+06,-5.64054E+01
2.6214600E+06,-6.48854E+01
2.6229858E+06,-6.03854E+01
2.6245117E+06,-6.21054E+01
2.6260376E+06,-6.02254E+01
2.6275635E+06,-5.82454E+01
2.6290894E+06,-7.59054E+01
2.6306152E+06,-6.33454E+01
2.6321411E+06,-6.03054E+01
2.6336670E+06,-6.02254E+01
2.6351929E+06,-5.43854E+01
2.6367188E+06,-5.53054E+01
2.6382446E+06,-5.96654E+01
2.6397705E+06,-5.93054E+01
2.6412964E+06,-4.94854E+01
2.6428223E+06,-4.97654E+01
2.6443481E+06,-6.00454E+01
2.6458740E+06,-6.07854E+01
2.6473999E+06,-5.93454E+01
2.6489258E+06,-6.27254E+01
2.6504517E+06,-5.95054E+01
2.6519775E+06,-6.00054E+01
2.6535034E+06,-6.70454E+01
2.6550293E+06,-6.30454E+01
2.6565552E+06,-6.42654E+01
2.6580811E+06,-5.57654E+01
2.6596069E+06,-5.41054E+01
2.6611328E+06,-6.44454E+01
2.6626587E+06,-6.20654E+01
2.6641846E+06,-5.34454E+01
2.6657104E+06,-5.26654E+01
2.6672363E+06,-5.86654E+01
2.6687622E+06,-6.30654E+01
2.6702881E+06,-6.06854E+01
2.6718140E+06,-6.00454E+01
2.6733398E+06,-5.41054E+01
2.6748657E+06,-5.22254E+01
2.6763916E+06,-5.58454E+01
2.6779175E+06,-6.00054E+01
2.6794434E+06,-5.52854E+01
2.6809692E+06,-5.79054E+01
2.6824951E+06,-6.43854E+01
2.6840210E+06,-6.50254E+01
2.6855469E+06,-5.38454E+01
2.6870728E+06,-5.13854E+01
2.6885986E+06,-5.77454E+01
2.6901245E+06,-5.89654E+01
2.6916504E+06,-5.76854E+01
2.6931763E+06,-5.92054E+01
2.6947021E+06,-6.11254E+01
2.6962280E+06,-5.73454E+01
2.6977539E+06,-6.52254E+01
2.6992798E+06,-7.33854E+01
2.7008057E+06,-5.73454E+01
2.7023315E+06,-5.70254E+01
2.7038574E+06,-5.82054E+01
2.7053833E+06,-5.83254E+01
2.7069092E+06,-5.70854E+01
2.7084351E+06,-7.33254E+01
2.7099609E+06,-6.12654E+01
2.7114868E+06,-5.84254E+01
2.7130127E+06,-5.86854E+01
2.7145386E+06,-5.51054E+01
2.7160645E+06,-5.54054E+01
2.7175903E+06,-5.99254E+01
2.7191162E+06,-6.50254E+01
2.7206421E+06,-5.79054E+01
2.7221680E+06,-5.82854E+01
2.7236938E+06,-6.44854E+01
2.7252197E+06,-6.05054E+01
2.7267456E+06,-6.66654E+01
2.7282715E+06,-6.01854E+01
2.7297974E+06,-5.66254E+01
2.7313232E+06,-6.27654E+01
2.7328491E+06,-5.71454E+01
2.7343750E+06,-5.23454E+01
2.7359009E+06,-6.20654E+01
2.7374268E+06,-5.48854E+01
2.7389526E+06,-5.93054E+01
2.7404785E+06,-5.98854E+01
2.7420044E+06,-5.49054E+01
2.7435303E+06,-5.87454E+01
2.7450562E+06,-5.67454E+01
2.7465820E+06,-5.35854E+01
2.7481079E+06,-5.69054E+01
2.7496338E+06,-6.44654E+01
2.7511597E+06,-5.29654E+01
2.7526855E+06,-5.05454E+01
2.7542114E+06,-5.29854E+01
2.7557373E+06,-5.75254E+01
2.7572632E+06,-6.15854E+01
2.7587891E+06,-6.70654E+01
2.7603149E+06,-5.98054E+01
2.7618408E+06,-6.18854E+01
2.7633667E+06,-5.52454E+01
2.7648926E+06,-5.35254E+01
2.7664185E+06,-5.75454E+01
2.7679443E+06,-5.72654E+01
2.7694702E+06,-5.62254E+01
2.7709961E+06,-6.41854E+01
2.7725220E+06,-6.22454E+01
2.7740479E+06,-5.71254E+01
2.7755737E+06,-6.40254E+01
2.7770996E+06,-7.79054E+01
2.7786255E+06,-5.91254E+01
2.7801514E+06,-5.39454E+01
2.7816772E+06,-5.97054E+01
2.7832031E+06,-6.29054E+01
2.7847290E+06,-6.68854E+01
2.7862549E+06,-6.24454E+01
2.7877808E+06,-5.79254E+01
2.7893066E+06,-5.64654E+01
2.7908325E+06,-7.90054E+01
2.7923584E+06,-5.78454E+01
2.7938843E+06,-6.15054E+01
2.7954102E+06,-5.98454E+01
2.7969360E+06,-5.84854E+01
2.7984619E+06,-5.64254E+01
2.7999878E+06,-5.03854E+01
2.8015137E+06,-6.61254E+01
2.8030396E+06,-5.88054E+01
2.8045654E+06,-6.06654E+01
2.8060913E+06,-5.36454E+01
2.8076172E+06,-5.41854E+01
2.8091431E+06,-5.48854E+01
2.8106689E+06,-5.87454E+01
2.8121948E+06,-5.75854E+01
2.8137207E+06,-6.34254E+01
2.8152466E+06,-6.19254E+01
2.8167725E+06,-5.94454E+01
2.8182983E+06,-5.41654E+01
2.8198242E+06,-5.16054E+01
2.8213501E+06,-5.37454E+01
2.8228760E+06,-6.59054E+01
2.8244019E+06,-5.47254E+01
2.8259277E+06,-6.32254E+01
2.8274536E+06,-6.15254E+01
2.8289795E+06,-5.70054E+01
2.8305054E+06,-5.59054E+01
2.8320312E+06,-5.98454E+01
2.8335571E+06,-7.03254E+01
2.8350830E+06,-7.22054E+01
2.8366089E+06,-6.26054E+01
2.8381348E+06,-6.37254E+01
2.8396606E+06,-5.54654E+01
2.8411865E+06,-5.47654E+01
2.8427124E+06,-6.62854E+01
2.8442383E+06,-6.04454E+01
2.8457642E+06,-6.83454E+01
2.8472900E+06,-6.89654E+01
2.8488159E+06,-5.71254E+01
2.8503418E+06,-5.28254E+01
2.8518677E+06,-6.05654E+01
2.8533936E+06,-5.83654E+01
2.8549194E+06,-5.62454E+01
2.8564453E+06,-6.62654E+01
2.8579712E+06,-5.56254E+01
2.8594971E+06,-5.76054E+01
2.8610229E+06,-5.71454E+01
2.8625488E+06,-7.03054E+01
2.8640747E+06,-6.24454E+01
2.8656006E+06,-7.48254E+01
2.8671265E+06,-6.43254E+01
2.8686523E+06,-5.98054E+01
2.8701782E+06,-5.78454E+01
2.8717041E+06,-6.48254E+01
2.8732300E+06,-5.94854E+01
2.8747559E+06,-5.40854E+01
2.8762817E+06,-5.19854E+01
2.8778076E+06,-5.14254E+01
2.8793335E+06,-6.03854E+01
2.8808594E+06,-5.11654E+01
2.8823853E+06,-5.07854E+01
2.8839111E+06,-5.90654E+01
2.8854370E+06,-5.85654E+01
2.8869629E+06,-6.51254E+01
2.8884888E+06,-6.32454E+01
2.8900146E+06,-6.08054E+01
2.8915405E+06,-6.24654E+01
2.8930664E+06,-5.61854E+01
2.8945923E+06,-5.21854E+01
2.8961182E+06,-5.43854E+01
2.8976440E+06,-5.64454E+01
2.8991699E+06,-5.60654E+01
2.9006958E+06,-5.78054E+01
2.9022217E+06,-6.08054E+01
2.9037476E+06,-5.70454E+01
2.9052734E+06,-6.05054E+01
2.9067993E+06,-6.49854E+01
2.9083252E+06,-5.99254E+01
2.9098511E+06,-6.15254E+01
2.9113770E+06,-6.13654E+01
2.9129028E+06,-5.71454E+01
2.9144287E+06,-5.82454E+01
2.9159546E+06,-5.90054E+01
2.9174805E+06,-5.04854E+01
2.9190063E+06,-4.73854E+01
2.9205322E+06,-4.95054E+01
2.9220581E+06,-5.38654E+01
2.9235840E+06,-6.84854E+01
2.9251099E+06,-6.61454E+01
2.9266357E+06,-5.62254E+01
2.9281616E+06,-5.19454E+01
2.9296875E+06,-5.30854E+01
2.9312134E+06,-5.27454E+01
2.9327393E+06,-5.61054E+01
2.9342651E+06,-6.53854E+01
2.9357910E+06,-6.83454E+01
2.9373169E+06,-6.46654E+01
2.9388428E+06,-5.46854E+01
2.9403687E+06,-5.51854E+01
2.9418945E+06,-5.76254E+01
2.9434204E+06,-5.67454E+01
2.9449463E+06,-6.33654E+01
2.9464722E+06,-6.13854E+01
2.9479980E+06,-6.33254E+01
2.9495239E+06,-6.11854E+01
2.9510498E+06,-5.82654E+01
2.9525757E+06,-5.33254E+01
2.9541016E+06,-5.42054E+01
2.9556274E+06,-5.52254E+01
2.9571533E+06,-6.60454E+01
2.9586792E+06,-5.74254E+01
2.9602051E+06,-5.54854E+01
2.9617310E+06,-6.93454E+01
2.9632568E+06,-6.41254E+01
2.9647827E+06,-5.67654E+01
2.9663086E+06,-5.58454E+01
2.9678345E+06,-5.50054E+01
2.9693604E+06,-5.70854E+01
2.9708862E+06,-6.20254E+01
2.9724121E+06,-5.95454E+01
2.9739380E+06,-5.48454E+01
2.9754639E+06,-5.47054E+01
2.9769897E+06,-5.81254E+01
2.9785156E+06,-6.27054E+01
2.9800415E+06,-5.93654E+01
2.9815674E+06,-5.74454E+01
2.9830933E+06,-5.17454E+01
2.9846191E+06,-5.37254E+01
2.9861450E+06,-5.58654E+01
2.9876709E+06,-5.61654E+01
2.9891968E+06,-5.77254E+01
2.9907227E+06,-6.12254E+01
2.9922485E+06,-6.62654E+01
2.9937744E+06,-5.58854E+01
2.9953003E+06,-5.42454E+01
2.9968262E+06,-6.06054E+01
2.9983521E+06,-6.21254E+01
2.9998779E+06,-5.80454E+01
3.0014038E+06,-5.56254E+01
3.0029297E+06,-5.66454E+01
3.0044556E+06,-6.09454E+01
3.0059814E+06,-6.00454E+01
3.0075073E+06,-5.70454E+01
3.0090332E+06,-5.49054E+01
3.0105591E+06,-5.31054E+01
3.0120850E+06,-5.52854E+01
3.0136108E+06,-5.95854E+01
3.0151367E+06,-6.25654E+01
3.0166626E+06,-5.77254E+01
3.0181885E+06,-5.22254E+01
3.0197144E+06,-5.29454E+01
3.0212402E+06,-6.12454E+01
3.0227661E+06,-6.85454E+01
3.0242920E+06,-7.00054E+01
3.0258179E+06,-6.59054E+01
3.0273438E+06,-6.22454E+01
3.0288696E+06,-5.89454E+01
3.0303955E+06,-5.91654E+01
3.0319214E+06,-6.35854E+01
3.0334473E+06,-5.57454E+01
3.0349731E+06,-5.52454E+01
3.0364990E+06,-6.26854E+01
3.0380249E+06,-5.76854E+01
3.0395508E+06,-5.95054E+01
3.0410767E+06,-5.75854E+01
3.0426025E+06,-5.43654E+01
3.0441284E+06,-5.83654E+01
3.0456543E+06,-6.10454E+01
3.0471802E+06,-5.65454E+01
3.0487061E+06,-5.97054E+01
3.0502319E+06,-6.03454E+01
3.0517578E+06,-5.23654E+01
3.0532837E+06,-5.17854E+01
3.0548096E+06,-5.23454E+01
3.0563354E+06,-5.76054E+01
3.0578613E+06,-5.31854E+01
3.0593872E+06,-5.16454E+01
3.0609131E+06,-5.43054E+01
3.0624390E+06,-8.39454E+01
3.0639648E+06,-5.47654E+01
3.0654907E+06,-5.98454E+01
3.0670166E+06,-5.61854E+01
3.0685425E+06,-5.65854E+01
3.0700684E+06,-5.97654E+01
3.0715942E+06,-5.85254E+01
3.0731201E+06,-6.20854E+01
3.0746460E+06,-7.07454E+01
3.0761719E+06,-7.02654E+01
3.0776978E+06,-6.89054E+01
3.0792236E+06,-6.52054E+01
3.0807495E+06,-5.71254E+01
3.0822754E+06,-5.54054E+01
3.0838013E+06,-5.58454E+01
3.0853271E+06,-5.40854E+01
3.0868530E+06,-5.39654E+01
3.0883789E+06,-5.52854E+01
3.0899048E+06,-5.52854E+01
3.0914307E+06,-6.03454E+01
3.0929565E+06,-5.40854E+01
3.0944824E+06,-5.46854E+01
3.0960083E+06,-6.72054E+01
3.0975342E+06,-6.18254E+01
3.0990601E+06,-6.15254E+01
3.1005859E+06,-6.09854E+01
3.1021118E+06,-5.13454E+01
3.1036377E+06,-5.32454E+01
3.1051636E+06,-5.96654E+01
3.1066895E+06,-5.98854E+01
3.1082153E+06,-5.57654E+01
3.1097412E+06,-5.56854E+01
3.1112671E+06,-6.07854E+01
3.1127930E+06,-6.33854E+01
3.1143188E+06,-5.67054E+01
3.1158447E+06,-5.78654E+01
3.1173706E+06,-5.43254E+01
3.1188965E+06,-5.58254E+01
3.1204224E+06,-5.79054E+01
3.1219482E+06,-5.78054E+01
3.1234741E+06,-5.17254E+01
3.1250000E+06,-4.66054E+01
3.1265259E+06,-5.45054E+01
3.1280518E+06,-6.01254E+01
3.1295776E+06,-7.05854E+01
3.1311035E+06,-6.40054E+01
3.1326294E+06,-6.69054E+01
3.1341553E+06,-5.62054E+01
3.1356812E+06,-5.25054E+01
3.1372070E+06,-6.23054E+01
3.1387329E+06,-5.69254E+01
3.1402588E+06,-5.43054E+01
3.1417847E+06,-6.24854E+01
3.1433105E+06,-5.35854E+01
3.1448364E+06,-5.41054E+01
3.1463623E+06,-5.53054E+01
3.1478882E+06,-5.46854E+01
3.1494141E+06,-5.49854E+01
3.1509399E+06,-7.18254E+01
3.1524658E+06,-5.65654E+01
3.1539917E+06,-6.38854E+01
3.1555176E+06,-5.45254E+01
3.1570435E+06,-4.83254E+01
3.1585693E+06,-4.79054E+01
3.1600952E+06,-5.29854E+01
3.1616211E+06,-6.24054E+01
3.1631470E+06,-5.77854E+01
3.1646729E+06,-5.89054E+01
3.1661987E+06,-5.73254E+01
3.1677246E+06,-5.49054E+01
3.1692505E+06,-5.75854E+01
3.1707764E+06,-5.18454E+01
3.1723022E+06,-6.16654E+01
3.1738281E+06,-5.44454E+01
3.1753540E+06,-5.90054E+01
3.1768799E+06,-5.81254E+01
3.1784058E+06,-5.84254E+01
3.1799316E+06,-5.41054E+01
3.1814575E+06,-5.29254E+01
3.1829834E+06,-6.08654E+01
3.1845093E+06,-7.58654E+01
3.1860352E+06,-6.37454E+01
3.1875610E+06,-6.48454E+01
3.1890869E+06,-6.76654E+01
3.1906128E+06,-5.80054E+01
3.1921387E+06,-6.14454E+01
3.1936646E+06,-6.94454E+01
3.1951904E+06,-6.19054E+01
3.1967163E+06,-5.86254E+01
3.1982422E+06,-6.24254E+01
3.1997681E+06,-5.73454E+01
3.2012939E+06,-5.34254E+01
3.2028198E+06,-5.52454E+01
3.2043457E+06,-6.68054E+01
3.2058716E+06,-6.37854E+01
3.2073975E+06,-6.12054E+01
3.2089233E+06,-6.63454E+01
3.2104492E+06,-5.60854E+01
3.2119751E+06,-5.37254E+01
3.2135010E+06,-5.75454E+01
3.2150269E+06,-5.61254E+01
3.2165527E+06,-5.64054E+01
3.2180786E+06,-5.95854E+01
3.2196045E+06,-5.38654E+01
3.2211304E+06,-5.31854E+01
3.2226562E+06,-5.86254E+01
3.2241821E+06,-5.76854E+01
3.2257080E+06,-5.67654E+01
3.2272339E+06,-6.56654E+01
3.2287598E+06,-6.22454E+01
3.2302856E+06,-5.46054E+01
3.2318115E+06,-5.58254E+01
3.2333374E+06,-5.86054E+01
3.2348633E+06,-5.82454E+01
3.2363892E+06,-6.70654E+01
3.2379150E+06,-7.14854E+01
3.2394409E+06,-6.20054E+01
3.2409668E+06,-7.35054E+01
3.2424927E+06,-5.89654E+01
3.2440186E+06,-6.04454E+01
3.2455444E+06,-5.85254E+01
3.2470703E+06,-6.01854E+01
3.2485962E+06,-6.25654E+01
3.2501221E+06,-5.27654E+01
3.2516479E+06,-5.45654E+01
3.2531738E+06,-6.09654E+01
3.2546997E+06,-6.59254E+01
3.2562256E+06,-5.54654E+01
3.2577515E+06,-5.65454E+01
3.2592773E+06,-5.48854E+01
3.2608032E+06,-5.55854E+01
3.2623291E+06,-5.64254E+01
3.2638550E+06,-5.88054E+01
3.2653809E+06,-5.72454E+01
3.2669067E+06,-5.30454E+01
3.2684326E+06,-5.37254E+01
3.2699585E+06,-6.40654E+01
3.2714844E+06,-5.35054E+01
3.2730103E+06,-5.36254E+01
3.2745361E+06,-5.02254E+01
3.2760620E+06,-5.28054E+01
3.2775879E+06,-6.10654E+01
3.2791138E+06,-6.86854E+01
3.2806396E+06,-6.39454E+01
3.2821655E+06,-5.92654E+01
3.2836914E+06,-6.64454E+01
3.2852173E+06,-7.05854E+01
3.2867432E+06,-6.02654E+01
3.2882690E+06,-5.65854E+01
3.2897949E+06,-5.49454E+01
3.2913208E+06,-5.40654E+01
3.2928467E+06,-5.47454E+01
3.2943726E+06,-6.07654E+01
3.2958984E+06,-5.56454E+01
3.2974243E+06,-5.50854E+01
3.2989502E+06,-6.17054E+01
3.3004761E+06,-6.28854E+01
3.3020020E+06,-6.73454E+01
3.3035278E+06,-7.39654E+01
3.3050537E+06,-5.93054E+01
3.3065796E+06,-7.76854E+01
3.3081055E+06,-5.51654E+01
3.3096313E+06,-5.85654E+01
3.3111572E+06,-6.42054E+01
3.3126831E+06,-6.07654E+01
3.3142090E+06,-5.98854E+01
3.3157349E+06,-6.31454E+01
3.3172607E+06,-6.11854E+01
3.3187866E+06,-7.19454E+01
3.3203125E+06,-5.82654E+01
3.3218384E+06,-5.91654E+01
3.3233643E+06,-6.64654E+01
3.3248901E+06,-5.67854E+01
3.3264160E+06,-5.49854E+01
3.3279419E+06,-6.78254E+01
3.3294678E+06,-6.28454E+01
3.3309937E+06,-6.51254E+01
3.3325195E+06,-5.30654E+01
3.3340454E+06,-5.05654E+01
3.3355713E+06,-5.10454E+01
3.3370972E+06,-5.86854E+01
3.3386230E+06,-5.73654E+01
3.3401489E+06,-5.57054E+01
3.3416748E+06,-5.84654E+01
3.3432007E+06,-5.56654E+01
3.3447266E+06,-5.50054E+01
3.3462524E+06,-6.39654E+01
3.3477783E+06,-5.36854E+01
3.3493042E+06,-5.20054E+01
3.3508301E+06,-5.91054E+01
3.3523560E+06,-5.71454E+01
3.3538818E+06,-5.61654E+01
3.3554077E+06,-6.05854E+01
3.3569336E+06,-5.70054E+01
3.3584595E+06,-5.26654E+01
3.3599854E+06,-5.76054E+01
3.3615112E+06,-6.72854E+01
3.3630371E+06,-6.59454E+01
3.3645630E+06,-6.19654E+01
3.3660889E+06,-6.04654E+01
3.3676147E+06,-7.22654E+01
3.3691406E+06,-7.03054E+01
3.3706665E+06,-6.60654E+01
3.3721924E+06,-5.58654E+01
3.3737183E+06,-5.34054E+01
3.3752441E+06,-5.78654E+01
3.3767700E+06,-5.42254E+01
3.3782959E+06,-5.53254E+01
3.3798218E+06,-6.45454E+01
3.3813477E+06,-5.93054E+01
3.3828735E+06,-5.45254E+01
3.3843994E+06,-5.49454E+01
3.3859253E+06,-5.71654E+01
3.3874512E+06,-5.97654E+01
3.3889771E+06,-6.29254E+01
3.3905029E+06,-5.32254E+01
3.3920288E+06,-5.54254E+01
3.3935547E+06,-5.77454E+01
3.3950806E+06,-5.77854E+01
3.3966064E+06,-5.65254E+01
3.3981323E+06,-5.54454E+01
3.3996582E+06,-5.92654E+01
3.4011841E+06,-6.23654E+01
3.4027100E+06,-6.23654E+01
3.4042358E+06,-6.27054E+01
3.4057617E+06,-5.68454E+01
3.4072876E+06,-5.41654E+01
3.4088135E+06,-5.18654E+01
3.4103394E+06,-5.58454E+01
3.4118652E+06,-5.65854E+01
3.4133911E+06,-5.84254E+01
3.4149170E+06,-5.84854E+01
3.4164429E+06,-5.39854E+01
3.4179688E+06,-5.11254E+01
3.4194946E+06,-5.08054E+01
3.4210205E+06,-5.42454E+01
3.4225464E+06,-5.70854E+01
3.4240723E+06,-6.55654E+01
3.4255981E+06,-6.13454E+01
3.4271240E+06,-6.01854E+01
3.4286499E+06,-6.15054E+01
3.4301758E+06,-5.85654E+01
3.4317017E+06,-6.43654E+01
3.4332275E+06,-5.75254E+01
3.4347534E+06,-5.70654E+01
3.4362793E+06,-6.24054E+01
3.4378052E+06,-6.57854E+01
3.4393311E+06,-5.95454E+01
3.4408569E+06,-5.24454E+01
3.4423828E+06,-5.43854E+01
3.4439087E+06,-5.84254E+01
3.4454346E+06,-5.81054E+01
3.4469604E+06,-5.76654E+01
3.4484863E+06,-5.14854E+01
3.4500122E+06,-5.30254E+01
3.4515381E+06,-5.54854E+01
3.4530640E+06,-5.13254E+01
3.4545898E+06,-5.49054E+01
3.4561157E+06,-5.79054E+01
3.4576416E+06,-5.31454E+01
3.4591675E+06,-5.98054E+01
3.4606934E+06,-5.86254E+01
3.4622192E+06,-5.86854E+01
3.4637451E+06,-5.59054E+01
3.4652710E+06,-5.72254E+01
3.4667969E+06,-6.77854E+01
3.4683228E+06,-6.17054E+01
3.4698486E+06,-5.42054E+01
3.4713745E+06,-5.62454E+01
3.4729004E+06,-6.08054E+01
3.4744263E+06,-5.93454E+01
3.4759521E+06,-6.46054E+01
3.4774780E+06,-5.82054E+01
3.4790039E+06,-5.43054E+01
3.4805298E+06,-5.36654E+01
3.4820557E+06,-6.52454E+01
3.4835815E+06,-6.45054E+01
3.4851074E+06,-5.75654E+01
3.4866333E+06,-5.42254E+01
3.4881592E+06,-6.07454E+01
3.4896851E+06,-5.77454E+01
3.4912109E+06,-5.59854E+01
3.4927368E+06,-6.37254E+01
3.4942627E+06,-7.34254E+01
3.4957886E+06,-6.36454E+01
3.4973145E+06,-5.71054E+01
3.4988403E+06,-7.84854E+01
3.5003662E+06,-6.10054E+01
3.5018921E+06,-5.37454E+01
3.5034180E+06,-5.20054E+01
3.5049438E+06,-5.61854E+01
3.5064697E+06,-5.45454E+01
3.5079956E+06,-5.34054E+01
3.5095215E+06,-6.04854E+01
3.5110474E+06,-5.97454E+01
3.5125732E+06,-5.50454E+01
3.5140991E+06,-5.24854E+01
3.5156250E+06,-5.21454E+01
3.5171509E+06,-5.31654E+01
3.5186768E+06,-6.15054E+01
3.5202026E+06,-5.49454E+01
3.5217285E+06,-5.62654E+01
3.5232544E+06,-6.03854E+01
3.5247803E+06,-5.00054E+01
3.5263062E+06,-5.03254E+01
3.5278320E+06,-5.57054E+01
3.5293579E+06,-6.65454E+01
3.5308838E+06,-6.91054E+01
3.5324097E+06,-6.54654E+01
3.5339355E+06,-6.16254E+01
3.5354614E+06,-5.97054E+01
3.5369873E+06,-6.21054E+01
3.5385132E+06,-5.48454E+01
3.5400391E+06,-5.81654E+01
3.5415649E+06,-6.49254E+01
3.5430908E+06,-5.50454E+01
3.5446167E+06,-5.47454E+01
3.5461426E+06,-5.92054E+01
3.5476685E+06,-5.53054E+01
3.5491943E+06,-5.71454E+01
3.5507202E+06,-6.64254E+01
3.5522461E+06,-5.67254E+01
3.5537720E+06,-5.20854E+01
3.5552979E+06,-5.26254E+01
3.5568237E+06,-5.52054E+01
3.5583496E+06,-5.30454E+01
3.5598755E+06,-5.21654E+01
3.5614014E+06,-5.81654E+01
3.5629272E+06,-5.96254E+01
3.5644531E+06,-5.42854E+01
3.5659790E+06,-5.18454E+01
3.5675049E+06,-5.57654E+01
3.5690308E+06,-6.27454E+01
3.5705566E+06,-5.79054E+01
3.5720825E+06,-5.05654E+01
3.5736084E+06,-5.29654E+01
3.5751343E+06,-6.20454E+01
3.5766602E+06,-5.37254E+01
3.5781860E+06,-5.26054E+01
3.5797119E+06,-5.79054E+01
3.5812378E+06,-6.03654E+01
3.5827637E+06,-5.53854E+01
3.5842896E+06,-5.16854E+01
3.5858154E+06,-5.82054E+01
3.5873413E+06,-6.08854E+01
3.5888672E+06,-5.80854E+01
3.5903931E+06,-5.45054E+01
3.5919189E+06,-5.17654E+01
3.5934448E+06,-5.23254E+01
3.5949707E+06,-6.29654E+01
3.5964966E+06,-6.36054E+01
3.5980225E+06,-6.26454E+01
3.5995483E+06,-7.15054E+01
3.6010742E+06,-6.26054E+01
3.6026001E+06,-6.05854E+01
3.6041260E+06,-5.55854E+01
3.6056519E+06,-5.41254E+01
3.6071777E+06,-5.42654E+01
3.6087036E+06,-5.44054E+01
3.6102295E+06,-5.20854E+01
3.6117554E+06,-5.33254E+01
3.6132812E+06,-6.39454E+01
3.6148071E+06,-5.58254E+01
3.6163330E+06,-5.17054E+01
3.6178589E+06,-5.48854E+01
3.6193848E+06,-6.06254E+01
3.6209106E+06,-6.02654E+01
3.6224365E+06,-6.78654E+01
3.6239624E+06,-5.45854E+01
3.6254883E+06,-5.45254E+01
3.6270142E+06,-5.60854E+01
3.6285400E+06,-5.57654E+01
3.6300659E+06,-6.69654E+01
3.6315918E+06,-6.22854E+01
3.6331177E+06,-5.62254E+01
3.6346436E+06,-6.00854E+01
3.6361694E+06,-6.18454E+01
3.6376953E+06,-6.51054E+01
3.6392212E+06,-5.79254E+01
3.6407471E+06,-6.24254E+01
3.6422729E+06,-5.91654E+01
3.6437988E+06,-6.21454E+01
3.6453247E+06,-7.05854E+01
3.6468506E+06,-5.77454E+01
3.6483765E+06,-5.40254E+01
3.6499023E+06,-6.00454E+01
3.6514282E+06,-6.10454E+01
3.6529541E+06,-6.68254E+01
3.6544800E+06,-6.89054E+01
3.6560059E+06,-6.16654E+01
3.6575317E+06,-6.41654E+01
3.6590576E+06,-6.14254E+01
3.6605835E+06,-5.87454E+01
3.6621094E+06,-6.22254E+01
3.6636353E+06,-6.50254E+01
3.6651611E+06,-6.00054E+01
3.6666870E+06,-5.82854E+01
3.6682129E+06,-6.74454E+01
3.6697388E+06,-5.85454E+01
3.6712646E+06,-5.39854E+01
3.6727905E+06,-7.04854E+01
3.6743164E+06,-6.21654E+01
3.6758423E+06,-6.89054E+01
3.6773682E+06,-5.66854E+01
3.6788940E+06,-5.41654E+01
3.6804199E+06,-5.67454E+01
3.6819458E+06,-7.36854E+01
3.6834717E+06,-6.31854E+01
3.6849976E+06,-5.50254E+01
3.6865234E+06,-5.43654E+01
3.6880493E+06,-6.61654E+01
3.6895752E+06,-5.83654E+01
3.6911011E+06,-5.98054E+01
3.6926270E+06,-6.38254E+01
3.6941528E+06,-5.85254E+01
3.6956787E+06,-5.46654E+01
3.6972046E+06,-5.68054E+01
3.6987305E+06,-5.28454E+01
3.7002563E+06,-5.14054E+01
3.7017822E+06,-5.24254E+01
3.7033081E+06,-6.49854E+01
3.7048340E+06,-6.25454E+01
3.7063599E+06,-6.36054E+01
3.7078857E+06,-7.00854E+01
3.7094116E+06,-5.42654E+01
3.7109375E+06,-5.47054E+01
3.7124634E+06,-7.48854E+01
3.7139893E+06,-5.97054E+01
3.7155151E+06,-6.10054E+01
3.7170410E+06,-5.83654E+01
3.7185669E+06,-6.52654E+01
3.7200928E+06,-8.02654E+01
3.7216187E+06,-5.61854E+01
3.7231445E+06,-5.61254E+01
3.7246704E+06,-5.73454E+01
3.7261963E+06,-5.60454E+01
3.7277222E+06,-5.63654E+01
3.7292480E+06,-5.26854E+01
3.7307739E+06,-5.38654E+01
3.7322998E+06,-5.52054E+01
3.7338257E+06,-6.33854E+01
3.7353516E+06,-6.27054E+01
3.7368774E+06,-5.85454E+01
3.7384033E+06,-5.37654E+01
3.7399292E+06,-5.84854E+01
3.7414551E+06,-5.70054E+01
3.7429810E+06,-5.36254E+01
3.7445068E+06,-5.75254E+01
3.7460327E+06,-6.02254E+01
3.7475586E+06,-5.80054E+01
3.7490845E+06,-5.32854E+01
3.7506104E+06,-4.70654E+01
3.7521362E+06,-5.62054E+01
3.7536621E+06,-5.78054E+01
3.7551880E+06,-5.34454E+01
3.7567139E+06,-5.56654E+01
3.7582397E+06,-6.99254E+01
3.7597656E+06,-5.67654E+01
3.7612915E+06,-6.13654E+01
3.7628174E+06,-5.98054E+01
3.7643433E+06,-5.79054E+01
3.7658691E+06,-5.25254E+01
3.7673950E+06,-5.22654E+01
3.7689209E+06,-5.80254E+01
3.7704468E+06,-5.99654E+01
3.7719727E+06,-5.57854E+01
3.7734985E+06,-6.30054E+01
3.7750244E+06,-5.40454E+01
3.7765503E+06,-5.65454E+01
3.7780762E+06,-5.98454E+01
3.7796021E+06,-6.26054E+01
3.7811279E+06,-5.57454E+01
3.7826538E+06,-5.19254E+01
3.7841797E+06,-5.79854E+01
3.7857056E+06,-5.75854E+01
3.7872314E+06,-5.84054E+01
3.7887573E+06,-5.76054E+01
3.7902832E+06,-5.55854E+01
3.7918091E+06,-5.82654E+01
3.7933350E+06,-6.79454E+01
3.7948608E+06,-5.74654E+01
3.7963867E+06,-5.51654E+01
3.7979126E+06,-6.20854E+01
3.7994385E+06,-6.75254E+01
3.8009644E+06,-5.92054E+01
3.8024902E+06,-5.29254E+01
3.8040161E+06,-5.26254E+01
3.8055420E+06,-5.73454E+01
3.8070679E+06,-6.08254E+01
3.8085938E+06,-5.62454E+01
3.8101196E+06,-6.07854E+01
3.8116455E+06,-6.26854E+01
3.8131714E+06,-5.76254E+01
3.8146973E+06,-5.39454E+01
3.8162231E+06,-5.86254E+01
3.8177490E+06,-5.29854E+01
3.8192749E+06,-5.68854E+01
3.8208008E+06,-7.27254E+01
3.8223267E+06,-7.61454E+01
3.8238525E+06,-5.65854E+01
3.8253784E+06,-5.24054E+01
3.8269043E+06,-5.18654E+01
3.8284302E+06,-5.12854E+01
3.8299561E+06,-5.48054E+01
3.8314819E+06,-5.55654E+01
3.8330078E+06,-6.20454E+01
3.8345337E+06,-6.46254E+01
3.8360596E+06,-5.87254E+01
3.8375854E+06,-5.72654E+01
3.8391113E+06,-5.51654E+01
3.8406372E+06,-5.60254E+01
3.8421631E+06,-6.19054E+01
3.8436890E+06,-6.29654E+01
3.8452148E+06,-5.48454E+01
3.8467407E+06,-5.43654E+01
3.8482666E+06,-6.11254E+01
3.8497925E+06,-5.55654E+01
3.8513184E+06,-5.28854E+01
3.8528442E+06,-5.60654E+01
3.8543701E+06,-5.90254E+01
3.8558960E+06,-6.47054E+01
3.8574219E+06,-6.29654E+01
3.8589478E+06,-5.72054E+01
3.8604736E+06,-5.32254E+01
3.8619995E+06,-5.58854E+01
3.8635254E+06,-6.04654E+01
3.8650513E+06,-5.68054E+01
3.8665771E+06,-5.46454E+01
3.8681030E+06,-6.21654E+01
3.8696289E+06,-6.93054E+01
3.8711548E+06,-6.27454E+01
3.8726807E+06,-6.76854E+01
3.8742065E+06,-6.05654E+01
3.8757324E+06,-5.79454E+01
3.8772583E+06,-5.40254E+01
3.8787842E+06,-5.17854E+01
3.8803101E+06,-6.09054E+01
3.8818359E+06,-5.82654E+01
3.8833618E+06,-5.37054E+01
3.8848877E+06,-5.26854E+01
3.8864136E+06,-5.36854E+01
3.8879395E+06,-5.14254E+01
3.8894653E+06,-5.38454E+01
3.8909912E+06,-6.35254E+01
3.8925171E+06,-5.46254E+01
3.8940430E+06,-5.07654E+01
3.8955688E+06,-5.74654E+01
3.8970947E+06,-6.59854E+01
3.8986206E+06,-7.52054E+01
3.9001465E+06,-6.23254E+01
3.9016724E+06,-5.73854E+01
3.9031982E+06,-5.52454E+01
3.9047241E+06,-5.61254E+01
3.9062500E+06,-5.59254E+01
3.9077759E+06,-5.50454E+01
3.9093018E+06,-5.61654E+01
3.9108276E+06,-6.54254E+01
3.9123535E+06,-6.17054E+01
3.9138794E+06,-5.67654E+01
3.9154053E+06,-5.41054E+01
3.9169312E+06,-5.14854E+01
3.9184570E+06,-5.85254E+01
3.9199829E+06,-6.59054E+01
3.9215088E+06,-5.68054E+01
3.9230347E+06,-5.31854E+01
3.9245605E+06,-5.47854E+01
3.9260864E+06,-5.87854E+01
3.9276123E+06,-5.61054E+01
3.9291382E+06,-5.47454E+01
3.9306641E+06,-5.52054E+01
3.9321899E+06,-6.81854E+01
3.9337158E+06,-6.34854E+01
3.9352417E+06,-6.14854E+01
3.9367676E+06,-6.13654E+01
3.9382935E+06,-5.55054E+01
3.9398193E+06,-6.60654E+01
3.9413452E+06,-5.26254E+01
3.9428711E+06,-5.93654E+01
3.9443970E+06,-6.07654E+01
3.9459229E+06,-5.99654E+01
3.9474487E+06,-6.93454E+01
3.9489746E+06,-6.15054E+01
3.9505005E+06,-5.23654E+01
3.9520264E+06,-5.60854E+01
3.9535522E+06,-6.03054E+01
3.9550781E+06,-5.22054E+01
3.9566040E+06,-6.08054E+01
3.9581299E+06,-5.76854E+01
3.9596558E+06,-5.66254E+01
3.9611816E+06,-5.81254E+01
3.9627075E+06,-6.91654E+01
3.9642334E+06,-6.63054E+01
3.9657593E+06,-5.96254E+01
3.9672852E+06,-6.19454E+01
3.9688110E+06,-6.27254E+01
3.9703369E+06,-5.71854E+01
3.9718628E+06,-5.50054E+01
3.9733887E+06,-5.31454E+01
3.9749146E+06,-5.81854E+01
3.9764404E+06,-6.58654E+01
3.9779663E+06,-5.97054E+01
3.9794922E+06,-5.88054E+01
3.9810181E+06,-6.07654E+01
3.9825439E+06,-5.73654E+01
3.9840698E+06,-5.90654E+01
3.9855957E+06,-5.87254E+01
3.9871216E+06,-6.10454E+01
3.9886475E+06,-6.54654E+01
3.9901733E+06,-5.75654E+01
3.9916992E+06,-6.11854E+01
3.9932251E+06,-5.91054E+01
3.9947510E+06,-5.24454E+01
3.9962769E+06,-5.81654E+01
3.9978027E+06,-6.04454E+01
3.9993286E+06,-5.80454E+01
4.0008545E+06,-5.65054E+01
4.0023804E+06,-6.03654E+01
4.0039062E+06,-5.86254E+01
4.0054321E+06,-5.62654E+01
4.0069580E+06,-5.99254E+01
4.0084839E+06,-6.68854E+01
4.0100098E+06,-6.23054E+01
4.0115356E+06,-5.79454E+01
4.0130615E+06,-6.23454E+01
4.0145874E+06,-5.55054E+01
4.0161133E+06,-5.78454E+01
4.0176392E+06,-6.00454E+01
4.0191650E+06,-5.57854E+01
4.0206909E+06,-5.37454E+01
4.0222168E+06,-5.14254E+01
4.0237427E+06,-5.14254E+01
4.0252686E+06,-5.96254E+01
4.0267944E+06,-6.03854E+01
4.0283203E+06,-6.04854E+01
4.0298462E+06,-6.76054E+01
4.0313721E+06,-5.39054E+01
4.0328979E+06,-6.22054E+01
4.0344238E+06,-5.26254E+01
4.0359497E+06,-4.96254E+01
4.0374756E+06,-5.80254E+01
4.0390015E+06,-6.52054E+01
4.0405273E+06,-5.64854E+01
4.0420532E+06,-5.25254E+01
4.0435791E+06,-5.67654E+01
4.0451050E+06,-6.68054E+01
4.0466309E+06,-5.37454E+01
4.0481567E+06,-5.56654E+01
4.0496826E+06,-6.50454E+01
4.0512085E+06,-5.77254E+01
4.0527344E+06,-5.57854E+01
4.0542603E+06,-5.52854E+01
4.0557861E+06,-5.98854E+01
4.0573120E+06,-6.17854E+01
4.0588379E+06,-6.40454E+01
4.0603638E+06,-5.81654E+01
4.0618896E+06,-6.33854E+01
4.0634155E+06,-5.32654E+01
4.0649414E+06,-5.40654E+01
4.0664673E+06,-6.04454E+01
4.0679932E+06,-6.09654E+01
4.0695190E+06,-6.30654E+01
4.0710449E+06,-4.96254E+01
4.0725708E+06,-4.94054E+01
4.0740967E+06,-6.69654E+01
4.0756226E+06,-5.61254E+01
4.0771484E+06,-5.43054E+01
4.0786743E+06,-5.26454E+01
4.0802002E+06,-5.24454E+01
4.0817261E+06,-5.23654E+01
4.0832520E+06,-5.42654E+01
4.0847778E+06,-5.15654E+01
4.0863037E+06,-4.98454E+01
4.0878296E+06,-5.42654E+01
4.0893555E+06,-6.06854E+01
4.0908813E+06,-6.05854E+01
4.0924072E+06,-5.90654E+01
4.0939331E+06,-5.60454E+01
4.0954590E+06,-5.65254E+01
4.0969849E+06,-6.21054E+01
4.0985107E+06,-6.27054E+01
4.1000366E+06,-7.01254E+01
4.1015625E+06,-5.50854E+01
4.1030884E+06,-5.37454E+01
4.1046143E+06,-5.22654E+01
4.1061401E+06,-5.24454E+01
4.1076660E+06,-6.00854E+01
4.1091919E+06,-6.07254E+01
4.1107178E+06,-5.65854E+01
4.1122437E+06,-6.09254E+01
4.1137695E+06,-6.47454E+01
4.1152954E+06,-5.66854E+01
4.1168213E+06,-5.70054E+01
4.1183472E+06,-6.38854E+01
4.1198730E+06,-5.74254E+01
4.1213989E+06,-6.08854E+01
4.1229248E+06,-6.02254E+01
4.1244507E+06,-5.47254E+01
4.1259766E+06,-6.11054E+01
4.1275024E+06,-5.80454E+01
4.1290283E+06,-5.35054E+01
4.1305542E+06,-6.00854E+01
4.1320801E+06,-4.95854E+01
4.1336060E+06,-4.92054E+01
4.1351318E+06,-5.57454E+01
4.1366577E+06,-5.70454E+01
4.1381836E+06,-5.43054E+01
4.1397095E+06,-5.40654E+01
4.1412354E+06,-5.96654E+01
4.1427612E+06,-8.02654E+01
4.1442871E+06,-6.64854E+01
4.1458130E+06,-6.17854E+01
4.1473389E+06,-6.62454E+01
4.1488647E+06,-5.86254E+01
4.1503906E+06,-6.17054E+01
4.1519165E+06,-5.58254E+01
4.1534424E+06,-5.13854E+01
4.1549683E+06,-5.43654E+01
4.1564941E+06,-6.32454E+01
4.1580200E+06,-5.57654E+01
4.1595459E+06,-5.41854E+01
4.1610718E+06,-5.43254E+01
4.1625977E+06,-5.24054E+01
4.1641235E+06,-5.70654E+01
4.1656494E+06,-5.34254E+01
4.1671753E+06,-5.27254E+01
4.1687012E+06,-5.74654E+01
4.1702271E+06,-6.07454E+01
4.1717529E+06,-6.75854E+01
4.1732788E+06,-7.51054E+01
4.1748047E+06,-5.94454E+01
4.1763306E+06,-5.97654E+01
4.1778564E+06,-7.06254E+01
4.1793823E+06,-6.25054E+01
4.1809082E+06,-5.98454E+01
4.1824341E+06,-6.08854E+01
4.1839600E+06,-5.82654E+01
4.1854858E+06,-6.17254E+01
4.1870117E+06,-5.95854E+01
4.1885376E+06,-6.05054E+01
4.1900635E+06,-5.22254E+01
4.1915894E+06,-5.41654E+01
4.1931152E+06,-6.50454E+01
4.1946411E+06,-5.63654E+01
4.1961670E+06,-6.03454E+01
4.1976929E+06,-5.47854E+01
4.1992188E+06,-5.59654E+01
4.2007446E+06,-5.38854E+01
4.2022705E+06,-5.71654E+01
4.2037964E+06,-5.81654E+01
4.2053223E+06,-5.59254E+01
4.2068481E+06,-5.49054E+01
4.2083740E+06,-5.63254E+01
4.2098999E+06,-6.50054E+01
4.2114258E+06,-6.17854E+01
4.2129517E+06,-6.58454E+01
4.2144775E+06,-6.41854E+01
4.2160034E+06,-5.99254E+01
4.2175293E+06,-5.82454E+01
4.2190552E+06,-5.38254E+01
4.2205811E+06,-6.69254E+01
4.2221069E+06,-5.26854E+01
4.2236328E+06,-5.82454E+01
4.2251587E+06,-6.44254E+01
4.2266846E+06,-6.90254E+01
4.2282104E+06,-5.73854E+01
4.2297363E+06,-5.58254E+01
4.2312622E+06,-5.87454E+01
4.2327881E+06,-5.54654E+01
4.2343140E+06,-5.19254E+01
4.2358398E+06,-5.59054E+01
4.2373657E+06,-6.40054E+01
4.2388916E+06,-6.06054E+01
4.2404175E+06,-6.04054E+01
4.2419434E+06,-6.33654E+01
4.2434692E+06,-6.00854E+01
4.2449951E+06,-7.11454E+01
4.2465210E+06,-6.13254E+01
4.2480469E+06,-5.60454E+01
4.2495728E+06,-6.12654E+01
4.2510986E+06,-6.16854E+01
4.2526245E+06,-5.41054E+01
4.2541504E+06,-5.34854E+01
4.2556763E+06,-5.75254E+01
4.2572021E+06,-6.97654E+01
4.2587280E+06,-6.14054E+01
4.2602539E+06,-5.43254E+01
4.2617798E+06,-5.27054E+01
4.2633057E+06,-5.69054E+01
4.2648315E+06,-5.60254E+01
4.2663574E+06,-6.08254E+01
4.2678833E+06,-5.49054E+01
4.2694092E+06,-6.54254E+01
4.2709351E+06,-6.11254E+01
4.2724609E+06,-6.21854E+01
4.2739868E+06,-5.93454E+01
4.2755127E+06,-5.34454E+01
4.2770386E+06,-5.41654E+01
4.2785645E+06,-5.40454E+01
4.2800903E+06,-5.53054E+01
4.2816162E+06,-5.59854E+01
4.2831421E+06,-5.97454E+01
4.2846680E+06,-7.24254E+01
4.2861938E+06,-6.31454E+01
4.2877197E+06,-5.69454E+01
4.2892456E+06,-5.87254E+01
4.2907715E+06,-5.64054E+01
4.2922974E+06,-5.90054E+01
4.2938232E+06,-5.90054E+01
4.2953491E+06,-5.46654E+01
4.2968750E+06,-6.30054E+01
4.2984009E+06,-5.65054E+01
4.2999268E+06,-5.96654E+01
4.3014526E+06,-6.90254E+01
4.3029785E+06,-5.53854E+01
4.3045044E+06,-5.48454E+01
4.3060303E+06,-5.79854E+01
4.3075562E+06,-5.76054E+01
4.3090820E+06,-5.92254E+01
4.3106079E+06,-6.05454E+01
4.3121338E+06,-5.91054E+01
4.3136597E+06,-6.41854E+01
4.3151855E+06,-5.66654E+01
4.3167114E+06,-6.04854E+01
4.3182373E+06,-6.22854E+01
4.3197632E+06,-6.62454E+01
4.3212891E+06,-5.60254E+01
4.3228149E+06,-6.09454E+01
4.3243408E+06,-7.04054E+01
4.3258667E+06,-6.55654E+01
4.3273926E+06,-7.46654E+01
4.3289185E+06,-6.51654E+01
4.3304443E+06,-6.20454E+01
4.3319702E+06,-6.37254E+01
4.3334961E+06,-5.91654E+01
4.3350220E+06,-7.35654E+01
4.3365479E+06,-7.33054E+01
4.3380737E+06,-6.44654E+01
4.3395996E+06,-5.44454E+01
4.3411255E+06,-5.26454E+01
4.3426514E+06,-5.35854E+01
4.3441772E+06,-5.36654E+01
4.3457031E+06,-6.34054E+01
4.3472290E+06,-5.97054E+01
4.3487549E+06,-5.05254E+01
4.3502808E+06,-5.40254E+01
4.3518066E+06,-6.84654E+01
4.3533325E+06,-5.89654E+01
4.3548584E+06,-6.40254E+01
4.3563843E+06,-5.97454E+01
4.3579102E+06,-6.65654E+01
4.3594360E+06,-5.54254E+01
4.3609619E+06,-5.80054E+01
4.3624878E+06,-5.71254E+01
4.3640137E+06,-6.62654E+01
4.3655396E+06,-5.83254E+01
4.3670654E+06,-6.33254E+01
4.3685913E+06,-6.41254E+01
4.3701172E+06,-6.11654E+01
4.3716431E+06,-6.53854E+01
4.3731689E+06,-6.00054E+01
4.3746948E+06,-5.08254E+01
4.3762207E+06,-5.38654E+01
4.3777466E+06,-6.98054E+01
4.3792725E+06,-6.76054E+01
4.3807983E+06,-6.07654E+01
4.3823242E+06,-5.19054E+01
4.3838501E+06,-4.90254E+01
4.3853760E+06,-5.49054E+01
4.3869019E+06,-5.97454E+01
4.3884277E+06,-5.54854E+01
4.3899536E+06,-5.52654E+01
4.3914795E+06,-6.49254E+01
4.3930054E+06,-6.20454E+01
4.3945312E+06,-6.06054E+01
4.3960571E+06,-5.23254E+01
4.3975830E+06,-5.27054E+01
4.3991089E+06,-6.43454E+01
4.4006348E+06,-6.84854E+01
4.4021606E+06,-5.67254E+01
4.4036865E+06,-5.42254E+01
4.4052124E+06,-6.27254E+01
4.4067383E+06,-6.87454E+01
4.4082642E+06,-5.54254E+01
4.4097900E+06,-6.48654E+01
4.4113159E+06,-6.05254E+01
4.4128418E+06,-5.99654E+01
4.4143677E+06,-6.29254E+01
4.4158936E+06,-6.16654E+01
4.4174194E+06,-7.14854E+01
4.4189453E+06,-6.51654E+01
4.4204712E+06,-6.16454E+01
4.4219971E+06,-6.14054E+01
4.4235229E+06,-5.70854E+01
4.4250488E+06,-7.03654E+01
4.4265747E+06,-6.00854E+01
4.4281006E+06,-5.35654E+01
4.4296265E+06,-5.33854E+01
4.4311523E+06,-6.08254E+01
4.4326782E+06,-5.98854E+01
4.4342041E+06,-5.88454E+01
4.4357300E+06,-5.63854E+01
4.4372559E+06,-5.43254E+01
4.4387817E+06,-5.20254E+01
4.4403076E+06,-5.45254E+01
4.4418335E+06,-5.78654E+01
4.4433594E+06,-5.80454E+01
4.4448853E+06,-5.41654E+01
4.4464111E+06,-5.14654E+01
4.4479370E+06,-5.31254E+01
4.4494629E+06,-5.32054E+01
4.4509888E+06,-5.42054E+01
4.4525146E+06,-5.53454E+01
4.4540405E+06,-5.76054E+01
4.4555664E+06,-5.66454E+01
4.4570923E+06,-5.14454E+01
4.4586182E+06,-5.58454E+01
4.4601440E+06,-8.62854E+01
4.4616699E+06,-7.29254E+01
4.4631958E+06,-6.21254E+01
4.4647217E+06,-5.61254E+01
4.4662476E+06,-5.82054E+01
4.4677734E+06,-5.56454E+01
4.4692993E+06,-5.29254E+01
4.4708252E+06,-5.27454E+01
4.4723511E+06,-5.33854E+01
4.4738770E+06,-5.44054E+01
4.4754028E+06,-4.96654E+01
4.4769287E+06,-5.06054E+01
4.4784546E+06,-5.28654E+01
4.4799805E+06,-5.65854E+01
4.4815063E+06,-5.75854E+01
4.4830322E+06,-5.09454E+01
4.4845581E+06,-5.35654E+01
4.4860840E+06,-6.18254E+01
4.4876099E+06,-5.67654E+01
4.4891357E+06,-6.21054E+01
4.4906616E+06,-5.97654E+01
4.4921875E+06,-6.75854E+01
4.4937134E+06,-7.10654E+01
4.4952393E+06,-6.50054E+01
4.4967651E+06,-5.69454E+01
4.4982910E+06,-5.82054E+01
4.4998169E+06,-5.46254E+01
4.5013428E+06,-5.24654E+01
4.5028687E+06,-5.21854E+01
4.5043945E+06,-5.63854E+01
4.5059204E+06,-5.91254E+01
4.5074463E+06,-6.26854E+01
4.5089722E+06,-6.83254E+01
4.5104980E+06,-7.01254E+01
4.5120239E+06,-7.44654E+01
4.5135498E+06,-6.92654E+01
4.5150757E+06,-6.34654E+01
4.5166016E+06,-5.64054E+01
4.5181274E+06,-5.58254E+01
4.5196533E+06,-6.32654E+01
4.5211792E+06,-6.19654E+01
4.5227051E+06,-5.84854E+01
4.5242310E+06,-5.45454E+01
4.5257568E+06,-5.76054E+01
4.5272827E+06,-5.76054E+01
4.5288086E+06,-5.56254E+01
4.5303345E+06,-6.24254E+01
4.5318604E+06,-6.55454E+01
4.5333862E+06,-6.50854E+01
4.5349121E+06,-6.06654E+01
4.5364380E+06,-5.84254E+01
4.5379639E+06,-5.32654E+01
4.5394897E+06,-5.59854E+01
4.5410156E+06,-5.70454E+01
4.5425415E+06,-6.02654E+01
4.5440674E+06,-6.15054E+01
4.5455933E+06,-5.59054E+01
4.5471191E+06,-5.49854E+01
4.5486450E+06,-5.83254E+01
4.5501709E+06,-7.18454E+01
4.5516968E+06,-6.04654E+01
4.5532227E+06,-5.56654E+01
4.5547485E+06,-6.17854E+01
4.5562744E+06,-6.37254E+01
4.5578003E+06,-5.60054E+01
4.5593262E+06,-6.14854E+01
4.5608521E+06,-6.75254E+01
4.5623779E+06,-5.87854E+01
4.5639038E+06,-5.21254E+01
4.5654297E+06,-5.17454E+01
4.5669556E+06,-5.41854E+01
4.5684814E+06,-5.90054E+01
4.5700073E+06,-5.77454E+01
4.5715332E+06,-5.47854E+01
4.5730591E+06,-5.75254E+01
4.5745850E+06,-5.43654E+01
4.5761108E+06,-5.22454E+01
4.5776367E+06,-5.46854E+01
4.5791626E+06,-5.41654E+01
4.5806885E+06,-5.36254E+01
4.5822144E+06,-5.32654E+01
4.5837402E+06,-5.63854E+01
4.5852661E+06,-6.21654E+01
4.5867920E+06,-6.32054E+01
4.5883179E+06,-5.30854E+01
4.5898438E+06,-5.48054E+01
4.5913696E+06,-6.16454E+01
4.5928955E+06,-5.69454E+01
4.5944214E+06,-6.23254E+01
4.5959473E+06,-5.75654E+01
4.5974731E+06,-5.72854E+01
4.5989990E+06,-6.87854E+01
4.6005249E+06,-5.51254E+01
4.6020508E+06,-6.10454E+01
4.6035767E+06,-6.37454E+01
4.6051025E+06,-7.41454E+01
4.6066284E+06,-6.00454E+01
4.6081543E+06,-6.44254E+01
4.6096802E+06,-5.50654E+01
4.6112061E+06,-6.78254E+01
4.6127319E+06,-5.66654E+01
4.6142578E+06,-5.42054E+01
4.6157837E+06,-5.79854E+01
4.6173096E+06,-6.03654E+01
4.6188354E+06,-5.69654E+01
4.6203613E+06,-5.76254E+01
4.6218872E+06,-5.80054E+01
4.6234131E+06,-5.47854E+01
4.6249390E+06,-5.84254E+01
4.6264648E+06,-6.05254E+01
4.6279907E+06,-6.74654E+01
4.6295166E+06,-6.33654E+01
4.6310425E+06,-6.09054E+01
4.6325684E+06,-5.79454E+01
4.6340942E+06,-5.69454E+01
4.6356201E+06,-5.55054E+01
4.6371460E+06,-5.81254E+01
4.6386719E+06,-6.89454E+01
4.6401978E+06,-5.68654E+01
4.6417236E+06,-5.89454E+01
4.6432495E+06,-6.69254E+01
4.6447754E+06,-5.68254E+01
4.6463013E+06,-5.89454E+01
4.6478271E+06,-6.23454E+01
4.6493530E+06,-5.87254E+01
4.6508789E+06,-6.23054E+01
4.6524048E+06,-5.86854E+01
4.6539307E+06,-5.40254E+01
4.6554565E+06,-5.30654E+01
4.6569824E+06,-6.54654E+01
4.6585083E+06,-5.84654E+01
4.6600342E+06,-5.45254E+01
4.6615601E+06,-5.62854E+01
4.6630859E+06,-5.80254E+01
4.6646118E+06,-5.40654E+01
4.6661377E+06,-5.09054E+01
4.6676636E+06,-5.15054E+01
4.6691895E+06,-6.13854E+01
4.6707153E+06,-5.80854E+01
4.6722412E+06,-6.79054E+01
4.6737671E+06,-5.61654E+01
4.6752930E+06,-5.34454E+01
4.6768188E+06,-6.50654E+01
4.6783447E+06,-5.09254E+01
4.6798706E+06,-5.28854E+01
4.6813965E+06,-6.77854E+01
4.6829224E+06,-5.15654E+01
4.6844482E+06,-5.18454E+01
4.6859741E+06,-5.78654E+01
4.6875000E+06,-6.17654E+01
4.6890259E+06,-5.35054E+01
4.6905518E+06,-5.07654E+01
4.6920776E+06,-5.14254E+01
4.6936035E+06,-5.58254E+01
4.6951294E+06,-5.61254E+01
4.6966553E+06,-5.60654E+01
4.6981812E+06,-6.53454E+01
4.6997070E+06,-6.21854E+01
4.7012329E+06,-6.25054E+01
4.7027588E+06,-5.50454E+01
4.7042847E+06,-5.12654E+01
4.7058105E+06,-5.44254E+01
4.7073364E+06,-6.02654E+01
4.7088623E+06,-5.52054E+01
4.7103882E+06,-5.15054E+01
4.7119141E+06,-5.79054E+01
4.7134399E+06,-5.88654E+01
4.7149658E+06,-5.51654E+01
4.7164917E+06,-6.94854E+01
4.7180176E+06,-5.84254E+01
4.7195435E+06,-5.94054E+01
4.7210693E+06,-5.29654E+01
4.7225952E+06,-5.57654E+01
4.7241211E+06,-5.54254E+01
4.7256470E+06,-5.67654E+01
4.7271729E+06,-6.67254E+01
4.7286987E+06,-5.63054E+01
4.7302246E+06,-5.43654E+01
4.7317505E+06,-5.96254E+01
4.7332764E+06,-5.55254E+01
4.7348022E+06,-5.71654E+01
4.7363281E+06,-5.59854E+01
4.7378540E+06,-5.99654E+01
4.7393799E+06,-5.60254E+01
4.7409058E+06,-5.56254E+01
4.7424316E+06,-5.37654E+01
4.7439575E+06,-5.55254E+01
4.7454834E+06,-5.96254E+01
4.7470093E+06,-5.75454E+01
4.7485352E+06,-5.95054E+01
4.7500610E+06,-5.55854E+01
4.7515869E+06,-5.16254E+01
4.7531128E+06,-5.38054E+01
4.7546387E+06,-5.49054E+01
4.7561646E+06,-5.59254E+01
4.7576904E+06,-5.20454E+01
4.7592163E+06,-5.44854E+01
4.7607422E+06,-5.84054E+01
4.7622681E+06,-8.34454E+01
4.7637939E+06,-7.35654E+01
4.7653198E+06,-6.37254E+01
4.7668457E+06,-6.03654E+01
4.7683716E+06,-5.12854E+01
4.7698975E+06,-5.68454E+01
4.7714233E+06,-6.64654E+01
4.7729492E+06,-6.33854E+01
4.7744751E+06,-5.62654E+01
4.7760010E+06,-6.10054E+01
4.7775269E+06,-6.31854E+01
4.7790527E+06,-5.98054E+01
4.7805786E+06,-6.07854E+01
4.7821045E+06,-5.80454E+01
4.7836304E+06,-5.84654E+01
4.7851562E+06,-6.33854E+01
4.7866821E+06,-7.43054E+01
4.7882080E+06,-5.84654E+01
4.7897339E+06,-6.36454E+01
4.7912598E+06,-6.27454E+01
4.7927856E+06,-5.88454E+01
4.7943115E+06,-5.12654E+01
4.7958374E+06,-5.16454E+01
4.7973633E+06,-5.71254E+01
4.7988892E+06,-7.45454E+01
4.8004150E+06,-6.23654E+01
4.8019409E+06,-6.06854E+01
4.8034668E+06,-6.30854E+01
4.8049927E+06,-5.60654E+01
4.8065186E+06,-5.35254E+01
4.8080444E+06,-5.09454E+01
4.8095703E+06,-5.50854E+01
4.8110962E+06,-5.39054E+01
4.8126221E+06,-5.05054E+01
4.8141479E+06,-5.33454E+01
4.8156738E+06,-5.62254E+01
4.8171997E+06,-5.71254E+01
4.8187256E+06,-5.72454E+01
4.8202515E+06,-5.49454E+01
4.8217773E+06,-5.43654E+01
4.8233032E+06,-6.33254E+01
4.8248291E+06,-5.95854E+01
4.8263550E+06,-5.78254E+01
4.8278809E+06,-5.43654E+01
4.8294067E+06,-5.31454E+01
4.8309326E+06,-5.68654E+01
4.8324585E+06,-5.89654E+01
4.8339844E+06,-5.19854E+01
4.8355103E+06,-5.17254E+01
4.8370361E+06,-5.26854E+01
4.8385620E+06,-5.59054E+01
4.8400879E+06,-6.44854E+01
4.8416138E+06,-8.09654E+01
4.8431396E+06,-6.69054E+01
4.8446655E+06,-5.70254E+01
4.8461914E+06,-5.72054E+01
4.8477173E+06,-7.63054E+01
4.8492432E+06,-6.69254E+01
4.8507690E+06,-5.87254E+01
4.8522949E+06,-6.31054E+01
4.8538208E+06,-6.05054E+01
4.8553467E+06,-5.47054E+01
4.8568726E+06,-6.37254E+01
4.8583984E+06,-6.06254E+01
4.8599243E+06,-5.64454E+01
4.8614502E+06,-5.20454E+01
4.8629761E+06,-5.42654E+01
4.8645020E+06,-5.65254E+01
4.8660278E+06,-5.11854E+01
4.8675537E+06,-6.68854E+01
4.8690796E+06,-5.16454E+01
4.8706055E+06,-5.19654E+01
4.8721313E+06,-5.59454E+01
4.8736572E+06,-5.86854E+01
4.8751831E+06,-5.71254E+01
4.8767090E+06,-6.37254E+01
4.8782349E+06,-5.46254E+01
4.8797607E+06,-5.30054E+01
4.8812866E+06,-5.55854E+01
4.8828125E+06,-5.93454E+01
4.8843384E+06,-5.90654E+01
4.8858643E+06,-5.42254E+01
4.8873901E+06,-5.29654E+01
4.8889160E+06,-5.76654E+01
4.8904419E+06,-6.22254E+01
4.8919678E+06,-5.84254E+01
4.8934937E+06,-5.62654E+01
4.8950195E+06,-5.64054E+01
4.8965454E+06,-5.53854E+01
4.8980713E+06,-5.53454E+01
4.8995972E+06,-5.55854E+01
4.9011230E+06,-5.80854E+01
4.9026489E+06,-6.17454E+01
4.9041748E+06,-6.49454E+01
4.9057007E+06,-6.22654E+01
4.9072266E+06,-5.54054E+01
4.9087524E+06,-5.55254E+01
4.9102783E+06,-5.80454E+01
4.9118042E+06,-6.25254E+01
4.9133301E+06,-5.90654E+01
4.9148560E+06,-6.15054E+01
4.9163818E+06,-6.00854E+01
4.9179077E+06,-6.08854E+01
4.9194336E+06,-5.59854E+01
4.9209595E+06,-6.49654E+01
4.9224854E+06,-5.40254E+01
4.9240112E+06,-5.74254E+01
4.9255371E+06,-6.40454E+01
4.9270630E+06,-5.45454E+01
4.9285889E+06,-5.45854E+01
4.9301147E+06,-5.61454E+01
4.9316406E+06,-5.54854E+01
4.9331665E+06,-5.61054E+01
4.9346924E+06,-5.66654E+01
4.9362183E+06,-5.50454E+01
4.9377441E+06,-6.33254E+01
4.9392700E+06,-6.21454E+01
4.9407959E+06,-8.71454E+01
4.9423218E+06,-6.00454E+01
4.9438477E+06,-6.06054E+01
4.9453735E+06,-7.20454E+01
4.9468994E+06,-6.39254E+01
4.9484253E+06,-5.71454E+01
4.9499512E+06,-5.16454E+01
4.9514771E+06,-4.86254E+01
4.9530029E+06,-5.14454E+01
4.9545288E+06,-6.05454E+01
4.9560547E+06,-6.50454E+01
4.9575806E+06,-6.87254E+01
4.9591064E+06,-5.93454E+01
4.9606323E+06,-5.59254E+01
4.9621582E+06,-5.60454E+01
4.9636841E+06,-5.33854E+01
4.9652100E+06,-5.34654E+01
4.9667358E+06,-6.55854E+01
4.9682617E+06,-5.26454E+01
4.9697876E+06,-5.42854E+01
4.9713135E+06,-6.11454E+01
4.9728394E+06,-6.27454E+01
4.9743652E+06,-5.70854E+01
4.9758911E+06,-5.55654E+01
4.9774170E+06,-5.41454E+01
4.9789429E+06,-5.91654E+01
4.9804688E+06,-5.69054E+01
4.9819946E+06,-5.46654E+01
4.9835205E+06,-5.40054E+01
4.9850464E+06,-5.65654E+01
4.9865723E+06,-7.44254E+01
4.9880981E+06,-6.23454E+01
4.9896240E+06,-5.74854E+01
4.9911499E+06,-6.79254E+01
4.9926758E+06,-5.62654E+01
4.9942017E+06,-5.59054E+01
4.9957275E+06,-5.83254E+01
4.9972534E+06,-5.86854E+01
4.9987793E+06,-5.26454E+01
5.0003052E+06,-5.48054E+01
5.0018311E+06,-5.96654E+01
5.0033569E+06,-6.24054E+01
5.0048828E+06,-5.87254E+01
5.0064087E+06,-5.58654E+01
5.0079346E+06,-5.51654E+01
5.0094604E+06,-5.17054E+01
5.0109863E+06,-5.19454E+01
5.0125122E+06,-5.67654E+01
5.0140381E+06,-6.45454E+01
5.0155640E+06,-5.51254E+01
5.0170898E+06,-5.46654E+01
5.0186157E+06,-5.52054E+01
5.0201416E+06,-5.86054E+01
5.0216675E+06,-6.53454E+01
5.0231934E+06,-5.51254E+01
5.0247192E+06,-5.65854E+01
5.0262451E+06,-5.49454E+01
5.0277710E+06,-5.11654E+01
5.0292969E+06,-5.29454E+01
5.0308228E+06,-5.63054E+01
5.0323486E+06,-5.46054E+01
5.0338745E+06,-5.99654E+01
5.0354004E+06,-6.44854E+01
5.0369263E+06,-6.23854E+01
5.0384521E+06,-5.90654E+01
5.0399780E+06,-6.30854E+01
5.0415039E+06,-5.67054E+01
5.0430298E+06,-5.18654E+01
5.0445557E+06,-4.91254E+01
5.0460815E+06,-5.11654E+01
5.0476074E+06,-6.05854E+01
5.0491333E+06,-6.45854E+01
5.0506592E+06,-6.35854E+01
5.0521851E+06,-5.72054E+01
5.0537109E+06,-5.23054E+01
5.0552368E+06,-5.87854E+01
5.0567627E+06,-7.29254E+01
5.0582886E+06,-6.28654E+01
5.0598145E+06,-6.14654E+01
5.0613403E+06,-5.97054E+01
5.0628662E+06,-5.54254E+01
5.0643921E+06,-6.62054E+01
5.0659180E+06,-6.01254E+01
5.0674438E+06,-5.31454E+01
5.0689697E+06,-5.62254E+01
5.0704956E+06,-5.95054E+01
5.0720215E+06,-6.23654E+01
5.0735474E+06,-5.99254E+01
5.0750732E+06,-6.72254E+01
5.0765991E+06,-6.39254E+01
5.0781250E+06,-6.08654E+01
5.0796509E+06,-5.35654E+01
5.0811768E+06,-5.40454E+01
5.0827026E+06,-5.66454E+01
5.0842285E+06,-5.87454E+01
5.0857544E+06,-5.88454E+01
5.0872803E+06,-5.86654E+01
5.0888062E+06,-5.70454E+01
5.0903320E+06,-5.41654E+01
5.0918579E+06,-5.84854E+01
5.0933838E+06,-6.27854E+01
5.0949097E+06,-6.05454E+01
5.0964355E+06,-6.00854E+01
5.0979614E+06,-5.93054E+01
5.0994873E+06,-5.69854E+01
5.1010132E+06,-5.61854E+01
5.1025391E+06,-5.57654E+01
5.1040649E+06,-5.87854E+01
5.1055908E+06,-5.55254E+01
5.1071167E+06,-5.52454E+01
5.1086426E+06,-6.34854E+01
5.1101685E+06,-6.16254E+01
5.1116943E+06,-5.53254E+01
5.1132202E+06,-5.38254E+01
5.1147461E+06,-5.29254E+01
5.1162720E+06,-5.61654E+01
5.1177979E+06,-6.06454E+01
5.1193237E+06,-6.12454E+01
5.1208496E+06,-7.11454E+01
5.1223755E+06,-6.25454E+01
5.1239014E+06,-5.52854E+01
5.1254272E+06,-5.87454E+01
5.1269531E+06,-6.71854E+01
5.1284790E+06,-6.12254E+01
5.1300049E+06,-7.25854E+01
5.1315308E+06,-7.13854E+01
5.1330566E+06,-6.72654E+01
5.1345825E+06,-5.32454E+01
5.1361084E+06,-5.52254E+01
5.1376343E+06,-5.67054E+01
5.1391602E+06,-5.27454E+01
5.1406860E+06,-5.53454E+01
5.1422119E+06,-6.48454E+01
5.1437378E+06,-6.89054E+01
5.1452637E+06,-7.09254E+01
5.1467896E+06,-5.93654E+01
5.1483154E+06,-5.58054E+01
5.1498413E+06,-5.58454E+01
5.1513672E+06,-5.42254E+01
5.1528931E+06,-5.59854E+01
5.1544189E+06,-5.94454E+01
5.1559448E+06,-5.67054E+01
5.1574707E+06,-5.43454E+01
5.1589966E+06,-5.41254E+01
5.1605225E+06,-5.69054E+01
5.1620483E+06,-5.53454E+01
5.1635742E+06,-5.50454E+01
5.1651001E+06,-5.64654E+01
5.1666260E+06,-5.64054E+01
5.1681519E+06,-5.84254E+01
5.1696777E+06,-5.41254E+01
5.1712036E+06,-5.05054E+01
5.1727295E+06,-5.25054E+01
5.1742554E+06,-6.31654E+01
5.1757812E+06,-5.81054E+01
5.1773071E+06,-7.00054E+01
5.1788330E+06,-5.71054E+01
5.1803589E+06,-5.60054E+01
5.1818848E+06,-5.91654E+01
5.1834106E+06,-5.80054E+01
5.1849365E+06,-5.62454E+01
5.1864624E+06,-5.68654E+01
5.1879883E+06,-6.03854E+01
5.1895142E+06,-5.46254E+01
5.1910400E+06,-5.85254E+01
5.1925659E+06,-6.22254E+01
5.1940918E+06,-5.99654E+01
5.1956177E+06,-5.17654E+01
5.1971436E+06,-5.47854E+01
5.1986694E+06,-6.27854E+01
5.2001953E+06,-5.53254E+01
5.2017212E+06,-5.47454E+01
5.2032471E+06,-5.52054E+01
5.2047729E+06,-5.51654E+01
5.2062988E+06,-6.16254E+01
5.2078247E+06,-5.48054E+01
5.2093506E+06,-5.48054E+01
5.2108765E+06,-5.13854E+01
5.2124023E+06,-5.15454E+01
5.2139282E+06,-5.62854E+01
5.2154541E+06,-5.35254E+01
5.2169800E+06,-5.90254E+01
5.2185059E+06,-7.13054E+01
5.2200317E+06,-6.45654E+01
5.2215576E+06,-6.00054E+01
5.2230835E+06,-5.50254E+01
5.2246094E+06,-5.94454E+01
5.2261353E+06,-7.10454E+01
5.2276611E+06,-6.01854E+01
5.2291870E+06,-5.67054E+01
5.2307129E+06,-6.29854E+01
5.2322388E+06,-6.00454E+01
5.2337646E+06,-5.51254E+01
5.2352905E+06,-6.16054E+01
5.2368164E+06,-6.13654E+01
5.2383423E+06,-5.82454E+01
5.2398682E+06,-5.56454E+01
5.2413940E+06,-5.53254E+01
5.2429199E+06,-5.63854E+01
5.2444458E+06,-5.47254E+01
5.2459717E+06,-5.78654E+01
5.2474976E+06,-7.03254E+01
5.2490234E+06,-6.23254E+01
5.2505493E+06,-6.82854E+01
5.2520752E+06,-6.20854E+01
5.2536011E+06,-7.53454E+01
5.2551270E+06,-6.37854E+01
5.2566528E+06,-5.98054E+01
5.2581787E+06,-5.48054E+01
5.2597046E+06,-6.12854E+01
5.2612305E+06,-6.43654E+01
5.2627563E+06,-5.48654E+01
5.2642822E+06,-5.77054E+01
5.2658081E+06,-5.65254E+01
5.2673340E+06,-5.32654E+01
5.2688599E+06,-6.09454E+01
5.2703857E+06,-5.82654E+01
5.2719116E+06,-7.99254E+01
5.2734375E+06,-5.32054E+01
5.2749634E+06,-5.39454E+01
5.2764893E+06,-5.44254E+01
5.2780151E+06,-5.18054E+01
5.2795410E+06,-5.22854E+01
5.2810669E+06,-5.84254E+01
5.2825928E+06,-5.96254E+01
5.2841187E+06,-6.24254E+01
5.2856445E+06,-5.67854E+01
5.2871704E+06,-5.65454E+01
5.2886963E+06,-6.71054E+01
5.2902222E+06,-6.80454E+01
5.2917480E+06,-6.46854E+01
5.2932739E+06,-5.73254E+01
5.2947998E+06,-5.27854E+01
5.2963257E+06,-4.82654E+01
5.2978516E+06,-4.87454E+01
5.2993774E+06,-5.38654E+01
5.3009033E+06,-5.62654E+01
5.3024292E+06,-6.05654E+01
5.3039551E+06,-6.63254E+01
5.3054810E+06,-5.90654E+01
5.3070068E+06,-6.24254E+01
5.3085327E+06,-6.54454E+01
5.3100586E+06,-5.91654E+01
5.3115845E+06,-5.94454E+01
5.3131104E+06,-5.95054E+01
5.3146362E+06,-5.52454E+01
5.3161621E+06,-5.40054E+01
5.3176880E+06,-6.00454E+01
5.3192139E+06,-5.79454E+01
5.3207397E+06,-5.78054E+01
5.3222656E+06,-6.46254E+01
5.3237915E+06,-5.96254E+01
5.3253174E+06,-5.89454E+01
5.3268433E+06,-8.13854E+01
5.3283691E+06,-5.35654E+01
5.3298950E+06,-5.35054E+01
5.3314209E+06,-7.24254E+01
5.3329468E+06,-6.28054E+01
5.3344727E+06,-5.72254E+01
5.3359985E+06,-5.48054E+01
5.3375244E+06,-5.88654E+01
5.3390503E+06,-5.63854E+01
5.3405762E+06,-5.46454E+01
5.3421021E+06,-5.47054E+01
5.3436279E+06,-5.71454E+01
5.3451538E+06,-5.60654E+01
5.3466797E+06,-5.98854E+01
5.3482056E+06,-7.20254E+01
5.3497314E+06,-7.20654E+01
5.3512573E+06,-6.22054E+01
5.3527832E+06,-5.62254E+01
5.3543091E+06,-5.62054E+01
5.3558350E+06,-5.94054E+01
5.3573608E+06,-5.21854E+01
5.3588867E+06,-5.23454E+01
5.3604126E+06,-5.98454E+01
5.3619385E+06,-5.48854E+01
5.3634644E+06,-5.27654E+01
5.3649902E+06,-5.90654E+01
5.3665161E+06,-6.18054E+01
5.3680420E+06,-7.03854E+01
5.3695679E+06,-6.88454E+01
5.3710938E+06,-6.03654E+01
5.3726196E+06,-5.64054E+01
5.3741455E+06,-6.60054E+01
5.3756714E+06,-5.98454E+01
5.3771973E+06,-5.83454E+01
5.3787231E+06,-6.51454E+01
5.3802490E+06,-6.65454E+01
5.3817749E+06,-6.47054E+01
5.3833008E+06,-6.14654E+01
5.3848267E+06,-5.67654E+01
5.3863525E+06,-5.56054E+01
5.3878784E+06,-5.50654E+01
5.3894043E+06,-6.06654E+01
5.3909302E+06,-5.78454E+01
5.3924561E+06,-5.53454E+01
5.3939819E+06,-6.00454E+01
5.3955078E+06,-6.17654E+01
5.3970337E+06,-5.27854E+01
5.3985596E+06,-5.23454E+01
5.4000854E+06,-5.65454E+01
5.4016113E+06,-6.36854E+01
5.4031372E+06,-7.08454E+01
5.4046631E+06,-6.00454E+01
5.4061890E+06,-5.82054E+01
5.4077148E+06,-5.48054E+01
5.4092407E+06,-5.30654E+01
5.4107666E+06,-5.71254E+01
5.4122925E+06,-6.53454E+01
5.4138184E+06,-5.60454E+01
5.4153442E+06,-5.24454E+01
5.4168701E+06,-5.86254E+01
5.4183960E+06,-6.09854E+01
5.4199219E+06,-5.79454E+01
5.4214478E+06,-6.00054E+01
5.4229736E+06,-5.31454E+01
5.4244995E+06,-5.32454E+01
5.4260254E+06,-5.44454E+01
5.4275513E+06,-5.40854E+01
5.4290771E+06,-5.71454E+01
5.4306030E+06,-6.47254E+01
5.4321289E+06,-6.96654E+01
5.4336548E+06,-5.72254E+01
5.4351807E+06,-5.51254E+01
5.4367065E+06,-5.58854E+01
5.4382324E+06,-5.09454E+01
5.4397583E+06,-5.27054E+01
5.4412842E+06,-5.89654E+01
5.4428101E+06,-5.26454E+01
5.4443359E+06,-5.11454E+01
5.4458618E+06,-5.60054E+01
5.4473877E+06,-6.29854E+01
5.4489136E+06,-6.09254E+01
5.4504395E+06,-6.48454E+01
5.4519653E+06,-5.69054E+01
5.4534912E+06,-5.35454E+01
5.4550171E+06,-5.50454E+01
5.4565430E+06,-5.28454E+01
5.4580688E+06,-5.75454E+01
5.4595947E+06,-6.51854E+01
5.4611206E+06,-5.58054E+01
5.4626465E+06,-5.21854E+01
5.4641724E+06,-5.30654E+01
5.4656982E+06,-5.98054E+01
5.4672241E+06,-5.69254E+01
5.4687500E+06,-5.84254E+01
5.4702759E+06,-6.70054E+01
5.4718018E+06,-6.46654E+01
5.4733276E+06,-6.64854E+01
5.4748535E+06,-6.64054E+01
5.4763794E+06,-5.74454E+01
5.4779053E+06,-5.65854E+01
5.4794312E+06,-5.72454E+01
5.4809570E+06,-6.02254E+01
5.4824829E+06,-5.39654E+01
5.4840088E+06,-6.14254E+01
5.4855347E+06,-5.94454E+01
5.4870605E+06,-6.12854E+01
5.4885864E+06,-5.85654E+01
5.4901123E+06,-5.71654E+01
5.4916382E+06,-6.64054E+01
5.4931641E+06,-6.22654E+01
5.4946899E+06,-5.61454E+01
5.4962158E+06,-5.97454E+01
5.4977417E+06,-6.21854E+01
5.4992676E+06,-6.48854E+01
5.5007935E+06,-6.22454E+01
5.5023193E+06,-6.33854E+01
5.5038452E+06,-5.76254E+01
5.5053711E+06,-5.88654E+01
5.5068970E+06,-5.61654E+01
5.5084229E+06,-5.43654E+01
5.5099487E+06,-5.23654E+01
5.5114746E+06,-5.22054E+01
5.5130005E+06,-5.53654E+01
5.5145264E+06,-5.58254E+01
5.5160522E+06,-6.97054E+01
5.5175781E+06,-5.82054E+01
5.5191040E+06,-6.57654E+01
5.5206299E+06,-5.81054E+01
5.5221558E+06,-5.77254E+01
5.5236816E+06,-5.85254E+01
5.5252075E+06,-6.38854E+01
5.5267334E+06,-6.66054E+01
5.5282593E+06,-6.22054E+01
5.5297852E+06,-6.30454E+01
5.5313110E+06,-5.87854E+01
5.5328369E+06,-5.97654E+01
5.5343628E+06,-6.13054E+01
5.5358887E+06,-6.22054E+01
5.5374146E+06,-7.36254E+01
5.5389404E+06,-5.62254E+01
5.5404663E+06,-5.86654E+01
5.5419922E+06,-6.12854E+01
5.5435181E+06,-5.24254E+01
5.5450439E+06,-5.25654E+01
5.5465698E+06,-5.62854E+01
5.5480957E+06,-5.98454E+01
5.5496216E+06,-5.65854E+01
5.5511475E+06,-6.24854E+01
5.5526733E+06,-6.56454E+01
5.5541992E+06,-6.42054E+01
5.5557251E+06,-5.80854E+01
5.5572510E+06,-5.74654E+01
5.5587769E+06,-5.61854E+01
5.5603027E+06,-5.20654E+01
5.5618286E+06,-6.72854E+01
5.5633545E+06,-5.52854E+01
5.5648804E+06,-5.46254E+01
5.5664062E+06,-6.18854E+01
5.5679321E+06,-7.32054E+01
5.5694580E+06,-5.85654E+01
5.5709839E+06,-5.51654E+01
5.5725098E+06,-5.57054E+01
5.5740356E+06,-6.02654E+01
5.5755615E+06,-5.24854E+01
5.5770874E+06,-5.20254E+01
5.5786133E+06,-5.96254E+01
5.5801392E+06,-5.65254E+01
5.5816650E+06,-5.92654E+01
5.5831909E+06,-6.04654E+01
5.5847168E+06,-5.69254E+01
5.5862427E+06,-6.14454E+01
5.5877686E+06,-5.24254E+01
5.5892944E+06,-5.37654E+01
5.5908203E+06,-5.83254E+01
5.5923462E+06,-6.25254E+01
5.5938721E+06,-6.23254E+01
5.5953979E+06,-5.54254E+01
5.5969238E+06,-6.22854E+01
5.5984497E+06,-5.56454E+01
5.5999756E+06,-6.12654E+01
5.6015015E+06,-5.49054E+01
5.6030273E+06,-5.34654E+01
5.6045532E+06,-5.87454E+01
5.6060791E+06,-5.57254E+01
5.6076050E+06,-5.34254E+01
5.6091309E+06,-5.72454E+01
5.6106567E+06,-6.70454E+01
5.6121826E+06,-5.79854E+01
5.6137085E+06,-6.57454E+01
5.6152344E+06,-7.20454E+01
5.6167603E+06,-6.38454E+01
5.6182861E+06,-6.52454E+01
5.6198120E+06,-6.37654E+01
5.6213379E+06,-6.31454E+01
5.6228638E+06,-7.30054E+01
5.6243896E+06,-5.15054E+01
5.6259155E+06,-5.19054E+01
5.6274414E+06,-6.07454E+01
5.6289673E+06,-6.64454E+01
5.6304932E+06,-6.15654E+01
5.6320190E+06,-5.75654E+01
5.6335449E+06,-5.07054E+01
5.6350708E+06,-5.35054E+01
5.6365967E+06,-6.03454E+01
5.6381226E+06,-5.71654E+01
5.6396484E+06,-5.19654E+01
5.6411743E+06,-5.57654E+01
5.6427002E+06,-7.79054E+01
5.6442261E+06,-6.84854E+01
5.6457520E+06,-5.88454E+01
5.6472778E+06,-5.49854E+01
5.6488037E+06,-6.16254E+01
5.6503296E+06,-5.45454E+01
5.6518555E+06,-5.16454E+01
5.6533813E+06,-5.24654E+01
5.6549072E+06,-5.59054E+01
5.6564331E+06,-6.00454E+01
5.6579590E+06,-5.53854E+01
5.6594849E+06,-5.75854E+01
5.6610107E+06,-5.86254E+01
5.6625366E+06,-5.45054E+01
5.6640625E+06,-5.58854E+01
5.6655884E+06,-5.65254E+01
5.6671143E+06,-6.43054E+01
5.6686401E+06,-5.35854E+01
5.6701660E+06,-5.50454E+01
5.6716919E+06,-6.02254E+01
5.6732178E+06,-7.25654E+01
5.6747437E+06,-6.87454E+01
5.6762695E+06,-5.69254E+01
5.6777954E+06,-5.66654E+01
5.6793213E+06,-6.22854E+01
5.6808472E+06,-6.29454E+01
5.6823730E+06,-5.28254E+01
5.6838989E+06,-5.28854E+01
5.6854248E+06,-6.63054E+01
5.6869507E+06,-6.45854E+01
5.6884766E+06,-6.80054E+01
5.6900024E+06,-7.34654E+01
5.6915283E+06,-6.15254E+01
5.6930542E+06,-5.34254E+01
5.6945801E+06,-5.59854E+01
5.6961060E+06,-6.09854E+01
5.6976318E+06,-6.35454E+01
5.6991577E+06,-6.32654E+01
5.7006836E+06,-7.73654E+01
5.7022095E+06,-5.37254E+01
5.7037354E+06,-5.26254E+01
5.7052612E+06,-6.00854E+01
5.7067871E+06,-6.96654E+01
5.7083130E+06,-5.83654E+01
5.7098389E+06,-5.49054E+01
5.7113647E+06,-6.68454E+01
5.7128906E+06,-5.94854E+01
5.7144165E+06,-6.05254E+01
5.7159424E+06,-6.65654E+01
5.7174683E+06,-6.91054E+01
5.7189941E+06,-6.27454E+01
5.7205200E+06,-5.44654E+01
5.7220459E+06,-5.67054E+01
5.7235718E+06,-6.13254E+01
5.7250977E+06,-6.48054E+01
5.7266235E+06,-6.16454E+01
5.7281494E+06,-5.49454E+01
5.7296753E+06,-5.28054E+01
5.7312012E+06,-5.67454E+01
5.7327271E+06,-6.66254E+01
5.7342529E+06,-5.81854E+01
5.7357788E+06,-5.47254E+01
5.7373047E+06,-5.66854E+01
5.7388306E+06,-5.80254E+01
5.7403564E+06,-6.13054E+01
5.7418823E+06,-5.71854E+01
5.7434082E+06,-5.49454E+01
5.7449341E+06,-5.67054E+01
5.7464600E+06,-6.91254E+01
5.7479858E+06,-6.74254E+01
5.7495117E+06,-7.90654E+01
5.7510376E+06,-6.27654E+01
5.7525635E+06,-6.90254E+01
5.7540894E+06,-6.07454E+01
5.7556152E+06,-7.03054E+01
5.7571411E+06,-6.69054E+01
5.7586670E+06,-6.65854E+01
5.7601929E+06,-6.16654E+01
5.7617188E+06,-5.68854E+01
5.7632446E+06,-8.02254E+01
5.7647705E+06,-5.63054E+01
5.7662964E+06,-7.56854E+01
5.7678223E+06,-5.80254E+01
5.7693481E+06,-6.57854E+01
5.7708740E+06,-6.52054E+01
5.7723999E+06,-6.12854E+01
5.7739258E+06,-5.94454E+01
5.7754517E+06,-6.34654E+01
5.7769775E+06,-5.86854E+01
5.7785034E+06,-6.38254E+01
5.7800293E+06,-6.17254E+01
5.7815552E+06,-5.68454E+01
5.7830811E+06,-5.39654E+01
5.7846069E+06,-5.16454E+01
5.7861328E+06,-5.14454E+01
5.7876587E+06,-5.25454E+01
5.7891846E+06,-5.35654E+01
5.7907104E+06,-5.39054E+01
5.7922363E+06,-5.61654E+01
5.7937622E+06,-6.20254E+01
5.7952881E+06,-5.62054E+01
5.7968140E+06,-5.15054E+01
5.7983398E+06,-4.76254E+01
5.7998657E+06,-4.84854E+01
5.8013916E+06,-5.03454E+01
5.8029175E+06,-5.52654E+01
5.8044434E+06,-5.80454E+01
5.8059692E+06,-5.73454E+01
5.8074951E+06,-6.14254E+01
5.8090210E+06,-5.95454E+01
5.8105469E+06,-5.32454E+01
5.8120728E+06,-5.20654E+01
5.8135986E+06,-5.48454E+01
5.8151245E+06,-6.12454E+01
5.8166504E+06,-7.64054E+01
5.8181763E+06,-6.60054E+01
5.8197021E+06,-6.08454E+01
5.8212280E+06,-5.99254E+01
5.8227539E+06,-7.20654E+01
5.8242798E+06,-5.57054E+01
5.8258057E+06,-5.58054E+01
5.8273315E+06,-7.62654E+01
5.8288574E+06,-6.74654E+01
5.8303833E+06,-6.10454E+01
5.8319092E+06,-6.17254E+01
5.8334351E+06,-6.10254E+01
5.8349609E+06,-6.36254E+01
5.8364868E+06,-5.64654E+01
5.8380127E+06,-5.18854E+01
5.8395386E+06,-5.12054E+01
5.8410645E+06,-5.55254E+01
5.8425903E+06,-6.02654E+01
5.8441162E+06,-7.19454E+01
5.8456421E+06,-5.91254E+01
5.8471680E+06,-5.68454E+01
5.8486938E+06,-5.57654E+01
5.8502197E+06,-6.05654E+01
5.8517456E+06,-5.71254E+01
5.8532715E+06,-5.82054E+01
5.8547974E+06,-5.50454E+01
5.8563232E+06,-5.51054E+01
5.8578491E+06,-5.64654E+01
5.8593750E+06,-5.46454E+01
5.8609009E+06,-5.09454E+01
5.8624268E+06,-5.66654E+01
5.8639526E+06,-6.06654E+01
5.8654785E+06,-6.03054E+01
5.8670044E+06,-6.15854E+01
5.8685303E+06,-5.98854E+01
5.8700562E+06,-6.02654E+01
5.8715820E+06,-6.32854E+01
5.8731079E+06,-5.65854E+01
5.8746338E+06,-5.69854E+01
5.8761597E+06,-5.81854E+01
5.8776855E+06,-5.37854E+01
5.8792114E+06,-6.03254E+01
5.8807373E+06,-5.53454E+01
5.8822632E+06,-5.43054E+01
5.8837891E+06,-6.81854E+01
5.8853149E+06,-6.24454E+01
5.8868408E+06,-6.11054E+01
5.8883667E+06,-5.71254E+01
5.8898926E+06,-5.26654E+01
5.8914185E+06,-5.23654E+01
5.8929443E+06,-5.27854E+01
5.8944702E+06,-5.68854E+01
5.8959961E+06,-6.14054E+01
5.8975220E+06,-6.40854E+01
5.8990479E+06,-5.83454E+01
5.9005737E+06,-5.50454E+01
5.9020996E+06,-7.06854E+01
5.9036255E+06,-6.37254E+01
5.9051514E+06,-5.97654E+01
5.9066772E+06,-5.44454E+01
5.9082031E+06,-5.98054E+01
5.9097290E+06,-6.27054E+01
5.9112549E+06,-6.15054E+01
5.9127808E+06,-5.83654E+01
5.9143066E+06,-5.60854E+01
5.9158325E+06,-7.22454E+01
5.9173584E+06,-6.46054E+01
5.9188843E+06,-5.94854E+01
5.9204102E+06,-5.65054E+01
5.9219360E+06,-5.86854E+01
5.9234619E+06,-5.49854E+01
5.9249878E+06,-5.56454E+01
5.9265137E+06,-6.44454E+01
5.9280396E+06,-6.04854E+01
5.9295654E+06,-6.21254E+01
5.9310913E+06,-6.17454E+01
5.9326172E+06,-5.40854E+01
5.9341431E+06,-5.99654E+01
5.9356689E+06,-6.61654E+01
5.9371948E+06,-7.67654E+01
5.9387207E+06,-5.99254E+01
5.9402466E+06,-5.06254E+01
5.9417725E+06,-4.80254E+01
5.9432983E+06,-5.04854E+01
5.9448242E+06,-5.78454E+01
5.9463501E+06,-6.73854E+01
5.9478760E+06,-7.23854E+01
5.9494019E+06,-7.69054E+01
5.9509277E+06,-6.68454E+01
5.9524536E+06,-5.93654E+01
5.9539795E+06,-5.57654E+01
5.9555054E+06,-5.41654E+01
5.9570312E+06,-5.21054E+01
5.9585571E+06,-5.27454E+01
5.9600830E+06,-6.13454E+01
5.9616089E+06,-7.38654E+01
5.9631348E+06,-5.63854E+01
5.9646606E+06,-5.19054E+01
5.9661865E+06,-5.32054E+01
5.9677124E+06,-5.55654E+01
5.9692383E+06,-6.37254E+01
5.9707642E+06,-6.15054E+01
5.9722900E+06,-8.40854E+01
5.9738159E+06,-6.02654E+01
5.9753418E+06,-5.67054E+01
5.9768677E+06,-5.79254E+01
5.9783936E+06,-7.30054E+01
5.9799194E+06,-6.00854E+01
5.9814453E+06,-5.67254E+01
5.9829712E+06,-6.26454E+01
5.9844971E+06,-6.02654E+01
5.9860229E+06,-5.85254E+01
5.9875488E+06,-7.30654E+01
5.9890747E+06,-6.00054E+01
5.9906006E+06,-6.27454E+01
5.9921265E+06,-5.86054E+01
5.9936523E+06,-5.90254E+01
5.9951782E+06,-6.66854E+01
5.9967041E+06,-5.56054E+01
5.9982300E+06,-6.00454E+01
5.9997559E+06,-5.77854E+01
6.0012817E+06,-5.53454E+01
6.0028076E+06,-5.30854E+01
6.0043335E+06,-5.21254E+01
6.0058594E+06,-5.72454E+01
6.0073853E+06,-5.82654E+01
6.0089111E+06,-5.67254E+01
6.0104370E+06,-5.76654E+01
6.0119629E+06,-5.39054E+01
6.0134888E+06,-5.85654E+01
6.0150146E+06,-5.84654E+01
6.0165405E+06,-5.83454E+01
6.0180664E+06,-6.20454E+01
6.0195923E+06,-6.44654E+01
6.0211182E+06,-6.11254E+01
6.0226440E+06,-5.83254E+01
6.0241699E+06,-5.70454E+01
6.0256958E+06,-6.89654E+01
6.0272217E+06,-5.88454E+01
6.0287476E+06,-5.52454E+01
6.0302734E+06,-5.45654E+01
6.0317993E+06,-5.18454E+01
6.0333252E+06,-6.05654E+01
6.0348511E+06,-5.62854E+01
6.0363770E+06,-5.72854E+01
6.0379028E+06,-6.93454E+01
6.0394287E+06,-5.64854E+01
6.0409546E+06,-5.91054E+01
6.0424805E+06,-6.20054E+01
6.0440063E+06,-6.77854E+01
6.0455322E+06,-5.59854E+01
6.0470581E+06,-5.84854E+01
6.0485840E+06,-5.67054E+01
6.0501099E+06,-5.26054E+01
6.0516357E+06,-5.51654E+01
6.0531616E+06,-5.29654E+01
6.0546875E+06,-5.23654E+01
6.0562134E+06,-5.45654E+01
6.0577393E+06,-5.78254E+01
6.0592651E+06,-6.38854E+01
6.0607910E+06,-5.88654E+01
6.0623169E+06,-5.88054E+01
6.0638428E+06,-6.38054E+01
6.0653687E+06,-5.98454E+01
6.0668945E+06,-5.60054E+01
6.0684204E+06,-5.37654E+01
6.0699463E+06,-5.68054E+01
6.0714722E+06,-5.86054E+01
6.0729980E+06,-5.34654E+01
6.0745239E+06,-5.54054E+01
6.0760498E+06,-6.17454E+01
6.0775757E+06,-6.27654E+01
6.0791016E+06,-6.25254E+01
6.0806274E+06,-6.09454E+01
6.0821533E+06,-5.56454E+01
6.0836792E+06,-5.70454E+01
6.0852051E+06,-5.39454E+01
6.0867310E+06,-6.08254E+01
6.0882568E+06,-5.54454E+01
6.0897827E+06,-5.88454E+01
6.0913086E+06,-6.77854E+01
6.0928345E+06,-7.28254E+01
6.0943604E+06,-6.08454E+01
6.0958862E+06,-5.88054E+01
6.0974121E+06,-5.87854E+01
6.0989380E+06,-5.49854E+01
6.1004639E+06,-5.48854E+01
6.1019897E+06,-5.74854E+01
6.1035156E+06,-7.15654E+01
6.1050415E+06,-5.80254E+01
6.1065674E+06,-5.38854E+01
6.1080933E+06,-5.14254E+01
6.1096191E+06,-5.78254E+01
6.1111450E+06,-6.89454E+01
6.1126709E+06,-6.14254E+01
6.1141968E+06,-5.66254E+01
6.1157227E+06,-5.42054E+01
6.1172485E+06,-5.38454E+01
6.1187744E+06,-5.69054E+01
6.1203003E+06,-5.71854E+01
6.1218262E+06,-5.86054E+01
6.1233521E+06,-6.18654E+01
6.1248779E+06,-5.60654E+01
6.1264038E+06,-5.40654E+01
6.1279297E+06,-5.35054E+01
6.1294556E+06,-6.13454E+01
6.1309814E+06,-6.75454E+01
6.1325073E+06,-5.95454E+01
6.1340332E+06,-6.94854E+01
6.1355591E+06,-6.05654E+01
6.1370850E+06,-6.28654E+01
6.1386108E+06,-6.04454E+01
6.1401367E+06,-5.65054E+01
6.1416626E+06,-5.62054E+01
6.1431885E+06,-5.46854E+01
6.1447144E+06,-6.10654E+01
6.1462402E+06,-5.88454E+01
6.1477661E+06,-5.43454E+01
6.1492920E+06,-6.30054E+01
6.1508179E+06,-6.30454E+01
6.1523438E+06,-6.12454E+01
6.1538696E+06,-5.50454E+01
6.1553955E+06,-5.44854E+01
6.1569214E+06,-5.90054E+01
6.1584473E+06,-5.46654E+01
6.1599731E+06,-5.17654E+01
6.1614990E+06,-5.54054E+01
6.1630249E+06,-5.78454E+01
6.1645508E+06,-5.48854E+01
6.1660767E+06,-5.47854E+01
6.1676025E+06,-6.03654E+01
6.1691284E+06,-6.70454E+01
6.1706543E+06,-5.80854E+01
6.1721802E+06,-6.46054E+01
6.1737061E+06,-6.04654E+01
6.1752319E+06,-5.51854E+01
6.1767578E+06,-5.41854E+01
6.1782837E+06,-5.59654E+01
6.1798096E+06,-5.63654E+01
6.1813354E+06,-5.79254E+01
6.1828613E+06,-5.84854E+01
6.1843872E+06,-5.89454E+01
6.1859131E+06,-7.29654E+01
6.1874390E+06,-5.96654E+01
6.1889648E+06,-5.68454E+01
6.1904907E+06,-5.71854E+01
6.1920166E+06,-7.39054E+01
6.1935425E+06,-6.13254E+01
6.1950684E+06,-6.07854E+01
6.1965942E+06,-5.97654E+01
6.1981201E+06,-5.75454E+01
6.1996460E+06,-5.98454E+01
6.2011719E+06,-5.81654E+01
6.2026978E+06,-6.94054E+01
6.2042236E+06,-5.16054E+01
6.2057495E+06,-5.20054E+01
6.2072754E+06,-5.68854E+01
6.2088013E+06,-5.86854E+01
6.2103271E+06,-5.49054E+01
6.2118530E+06,-5.50254E+01
6.2133789E+06,-6.62454E+01
6.2149048E+06,-6.21254E+01
6.2164307E+06,-5.15454E+01
6.2179565E+06,-5.36254E+01
6.2194824E+06,-6.02254E+01
6.2210083E+06,-5.84654E+01
6.2225342E+06,-5.68254E+01
6.2240601E+06,-6.02654E+01
6.2255859E+06,-7.00454E+01
6.2271118E+06,-6.22054E+01
6.2286377E+06,-6.51054E+01
6.2301636E+06,-7.30054E+01
6.2316895E+06,-6.09854E+01
6.2332153E+06,-5.68854E+01
6.2347412E+06,-6.05654E+01
6.2362671E+06,-7.31454E+01
6.2377930E+06,-5.62654E+01
6.2393188E+06,-5.41454E+01
6.2408447E+06,-6.43854E+01
6.2423706E+06,-7.19254E+01
6.2438965E+06,-5.76054E+01
6.2454224E+06,-6.42254E+01
6.2469482E+06,-5.23654E+01
6.2484741E+06,-5.22454E+01
