[Hz],FFT[dBm]
0.000000000E+00,-4.34054E+01
3.051757812E+04,-4.64254E+01
6.103515625E+04,-8.61054E+01
9.155273438E+04,-8.47654E+01
1.220703125E+05,-8.55654E+01
1.525878906E+05,-9.49454E+01
1.831054688E+05,-8.82454E+01
2.136230469E+05,-8.99654E+01
2.441406250E+05,-9.83254E+01
2.746582031E+05,-9.44254E+01
3.051757812E+05,-1.00425E+02
3.356933594E+05,-9.87854E+01
3.662109375E+05,-9.09654E+01
3.967285156E+05,-8.96654E+01
4.272460938E+05,-9.56854E+01
4.577636719E+05,-8.75454E+01
4.882812500E+05,-8.49854E+01
5.187988281E+05,-8.89454E+01
5.493164062E+05,-4.50854E+01
5.798339844E+05,-5.25854E+01
6.103515625E+05,-3.24454E+01
6.408691406E+05,-3.27654E+01
6.713867188E+05,-5.06654E+01
7.019042969E+05,-4.55854E+01
7.324218750E+05,-8.11454E+01
7.629394531E+05,-8.31654E+01
7.934570312E+05,-9.05054E+01
8.239746094E+05,-9.32654E+01
8.544921875E+05,-9.17854E+01
8.850097656E+05,-1.03025E+02
9.155273438E+05,-9.16254E+01
9.460449219E+05,-9.55654E+01
9.765625000E+05,-1.04685E+02
1.007080078E+06,-9.80454E+01
1.037597656E+06,-1.01385E+02
1.068115234E+06,-9.48054E+01
1.098632812E+06,-9.14454E+01
1.129150391E+06,-9.13654E+01
1.159667969E+06,-9.18054E+01
1.190185547E+06,-9.33254E+01
1.220703125E+06,-9.53854E+01
1.251220703E+06,-8.71254E+01
1.281738281E+06,-9.48054E+01
1.312255859E+06,-9.88454E+01
1.342773438E+06,-1.06225E+02
1.373291016E+06,-1.10605E+02
1.403808594E+06,-1.02965E+02
1.434326172E+06,-9.35854E+01
1.464843750E+06,-9.13854E+01
1.495361328E+06,-9.61654E+01
1.525878906E+06,-9.24254E+01
1.556396484E+06,-9.15854E+01
1.586914062E+06,-9.45454E+01
1.617431641E+06,-9.70454E+01
1.647949219E+06,-9.97654E+01
1.678466797E+06,-1.06485E+02
1.708984375E+06,-9.65654E+01
1.739501953E+06,-9.35054E+01
1.770019531E+06,-1.00685E+02
1.800537109E+06,-1.06585E+02
1.831054688E+06,-9.53454E+01
1.861572266E+06,-8.72054E+01
1.892089844E+06,-8.96254E+01
1.922607422E+06,-1.06065E+02
1.953125000E+06,-9.73254E+01
1.983642578E+06,-9.82054E+01
2.014160156E+06,-1.09745E+02
2.044677734E+06,-1.12445E+02
2.075195312E+06,-9.99654E+01
2.105712891E+06,-1.00805E+02
2.136230469E+06,-1.10485E+02
2.166748047E+06,-1.05825E+02
2.197265625E+06,-1.06045E+02
2.227783203E+06,-9.19054E+01
2.258300781E+06,-9.04454E+01
2.288818359E+06,-9.31854E+01
2.319335938E+06,-1.00925E+02
2.349853516E+06,-1.02985E+02
2.380371094E+06,-1.02265E+02
2.410888672E+06,-1.05985E+02
2.441406250E+06,-9.78054E+01
2.471923828E+06,-1.04805E+02
2.502441406E+06,-9.34454E+01
2.532958984E+06,-9.87454E+01
2.563476562E+06,-1.02005E+02
2.593994141E+06,-9.91654E+01
2.624511719E+06,-9.51054E+01
2.655029297E+06,-9.75854E+01
2.685546875E+06,-9.77454E+01
2.716064453E+06,-9.47054E+01
2.746582031E+06,-1.00465E+02
2.777099609E+06,-1.04225E+02
2.807617188E+06,-1.02405E+02
2.838134766E+06,-1.16425E+02
2.868652344E+06,-1.10085E+02
2.899169922E+06,-9.62654E+01
2.929687500E+06,-1.06685E+02
2.960205078E+06,-9.41454E+01
2.990722656E+06,-9.07054E+01
3.021240234E+06,-9.52054E+01
3.051757812E+06,-1.13065E+02
3.082275391E+06,-9.53854E+01
3.112792969E+06,-9.74854E+01
3.143310547E+06,-1.12405E+02
3.173828125E+06,-9.90654E+01
3.204345703E+06,-9.41054E+01
3.234863281E+06,-1.01605E+02
3.265380859E+06,-9.53454E+01
3.295898438E+06,-8.72654E+01
3.326416016E+06,-8.57054E+01
3.356933594E+06,-9.36054E+01
3.387451172E+06,-9.89654E+01
3.417968750E+06,-9.47454E+01
3.448486328E+06,-9.91654E+01
3.479003906E+06,-9.70254E+01
3.509521484E+06,-9.39054E+01
3.540039062E+06,-1.00405E+02
3.570556641E+06,-1.07485E+02
3.601074219E+06,-1.10505E+02
3.631591797E+06,-9.82454E+01
3.662109375E+06,-9.36054E+01
3.692626953E+06,-9.30254E+01
3.723144531E+06,-9.74454E+01
3.753662109E+06,-1.08325E+02
3.784179688E+06,-1.00585E+02
3.814697266E+06,-9.76854E+01
3.845214844E+06,-9.98854E+01
3.875732422E+06,-9.62654E+01
3.906250000E+06,-9.59854E+01
3.936767578E+06,-9.46654E+01
3.967285156E+06,-9.34854E+01
3.997802734E+06,-9.91654E+01
4.028320312E+06,-1.01345E+02
4.058837891E+06,-9.86054E+01
4.089355469E+06,-9.93054E+01
4.119873047E+06,-1.02085E+02
4.150390625E+06,-9.63054E+01
4.180908203E+06,-9.78654E+01
4.211425781E+06,-1.05725E+02
4.241943359E+06,-1.04285E+02
4.272460938E+06,-9.94054E+01
4.302978516E+06,-9.40254E+01
4.333496094E+06,-9.55454E+01
4.364013672E+06,-9.85654E+01
4.394531250E+06,-9.39654E+01
4.425048828E+06,-9.38054E+01
4.455566406E+06,-1.02925E+02
4.486083984E+06,-9.77054E+01
4.516601562E+06,-1.02705E+02
4.547119141E+06,-9.95054E+01
4.577636719E+06,-9.74054E+01
4.608154297E+06,-9.49854E+01
4.638671875E+06,-9.17454E+01
4.669189453E+06,-1.04225E+02
4.699707031E+06,-9.82454E+01
4.730224609E+06,-9.63454E+01
4.760742188E+06,-9.29254E+01
4.791259766E+06,-9.45454E+01
4.821777344E+06,-9.95854E+01
4.852294922E+06,-1.01305E+02
4.882812500E+06,-1.04705E+02
4.913330078E+06,-1.24885E+02
4.943847656E+06,-1.17905E+02
4.974365234E+06,-9.41054E+01
5.004882812E+06,-9.16054E+01
5.035400391E+06,-1.18265E+02
5.065917969E+06,-1.05885E+02
5.096435547E+06,-1.13605E+02
5.126953125E+06,-1.00825E+02
5.157470703E+06,-9.79454E+01
5.187988281E+06,-1.06985E+02
5.218505859E+06,-9.46454E+01
5.249023438E+06,-9.42054E+01
5.279541016E+06,-1.01585E+02
5.310058594E+06,-1.04845E+02
5.340576172E+06,-9.95454E+01
5.371093750E+06,-9.69454E+01
5.401611328E+06,-1.00185E+02
5.432128906E+06,-1.03565E+02
5.462646484E+06,-1.04665E+02
5.493164062E+06,-1.08865E+02
5.523681641E+06,-1.00705E+02
5.554199219E+06,-9.74454E+01
5.584716797E+06,-9.73454E+01
5.615234375E+06,-9.91254E+01
5.645751953E+06,-9.55854E+01
5.676269531E+06,-9.53854E+01
5.706787109E+06,-1.02625E+02
5.737304688E+06,-1.00565E+02
5.767822266E+06,-1.10665E+02
5.798339844E+06,-1.11425E+02
5.828857422E+06,-1.01705E+02
5.859375000E+06,-9.53254E+01
5.889892578E+06,-9.49254E+01
5.920410156E+06,-9.81654E+01
5.950927734E+06,-1.00445E+02
5.981445312E+06,-1.25765E+02
6.011962891E+06,-1.00505E+02
6.042480469E+06,-1.07625E+02
6.072998047E+06,-1.02425E+02
6.103515625E+06,-9.36254E+01
6.134033203E+06,-9.21854E+01
6.164550781E+06,-9.68054E+01
6.195068359E+06,-1.07485E+02
6.225585938E+06,-1.00845E+02
6.256103516E+06,-9.83254E+01
6.286621094E+06,-9.78054E+01
6.317138672E+06,-9.82054E+01
6.347656250E+06,-9.89454E+01
6.378173828E+06,-9.94454E+01
6.408691406E+06,-9.48454E+01
6.439208984E+06,-9.38054E+01
6.469726562E+06,-9.62254E+01
6.500244141E+06,-9.93054E+01
6.530761719E+06,-9.74854E+01
6.561279297E+06,-9.31654E+01
6.591796875E+06,-1.05145E+02
6.622314453E+06,-1.05905E+02
6.652832031E+06,-1.14645E+02
6.683349609E+06,-9.84254E+01
6.713867188E+06,-9.78454E+01
6.744384766E+06,-1.11485E+02
6.774902344E+06,-9.95454E+01
6.805419922E+06,-9.62654E+01
6.835937500E+06,-1.13045E+02
6.866455078E+06,-1.00045E+02
6.896972656E+06,-9.65054E+01
6.927490234E+06,-9.43454E+01
6.958007812E+06,-1.04425E+02
6.988525391E+06,-9.32854E+01
7.019042969E+06,-9.19054E+01
7.049560547E+06,-9.57454E+01
7.080078125E+06,-9.63254E+01
7.110595703E+06,-9.47254E+01
7.141113281E+06,-9.58654E+01
7.171630859E+06,-9.57854E+01
7.202148438E+06,-9.89454E+01
7.232666016E+06,-9.83654E+01
7.263183594E+06,-9.55854E+01
7.293701172E+06,-1.00785E+02
7.324218750E+06,-9.97054E+01
7.354736328E+06,-9.90654E+01
7.385253906E+06,-1.02625E+02
7.415771484E+06,-1.06525E+02
7.446289062E+06,-1.02205E+02
7.476806641E+06,-1.06185E+02
7.507324219E+06,-1.06325E+02
7.537841797E+06,-1.00345E+02
7.568359375E+06,-1.00605E+02
7.598876953E+06,-9.91054E+01
7.629394531E+06,-9.40654E+01
7.659912109E+06,-9.70854E+01
7.690429688E+06,-1.08205E+02
7.720947266E+06,-9.87854E+01
7.751464844E+06,-9.48254E+01
7.781982422E+06,-9.36454E+01
7.812500000E+06,-9.48454E+01
7.843017578E+06,-9.36854E+01
7.873535156E+06,-9.79254E+01
7.904052734E+06,-1.03905E+02
7.934570312E+06,-9.76254E+01
7.965087891E+06,-9.69854E+01
7.995605469E+06,-1.00705E+02
8.026123047E+06,-1.06945E+02
8.056640625E+06,-1.03325E+02
8.087158203E+06,-1.16325E+02
8.117675781E+06,-1.00945E+02
8.148193359E+06,-1.07065E+02
8.178710938E+06,-1.04245E+02
8.209228516E+06,-1.04825E+02
8.239746094E+06,-1.09105E+02
8.270263672E+06,-1.10845E+02
8.300781250E+06,-1.00925E+02
8.331298828E+06,-9.72454E+01
8.361816406E+06,-1.02785E+02
8.392333984E+06,-1.08365E+02
8.422851562E+06,-9.31254E+01
8.453369141E+06,-9.07454E+01
8.483886719E+06,-9.45254E+01
8.514404297E+06,-9.70054E+01
8.544921875E+06,-9.76254E+01
8.575439453E+06,-9.44254E+01
8.605957031E+06,-9.97054E+01
8.636474609E+06,-9.90654E+01
8.666992188E+06,-9.78654E+01
8.697509766E+06,-1.00805E+02
8.728027344E+06,-1.06265E+02
8.758544922E+06,-9.34254E+01
8.789062500E+06,-9.19454E+01
8.819580078E+06,-9.07854E+01
8.850097656E+06,-8.81054E+01
8.880615234E+06,-8.93454E+01
8.911132812E+06,-9.83454E+01
8.941650391E+06,-9.86654E+01
8.972167969E+06,-1.01945E+02
9.002685547E+06,-9.81254E+01
9.033203125E+06,-9.74454E+01
9.063720703E+06,-1.02525E+02
9.094238281E+06,-1.05245E+02
9.124755859E+06,-9.49654E+01
9.155273438E+06,-9.83254E+01
9.185791016E+06,-9.71854E+01
9.216308594E+06,-9.18654E+01
9.246826172E+06,-9.44254E+01
9.277343750E+06,-1.08025E+02
9.307861328E+06,-1.04925E+02
9.338378906E+06,-9.96254E+01
9.368896484E+06,-9.93054E+01
9.399414062E+06,-9.15454E+01
9.429931641E+06,-9.24254E+01
9.460449219E+06,-1.20225E+02
9.490966797E+06,-1.10365E+02
9.521484375E+06,-9.88654E+01
9.552001953E+06,-9.89654E+01
9.582519531E+06,-1.07045E+02
9.613037109E+06,-9.80854E+01
9.643554688E+06,-9.67254E+01
9.674072266E+06,-1.01905E+02
9.704589844E+06,-1.05745E+02
9.735107422E+06,-1.06725E+02
9.765625000E+06,-9.73854E+01
9.796142578E+06,-9.82054E+01
9.826660156E+06,-9.52454E+01
9.857177734E+06,-8.94454E+01
9.887695312E+06,-9.28054E+01
9.918212891E+06,-9.77254E+01
9.948730469E+06,-9.20654E+01
9.979248047E+06,-9.53454E+01
1.000976562E+07,-1.05985E+02
1.004028320E+07,-9.48654E+01
1.007080078E+07,-8.91054E+01
1.010131836E+07,-9.32054E+01
1.013183594E+07,-1.09765E+02
1.016235352E+07,-9.80854E+01
1.019287109E+07,-9.94054E+01
1.022338867E+07,-1.00185E+02
1.025390625E+07,-1.04005E+02
1.028442383E+07,-1.00125E+02
1.031494141E+07,-9.71254E+01
1.034545898E+07,-9.45054E+01
1.037597656E+07,-1.00565E+02
1.040649414E+07,-9.39054E+01
1.043701172E+07,-9.80854E+01
1.046752930E+07,-1.13585E+02
1.049804688E+07,-9.75854E+01
1.052856445E+07,-9.32054E+01
1.055908203E+07,-9.62054E+01
1.058959961E+07,-9.71454E+01
1.062011719E+07,-9.45854E+01
1.065063477E+07,-9.58454E+01
1.068115234E+07,-1.04005E+02
1.071166992E+07,-1.06445E+02
1.074218750E+07,-1.06985E+02
1.077270508E+07,-1.04025E+02
1.080322266E+07,-1.00045E+02
1.083374023E+07,-9.47654E+01
1.086425781E+07,-9.70654E+01
1.089477539E+07,-1.07785E+02
1.092529297E+07,-1.02345E+02
1.095581055E+07,-1.00305E+02
1.098632812E+07,-9.69054E+01
1.101684570E+07,-1.02085E+02
1.104736328E+07,-1.00825E+02
1.107788086E+07,-1.07025E+02
1.110839844E+07,-1.08325E+02
1.113891602E+07,-1.03985E+02
1.116943359E+07,-9.78654E+01
1.119995117E+07,-9.45854E+01
1.123046875E+07,-9.07654E+01
1.126098633E+07,-9.07854E+01
1.129150391E+07,-9.55854E+01
1.132202148E+07,-1.08405E+02
1.135253906E+07,-9.79454E+01
1.138305664E+07,-1.08845E+02
1.141357422E+07,-9.29054E+01
1.144409180E+07,-9.32254E+01
1.147460938E+07,-9.47454E+01
1.150512695E+07,-9.52854E+01
1.153564453E+07,-9.58254E+01
1.156616211E+07,-1.07125E+02
1.159667969E+07,-1.12405E+02
1.162719727E+07,-1.04625E+02
1.165771484E+07,-9.44654E+01
1.168823242E+07,-9.23054E+01
1.171875000E+07,-9.32254E+01
1.174926758E+07,-1.03345E+02
1.177978516E+07,-9.41254E+01
1.181030273E+07,-9.09454E+01
1.184082031E+07,-9.57254E+01
1.187133789E+07,-1.16105E+02
1.190185547E+07,-1.02465E+02
1.193237305E+07,-9.60254E+01
1.196289062E+07,-9.68854E+01
1.199340820E+07,-9.51254E+01
1.202392578E+07,-9.42454E+01
1.205444336E+07,-9.70454E+01
1.208496094E+07,-1.00845E+02
1.211547852E+07,-1.05985E+02
1.214599609E+07,-1.01265E+02
1.217651367E+07,-9.95454E+01
1.220703125E+07,-9.19454E+01
1.223754883E+07,-9.35054E+01
1.226806641E+07,-1.14845E+02
1.229858398E+07,-9.79054E+01
1.232910156E+07,-9.92054E+01
1.235961914E+07,-1.00125E+02
1.239013672E+07,-9.77854E+01
1.242065430E+07,-9.77254E+01
1.245117188E+07,-9.24654E+01
1.248168945E+07,-9.24454E+01
1.251220703E+07,-9.72254E+01
1.254272461E+07,-9.44454E+01
1.257324219E+07,-9.77054E+01
1.260375977E+07,-1.11845E+02
1.263427734E+07,-1.00865E+02
1.266479492E+07,-9.84254E+01
1.269531250E+07,-1.12125E+02
1.272583008E+07,-1.05285E+02
1.275634766E+07,-9.79854E+01
1.278686523E+07,-9.39254E+01
1.281738281E+07,-9.67054E+01
1.284790039E+07,-1.06745E+02
1.287841797E+07,-1.11405E+02
1.290893555E+07,-1.11545E+02
1.293945312E+07,-1.02825E+02
1.296997070E+07,-9.33654E+01
1.300048828E+07,-9.31454E+01
1.303100586E+07,-9.86254E+01
1.306152344E+07,-9.90054E+01
1.309204102E+07,-9.49054E+01
1.312255859E+07,-9.86854E+01
1.315307617E+07,-1.03845E+02
1.318359375E+07,-9.90254E+01
1.321411133E+07,-9.87854E+01
1.324462891E+07,-1.03065E+02
1.327514648E+07,-1.11065E+02
1.330566406E+07,-9.90054E+01
1.333618164E+07,-9.50854E+01
1.336669922E+07,-1.02345E+02
1.339721680E+07,-9.72854E+01
1.342773438E+07,-1.01605E+02
1.345825195E+07,-1.01865E+02
1.348876953E+07,-9.80054E+01
1.351928711E+07,-9.67454E+01
1.354980469E+07,-9.97654E+01
1.358032227E+07,-1.00225E+02
1.361083984E+07,-9.52454E+01
1.364135742E+07,-9.50854E+01
1.367187500E+07,-1.03565E+02
1.370239258E+07,-1.05705E+02
1.373291016E+07,-1.01445E+02
1.376342773E+07,-1.00505E+02
1.379394531E+07,-1.05985E+02
1.382446289E+07,-1.00485E+02
1.385498047E+07,-9.68254E+01
1.388549805E+07,-9.70254E+01
1.391601562E+07,-9.87254E+01
1.394653320E+07,-9.25654E+01
1.397705078E+07,-9.73454E+01
1.400756836E+07,-1.09885E+02
1.403808594E+07,-9.69054E+01
1.406860352E+07,-9.24654E+01
1.409912109E+07,-9.43054E+01
1.412963867E+07,-9.48054E+01
1.416015625E+07,-1.00765E+02
1.419067383E+07,-1.00085E+02
1.422119141E+07,-9.71654E+01
1.425170898E+07,-1.07685E+02
1.428222656E+07,-9.77254E+01
1.431274414E+07,-9.89454E+01
1.434326172E+07,-9.65454E+01
1.437377930E+07,-9.83254E+01
1.440429688E+07,-9.78454E+01
1.443481445E+07,-9.49854E+01
1.446533203E+07,-9.24854E+01
1.449584961E+07,-9.05654E+01
1.452636719E+07,-8.92654E+01
1.455688477E+07,-9.31054E+01
1.458740234E+07,-9.69054E+01
1.461791992E+07,-1.02145E+02
1.464843750E+07,-1.04885E+02
1.467895508E+07,-1.02045E+02
1.470947266E+07,-1.09345E+02
1.473999023E+07,-1.03565E+02
1.477050781E+07,-9.62654E+01
1.480102539E+07,-9.77454E+01
1.483154297E+07,-1.06165E+02
1.486206055E+07,-1.03025E+02
1.489257812E+07,-9.68254E+01
1.492309570E+07,-9.32454E+01
1.495361328E+07,-9.53654E+01
1.498413086E+07,-9.69654E+01
1.501464844E+07,-9.01254E+01
1.504516602E+07,-9.47654E+01
1.507568359E+07,-1.00085E+02
1.510620117E+07,-9.68454E+01
1.513671875E+07,-9.95454E+01
1.516723633E+07,-1.14745E+02
1.519775391E+07,-9.32054E+01
1.522827148E+07,-9.11454E+01
1.525878906E+07,-9.60654E+01
1.528930664E+07,-9.75854E+01
1.531982422E+07,-1.04785E+02
1.535034180E+07,-1.03345E+02
1.538085938E+07,-9.73654E+01
1.541137695E+07,-1.03085E+02
1.544189453E+07,-9.38254E+01
1.547241211E+07,-9.13254E+01
1.550292969E+07,-9.54254E+01
1.553344727E+07,-9.47454E+01
1.556396484E+07,-9.40254E+01
1.559448242E+07,-9.58054E+01
1.562500000E+07,-1.04905E+02
1.565551758E+07,-1.03745E+02
1.568603516E+07,-1.01425E+02
1.571655273E+07,-1.12305E+02
1.574707031E+07,-1.02065E+02
1.577758789E+07,-1.18785E+02
1.580810547E+07,-1.05265E+02
1.583862305E+07,-1.14225E+02
1.586914062E+07,-1.03265E+02
1.589965820E+07,-1.02005E+02
1.593017578E+07,-9.93054E+01
1.596069336E+07,-9.78254E+01
1.599121094E+07,-1.02825E+02
1.602172852E+07,-9.51254E+01
1.605224609E+07,-9.60854E+01
1.608276367E+07,-1.00045E+02
1.611328125E+07,-1.06405E+02
1.614379883E+07,-1.00625E+02
1.617431641E+07,-9.87254E+01
1.620483398E+07,-9.67854E+01
1.623535156E+07,-1.04985E+02
1.626586914E+07,-1.00565E+02
1.629638672E+07,-1.04185E+02
1.632690430E+07,-9.87254E+01
1.635742188E+07,-9.66454E+01
1.638793945E+07,-1.01885E+02
1.641845703E+07,-1.00505E+02
1.644897461E+07,-9.72254E+01
1.647949219E+07,-1.02685E+02
1.651000977E+07,-1.03965E+02
1.654052734E+07,-9.66254E+01
1.657104492E+07,-9.55654E+01
1.660156250E+07,-9.52654E+01
1.663208008E+07,-1.01225E+02
1.666259766E+07,-1.06865E+02
1.669311523E+07,-1.12565E+02
1.672363281E+07,-1.01345E+02
1.675415039E+07,-1.16065E+02
1.678466797E+07,-9.49854E+01
1.681518555E+07,-9.29654E+01
1.684570312E+07,-1.04185E+02
1.687622070E+07,-9.62654E+01
1.690673828E+07,-9.56654E+01
1.693725586E+07,-1.00305E+02
1.696777344E+07,-9.77254E+01
1.699829102E+07,-9.65854E+01
1.702880859E+07,-1.15645E+02
1.705932617E+07,-9.89654E+01
1.708984375E+07,-1.00905E+02
1.712036133E+07,-9.49054E+01
1.715087891E+07,-9.54654E+01
1.718139648E+07,-9.94054E+01
1.721191406E+07,-1.03645E+02
1.724243164E+07,-1.00605E+02
1.727294922E+07,-9.74054E+01
1.730346680E+07,-9.55454E+01
1.733398438E+07,-1.04305E+02
1.736450195E+07,-9.21854E+01
1.739501953E+07,-9.44054E+01
1.742553711E+07,-1.09165E+02
1.745605469E+07,-9.50854E+01
1.748657227E+07,-9.75654E+01
1.751708984E+07,-9.79054E+01
1.754760742E+07,-1.09125E+02
1.757812500E+07,-1.01985E+02
1.760864258E+07,-9.56254E+01
1.763916016E+07,-9.64254E+01
1.766967773E+07,-9.81254E+01
1.770019531E+07,-1.05405E+02
1.773071289E+07,-9.86854E+01
1.776123047E+07,-9.61054E+01
1.779174805E+07,-9.94854E+01
1.782226562E+07,-9.54854E+01
1.785278320E+07,-1.03325E+02
1.788330078E+07,-1.00965E+02
1.791381836E+07,-1.07905E+02
1.794433594E+07,-1.00045E+02
1.797485352E+07,-9.80054E+01
1.800537109E+07,-9.80854E+01
1.803588867E+07,-9.71454E+01
1.806640625E+07,-1.03125E+02
1.809692383E+07,-1.06685E+02
1.812744141E+07,-9.72654E+01
1.815795898E+07,-9.49654E+01
1.818847656E+07,-9.92654E+01
1.821899414E+07,-9.92054E+01
1.824951172E+07,-9.47254E+01
1.828002930E+07,-9.64254E+01
1.831054688E+07,-1.17225E+02
1.834106445E+07,-9.86654E+01
1.837158203E+07,-9.52654E+01
1.840209961E+07,-9.33454E+01
1.843261719E+07,-9.76854E+01
1.846313477E+07,-9.72854E+01
1.849365234E+07,-9.82654E+01
1.852416992E+07,-1.02665E+02
1.855468750E+07,-1.03345E+02
1.858520508E+07,-9.92054E+01
1.861572266E+07,-9.30454E+01
1.864624023E+07,-9.25254E+01
1.867675781E+07,-9.91254E+01
1.870727539E+07,-1.02045E+02
1.873779297E+07,-1.03585E+02
1.876831055E+07,-9.46854E+01
1.879882812E+07,-1.19365E+02
1.882934570E+07,-9.59254E+01
1.885986328E+07,-1.03385E+02
1.889038086E+07,-9.89654E+01
1.892089844E+07,-9.34854E+01
1.895141602E+07,-9.78654E+01
1.898193359E+07,-1.00805E+02
1.901245117E+07,-1.02625E+02
1.904296875E+07,-1.03085E+02
1.907348633E+07,-9.58054E+01
1.910400391E+07,-9.88054E+01
1.913452148E+07,-1.02045E+02
1.916503906E+07,-1.00985E+02
1.919555664E+07,-9.83454E+01
1.922607422E+07,-9.97654E+01
1.925659180E+07,-9.79454E+01
1.928710938E+07,-1.01445E+02
1.931762695E+07,-9.66054E+01
1.934814453E+07,-9.22454E+01
1.937866211E+07,-8.97654E+01
1.940917969E+07,-9.16654E+01
1.943969727E+07,-9.98854E+01
1.947021484E+07,-1.06645E+02
1.950073242E+07,-1.00665E+02
1.953125000E+07,-9.63254E+01
1.956176758E+07,-1.02245E+02
1.959228516E+07,-1.04805E+02
1.962280273E+07,-9.75454E+01
1.965332031E+07,-1.00605E+02
1.968383789E+07,-1.05225E+02
1.971435547E+07,-1.02265E+02
1.974487305E+07,-1.07445E+02
1.977539062E+07,-9.93054E+01
1.980590820E+07,-9.87854E+01
1.983642578E+07,-9.98454E+01
1.986694336E+07,-1.01705E+02
1.989746094E+07,-9.69054E+01
1.992797852E+07,-9.30654E+01
1.995849609E+07,-9.13454E+01
1.998901367E+07,-9.04054E+01
2.001953125E+07,-9.80054E+01
2.005004883E+07,-9.77254E+01
2.008056641E+07,-9.69254E+01
2.011108398E+07,-1.01025E+02
2.014160156E+07,-1.00265E+02
2.017211914E+07,-1.13145E+02
2.020263672E+07,-1.01485E+02
2.023315430E+07,-9.89054E+01
2.026367188E+07,-9.39254E+01
2.029418945E+07,-1.04985E+02
2.032470703E+07,-9.29254E+01
2.035522461E+07,-9.53454E+01
2.038574219E+07,-9.91054E+01
2.041625977E+07,-9.99654E+01
2.044677734E+07,-1.06385E+02
2.047729492E+07,-1.06925E+02
2.050781250E+07,-9.59654E+01
2.053833008E+07,-9.25054E+01
2.056884766E+07,-1.04905E+02
2.059936523E+07,-9.58454E+01
2.062988281E+07,-9.55454E+01
2.066040039E+07,-9.80254E+01
2.069091797E+07,-1.02885E+02
2.072143555E+07,-1.10665E+02
2.075195312E+07,-9.59654E+01
2.078247070E+07,-8.93054E+01
2.081298828E+07,-9.26854E+01
2.084350586E+07,-9.78254E+01
2.087402344E+07,-1.05705E+02
2.090454102E+07,-9.74854E+01
2.093505859E+07,-9.48054E+01
2.096557617E+07,-1.03245E+02
2.099609375E+07,-1.06025E+02
2.102661133E+07,-1.00985E+02
2.105712891E+07,-9.69254E+01
2.108764648E+07,-9.94454E+01
2.111816406E+07,-1.06065E+02
2.114868164E+07,-9.91654E+01
2.117919922E+07,-9.65054E+01
2.120971680E+07,-1.11865E+02
2.124023438E+07,-1.06065E+02
2.127075195E+07,-9.75654E+01
2.130126953E+07,-1.00265E+02
2.133178711E+07,-9.85254E+01
2.136230469E+07,-9.64254E+01
2.139282227E+07,-1.02165E+02
2.142333984E+07,-1.08525E+02
2.145385742E+07,-1.08265E+02
2.148437500E+07,-1.16165E+02
2.151489258E+07,-1.05645E+02
2.154541016E+07,-9.43254E+01
2.157592773E+07,-9.50054E+01
2.160644531E+07,-1.00645E+02
2.163696289E+07,-1.05345E+02
2.166748047E+07,-9.95054E+01
2.169799805E+07,-9.45454E+01
2.172851562E+07,-9.93054E+01
2.175903320E+07,-9.95054E+01
2.178955078E+07,-9.65654E+01
2.182006836E+07,-9.82054E+01
2.185058594E+07,-9.79854E+01
2.188110352E+07,-9.97654E+01
2.191162109E+07,-1.03505E+02
2.194213867E+07,-9.65654E+01
2.197265625E+07,-9.63054E+01
2.200317383E+07,-9.64054E+01
2.203369141E+07,-9.48054E+01
2.206420898E+07,-9.71454E+01
2.209472656E+07,-9.22654E+01
2.212524414E+07,-9.36654E+01
2.215576172E+07,-9.37054E+01
2.218627930E+07,-9.02254E+01
2.221679688E+07,-9.21254E+01
2.224731445E+07,-1.07065E+02
2.227783203E+07,-9.85654E+01
2.230834961E+07,-1.05085E+02
2.233886719E+07,-9.90254E+01
2.236938477E+07,-9.56654E+01
2.239990234E+07,-9.99254E+01
2.243041992E+07,-9.90654E+01
2.246093750E+07,-9.23054E+01
2.249145508E+07,-9.17254E+01
2.252197266E+07,-9.30254E+01
2.255249023E+07,-9.29854E+01
2.258300781E+07,-1.07225E+02
2.261352539E+07,-1.00045E+02
2.264404297E+07,-1.01905E+02
2.267456055E+07,-9.68054E+01
2.270507812E+07,-9.84854E+01
2.273559570E+07,-1.11285E+02
2.276611328E+07,-1.00185E+02
2.279663086E+07,-1.01005E+02
2.282714844E+07,-1.02185E+02
2.285766602E+07,-1.03345E+02
2.288818359E+07,-1.03485E+02
2.291870117E+07,-1.01545E+02
2.294921875E+07,-9.61254E+01
2.297973633E+07,-9.20454E+01
2.301025391E+07,-9.97454E+01
2.304077148E+07,-9.93654E+01
2.307128906E+07,-1.07585E+02
2.310180664E+07,-9.70454E+01
2.313232422E+07,-9.80854E+01
2.316284180E+07,-9.75854E+01
2.319335938E+07,-1.08665E+02
2.322387695E+07,-1.06705E+02
2.325439453E+07,-1.23485E+02
2.328491211E+07,-1.07905E+02
2.331542969E+07,-9.68654E+01
2.334594727E+07,-9.45054E+01
2.337646484E+07,-9.86854E+01
2.340698242E+07,-9.65654E+01
2.343750000E+07,-9.94454E+01
2.346801758E+07,-1.02945E+02
2.349853516E+07,-9.94054E+01
2.352905273E+07,-1.07105E+02
2.355957031E+07,-1.08125E+02
2.359008789E+07,-1.03525E+02
2.362060547E+07,-1.01145E+02
2.365112305E+07,-1.01125E+02
2.368164062E+07,-1.06085E+02
2.371215820E+07,-1.10805E+02
2.374267578E+07,-1.16665E+02
2.377319336E+07,-9.92654E+01
2.380371094E+07,-9.24654E+01
2.383422852E+07,-9.24854E+01
2.386474609E+07,-9.58454E+01
2.389526367E+07,-9.69654E+01
2.392578125E+07,-9.80254E+01
2.395629883E+07,-1.19545E+02
2.398681641E+07,-1.03105E+02
2.401733398E+07,-1.10385E+02
2.404785156E+07,-1.03185E+02
2.407836914E+07,-1.02545E+02
2.410888672E+07,-1.00265E+02
2.413940430E+07,-1.06085E+02
2.416992188E+07,-9.58254E+01
2.420043945E+07,-9.03654E+01
2.423095703E+07,-9.44454E+01
2.426147461E+07,-1.00185E+02
2.429199219E+07,-9.73454E+01
2.432250977E+07,-1.04125E+02
2.435302734E+07,-1.15105E+02
2.438354492E+07,-1.10665E+02
2.441406250E+07,-1.10845E+02
2.444458008E+07,-1.02185E+02
2.447509766E+07,-9.67854E+01
2.450561523E+07,-1.01745E+02
2.453613281E+07,-9.95054E+01
2.456665039E+07,-9.57054E+01
2.459716797E+07,-1.18905E+02
2.462768555E+07,-9.59854E+01
2.465820312E+07,-9.78654E+01
2.468872070E+07,-1.01645E+02
2.471923828E+07,-1.07705E+02
2.474975586E+07,-9.89454E+01
2.478027344E+07,-9.90654E+01
2.481079102E+07,-9.98854E+01
2.484130859E+07,-9.81254E+01
2.487182617E+07,-9.88054E+01
2.490234375E+07,-1.04265E+02
2.493286133E+07,-1.04745E+02
2.496337891E+07,-9.96654E+01
2.499389648E+07,-9.44654E+01
2.502441406E+07,-9.19054E+01
2.505493164E+07,-9.20854E+01
2.508544922E+07,-9.05054E+01
2.511596680E+07,-9.33054E+01
2.514648438E+07,-1.05085E+02
2.517700195E+07,-9.83654E+01
2.520751953E+07,-9.14454E+01
2.523803711E+07,-9.09254E+01
2.526855469E+07,-9.70454E+01
2.529907227E+07,-1.02405E+02
2.532958984E+07,-9.80054E+01
2.536010742E+07,-1.00185E+02
2.539062500E+07,-9.77454E+01
2.542114258E+07,-9.26254E+01
2.545166016E+07,-9.74454E+01
2.548217773E+07,-1.01965E+02
2.551269531E+07,-9.77054E+01
2.554321289E+07,-9.22654E+01
2.557373047E+07,-9.10454E+01
2.560424805E+07,-1.03785E+02
2.563476562E+07,-9.31054E+01
2.566528320E+07,-9.07654E+01
2.569580078E+07,-9.49854E+01
2.572631836E+07,-1.20885E+02
2.575683594E+07,-1.01405E+02
2.578735352E+07,-9.56454E+01
2.581787109E+07,-9.77254E+01
2.584838867E+07,-9.50254E+01
2.587890625E+07,-9.41254E+01
2.590942383E+07,-9.55854E+01
2.593994141E+07,-9.84654E+01
2.597045898E+07,-9.73254E+01
2.600097656E+07,-9.88454E+01
2.603149414E+07,-1.04385E+02
2.606201172E+07,-9.55254E+01
2.609252930E+07,-9.75454E+01
2.612304688E+07,-1.06825E+02
2.615356445E+07,-1.02645E+02
2.618408203E+07,-9.87454E+01
2.621459961E+07,-1.01165E+02
2.624511719E+07,-1.16685E+02
2.627563477E+07,-1.10725E+02
2.630615234E+07,-9.43854E+01
2.633666992E+07,-9.39654E+01
2.636718750E+07,-9.89654E+01
2.639770508E+07,-9.40454E+01
2.642822266E+07,-9.77854E+01
2.645874023E+07,-9.55854E+01
2.648925781E+07,-9.79854E+01
2.651977539E+07,-9.86254E+01
2.655029297E+07,-1.05905E+02
2.658081055E+07,-1.00045E+02
2.661132812E+07,-9.84254E+01
2.664184570E+07,-9.68054E+01
2.667236328E+07,-9.65054E+01
2.670288086E+07,-9.67654E+01
2.673339844E+07,-9.61654E+01
2.676391602E+07,-9.88054E+01
2.679443359E+07,-1.01845E+02
2.682495117E+07,-9.18454E+01
2.685546875E+07,-8.51454E+01
2.688598633E+07,-8.39254E+01
2.691650391E+07,-8.74854E+01
2.694702148E+07,-9.00054E+01
2.697753906E+07,-9.10454E+01
2.700805664E+07,-9.18654E+01
2.703857422E+07,-9.33054E+01
2.706909180E+07,-9.36254E+01
2.709960938E+07,-9.24654E+01
2.713012695E+07,-1.01505E+02
2.716064453E+07,-1.03305E+02
2.719116211E+07,-9.91054E+01
2.722167969E+07,-9.34454E+01
2.725219727E+07,-9.43054E+01
2.728271484E+07,-9.12254E+01
2.731323242E+07,-9.86854E+01
2.734375000E+07,-9.67654E+01
2.737426758E+07,-1.02705E+02
2.740478516E+07,-9.86654E+01
2.743530273E+07,-1.04005E+02
2.746582031E+07,-9.61254E+01
2.749633789E+07,-9.55254E+01
2.752685547E+07,-1.08805E+02
2.755737305E+07,-9.77854E+01
2.758789062E+07,-1.06025E+02
2.761840820E+07,-9.46054E+01
2.764892578E+07,-9.23654E+01
2.767944336E+07,-8.73254E+01
2.770996094E+07,-9.55454E+01
2.774047852E+07,-9.30854E+01
2.777099609E+07,-1.04425E+02
2.780151367E+07,-9.34054E+01
2.783203125E+07,-9.54854E+01
2.786254883E+07,-1.03685E+02
2.789306641E+07,-9.40454E+01
2.792358398E+07,-9.73454E+01
2.795410156E+07,-1.02185E+02
2.798461914E+07,-9.91254E+01
2.801513672E+07,-9.54854E+01
2.804565430E+07,-9.25854E+01
2.807617188E+07,-9.74054E+01
2.810668945E+07,-9.22054E+01
2.813720703E+07,-9.66254E+01
2.816772461E+07,-9.61654E+01
2.819824219E+07,-9.85454E+01
2.822875977E+07,-1.06845E+02
2.825927734E+07,-1.08685E+02
2.828979492E+07,-1.00305E+02
2.832031250E+07,-1.03785E+02
2.835083008E+07,-9.61054E+01
2.838134766E+07,-9.54854E+01
2.841186523E+07,-1.11545E+02
2.844238281E+07,-1.10085E+02
2.847290039E+07,-1.00585E+02
2.850341797E+07,-1.00345E+02
2.853393555E+07,-9.81854E+01
2.856445312E+07,-9.54454E+01
2.859497070E+07,-9.22454E+01
2.862548828E+07,-9.30254E+01
2.865600586E+07,-1.01145E+02
2.868652344E+07,-9.61654E+01
2.871704102E+07,-9.62454E+01
2.874755859E+07,-9.17254E+01
2.877807617E+07,-9.69254E+01
2.880859375E+07,-9.74854E+01
2.883911133E+07,-1.04605E+02
2.886962891E+07,-1.11365E+02
2.890014648E+07,-9.75654E+01
2.893066406E+07,-8.86254E+01
2.896118164E+07,-9.45854E+01
2.899169922E+07,-1.12965E+02
2.902221680E+07,-1.07745E+02
2.905273438E+07,-1.07805E+02
2.908325195E+07,-1.17225E+02
2.911376953E+07,-1.17265E+02
2.914428711E+07,-1.00605E+02
2.917480469E+07,-9.78254E+01
2.920532227E+07,-9.28254E+01
2.923583984E+07,-9.43654E+01
2.926635742E+07,-1.00385E+02
2.929687500E+07,-9.84654E+01
2.932739258E+07,-8.77254E+01
2.935791016E+07,-9.38454E+01
2.938842773E+07,-9.59854E+01
2.941894531E+07,-1.00005E+02
2.944946289E+07,-1.11125E+02
2.947998047E+07,-9.97654E+01
2.951049805E+07,-9.61854E+01
2.954101562E+07,-9.31854E+01
2.957153320E+07,-9.40654E+01
2.960205078E+07,-8.98854E+01
2.963256836E+07,-9.09454E+01
2.966308594E+07,-9.97654E+01
2.969360352E+07,-1.02105E+02
2.972412109E+07,-8.84654E+01
2.975463867E+07,-8.63054E+01
2.978515625E+07,-9.66854E+01
2.981567383E+07,-9.31254E+01
2.984619141E+07,-8.95454E+01
2.987670898E+07,-9.47854E+01
2.990722656E+07,-9.41054E+01
2.993774414E+07,-9.26854E+01
2.996826172E+07,-9.76654E+01
2.999877930E+07,-1.07245E+02
3.002929688E+07,-1.02725E+02
3.005981445E+07,-1.00405E+02
3.009033203E+07,-1.01365E+02
3.012084961E+07,-9.12654E+01
3.015136719E+07,-8.73254E+01
3.018188477E+07,-8.94454E+01
3.021240234E+07,-8.97654E+01
3.024291992E+07,-9.26254E+01
3.027343750E+07,-9.06054E+01
3.030395508E+07,-9.14654E+01
3.033447266E+07,-9.07254E+01
3.036499023E+07,-8.95854E+01
3.039550781E+07,-9.34054E+01
3.042602539E+07,-9.82054E+01
3.045654297E+07,-9.77854E+01
3.048706055E+07,-1.03425E+02
3.051757812E+07,-1.04085E+02
3.054809570E+07,-9.80454E+01
3.057861328E+07,-9.48654E+01
3.060913086E+07,-9.57654E+01
3.063964844E+07,-9.36254E+01
3.067016602E+07,-9.07654E+01
3.070068359E+07,-9.25254E+01
3.073120117E+07,-9.42454E+01
3.076171875E+07,-1.00265E+02
3.079223633E+07,-1.05025E+02
3.082275391E+07,-9.70654E+01
3.085327148E+07,-1.00385E+02
3.088378906E+07,-1.01765E+02
3.091430664E+07,-9.82054E+01
3.094482422E+07,-1.17205E+02
3.097534180E+07,-1.02405E+02
3.100585938E+07,-1.00385E+02
3.103637695E+07,-9.18454E+01
3.106689453E+07,-9.25854E+01
3.109741211E+07,-1.01865E+02
3.112792969E+07,-9.88654E+01
3.115844727E+07,-9.80054E+01
3.118896484E+07,-9.95454E+01
3.121948242E+07,-9.38654E+01
3.125000000E+07,-9.22654E+01
3.128051758E+07,-9.76854E+01
3.131103516E+07,-1.05045E+02
3.134155273E+07,-9.52254E+01
3.137207031E+07,-9.48654E+01
3.140258789E+07,-9.87454E+01
3.143310547E+07,-9.37054E+01
3.146362305E+07,-9.24254E+01
3.149414062E+07,-1.04945E+02
3.152465820E+07,-1.00125E+02
3.155517578E+07,-1.08405E+02
3.158569336E+07,-9.71254E+01
3.161621094E+07,-9.47054E+01
3.164672852E+07,-9.42054E+01
3.167724609E+07,-9.77054E+01
3.170776367E+07,-9.92054E+01
3.173828125E+07,-9.47854E+01
3.176879883E+07,-1.12545E+02
3.179931641E+07,-9.53454E+01
3.182983398E+07,-9.39254E+01
3.186035156E+07,-9.72454E+01
3.189086914E+07,-9.64254E+01
3.192138672E+07,-9.82454E+01
3.195190430E+07,-9.20654E+01
3.198242188E+07,-8.98854E+01
3.201293945E+07,-9.32654E+01
3.204345703E+07,-1.02665E+02
3.207397461E+07,-1.02005E+02
3.210449219E+07,-9.86054E+01
3.213500977E+07,-1.15285E+02
3.216552734E+07,-1.03145E+02
3.219604492E+07,-1.01165E+02
3.222656250E+07,-1.18365E+02
3.225708008E+07,-1.01225E+02
3.228759766E+07,-9.39454E+01
3.231811523E+07,-9.56054E+01
3.234863281E+07,-1.19625E+02
3.237915039E+07,-9.56654E+01
3.240966797E+07,-9.15054E+01
3.244018555E+07,-9.30054E+01
3.247070312E+07,-1.03065E+02
3.250122070E+07,-1.07065E+02
3.253173828E+07,-9.84654E+01
3.256225586E+07,-9.62254E+01
3.259277344E+07,-9.51254E+01
3.262329102E+07,-9.28454E+01
3.265380859E+07,-9.49454E+01
3.268432617E+07,-8.89454E+01
3.271484375E+07,-9.19454E+01
3.274536133E+07,-9.75854E+01
3.277587891E+07,-1.04805E+02
3.280639648E+07,-9.86254E+01
3.283691406E+07,-1.00745E+02
3.286743164E+07,-9.99254E+01
3.289794922E+07,-1.02465E+02
3.292846680E+07,-1.00905E+02
3.295898438E+07,-9.84254E+01
3.298950195E+07,-9.48054E+01
3.302001953E+07,-9.94054E+01
3.305053711E+07,-1.05805E+02
3.308105469E+07,-1.08485E+02
3.311157227E+07,-1.09405E+02
3.314208984E+07,-1.01725E+02
3.317260742E+07,-9.77054E+01
3.320312500E+07,-9.84254E+01
3.323364258E+07,-9.50454E+01
3.326416016E+07,-9.62454E+01
3.329467773E+07,-9.78654E+01
3.332519531E+07,-9.74454E+01
3.335571289E+07,-9.89054E+01
3.338623047E+07,-1.06185E+02
3.341674805E+07,-9.36854E+01
3.344726562E+07,-9.05654E+01
3.347778320E+07,-9.12454E+01
3.350830078E+07,-9.34454E+01
3.353881836E+07,-1.02325E+02
3.356933594E+07,-9.66254E+01
3.359985352E+07,-9.28254E+01
3.363037109E+07,-9.71254E+01
3.366088867E+07,-1.00125E+02
3.369140625E+07,-1.06665E+02
3.372192383E+07,-9.64054E+01
3.375244141E+07,-9.60654E+01
3.378295898E+07,-1.00345E+02
3.381347656E+07,-9.39654E+01
3.384399414E+07,-8.93054E+01
3.387451172E+07,-9.15654E+01
3.390502930E+07,-9.40054E+01
3.393554688E+07,-1.05105E+02
3.396606445E+07,-1.03045E+02
3.399658203E+07,-1.02365E+02
3.402709961E+07,-1.07745E+02
3.405761719E+07,-9.80854E+01
3.408813477E+07,-9.87854E+01
3.411865234E+07,-9.56454E+01
3.414916992E+07,-1.13665E+02
3.417968750E+07,-9.92654E+01
3.421020508E+07,-9.97054E+01
3.424072266E+07,-9.55254E+01
3.427124023E+07,-9.45854E+01
3.430175781E+07,-9.06454E+01
3.433227539E+07,-9.31654E+01
3.436279297E+07,-1.01025E+02
3.439331055E+07,-9.89654E+01
3.442382812E+07,-9.67854E+01
3.445434570E+07,-9.17054E+01
3.448486328E+07,-9.15454E+01
3.451538086E+07,-1.05125E+02
3.454589844E+07,-9.49054E+01
3.457641602E+07,-8.96654E+01
3.460693359E+07,-8.83654E+01
3.463745117E+07,-9.12454E+01
3.466796875E+07,-1.01165E+02
3.469848633E+07,-9.65054E+01
3.472900391E+07,-1.02245E+02
3.475952148E+07,-1.08845E+02
3.479003906E+07,-1.04305E+02
3.482055664E+07,-9.79054E+01
3.485107422E+07,-8.98854E+01
3.488159180E+07,-8.98854E+01
3.491210938E+07,-9.72054E+01
3.494262695E+07,-9.76654E+01
3.497314453E+07,-9.39854E+01
3.500366211E+07,-9.27654E+01
3.503417969E+07,-9.58454E+01
3.506469727E+07,-1.00865E+02
3.509521484E+07,-9.37254E+01
3.512573242E+07,-9.64054E+01
3.515625000E+07,-9.50854E+01
3.518676758E+07,-9.45254E+01
3.521728516E+07,-9.79454E+01
3.524780273E+07,-9.10054E+01
3.527832031E+07,-8.65854E+01
3.530883789E+07,-8.97454E+01
3.533935547E+07,-9.73854E+01
3.536987305E+07,-9.95054E+01
3.540039062E+07,-9.57454E+01
3.543090820E+07,-9.97654E+01
3.546142578E+07,-9.78454E+01
3.549194336E+07,-9.53454E+01
3.552246094E+07,-1.00385E+02
3.555297852E+07,-1.05125E+02
3.558349609E+07,-1.05265E+02
3.561401367E+07,-1.13425E+02
3.564453125E+07,-1.10265E+02
3.567504883E+07,-9.56254E+01
3.570556641E+07,-9.60054E+01
3.573608398E+07,-9.92254E+01
3.576660156E+07,-1.00125E+02
3.579711914E+07,-1.00185E+02
3.582763672E+07,-9.82654E+01
3.585815430E+07,-1.04305E+02
3.588867188E+07,-9.42254E+01
3.591918945E+07,-9.81854E+01
3.594970703E+07,-9.69454E+01
3.598022461E+07,-9.72454E+01
3.601074219E+07,-1.01645E+02
3.604125977E+07,-9.33654E+01
3.607177734E+07,-9.17254E+01
3.610229492E+07,-9.07254E+01
3.613281250E+07,-9.65054E+01
3.616333008E+07,-1.13385E+02
3.619384766E+07,-1.03305E+02
3.622436523E+07,-1.01045E+02
3.625488281E+07,-1.06405E+02
3.628540039E+07,-9.36254E+01
3.631591797E+07,-9.32054E+01
3.634643555E+07,-1.03485E+02
3.637695312E+07,-1.06785E+02
3.640747070E+07,-9.92254E+01
3.643798828E+07,-1.04425E+02
3.646850586E+07,-9.96254E+01
3.649902344E+07,-9.08454E+01
3.652954102E+07,-9.44054E+01
3.656005859E+07,-1.14105E+02
3.659057617E+07,-9.61454E+01
3.662109375E+07,-9.20654E+01
3.665161133E+07,-9.27654E+01
3.668212891E+07,-8.98854E+01
3.671264648E+07,-8.70054E+01
3.674316406E+07,-9.42654E+01
3.677368164E+07,-9.95054E+01
3.680419922E+07,-9.80454E+01
3.683471680E+07,-1.05205E+02
3.686523438E+07,-9.86054E+01
3.689575195E+07,-9.01854E+01
3.692626953E+07,-8.72454E+01
3.695678711E+07,-9.14654E+01
3.698730469E+07,-9.29654E+01
3.701782227E+07,-9.71454E+01
3.704833984E+07,-9.98054E+01
3.707885742E+07,-9.30454E+01
3.710937500E+07,-9.00854E+01
3.713989258E+07,-9.11654E+01
3.717041016E+07,-9.72854E+01
3.720092773E+07,-1.01705E+02
3.723144531E+07,-9.87854E+01
3.726196289E+07,-9.87254E+01
3.729248047E+07,-9.91054E+01
3.732299805E+07,-9.54854E+01
3.735351562E+07,-1.00265E+02
3.738403320E+07,-1.00085E+02
3.741455078E+07,-9.94854E+01
3.744506836E+07,-1.00585E+02
3.747558594E+07,-1.08245E+02
3.750610352E+07,-9.41254E+01
3.753662109E+07,-9.01254E+01
3.756713867E+07,-9.52054E+01
3.759765625E+07,-9.80454E+01
3.762817383E+07,-1.13885E+02
3.765869141E+07,-9.70854E+01
3.768920898E+07,-9.71854E+01
3.771972656E+07,-9.31254E+01
3.775024414E+07,-8.84854E+01
3.778076172E+07,-9.37654E+01
3.781127930E+07,-1.03685E+02
3.784179688E+07,-1.00785E+02
3.787231445E+07,-1.08665E+02
3.790283203E+07,-9.85454E+01
3.793334961E+07,-8.88654E+01
3.796386719E+07,-8.91654E+01
3.799438477E+07,-9.66254E+01
3.802490234E+07,-1.03545E+02
3.805541992E+07,-1.05345E+02
3.808593750E+07,-9.64854E+01
3.811645508E+07,-9.46654E+01
3.814697266E+07,-9.19254E+01
3.817749023E+07,-9.94854E+01
3.820800781E+07,-9.51254E+01
3.823852539E+07,-1.00685E+02
3.826904297E+07,-1.01085E+02
3.829956055E+07,-1.06005E+02
3.833007812E+07,-9.41854E+01
3.836059570E+07,-9.52854E+01
3.839111328E+07,-1.02345E+02
3.842163086E+07,-9.67654E+01
3.845214844E+07,-9.93054E+01
3.848266602E+07,-1.00905E+02
3.851318359E+07,-9.54854E+01
3.854370117E+07,-9.09254E+01
3.857421875E+07,-9.31254E+01
3.860473633E+07,-1.02565E+02
3.863525391E+07,-9.53454E+01
3.866577148E+07,-1.04745E+02
3.869628906E+07,-9.56654E+01
3.872680664E+07,-1.01605E+02
3.875732422E+07,-1.18125E+02
3.878784180E+07,-9.96254E+01
3.881835938E+07,-9.46054E+01
3.884887695E+07,-9.34654E+01
3.887939453E+07,-9.82854E+01
3.890991211E+07,-1.04325E+02
3.894042969E+07,-9.71454E+01
3.897094727E+07,-9.46854E+01
3.900146484E+07,-1.19225E+02
3.903198242E+07,-9.55054E+01
3.906250000E+07,-9.80254E+01
3.909301758E+07,-9.46654E+01
3.912353516E+07,-9.67654E+01
3.915405273E+07,-9.74454E+01
3.918457031E+07,-9.55254E+01
3.921508789E+07,-1.06045E+02
3.924560547E+07,-1.03585E+02
3.927612305E+07,-9.62654E+01
3.930664062E+07,-9.24054E+01
3.933715820E+07,-9.16254E+01
3.936767578E+07,-9.41854E+01
3.939819336E+07,-9.87854E+01
3.942871094E+07,-9.86854E+01
3.945922852E+07,-1.08105E+02
3.948974609E+07,-1.00425E+02
3.952026367E+07,-9.36454E+01
3.955078125E+07,-9.38054E+01
3.958129883E+07,-9.99654E+01
3.961181641E+07,-1.02125E+02
3.964233398E+07,-1.02085E+02
3.967285156E+07,-1.01125E+02
3.970336914E+07,-9.39654E+01
3.973388672E+07,-9.55854E+01
3.976440430E+07,-9.94054E+01
3.979492188E+07,-9.48854E+01
3.982543945E+07,-1.01305E+02
3.985595703E+07,-1.02905E+02
3.988647461E+07,-1.01225E+02
3.991699219E+07,-1.04005E+02
3.994750977E+07,-9.79054E+01
3.997802734E+07,-1.04785E+02
4.000854492E+07,-9.44454E+01
4.003906250E+07,-9.72054E+01
4.006958008E+07,-9.70454E+01
4.010009766E+07,-9.52454E+01
4.013061523E+07,-1.15325E+02
4.016113281E+07,-9.50654E+01
4.019165039E+07,-9.26054E+01
4.022216797E+07,-9.29254E+01
4.025268555E+07,-9.77254E+01
4.028320312E+07,-1.08265E+02
4.031372070E+07,-1.00765E+02
4.034423828E+07,-9.92054E+01
4.037475586E+07,-9.57054E+01
4.040527344E+07,-9.56854E+01
4.043579102E+07,-1.02285E+02
4.046630859E+07,-9.88054E+01
4.049682617E+07,-1.00125E+02
4.052734375E+07,-9.83454E+01
4.055786133E+07,-9.73654E+01
4.058837891E+07,-9.74254E+01
4.061889648E+07,-1.00225E+02
4.064941406E+07,-1.14605E+02
4.067993164E+07,-1.04745E+02
4.071044922E+07,-1.06165E+02
4.074096680E+07,-1.05745E+02
4.077148438E+07,-1.06265E+02
4.080200195E+07,-1.00705E+02
4.083251953E+07,-9.80254E+01
4.086303711E+07,-1.04025E+02
4.089355469E+07,-1.02145E+02
4.092407227E+07,-1.02885E+02
4.095458984E+07,-9.49054E+01
4.098510742E+07,-9.61654E+01
4.101562500E+07,-9.73254E+01
4.104614258E+07,-9.64454E+01
4.107666016E+07,-9.97054E+01
4.110717773E+07,-1.05785E+02
4.113769531E+07,-1.08725E+02
4.116821289E+07,-1.09405E+02
4.119873047E+07,-1.01785E+02
4.122924805E+07,-9.51454E+01
4.125976562E+07,-9.02654E+01
4.129028320E+07,-9.22454E+01
4.132080078E+07,-9.85654E+01
4.135131836E+07,-1.07065E+02
4.138183594E+07,-1.04085E+02
4.141235352E+07,-1.03945E+02
4.144287109E+07,-9.95454E+01
4.147338867E+07,-9.66054E+01
4.150390625E+07,-1.00565E+02
4.153442383E+07,-1.35145E+02
4.156494141E+07,-1.01945E+02
4.159545898E+07,-1.03505E+02
4.162597656E+07,-9.57054E+01
4.165649414E+07,-8.79454E+01
4.168701172E+07,-8.55654E+01
4.171752930E+07,-9.01254E+01
4.174804688E+07,-9.51454E+01
4.177856445E+07,-1.08605E+02
4.180908203E+07,-1.02325E+02
4.183959961E+07,-1.03585E+02
4.187011719E+07,-9.95854E+01
4.190063477E+07,-9.16454E+01
4.193115234E+07,-8.92054E+01
4.196166992E+07,-9.29254E+01
4.199218750E+07,-9.72654E+01
4.202270508E+07,-9.34254E+01
4.205322266E+07,-9.21854E+01
4.208374023E+07,-9.80054E+01
4.211425781E+07,-1.02405E+02
4.214477539E+07,-1.03885E+02
4.217529297E+07,-9.43254E+01
4.220581055E+07,-9.78254E+01
4.223632812E+07,-1.00605E+02
4.226684570E+07,-1.00265E+02
4.229736328E+07,-1.15105E+02
4.232788086E+07,-1.01365E+02
4.235839844E+07,-1.02165E+02
4.238891602E+07,-1.07545E+02
4.241943359E+07,-9.97454E+01
4.244995117E+07,-9.32254E+01
4.248046875E+07,-1.01465E+02
4.251098633E+07,-1.02365E+02
4.254150391E+07,-1.07805E+02
4.257202148E+07,-9.25854E+01
4.260253906E+07,-9.31254E+01
4.263305664E+07,-1.01665E+02
4.266357422E+07,-1.02165E+02
4.269409180E+07,-1.04545E+02
4.272460938E+07,-1.04325E+02
4.275512695E+07,-9.65454E+01
4.278564453E+07,-1.01745E+02
4.281616211E+07,-9.88654E+01
4.284667969E+07,-1.03085E+02
4.287719727E+07,-9.58254E+01
4.290771484E+07,-9.47054E+01
4.293823242E+07,-9.85654E+01
4.296875000E+07,-9.64054E+01
4.299926758E+07,-9.72854E+01
4.302978516E+07,-9.40054E+01
4.306030273E+07,-9.59854E+01
4.309082031E+07,-1.12785E+02
4.312133789E+07,-1.03305E+02
4.315185547E+07,-1.09665E+02
4.318237305E+07,-1.01485E+02
4.321289062E+07,-1.01205E+02
4.324340820E+07,-1.05965E+02
4.327392578E+07,-9.74854E+01
4.330444336E+07,-1.04525E+02
4.333496094E+07,-9.38854E+01
4.336547852E+07,-9.32854E+01
4.339599609E+07,-9.74254E+01
4.342651367E+07,-1.09305E+02
4.345703125E+07,-9.60454E+01
4.348754883E+07,-9.60454E+01
4.351806641E+07,-9.74054E+01
4.354858398E+07,-9.83254E+01
4.357910156E+07,-9.04654E+01
4.360961914E+07,-1.03925E+02
4.364013672E+07,-9.64854E+01
4.367065430E+07,-1.02305E+02
4.370117188E+07,-9.94854E+01
4.373168945E+07,-9.45254E+01
4.376220703E+07,-9.93054E+01
4.379272461E+07,-1.03225E+02
4.382324219E+07,-1.05625E+02
4.385375977E+07,-1.10265E+02
4.388427734E+07,-9.88654E+01
4.391479492E+07,-9.88454E+01
4.394531250E+07,-1.06745E+02
4.397583008E+07,-1.17925E+02
4.400634766E+07,-1.14525E+02
4.403686523E+07,-1.09205E+02
4.406738281E+07,-1.02745E+02
4.409790039E+07,-9.99254E+01
4.412841797E+07,-1.12725E+02
4.415893555E+07,-1.03345E+02
4.418945312E+07,-1.00085E+02
4.421997070E+07,-1.01405E+02
4.425048828E+07,-9.77454E+01
4.428100586E+07,-1.01205E+02
4.431152344E+07,-9.42254E+01
4.434204102E+07,-9.50854E+01
4.437255859E+07,-9.62254E+01
4.440307617E+07,-9.66054E+01
4.443359375E+07,-1.07205E+02
4.446411133E+07,-1.05045E+02
4.449462891E+07,-1.01585E+02
4.452514648E+07,-1.01305E+02
4.455566406E+07,-9.77254E+01
4.458618164E+07,-1.16585E+02
4.461669922E+07,-1.01945E+02
4.464721680E+07,-1.01025E+02
4.467773438E+07,-9.56254E+01
4.470825195E+07,-9.10854E+01
4.473876953E+07,-9.85654E+01
4.476928711E+07,-1.04105E+02
4.479980469E+07,-1.18665E+02
4.483032227E+07,-9.98854E+01
4.486083984E+07,-9.36654E+01
4.489135742E+07,-9.36054E+01
4.492187500E+07,-9.61654E+01
4.495239258E+07,-1.02825E+02
4.498291016E+07,-1.12045E+02
4.501342773E+07,-1.02245E+02
4.504394531E+07,-1.06405E+02
4.507446289E+07,-9.74454E+01
4.510498047E+07,-9.48654E+01
4.513549805E+07,-9.78654E+01
4.516601562E+07,-9.63854E+01
4.519653320E+07,-9.90054E+01
4.522705078E+07,-1.04465E+02
4.525756836E+07,-9.56654E+01
4.528808594E+07,-9.07454E+01
4.531860352E+07,-9.18254E+01
4.534912109E+07,-1.03405E+02
4.537963867E+07,-1.00185E+02
4.541015625E+07,-9.63854E+01
4.544067383E+07,-1.01805E+02
4.547119141E+07,-9.29654E+01
4.550170898E+07,-9.45254E+01
4.553222656E+07,-9.73454E+01
4.556274414E+07,-1.04885E+02
4.559326172E+07,-9.88654E+01
4.562377930E+07,-9.49054E+01
4.565429688E+07,-9.52054E+01
4.568481445E+07,-9.66254E+01
4.571533203E+07,-1.03845E+02
4.574584961E+07,-9.54454E+01
4.577636719E+07,-1.04305E+02
4.580688477E+07,-1.08325E+02
4.583740234E+07,-1.18165E+02
4.586791992E+07,-1.03825E+02
4.589843750E+07,-9.59254E+01
4.592895508E+07,-9.62454E+01
4.595947266E+07,-1.10125E+02
4.598999023E+07,-1.01245E+02
4.602050781E+07,-9.71054E+01
4.605102539E+07,-9.83654E+01
4.608154297E+07,-9.47854E+01
4.611206055E+07,-9.27254E+01
4.614257812E+07,-9.21654E+01
4.617309570E+07,-9.66654E+01
4.620361328E+07,-1.08285E+02
4.623413086E+07,-9.64654E+01
4.626464844E+07,-9.37254E+01
4.629516602E+07,-9.36854E+01
4.632568359E+07,-9.88654E+01
4.635620117E+07,-1.06385E+02
4.638671875E+07,-9.72254E+01
4.641723633E+07,-1.01505E+02
4.644775391E+07,-1.01665E+02
4.647827148E+07,-9.53654E+01
4.650878906E+07,-9.53454E+01
4.653930664E+07,-1.04745E+02
4.656982422E+07,-9.59854E+01
4.660034180E+07,-9.93654E+01
4.663085938E+07,-9.76854E+01
4.666137695E+07,-9.81654E+01
4.669189453E+07,-9.69654E+01
4.672241211E+07,-9.72454E+01
4.675292969E+07,-9.22054E+01
4.678344727E+07,-9.14854E+01
4.681396484E+07,-9.51654E+01
4.684448242E+07,-9.52454E+01
4.687500000E+07,-9.52854E+01
4.690551758E+07,-9.66254E+01
4.693603516E+07,-1.07665E+02
4.696655273E+07,-1.02605E+02
4.699707031E+07,-1.15385E+02
4.702758789E+07,-1.00885E+02
4.705810547E+07,-9.93054E+01
4.708862305E+07,-9.80454E+01
4.711914062E+07,-1.06445E+02
4.714965820E+07,-9.23654E+01
4.718017578E+07,-8.89454E+01
4.721069336E+07,-9.29654E+01
4.724121094E+07,-9.95454E+01
4.727172852E+07,-9.85654E+01
4.730224609E+07,-1.03205E+02
4.733276367E+07,-1.08365E+02
4.736328125E+07,-1.00645E+02
4.739379883E+07,-1.01785E+02
4.742431641E+07,-9.49654E+01
4.745483398E+07,-9.78454E+01
4.748535156E+07,-1.05045E+02
4.751586914E+07,-1.06185E+02
4.754638672E+07,-9.72254E+01
4.757690430E+07,-9.42254E+01
4.760742188E+07,-9.66854E+01
4.763793945E+07,-1.03925E+02
4.766845703E+07,-9.72454E+01
4.769897461E+07,-9.51654E+01
4.772949219E+07,-1.07725E+02
4.776000977E+07,-9.91054E+01
4.779052734E+07,-9.09854E+01
4.782104492E+07,-9.23054E+01
4.785156250E+07,-9.79454E+01
4.788208008E+07,-9.97454E+01
4.791259766E+07,-1.01065E+02
4.794311523E+07,-1.09065E+02
4.797363281E+07,-1.04745E+02
4.800415039E+07,-1.06845E+02
4.803466797E+07,-1.02145E+02
4.806518555E+07,-9.34654E+01
4.809570312E+07,-9.69054E+01
4.812622070E+07,-1.02085E+02
4.815673828E+07,-9.43054E+01
4.818725586E+07,-9.50254E+01
4.821777344E+07,-9.76654E+01
4.824829102E+07,-1.08425E+02
4.827880859E+07,-1.09365E+02
4.830932617E+07,-1.02565E+02
4.833984375E+07,-1.03125E+02
4.837036133E+07,-1.10265E+02
4.840087891E+07,-1.02665E+02
4.843139648E+07,-9.82054E+01
4.846191406E+07,-9.46454E+01
4.849243164E+07,-9.76054E+01
4.852294922E+07,-1.03565E+02
4.855346680E+07,-1.12505E+02
4.858398438E+07,-9.78054E+01
4.861450195E+07,-9.74854E+01
4.864501953E+07,-1.04545E+02
4.867553711E+07,-1.00345E+02
4.870605469E+07,-1.03765E+02
4.873657227E+07,-1.19745E+02
4.876708984E+07,-9.55454E+01
4.879760742E+07,-9.16454E+01
4.882812500E+07,-9.71454E+01
4.885864258E+07,-1.00585E+02
4.888916016E+07,-9.66654E+01
4.891967773E+07,-9.53854E+01
4.895019531E+07,-9.45254E+01
4.898071289E+07,-1.00345E+02
4.901123047E+07,-9.48254E+01
4.904174805E+07,-9.87254E+01
4.907226562E+07,-1.13825E+02
4.910278320E+07,-1.07925E+02
4.913330078E+07,-1.00325E+02
4.916381836E+07,-1.00585E+02
4.919433594E+07,-1.02125E+02
4.922485352E+07,-9.52054E+01
4.925537109E+07,-9.53254E+01
4.928588867E+07,-9.91254E+01
4.931640625E+07,-9.77054E+01
4.934692383E+07,-9.62854E+01
4.937744141E+07,-9.54654E+01
4.940795898E+07,-9.98854E+01
4.943847656E+07,-9.62454E+01
4.946899414E+07,-1.02145E+02
4.949951172E+07,-1.00825E+02
4.953002930E+07,-9.78254E+01
4.956054688E+07,-1.04365E+02
4.959106445E+07,-9.71454E+01
4.962158203E+07,-9.98854E+01
4.965209961E+07,-1.07685E+02
4.968261719E+07,-9.79254E+01
4.971313477E+07,-1.05845E+02
4.974365234E+07,-9.51654E+01
4.977416992E+07,-1.00125E+02
4.980468750E+07,-1.00685E+02
4.983520508E+07,-9.44654E+01
4.986572266E+07,-9.16254E+01
4.989624023E+07,-9.71854E+01
4.992675781E+07,-1.07125E+02
4.995727539E+07,-1.10345E+02
4.998779297E+07,-9.70854E+01
5.001831055E+07,-9.59254E+01
5.004882812E+07,-1.09305E+02
5.007934570E+07,-9.69654E+01
5.010986328E+07,-9.55654E+01
5.014038086E+07,-1.09665E+02
5.017089844E+07,-9.90654E+01
5.020141602E+07,-1.06745E+02
5.023193359E+07,-1.00625E+02
5.026245117E+07,-9.35254E+01
5.029296875E+07,-9.98454E+01
5.032348633E+07,-9.73854E+01
5.035400391E+07,-9.81054E+01
5.038452148E+07,-1.03865E+02
5.041503906E+07,-9.96654E+01
5.044555664E+07,-1.01765E+02
5.047607422E+07,-1.07945E+02
5.050659180E+07,-1.05225E+02
5.053710938E+07,-9.84854E+01
5.056762695E+07,-9.65654E+01
5.059814453E+07,-9.65854E+01
5.062866211E+07,-9.65454E+01
5.065917969E+07,-1.04025E+02
5.068969727E+07,-1.01805E+02
5.072021484E+07,-9.60254E+01
5.075073242E+07,-9.85654E+01
5.078125000E+07,-1.01685E+02
5.081176758E+07,-1.01045E+02
5.084228516E+07,-9.31054E+01
5.087280273E+07,-9.53454E+01
5.090332031E+07,-1.08045E+02
5.093383789E+07,-9.82054E+01
5.096435547E+07,-1.03205E+02
5.099487305E+07,-1.04685E+02
5.102539062E+07,-1.02965E+02
5.105590820E+07,-1.17185E+02
5.108642578E+07,-1.02025E+02
5.111694336E+07,-9.95454E+01
5.114746094E+07,-9.59854E+01
5.117797852E+07,-9.68454E+01
5.120849609E+07,-1.07845E+02
5.123901367E+07,-1.06825E+02
5.126953125E+07,-1.03705E+02
5.130004883E+07,-1.12065E+02
5.133056641E+07,-1.07025E+02
5.136108398E+07,-1.05485E+02
5.139160156E+07,-1.19405E+02
5.142211914E+07,-1.05405E+02
5.145263672E+07,-1.03705E+02
5.148315430E+07,-9.53054E+01
5.151367188E+07,-9.32254E+01
5.154418945E+07,-9.64854E+01
5.157470703E+07,-1.02345E+02
5.160522461E+07,-9.87254E+01
5.163574219E+07,-9.86654E+01
5.166625977E+07,-9.95454E+01
5.169677734E+07,-9.48854E+01
5.172729492E+07,-9.76054E+01
5.175781250E+07,-1.11005E+02
5.178833008E+07,-9.97654E+01
5.181884766E+07,-9.86054E+01
5.184936523E+07,-1.00265E+02
5.187988281E+07,-1.05225E+02
5.191040039E+07,-9.59854E+01
5.194091797E+07,-9.60654E+01
5.197143555E+07,-9.37854E+01
5.200195312E+07,-9.69254E+01
5.203247070E+07,-9.57254E+01
5.206298828E+07,-9.44054E+01
5.209350586E+07,-9.49654E+01
5.212402344E+07,-9.84054E+01
5.215454102E+07,-9.91654E+01
5.218505859E+07,-9.99654E+01
5.221557617E+07,-1.00685E+02
5.224609375E+07,-9.50054E+01
5.227661133E+07,-9.56654E+01
5.230712891E+07,-9.82654E+01
5.233764648E+07,-9.64254E+01
5.236816406E+07,-9.35054E+01
5.239868164E+07,-9.42854E+01
5.242919922E+07,-1.03425E+02
5.245971680E+07,-9.36054E+01
5.249023438E+07,-9.63454E+01
5.252075195E+07,-9.85654E+01
5.255126953E+07,-1.03825E+02
5.258178711E+07,-1.06265E+02
5.261230469E+07,-9.62654E+01
5.264282227E+07,-9.42854E+01
5.267333984E+07,-9.95054E+01
5.270385742E+07,-1.03825E+02
5.273437500E+07,-1.01445E+02
5.276489258E+07,-9.82654E+01
5.279541016E+07,-9.86254E+01
5.282592773E+07,-1.05885E+02
5.285644531E+07,-1.05225E+02
5.288696289E+07,-1.00785E+02
5.291748047E+07,-9.85654E+01
5.294799805E+07,-9.62254E+01
5.297851562E+07,-1.00405E+02
5.300903320E+07,-1.02725E+02
5.303955078E+07,-1.03825E+02
5.307006836E+07,-1.07805E+02
5.310058594E+07,-1.03245E+02
5.313110352E+07,-1.02085E+02
5.316162109E+07,-1.06905E+02
5.319213867E+07,-1.15985E+02
5.322265625E+07,-1.13725E+02
5.325317383E+07,-1.05565E+02
5.328369141E+07,-1.05585E+02
5.331420898E+07,-1.03945E+02
5.334472656E+07,-1.12425E+02
5.337524414E+07,-1.15825E+02
5.340576172E+07,-1.00225E+02
5.343627930E+07,-9.82054E+01
5.346679688E+07,-1.13485E+02
5.349731445E+07,-1.04345E+02
5.352783203E+07,-1.11665E+02
5.355834961E+07,-9.57654E+01
5.358886719E+07,-9.64254E+01
5.361938477E+07,-1.06985E+02
5.364990234E+07,-9.95854E+01
5.368041992E+07,-1.00425E+02
5.371093750E+07,-1.02305E+02
5.374145508E+07,-1.05225E+02
5.377197266E+07,-9.73254E+01
5.380249023E+07,-1.01085E+02
5.383300781E+07,-9.87254E+01
5.386352539E+07,-9.61254E+01
5.389404297E+07,-9.94454E+01
5.392456055E+07,-9.79454E+01
5.395507812E+07,-1.01465E+02
5.398559570E+07,-1.02285E+02
5.401611328E+07,-1.04965E+02
5.404663086E+07,-1.23565E+02
5.407714844E+07,-1.16985E+02
5.410766602E+07,-1.03245E+02
5.413818359E+07,-1.02725E+02
5.416870117E+07,-9.91254E+01
5.419921875E+07,-9.64854E+01
5.422973633E+07,-9.64054E+01
5.426025391E+07,-1.01765E+02
5.429077148E+07,-1.02865E+02
5.432128906E+07,-1.12405E+02
5.435180664E+07,-1.05165E+02
5.438232422E+07,-9.72854E+01
5.441284180E+07,-1.06625E+02
5.444335938E+07,-9.79854E+01
5.447387695E+07,-9.59854E+01
5.450439453E+07,-1.00045E+02
5.453491211E+07,-9.65654E+01
5.456542969E+07,-9.30254E+01
5.459594727E+07,-9.62054E+01
5.462646484E+07,-9.95854E+01
5.465698242E+07,-9.94054E+01
5.468750000E+07,-9.95054E+01
5.471801758E+07,-1.00365E+02
5.474853516E+07,-9.70854E+01
5.477905273E+07,-9.81854E+01
5.480957031E+07,-1.09485E+02
5.484008789E+07,-1.01545E+02
5.487060547E+07,-1.08545E+02
5.490112305E+07,-1.03865E+02
5.493164062E+07,-1.05825E+02
5.496215820E+07,-1.03225E+02
5.499267578E+07,-1.05165E+02
5.502319336E+07,-9.88454E+01
5.505371094E+07,-1.06565E+02
5.508422852E+07,-1.03565E+02
5.511474609E+07,-1.08405E+02
5.514526367E+07,-9.76254E+01
5.517578125E+07,-9.00854E+01
5.520629883E+07,-9.15054E+01
5.523681641E+07,-9.25654E+01
5.526733398E+07,-9.27454E+01
5.529785156E+07,-9.88454E+01
5.532836914E+07,-9.75254E+01
5.535888672E+07,-9.87854E+01
5.538940430E+07,-9.85654E+01
5.541992188E+07,-9.43254E+01
5.545043945E+07,-9.51254E+01
5.548095703E+07,-9.75854E+01
5.551147461E+07,-1.02505E+02
5.554199219E+07,-1.06465E+02
5.557250977E+07,-9.82654E+01
5.560302734E+07,-9.80454E+01
5.563354492E+07,-1.04785E+02
5.566406250E+07,-1.03925E+02
5.569458008E+07,-1.06405E+02
5.572509766E+07,-9.52054E+01
5.575561523E+07,-9.46854E+01
5.578613281E+07,-9.75254E+01
5.581665039E+07,-1.03445E+02
5.584716797E+07,-1.00385E+02
5.587768555E+07,-9.68854E+01
5.590820312E+07,-9.93454E+01
5.593872070E+07,-9.57654E+01
5.596923828E+07,-9.93654E+01
5.599975586E+07,-1.10445E+02
5.603027344E+07,-1.03445E+02
5.606079102E+07,-9.98454E+01
5.609130859E+07,-9.45054E+01
5.612182617E+07,-9.26654E+01
5.615234375E+07,-9.57054E+01
5.618286133E+07,-9.38854E+01
5.621337891E+07,-9.97054E+01
5.624389648E+07,-1.04165E+02
5.627441406E+07,-9.70654E+01
5.630493164E+07,-9.90654E+01
5.633544922E+07,-1.07925E+02
5.636596680E+07,-1.03085E+02
5.639648438E+07,-1.02465E+02
5.642700195E+07,-1.04665E+02
5.645751953E+07,-1.08685E+02
5.648803711E+07,-9.94454E+01
5.651855469E+07,-9.84254E+01
5.654907227E+07,-1.05305E+02
5.657958984E+07,-1.10565E+02
5.661010742E+07,-9.90254E+01
5.664062500E+07,-9.72054E+01
5.667114258E+07,-1.07585E+02
5.670166016E+07,-9.39454E+01
5.673217773E+07,-9.22054E+01
5.676269531E+07,-9.41254E+01
5.679321289E+07,-9.75654E+01
5.682373047E+07,-9.96254E+01
5.685424805E+07,-1.01985E+02
5.688476562E+07,-1.05325E+02
5.691528320E+07,-1.02865E+02
5.694580078E+07,-9.79854E+01
5.697631836E+07,-9.63654E+01
5.700683594E+07,-9.39054E+01
5.703735352E+07,-9.19854E+01
5.706787109E+07,-9.73254E+01
5.709838867E+07,-1.02425E+02
5.712890625E+07,-9.90054E+01
5.715942383E+07,-1.09585E+02
5.718994141E+07,-9.63854E+01
5.722045898E+07,-9.86254E+01
5.725097656E+07,-1.03365E+02
5.728149414E+07,-1.04985E+02
5.731201172E+07,-1.02725E+02
5.734252930E+07,-1.06225E+02
5.737304688E+07,-9.89654E+01
5.740356445E+07,-9.99654E+01
5.743408203E+07,-1.07545E+02
5.746459961E+07,-1.02325E+02
5.749511719E+07,-9.97454E+01
5.752563477E+07,-1.00305E+02
5.755615234E+07,-9.73254E+01
5.758666992E+07,-9.62054E+01
5.761718750E+07,-9.65854E+01
5.764770508E+07,-1.12765E+02
5.767822266E+07,-9.74054E+01
5.770874023E+07,-9.55854E+01
5.773925781E+07,-9.78654E+01
5.776977539E+07,-9.43254E+01
5.780029297E+07,-9.69854E+01
5.783081055E+07,-1.00965E+02
5.786132812E+07,-1.05465E+02
5.789184570E+07,-1.02125E+02
5.792236328E+07,-1.01425E+02
5.795288086E+07,-1.08625E+02
5.798339844E+07,-1.00325E+02
5.801391602E+07,-9.76054E+01
5.804443359E+07,-9.70854E+01
5.807495117E+07,-9.74654E+01
5.810546875E+07,-1.02325E+02
5.813598633E+07,-1.04505E+02
5.816650391E+07,-9.76654E+01
5.819702148E+07,-9.58454E+01
5.822753906E+07,-9.28854E+01
5.825805664E+07,-9.72454E+01
5.828857422E+07,-1.05945E+02
5.831909180E+07,-1.02545E+02
5.834960938E+07,-1.06785E+02
5.838012695E+07,-9.67254E+01
5.841064453E+07,-9.34654E+01
5.844116211E+07,-9.86854E+01
5.847167969E+07,-1.10125E+02
5.850219727E+07,-9.96654E+01
5.853271484E+07,-1.11425E+02
5.856323242E+07,-9.36454E+01
5.859375000E+07,-9.60254E+01
5.862426758E+07,-1.04985E+02
5.865478516E+07,-1.04845E+02
5.868530273E+07,-1.13705E+02
5.871582031E+07,-9.88454E+01
5.874633789E+07,-9.67854E+01
5.877685547E+07,-1.01125E+02
5.880737305E+07,-9.71254E+01
5.883789062E+07,-1.06805E+02
5.886840820E+07,-9.57654E+01
5.889892578E+07,-9.52854E+01
5.892944336E+07,-1.13765E+02
5.895996094E+07,-1.00225E+02
5.899047852E+07,-1.01185E+02
5.902099609E+07,-1.15785E+02
5.905151367E+07,-9.37254E+01
5.908203125E+07,-9.29654E+01
5.911254883E+07,-9.98454E+01
5.914306641E+07,-9.96654E+01
5.917358398E+07,-1.01865E+02
5.920410156E+07,-9.34854E+01
5.923461914E+07,-8.98454E+01
5.926513672E+07,-9.57054E+01
5.929565430E+07,-1.10385E+02
5.932617188E+07,-1.02365E+02
5.935668945E+07,-1.02565E+02
5.938720703E+07,-1.00045E+02
5.941772461E+07,-9.82454E+01
5.944824219E+07,-1.02385E+02
5.947875977E+07,-9.63854E+01
5.950927734E+07,-9.52854E+01
5.953979492E+07,-1.13425E+02
5.957031250E+07,-1.00605E+02
5.960083008E+07,-9.53854E+01
5.963134766E+07,-9.20254E+01
5.966186523E+07,-9.82054E+01
5.969238281E+07,-9.54854E+01
5.972290039E+07,-9.21454E+01
5.975341797E+07,-9.66454E+01
5.978393555E+07,-1.11385E+02
5.981445312E+07,-1.15105E+02
5.984497070E+07,-1.13725E+02
5.987548828E+07,-1.00085E+02
5.990600586E+07,-9.49454E+01
5.993652344E+07,-9.67654E+01
5.996704102E+07,-1.04325E+02
5.999755859E+07,-1.03685E+02
6.002807617E+07,-9.61054E+01
6.005859375E+07,-9.78654E+01
6.008911133E+07,-1.06025E+02
6.011962891E+07,-1.00365E+02
6.015014648E+07,-1.00625E+02
6.018066406E+07,-9.97454E+01
6.021118164E+07,-1.01505E+02
6.024169922E+07,-1.09005E+02
6.027221680E+07,-1.10045E+02
6.030273438E+07,-1.07405E+02
6.033325195E+07,-9.64054E+01
6.036376953E+07,-1.00565E+02
6.039428711E+07,-1.03425E+02
6.042480469E+07,-1.01145E+02
6.045532227E+07,-1.02145E+02
6.048583984E+07,-9.88454E+01
6.051635742E+07,-1.08545E+02
6.054687500E+07,-9.61254E+01
6.057739258E+07,-9.20854E+01
6.060791016E+07,-9.32854E+01
6.063842773E+07,-9.64854E+01
6.066894531E+07,-9.36054E+01
6.069946289E+07,-9.66254E+01
6.072998047E+07,-9.57454E+01
6.076049805E+07,-9.32854E+01
6.079101562E+07,-9.37654E+01
6.082153320E+07,-9.51854E+01
6.085205078E+07,-1.00225E+02
6.088256836E+07,-9.58254E+01
6.091308594E+07,-9.52054E+01
6.094360352E+07,-9.91254E+01
6.097412109E+07,-1.00225E+02
6.100463867E+07,-9.71654E+01
6.103515625E+07,-9.81854E+01
6.106567383E+07,-1.02805E+02
6.109619141E+07,-1.03585E+02
6.112670898E+07,-9.17654E+01
6.115722656E+07,-8.95854E+01
6.118774414E+07,-9.74854E+01
6.121826172E+07,-1.05945E+02
6.124877930E+07,-1.04625E+02
6.127929688E+07,-1.00345E+02
6.130981445E+07,-9.67054E+01
6.134033203E+07,-9.80454E+01
6.137084961E+07,-9.76254E+01
6.140136719E+07,-9.74454E+01
6.143188477E+07,-1.02485E+02
6.146240234E+07,-1.10845E+02
6.149291992E+07,-1.00045E+02
6.152343750E+07,-1.11165E+02
6.155395508E+07,-9.81854E+01
6.158447266E+07,-1.00545E+02
6.161499023E+07,-1.09965E+02
6.164550781E+07,-1.05425E+02
6.167602539E+07,-9.68254E+01
6.170654297E+07,-9.21654E+01
6.173706055E+07,-9.18854E+01
6.176757812E+07,-9.43054E+01
6.179809570E+07,-9.54254E+01
6.182861328E+07,-9.44254E+01
6.185913086E+07,-9.72254E+01
6.188964844E+07,-1.07685E+02
6.192016602E+07,-9.82054E+01
6.195068359E+07,-9.69254E+01
6.198120117E+07,-9.93654E+01
6.201171875E+07,-1.05845E+02
6.204223633E+07,-9.37654E+01
6.207275391E+07,-9.42454E+01
6.210327148E+07,-9.64654E+01
6.213378906E+07,-9.80454E+01
6.216430664E+07,-1.00745E+02
6.219482422E+07,-1.00985E+02
6.222534180E+07,-9.71254E+01
6.225585938E+07,-9.99654E+01
6.228637695E+07,-1.01645E+02
6.231689453E+07,-9.62454E+01
6.234741211E+07,-9.54454E+01
6.237792969E+07,-1.02765E+02
6.240844727E+07,-1.00645E+02
6.243896484E+07,-9.96254E+01
6.246948242E+07,-9.64454E+01
6.250000000E+07,-9.86254E+01
6.253051758E+07,-1.04725E+02
6.256103516E+07,-9.99254E+01
6.259155273E+07,-1.00045E+02
6.262207031E+07,-9.98454E+01
6.265258789E+07,-1.08025E+02
6.268310547E+07,-9.99654E+01
6.271362305E+07,-1.04285E+02
6.274414062E+07,-1.02765E+02
6.277465820E+07,-1.03385E+02
6.280517578E+07,-9.66854E+01
6.283569336E+07,-9.69054E+01
6.286621094E+07,-1.00365E+02
6.289672852E+07,-1.04465E+02
6.292724609E+07,-1.03425E+02
6.295776367E+07,-1.01725E+02
6.298828125E+07,-9.90654E+01
6.301879883E+07,-1.06785E+02
6.304931641E+07,-1.00445E+02
6.307983398E+07,-9.72254E+01
6.311035156E+07,-9.93054E+01
6.314086914E+07,-1.02245E+02
6.317138672E+07,-9.71854E+01
6.320190430E+07,-1.04445E+02
6.323242188E+07,-1.05025E+02
6.326293945E+07,-1.05885E+02
6.329345703E+07,-9.95854E+01
6.332397461E+07,-9.79254E+01
6.335449219E+07,-1.02185E+02
6.338500977E+07,-1.04945E+02
6.341552734E+07,-1.18085E+02
6.344604492E+07,-1.06625E+02
6.347656250E+07,-9.87254E+01
6.350708008E+07,-1.04005E+02
6.353759766E+07,-1.07325E+02
6.356811523E+07,-1.00625E+02
6.359863281E+07,-9.65254E+01
6.362915039E+07,-9.45254E+01
6.365966797E+07,-9.60854E+01
6.369018555E+07,-1.01305E+02
6.372070312E+07,-1.02845E+02
6.375122070E+07,-9.51254E+01
6.378173828E+07,-9.35654E+01
6.381225586E+07,-9.65054E+01
6.384277344E+07,-9.87854E+01
6.387329102E+07,-9.99254E+01
6.390380859E+07,-1.03285E+02
6.393432617E+07,-9.48854E+01
6.396484375E+07,-9.17254E+01
6.399536133E+07,-9.21654E+01
6.402587891E+07,-9.45254E+01
6.405639648E+07,-1.03145E+02
6.408691406E+07,-1.09445E+02
6.411743164E+07,-9.53854E+01
6.414794922E+07,-9.28054E+01
6.417846680E+07,-1.02225E+02
6.420898438E+07,-1.05345E+02
6.423950195E+07,-1.16465E+02
6.427001953E+07,-1.02005E+02
6.430053711E+07,-1.06665E+02
6.433105469E+07,-1.05305E+02
6.436157227E+07,-1.07345E+02
6.439208984E+07,-1.01685E+02
6.442260742E+07,-9.88654E+01
6.445312500E+07,-9.97054E+01
6.448364258E+07,-9.91254E+01
6.451416016E+07,-9.30254E+01
6.454467773E+07,-9.19454E+01
6.457519531E+07,-9.62654E+01
6.460571289E+07,-9.68654E+01
6.463623047E+07,-1.01825E+02
6.466674805E+07,-9.82854E+01
6.469726562E+07,-9.44454E+01
6.472778320E+07,-9.44454E+01
6.475830078E+07,-9.79454E+01
6.478881836E+07,-1.00805E+02
6.481933594E+07,-1.01225E+02
6.484985352E+07,-1.01445E+02
6.488037109E+07,-9.80054E+01
6.491088867E+07,-9.70254E+01
6.494140625E+07,-9.98054E+01
6.497192383E+07,-9.85654E+01
6.500244141E+07,-1.03225E+02
6.503295898E+07,-1.00505E+02
6.506347656E+07,-1.06165E+02
6.509399414E+07,-9.55054E+01
6.512451172E+07,-9.91254E+01
6.515502930E+07,-9.83654E+01
6.518554688E+07,-9.71654E+01
6.521606445E+07,-1.00785E+02
6.524658203E+07,-9.82454E+01
6.527709961E+07,-1.00345E+02
6.530761719E+07,-1.06205E+02
6.533813477E+07,-9.82854E+01
6.536865234E+07,-1.04945E+02
6.539916992E+07,-9.96654E+01
6.542968750E+07,-9.57454E+01
6.546020508E+07,-9.97654E+01
6.549072266E+07,-1.00545E+02
6.552124023E+07,-9.85454E+01
6.555175781E+07,-9.75254E+01
6.558227539E+07,-9.77854E+01
6.561279297E+07,-9.49854E+01
6.564331055E+07,-9.41854E+01
6.567382812E+07,-9.65854E+01
6.570434570E+07,-1.10125E+02
6.573486328E+07,-1.05505E+02
6.576538086E+07,-9.97654E+01
6.579589844E+07,-9.94054E+01
6.582641602E+07,-9.70454E+01
6.585693359E+07,-9.65854E+01
6.588745117E+07,-9.91254E+01
6.591796875E+07,-1.09445E+02
6.594848633E+07,-1.05385E+02
6.597900391E+07,-9.53454E+01
6.600952148E+07,-9.06654E+01
6.604003906E+07,-9.36254E+01
6.607055664E+07,-9.62454E+01
6.610107422E+07,-9.27854E+01
6.613159180E+07,-9.83254E+01
6.616210938E+07,-1.06325E+02
6.619262695E+07,-1.07005E+02
6.622314453E+07,-9.52454E+01
6.625366211E+07,-1.05205E+02
6.628417969E+07,-9.48854E+01
6.631469727E+07,-9.77854E+01
6.634521484E+07,-9.89054E+01
6.637573242E+07,-9.96254E+01
6.640625000E+07,-9.80854E+01
6.643676758E+07,-9.64654E+01
6.646728516E+07,-9.53854E+01
6.649780273E+07,-9.55854E+01
6.652832031E+07,-1.05425E+02
6.655883789E+07,-9.87254E+01
6.658935547E+07,-1.01305E+02
6.661987305E+07,-9.98054E+01
6.665039062E+07,-1.06165E+02
6.668090820E+07,-1.07385E+02
6.671142578E+07,-1.03485E+02
6.674194336E+07,-9.84054E+01
6.677246094E+07,-1.06685E+02
6.680297852E+07,-9.76654E+01
6.683349609E+07,-9.59654E+01
6.686401367E+07,-1.02045E+02
6.689453125E+07,-9.62254E+01
6.692504883E+07,-9.86854E+01
6.695556641E+07,-9.97654E+01
6.698608398E+07,-1.00225E+02
6.701660156E+07,-9.49254E+01
6.704711914E+07,-1.02905E+02
6.707763672E+07,-9.69654E+01
6.710815430E+07,-9.47254E+01
6.713867188E+07,-1.01045E+02
6.716918945E+07,-1.10005E+02
6.719970703E+07,-1.03285E+02
6.723022461E+07,-9.61454E+01
6.726074219E+07,-9.94454E+01
6.729125977E+07,-9.69054E+01
6.732177734E+07,-1.03885E+02
6.735229492E+07,-1.00005E+02
6.738281250E+07,-9.60254E+01
6.741333008E+07,-1.00665E+02
6.744384766E+07,-1.09585E+02
6.747436523E+07,-9.60854E+01
6.750488281E+07,-9.30254E+01
6.753540039E+07,-9.92054E+01
6.756591797E+07,-1.00045E+02
6.759643555E+07,-1.02345E+02
6.762695312E+07,-1.05365E+02
6.765747070E+07,-1.06325E+02
6.768798828E+07,-1.01985E+02
6.771850586E+07,-1.00265E+02
6.774902344E+07,-9.45054E+01
6.777954102E+07,-9.50654E+01
6.781005859E+07,-9.54654E+01
6.784057617E+07,-9.84654E+01
6.787109375E+07,-1.00265E+02
6.790161133E+07,-1.01345E+02
6.793212891E+07,-1.06245E+02
6.796264648E+07,-9.53054E+01
6.799316406E+07,-9.08054E+01
6.802368164E+07,-9.31054E+01
6.805419922E+07,-1.01505E+02
6.808471680E+07,-9.63854E+01
6.811523438E+07,-9.81054E+01
6.814575195E+07,-9.81254E+01
6.817626953E+07,-1.01125E+02
6.820678711E+07,-9.45854E+01
6.823730469E+07,-9.50454E+01
6.826782227E+07,-9.94454E+01
6.829833984E+07,-9.27254E+01
6.832885742E+07,-9.40854E+01
6.835937500E+07,-9.82854E+01
6.838989258E+07,-1.01405E+02
6.842041016E+07,-1.05985E+02
6.845092773E+07,-9.70854E+01
6.848144531E+07,-9.69654E+01
6.851196289E+07,-9.75654E+01
6.854248047E+07,-9.57654E+01
6.857299805E+07,-9.77854E+01
6.860351562E+07,-1.08045E+02
6.863403320E+07,-1.05925E+02
6.866455078E+07,-9.50654E+01
6.869506836E+07,-9.31054E+01
6.872558594E+07,-9.31854E+01
6.875610352E+07,-9.99654E+01
6.878662109E+07,-1.06925E+02
6.881713867E+07,-1.02645E+02
6.884765625E+07,-1.10125E+02
6.887817383E+07,-1.03685E+02
6.890869141E+07,-1.12205E+02
6.893920898E+07,-1.14005E+02
6.896972656E+07,-1.06505E+02
6.900024414E+07,-9.93454E+01
6.903076172E+07,-1.03325E+02
6.906127930E+07,-9.66654E+01
6.909179688E+07,-9.36654E+01
6.912231445E+07,-9.12854E+01
6.915283203E+07,-9.09454E+01
6.918334961E+07,-9.22054E+01
6.921386719E+07,-9.43054E+01
6.924438477E+07,-9.70654E+01
6.927490234E+07,-1.03465E+02
6.930541992E+07,-1.00265E+02
6.933593750E+07,-1.09505E+02
6.936645508E+07,-1.01265E+02
6.939697266E+07,-9.94454E+01
6.942749023E+07,-9.67654E+01
6.945800781E+07,-9.27254E+01
6.948852539E+07,-9.57054E+01
6.951904297E+07,-1.12545E+02
6.954956055E+07,-9.79854E+01
6.958007812E+07,-9.39454E+01
6.961059570E+07,-9.80454E+01
6.964111328E+07,-1.08285E+02
6.967163086E+07,-1.14545E+02
6.970214844E+07,-9.90254E+01
6.973266602E+07,-9.64054E+01
6.976318359E+07,-9.59054E+01
6.979370117E+07,-9.55054E+01
6.982421875E+07,-1.03145E+02
6.985473633E+07,-1.02345E+02
6.988525391E+07,-1.07985E+02
6.991577148E+07,-1.03105E+02
6.994628906E+07,-9.95854E+01
6.997680664E+07,-1.07625E+02
7.000732422E+07,-1.02885E+02
7.003784180E+07,-1.03705E+02
7.006835938E+07,-1.05345E+02
7.009887695E+07,-1.05845E+02
7.012939453E+07,-1.00685E+02
7.015991211E+07,-1.03085E+02
7.019042969E+07,-1.14385E+02
7.022094727E+07,-1.07685E+02
7.025146484E+07,-1.09805E+02
7.028198242E+07,-1.19405E+02
7.031250000E+07,-9.97054E+01
7.034301758E+07,-9.31054E+01
7.037353516E+07,-9.17254E+01
7.040405273E+07,-1.03485E+02
7.043457031E+07,-9.81054E+01
7.046508789E+07,-9.36854E+01
7.049560547E+07,-9.57254E+01
7.052612305E+07,-1.03145E+02
7.055664062E+07,-9.33054E+01
7.058715820E+07,-1.00505E+02
7.061767578E+07,-1.10785E+02
7.064819336E+07,-9.43454E+01
7.067871094E+07,-9.37454E+01
7.070922852E+07,-1.00485E+02
7.073974609E+07,-9.65654E+01
7.077026367E+07,-9.47454E+01
7.080078125E+07,-9.56254E+01
7.083129883E+07,-9.35654E+01
7.086181641E+07,-9.44454E+01
7.089233398E+07,-1.03465E+02
7.092285156E+07,-1.01245E+02
7.095336914E+07,-9.75254E+01
7.098388672E+07,-9.78454E+01
7.101440430E+07,-1.11465E+02
7.104492188E+07,-1.04465E+02
7.107543945E+07,-1.00485E+02
7.110595703E+07,-1.00645E+02
7.113647461E+07,-1.00265E+02
7.116699219E+07,-1.12965E+02
7.119750977E+07,-9.53454E+01
7.122802734E+07,-9.48454E+01
7.125854492E+07,-1.04545E+02
7.128906250E+07,-1.06645E+02
7.131958008E+07,-9.56454E+01
7.135009766E+07,-9.58854E+01
7.138061523E+07,-9.92254E+01
7.141113281E+07,-1.01545E+02
7.144165039E+07,-1.07465E+02
7.147216797E+07,-9.89454E+01
7.150268555E+07,-9.58054E+01
7.153320312E+07,-9.72854E+01
7.156372070E+07,-1.06245E+02
7.159423828E+07,-1.03765E+02
7.162475586E+07,-1.01105E+02
7.165527344E+07,-1.04205E+02
7.168579102E+07,-1.02525E+02
7.171630859E+07,-9.78654E+01
7.174682617E+07,-9.64654E+01
7.177734375E+07,-9.61054E+01
7.180786133E+07,-9.95854E+01
7.183837891E+07,-1.04805E+02
7.186889648E+07,-1.25045E+02
7.189941406E+07,-9.78654E+01
7.192993164E+07,-1.00405E+02
7.196044922E+07,-9.52854E+01
7.199096680E+07,-9.03854E+01
7.202148438E+07,-9.37054E+01
7.205200195E+07,-1.00745E+02
7.208251953E+07,-9.94054E+01
7.211303711E+07,-1.02065E+02
7.214355469E+07,-1.00185E+02
7.217407227E+07,-1.06045E+02
7.220458984E+07,-9.64254E+01
7.223510742E+07,-9.84654E+01
7.226562500E+07,-1.02285E+02
7.229614258E+07,-9.51054E+01
7.232666016E+07,-9.64654E+01
7.235717773E+07,-9.60254E+01
7.238769531E+07,-9.14254E+01
7.241821289E+07,-9.34454E+01
7.244873047E+07,-1.14065E+02
7.247924805E+07,-1.03285E+02
7.250976562E+07,-1.03265E+02
7.254028320E+07,-1.02285E+02
7.257080078E+07,-9.62454E+01
7.260131836E+07,-9.41654E+01
7.263183594E+07,-9.17454E+01
7.266235352E+07,-9.41454E+01
7.269287109E+07,-1.00425E+02
7.272338867E+07,-1.04685E+02
7.275390625E+07,-9.76854E+01
7.278442383E+07,-9.98854E+01
7.281494141E+07,-1.02985E+02
7.284545898E+07,-1.06125E+02
7.287597656E+07,-1.03245E+02
7.290649414E+07,-9.53854E+01
7.293701172E+07,-9.92054E+01
7.296752930E+07,-9.68254E+01
7.299804688E+07,-9.19254E+01
7.302856445E+07,-9.18454E+01
7.305908203E+07,-9.26654E+01
7.308959961E+07,-9.00854E+01
7.312011719E+07,-9.08254E+01
7.315063477E+07,-9.77054E+01
7.318115234E+07,-1.01785E+02
7.321166992E+07,-9.26654E+01
7.324218750E+07,-9.91054E+01
7.327270508E+07,-9.74454E+01
7.330322266E+07,-9.39054E+01
7.333374023E+07,-1.00225E+02
7.336425781E+07,-1.11045E+02
7.339477539E+07,-1.06865E+02
7.342529297E+07,-9.55654E+01
7.345581055E+07,-9.81854E+01
7.348632812E+07,-9.90654E+01
7.351684570E+07,-9.94054E+01
7.354736328E+07,-1.00645E+02
7.357788086E+07,-1.08245E+02
7.360839844E+07,-1.11665E+02
7.363891602E+07,-9.68854E+01
7.366943359E+07,-9.58054E+01
7.369995117E+07,-1.04045E+02
7.373046875E+07,-1.00665E+02
7.376098633E+07,-9.47254E+01
7.379150391E+07,-9.08054E+01
7.382202148E+07,-9.47654E+01
7.385253906E+07,-1.12365E+02
7.388305664E+07,-1.00465E+02
7.391357422E+07,-1.03025E+02
7.394409180E+07,-1.11005E+02
7.397460938E+07,-1.00125E+02
7.400512695E+07,-9.96254E+01
7.403564453E+07,-1.11165E+02
7.406616211E+07,-1.11105E+02
7.409667969E+07,-1.01565E+02
7.412719727E+07,-9.70454E+01
7.415771484E+07,-9.61254E+01
7.418823242E+07,-1.06585E+02
7.421875000E+07,-9.56454E+01
7.424926758E+07,-9.32054E+01
7.427978516E+07,-9.72254E+01
7.431030273E+07,-1.05405E+02
7.434082031E+07,-1.03085E+02
7.437133789E+07,-1.06025E+02
7.440185547E+07,-1.00525E+02
7.443237305E+07,-1.03705E+02
7.446289062E+07,-1.00185E+02
7.449340820E+07,-1.06985E+02
7.452392578E+07,-9.74654E+01
7.455444336E+07,-1.01365E+02
7.458496094E+07,-1.00605E+02
7.461547852E+07,-1.01565E+02
7.464599609E+07,-1.02325E+02
7.467651367E+07,-9.50854E+01
7.470703125E+07,-9.86854E+01
7.473754883E+07,-1.02525E+02
7.476806641E+07,-1.14025E+02
7.479858398E+07,-1.13985E+02
7.482910156E+07,-9.58454E+01
7.485961914E+07,-9.42654E+01
7.489013672E+07,-1.02685E+02
7.492065430E+07,-1.02645E+02
7.495117188E+07,-1.03845E+02
7.498168945E+07,-1.06685E+02
7.501220703E+07,-9.43454E+01
7.504272461E+07,-9.30854E+01
7.507324219E+07,-1.04525E+02
7.510375977E+07,-1.03265E+02
7.513427734E+07,-9.64654E+01
7.516479492E+07,-9.67854E+01
7.519531250E+07,-1.07625E+02
7.522583008E+07,-1.03785E+02
7.525634766E+07,-1.04685E+02
7.528686523E+07,-1.05885E+02
7.531738281E+07,-1.05525E+02
7.534790039E+07,-1.04425E+02
7.537841797E+07,-1.02445E+02
7.540893555E+07,-9.73854E+01
7.543945312E+07,-9.92654E+01
7.546997070E+07,-9.18054E+01
7.550048828E+07,-9.21854E+01
7.553100586E+07,-9.99254E+01
7.556152344E+07,-1.30445E+02
7.559204102E+07,-1.13725E+02
7.562255859E+07,-1.01265E+02
7.565307617E+07,-9.62254E+01
7.568359375E+07,-9.98454E+01
7.571411133E+07,-1.12105E+02
7.574462891E+07,-1.05825E+02
7.577514648E+07,-1.02925E+02
7.580566406E+07,-1.00045E+02
7.583618164E+07,-1.04965E+02
7.586669922E+07,-1.10585E+02
7.589721680E+07,-9.99254E+01
7.592773438E+07,-9.60254E+01
7.595825195E+07,-9.68454E+01
7.598876953E+07,-1.06565E+02
7.601928711E+07,-9.65454E+01
7.604980469E+07,-9.98454E+01
7.608032227E+07,-1.03985E+02
7.611083984E+07,-9.77054E+01
7.614135742E+07,-1.12725E+02
7.617187500E+07,-1.04965E+02
7.620239258E+07,-1.11505E+02
7.623291016E+07,-9.91054E+01
7.626342773E+07,-9.40654E+01
7.629394531E+07,-9.66854E+01
7.632446289E+07,-9.86654E+01
7.635498047E+07,-1.05325E+02
7.638549805E+07,-1.09625E+02
7.641601562E+07,-1.01285E+02
7.644653320E+07,-9.81254E+01
7.647705078E+07,-9.70254E+01
7.650756836E+07,-1.00765E+02
7.653808594E+07,-1.04805E+02
7.656860352E+07,-1.13825E+02
7.659912109E+07,-1.07685E+02
7.662963867E+07,-1.00905E+02
7.666015625E+07,-9.70254E+01
7.669067383E+07,-1.01605E+02
7.672119141E+07,-1.03205E+02
7.675170898E+07,-1.08465E+02
7.678222656E+07,-1.03025E+02
7.681274414E+07,-1.07045E+02
7.684326172E+07,-1.05525E+02
7.687377930E+07,-1.02845E+02
7.690429688E+07,-9.64054E+01
7.693481445E+07,-9.89654E+01
7.696533203E+07,-9.58454E+01
7.699584961E+07,-9.66454E+01
7.702636719E+07,-1.03585E+02
7.705688477E+07,-1.00725E+02
7.708740234E+07,-9.62054E+01
7.711791992E+07,-9.29254E+01
7.714843750E+07,-9.65854E+01
7.717895508E+07,-9.55854E+01
7.720947266E+07,-9.81654E+01
7.723999023E+07,-1.00705E+02
7.727050781E+07,-1.01945E+02
7.730102539E+07,-1.03885E+02
7.733154297E+07,-9.53454E+01
7.736206055E+07,-9.32854E+01
7.739257812E+07,-9.95054E+01
7.742309570E+07,-1.03565E+02
7.745361328E+07,-9.85654E+01
7.748413086E+07,-1.00665E+02
7.751464844E+07,-9.72854E+01
7.754516602E+07,-9.69254E+01
7.757568359E+07,-1.00045E+02
7.760620117E+07,-1.00605E+02
7.763671875E+07,-1.10085E+02
7.766723633E+07,-1.04745E+02
7.769775391E+07,-1.04685E+02
7.772827148E+07,-9.65854E+01
7.775878906E+07,-1.04965E+02
7.778930664E+07,-1.14305E+02
7.781982422E+07,-9.59254E+01
7.785034180E+07,-9.28254E+01
7.788085938E+07,-1.02405E+02
7.791137695E+07,-9.80254E+01
7.794189453E+07,-1.03885E+02
7.797241211E+07,-1.01505E+02
7.800292969E+07,-1.09665E+02
7.803344727E+07,-9.69254E+01
7.806396484E+07,-9.70054E+01
7.809448242E+07,-9.46854E+01
7.812500000E+07,-9.46054E+01
7.815551758E+07,-9.70854E+01
7.818603516E+07,-1.09585E+02
7.821655273E+07,-1.03725E+02
7.824707031E+07,-9.67454E+01
7.827758789E+07,-9.16854E+01
7.830810547E+07,-9.20454E+01
7.833862305E+07,-9.79254E+01
7.836914062E+07,-9.74254E+01
7.839965820E+07,-9.51254E+01
7.843017578E+07,-9.66254E+01
7.846069336E+07,-1.01865E+02
7.849121094E+07,-9.81254E+01
7.852172852E+07,-1.00925E+02
7.855224609E+07,-1.00125E+02
7.858276367E+07,-1.00965E+02
7.861328125E+07,-9.78254E+01
7.864379883E+07,-9.77454E+01
7.867431641E+07,-1.01725E+02
7.870483398E+07,-1.00265E+02
7.873535156E+07,-9.73854E+01
7.876586914E+07,-9.46454E+01
7.879638672E+07,-9.47854E+01
7.882690430E+07,-9.83254E+01
7.885742188E+07,-1.03465E+02
7.888793945E+07,-1.02905E+02
7.891845703E+07,-1.00965E+02
7.894897461E+07,-9.91254E+01
7.897949219E+07,-9.83454E+01
7.901000977E+07,-9.57054E+01
7.904052734E+07,-9.83654E+01
7.907104492E+07,-9.68054E+01
7.910156250E+07,-9.84254E+01
7.913208008E+07,-1.03265E+02
7.916259766E+07,-1.00925E+02
7.919311523E+07,-9.27054E+01
7.922363281E+07,-9.47854E+01
7.925415039E+07,-1.07665E+02
7.928466797E+07,-9.59254E+01
7.931518555E+07,-1.03385E+02
7.934570312E+07,-9.82054E+01
7.937622070E+07,-9.94454E+01
7.940673828E+07,-9.89054E+01
7.943725586E+07,-1.07705E+02
7.946777344E+07,-1.00525E+02
7.949829102E+07,-1.00085E+02
7.952880859E+07,-1.00605E+02
7.955932617E+07,-9.61654E+01
7.958984375E+07,-9.70654E+01
7.962036133E+07,-1.00565E+02
7.965087891E+07,-1.03385E+02
7.968139648E+07,-1.02545E+02
7.971191406E+07,-1.09965E+02
7.974243164E+07,-1.00765E+02
7.977294922E+07,-1.00225E+02
7.980346680E+07,-1.01365E+02
7.983398438E+07,-9.84254E+01
7.986450195E+07,-1.01525E+02
7.989501953E+07,-1.03105E+02
7.992553711E+07,-9.77854E+01
7.995605469E+07,-9.81654E+01
7.998657227E+07,-1.20765E+02
8.001708984E+07,-1.02365E+02
8.004760742E+07,-1.03125E+02
8.007812500E+07,-1.04225E+02
8.010864258E+07,-9.72454E+01
8.013916016E+07,-1.06605E+02
8.016967773E+07,-1.04885E+02
8.020019531E+07,-9.95854E+01
8.023071289E+07,-9.91254E+01
8.026123047E+07,-9.75854E+01
8.029174805E+07,-1.01725E+02
8.032226562E+07,-1.06625E+02
8.035278320E+07,-1.19845E+02
8.038330078E+07,-1.12185E+02
8.041381836E+07,-1.24205E+02
8.044433594E+07,-1.00465E+02
8.047485352E+07,-1.02425E+02
8.050537109E+07,-1.04425E+02
8.053588867E+07,-9.82054E+01
8.056640625E+07,-9.49854E+01
8.059692383E+07,-1.02365E+02
8.062744141E+07,-1.12105E+02
8.065795898E+07,-1.01805E+02
8.068847656E+07,-9.67654E+01
8.071899414E+07,-9.68254E+01
8.074951172E+07,-1.01005E+02
8.078002930E+07,-1.02845E+02
8.081054688E+07,-9.90054E+01
8.084106445E+07,-9.67854E+01
8.087158203E+07,-1.03025E+02
8.090209961E+07,-1.06265E+02
8.093261719E+07,-9.95854E+01
8.096313477E+07,-9.97054E+01
8.099365234E+07,-1.06745E+02
8.102416992E+07,-9.95454E+01
8.105468750E+07,-9.65454E+01
8.108520508E+07,-9.84654E+01
8.111572266E+07,-1.03585E+02
8.114624023E+07,-1.06445E+02
8.117675781E+07,-1.03965E+02
8.120727539E+07,-1.07685E+02
8.123779297E+07,-9.97054E+01
8.126831055E+07,-9.40454E+01
8.129882812E+07,-9.35654E+01
8.132934570E+07,-9.58654E+01
8.135986328E+07,-9.88654E+01
8.139038086E+07,-1.00665E+02
8.142089844E+07,-9.75254E+01
8.145141602E+07,-1.01725E+02
8.148193359E+07,-1.01265E+02
8.151245117E+07,-9.96254E+01
8.154296875E+07,-1.01605E+02
8.157348633E+07,-1.04805E+02
8.160400391E+07,-1.02325E+02
8.163452148E+07,-1.02965E+02
8.166503906E+07,-1.04105E+02
8.169555664E+07,-9.83654E+01
8.172607422E+07,-9.68054E+01
8.175659180E+07,-1.00225E+02
8.178710938E+07,-1.02765E+02
8.181762695E+07,-9.67854E+01
8.184814453E+07,-9.60054E+01
8.187866211E+07,-9.72454E+01
8.190917969E+07,-9.47454E+01
8.193969727E+07,-9.92254E+01
8.197021484E+07,-1.19065E+02
8.200073242E+07,-9.75454E+01
8.203125000E+07,-1.03905E+02
8.206176758E+07,-9.97454E+01
8.209228516E+07,-9.78654E+01
8.212280273E+07,-1.02325E+02
8.215332031E+07,-1.08865E+02
8.218383789E+07,-1.07065E+02
8.221435547E+07,-1.01365E+02
8.224487305E+07,-1.05205E+02
8.227539062E+07,-1.00265E+02
8.230590820E+07,-1.04685E+02
8.233642578E+07,-1.11245E+02
8.236694336E+07,-1.08625E+02
8.239746094E+07,-9.99654E+01
8.242797852E+07,-9.64254E+01
8.245849609E+07,-9.56254E+01
8.248901367E+07,-1.00745E+02
8.251953125E+07,-9.84654E+01
8.255004883E+07,-9.22654E+01
8.258056641E+07,-9.35854E+01
8.261108398E+07,-9.67454E+01
8.264160156E+07,-9.50854E+01
8.267211914E+07,-9.82054E+01
8.270263672E+07,-1.01765E+02
8.273315430E+07,-1.05545E+02
8.276367188E+07,-1.07005E+02
8.279418945E+07,-1.01165E+02
8.282470703E+07,-9.51854E+01
8.285522461E+07,-9.41854E+01
8.288574219E+07,-9.85454E+01
8.291625977E+07,-1.05445E+02
8.294677734E+07,-1.10045E+02
8.297729492E+07,-1.01885E+02
8.300781250E+07,-9.72054E+01
8.303833008E+07,-9.52454E+01
8.306884766E+07,-9.88454E+01
8.309936523E+07,-1.03065E+02
8.312988281E+07,-9.97454E+01
8.316040039E+07,-1.03205E+02
8.319091797E+07,-1.04105E+02
8.322143555E+07,-1.13945E+02
8.325195312E+07,-1.03405E+02
8.328247070E+07,-1.00265E+02
8.331298828E+07,-9.92254E+01
8.334350586E+07,-1.00605E+02
8.337402344E+07,-9.56854E+01
8.340454102E+07,-9.71054E+01
8.343505859E+07,-1.04845E+02
8.346557617E+07,-1.04265E+02
8.349609375E+07,-1.06585E+02
8.352661133E+07,-9.57454E+01
8.355712891E+07,-9.45054E+01
8.358764648E+07,-9.85254E+01
8.361816406E+07,-1.11045E+02
8.364868164E+07,-1.03045E+02
8.367919922E+07,-9.73454E+01
8.370971680E+07,-1.03805E+02
8.374023438E+07,-1.02545E+02
8.377075195E+07,-1.01585E+02
8.380126953E+07,-1.09205E+02
8.383178711E+07,-1.00565E+02
8.386230469E+07,-9.76254E+01
8.389282227E+07,-1.02945E+02
8.392333984E+07,-1.03605E+02
8.395385742E+07,-1.03865E+02
8.398437500E+07,-1.03725E+02
8.401489258E+07,-1.07225E+02
8.404541016E+07,-1.05485E+02
8.407592773E+07,-1.03845E+02
8.410644531E+07,-1.00045E+02
8.413696289E+07,-9.34454E+01
8.416748047E+07,-9.45254E+01
8.419799805E+07,-1.02705E+02
8.422851562E+07,-1.00645E+02
8.425903320E+07,-1.08265E+02
8.428955078E+07,-1.02465E+02
8.432006836E+07,-9.97454E+01
8.435058594E+07,-9.48254E+01
8.438110352E+07,-9.74454E+01
8.441162109E+07,-1.07745E+02
8.444213867E+07,-1.04425E+02
8.447265625E+07,-9.85654E+01
8.450317383E+07,-9.52054E+01
8.453369141E+07,-9.68054E+01
8.456420898E+07,-1.01505E+02
8.459472656E+07,-1.00045E+02
8.462524414E+07,-9.89454E+01
8.465576172E+07,-9.85454E+01
8.468627930E+07,-9.52454E+01
8.471679688E+07,-9.66454E+01
8.474731445E+07,-1.06125E+02
8.477783203E+07,-1.02445E+02
8.480834961E+07,-1.00865E+02
8.483886719E+07,-1.06205E+02
8.486938477E+07,-1.04325E+02
8.489990234E+07,-1.02065E+02
8.493041992E+07,-1.04365E+02
8.496093750E+07,-1.08905E+02
8.499145508E+07,-1.01805E+02
8.502197266E+07,-9.97054E+01
8.505249023E+07,-1.00805E+02
8.508300781E+07,-1.09705E+02
8.511352539E+07,-9.64054E+01
8.514404297E+07,-9.66054E+01
8.517456055E+07,-1.01805E+02
8.520507812E+07,-1.09665E+02
8.523559570E+07,-1.04165E+02
8.526611328E+07,-9.56854E+01
8.529663086E+07,-9.59054E+01
8.532714844E+07,-1.04945E+02
8.535766602E+07,-1.06225E+02
8.538818359E+07,-1.04505E+02
8.541870117E+07,-1.14025E+02
8.544921875E+07,-9.80054E+01
8.547973633E+07,-9.71854E+01
8.551025391E+07,-1.07265E+02
8.554077148E+07,-9.94054E+01
8.557128906E+07,-9.71854E+01
8.560180664E+07,-1.01025E+02
8.563232422E+07,-1.03965E+02
8.566284180E+07,-1.15125E+02
8.569335938E+07,-9.70254E+01
8.572387695E+07,-9.87854E+01
8.575439453E+07,-9.34654E+01
8.578491211E+07,-9.10254E+01
8.581542969E+07,-1.01625E+02
8.584594727E+07,-1.00745E+02
8.587646484E+07,-9.64654E+01
8.590698242E+07,-9.37254E+01
8.593750000E+07,-9.12454E+01
8.596801758E+07,-9.54654E+01
8.599853516E+07,-9.85254E+01
8.602905273E+07,-9.54254E+01
8.605957031E+07,-9.56254E+01
8.609008789E+07,-1.02825E+02
8.612060547E+07,-1.02625E+02
8.615112305E+07,-9.65654E+01
8.618164062E+07,-9.66854E+01
8.621215820E+07,-1.23445E+02
8.624267578E+07,-1.01705E+02
8.627319336E+07,-1.04945E+02
8.630371094E+07,-1.01185E+02
8.633422852E+07,-9.65254E+01
8.636474609E+07,-1.12725E+02
8.639526367E+07,-1.02585E+02
8.642578125E+07,-1.22945E+02
8.645629883E+07,-1.10985E+02
8.648681641E+07,-1.03305E+02
8.651733398E+07,-1.04105E+02
8.654785156E+07,-1.00305E+02
8.657836914E+07,-9.85654E+01
8.660888672E+07,-1.04665E+02
8.663940430E+07,-1.00425E+02
8.666992188E+07,-1.03685E+02
8.670043945E+07,-1.00325E+02
8.673095703E+07,-1.02325E+02
8.676147461E+07,-1.00005E+02
8.679199219E+07,-9.59654E+01
8.682250977E+07,-9.64054E+01
8.685302734E+07,-9.78254E+01
8.688354492E+07,-1.15565E+02
8.691406250E+07,-1.05145E+02
8.694458008E+07,-1.06605E+02
8.697509766E+07,-1.01865E+02
8.700561523E+07,-1.06405E+02
8.703613281E+07,-1.02225E+02
8.706665039E+07,-9.98854E+01
8.709716797E+07,-1.03105E+02
8.712768555E+07,-1.05025E+02
8.715820312E+07,-9.72254E+01
8.718872070E+07,-1.06185E+02
8.721923828E+07,-1.02745E+02
8.724975586E+07,-1.00005E+02
8.728027344E+07,-1.08605E+02
8.731079102E+07,-1.08525E+02
8.734130859E+07,-9.97654E+01
8.737182617E+07,-9.74254E+01
8.740234375E+07,-1.08245E+02
8.743286133E+07,-1.01345E+02
8.746337891E+07,-1.00185E+02
8.749389648E+07,-1.00625E+02
8.752441406E+07,-9.62654E+01
8.755493164E+07,-9.91654E+01
8.758544922E+07,-1.00265E+02
8.761596680E+07,-1.01845E+02
8.764648438E+07,-1.06665E+02
8.767700195E+07,-9.47054E+01
8.770751953E+07,-9.27454E+01
8.773803711E+07,-9.66654E+01
8.776855469E+07,-1.04525E+02
8.779907227E+07,-1.02925E+02
8.782958984E+07,-1.01945E+02
8.786010742E+07,-9.75654E+01
8.789062500E+07,-9.61654E+01
8.792114258E+07,-9.83654E+01
8.795166016E+07,-9.64254E+01
8.798217773E+07,-9.91654E+01
8.801269531E+07,-1.11125E+02
8.804321289E+07,-1.13385E+02
8.807373047E+07,-1.01585E+02
8.810424805E+07,-1.05705E+02
8.813476562E+07,-1.12005E+02
8.816528320E+07,-1.00005E+02
8.819580078E+07,-9.81254E+01
8.822631836E+07,-1.11305E+02
8.825683594E+07,-9.98054E+01
8.828735352E+07,-9.98054E+01
8.831787109E+07,-1.01105E+02
8.834838867E+07,-9.75654E+01
8.837890625E+07,-9.43654E+01
8.840942383E+07,-9.67854E+01
8.843994141E+07,-1.01185E+02
8.847045898E+07,-1.07125E+02
8.850097656E+07,-9.94454E+01
8.853149414E+07,-1.00845E+02
8.856201172E+07,-1.12125E+02
8.859252930E+07,-1.13025E+02
8.862304688E+07,-1.05165E+02
8.865356445E+07,-1.02745E+02
8.868408203E+07,-9.78654E+01
8.871459961E+07,-1.02385E+02
8.874511719E+07,-1.00485E+02
8.877563477E+07,-1.04745E+02
8.880615234E+07,-1.10305E+02
8.883666992E+07,-1.09585E+02
8.886718750E+07,-9.78254E+01
8.889770508E+07,-1.12445E+02
8.892822266E+07,-1.01165E+02
8.895874023E+07,-1.14825E+02
8.898925781E+07,-9.94854E+01
8.901977539E+07,-1.06525E+02
8.905029297E+07,-1.05565E+02
8.908081055E+07,-1.02345E+02
8.911132812E+07,-1.04985E+02
8.914184570E+07,-9.91654E+01
8.917236328E+07,-1.09405E+02
8.920288086E+07,-1.00045E+02
8.923339844E+07,-9.81054E+01
8.926391602E+07,-1.01825E+02
8.929443359E+07,-1.02565E+02
8.932495117E+07,-1.00565E+02
8.935546875E+07,-9.94054E+01
8.938598633E+07,-9.56454E+01
8.941650391E+07,-9.83254E+01
8.944702148E+07,-9.61254E+01
8.947753906E+07,-9.48054E+01
8.950805664E+07,-1.01205E+02
8.953857422E+07,-1.00225E+02
8.956909180E+07,-1.01605E+02
8.959960938E+07,-1.16145E+02
8.963012695E+07,-1.01645E+02
8.966064453E+07,-1.00305E+02
8.969116211E+07,-1.02605E+02
8.972167969E+07,-1.04445E+02
8.975219727E+07,-1.03745E+02
8.978271484E+07,-1.03785E+02
8.981323242E+07,-9.76054E+01
8.984375000E+07,-9.79254E+01
8.987426758E+07,-9.65254E+01
8.990478516E+07,-9.95454E+01
8.993530273E+07,-9.65654E+01
8.996582031E+07,-1.06965E+02
8.999633789E+07,-9.86654E+01
9.002685547E+07,-1.08965E+02
9.005737305E+07,-9.63654E+01
9.008789062E+07,-1.02025E+02
9.011840820E+07,-9.79854E+01
9.014892578E+07,-1.05485E+02
9.017944336E+07,-1.06225E+02
9.020996094E+07,-1.02825E+02
9.024047852E+07,-1.05385E+02
9.027099609E+07,-1.03225E+02
9.030151367E+07,-1.00485E+02
9.033203125E+07,-1.06065E+02
9.036254883E+07,-9.84854E+01
9.039306641E+07,-9.48054E+01
9.042358398E+07,-9.66854E+01
9.045410156E+07,-1.01425E+02
9.048461914E+07,-9.36654E+01
9.051513672E+07,-1.02025E+02
9.054565430E+07,-1.02325E+02
9.057617188E+07,-1.04745E+02
9.060668945E+07,-1.03765E+02
9.063720703E+07,-1.01405E+02
9.066772461E+07,-9.77254E+01
9.069824219E+07,-1.02785E+02
9.072875977E+07,-1.05685E+02
9.075927734E+07,-1.08425E+02
9.078979492E+07,-1.00745E+02
9.082031250E+07,-9.74454E+01
9.085083008E+07,-1.01765E+02
9.088134766E+07,-1.12225E+02
9.091186523E+07,-1.11505E+02
9.094238281E+07,-1.03105E+02
9.097290039E+07,-1.03005E+02
9.100341797E+07,-9.73454E+01
9.103393555E+07,-1.01745E+02
9.106445312E+07,-1.14805E+02
9.109497070E+07,-1.07225E+02
9.112548828E+07,-1.01185E+02
9.115600586E+07,-1.00505E+02
9.118652344E+07,-9.95054E+01
9.121704102E+07,-1.05985E+02
9.124755859E+07,-9.57854E+01
9.127807617E+07,-1.01725E+02
9.130859375E+07,-1.02385E+02
9.133911133E+07,-1.18905E+02
9.136962891E+07,-9.95054E+01
9.140014648E+07,-1.01665E+02
9.143066406E+07,-1.02285E+02
9.146118164E+07,-9.82054E+01
9.149169922E+07,-1.00125E+02
9.152221680E+07,-1.05925E+02
9.155273438E+07,-1.11245E+02
9.158325195E+07,-1.05465E+02
9.161376953E+07,-9.85254E+01
9.164428711E+07,-9.52054E+01
9.167480469E+07,-9.48454E+01
9.170532227E+07,-9.63254E+01
9.173583984E+07,-9.62654E+01
9.176635742E+07,-1.01865E+02
9.179687500E+07,-1.06645E+02
9.182739258E+07,-9.81054E+01
9.185791016E+07,-9.51854E+01
9.188842773E+07,-9.66054E+01
9.191894531E+07,-1.03545E+02
9.194946289E+07,-1.10465E+02
9.197998047E+07,-1.08745E+02
9.201049805E+07,-9.93654E+01
9.204101562E+07,-9.92654E+01
9.207153320E+07,-1.03265E+02
9.210205078E+07,-1.03325E+02
9.213256836E+07,-1.07165E+02
9.216308594E+07,-1.02105E+02
9.219360352E+07,-1.08245E+02
9.222412109E+07,-1.00565E+02
9.225463867E+07,-1.04585E+02
9.228515625E+07,-9.94454E+01
9.231567383E+07,-1.01445E+02
9.234619141E+07,-9.86854E+01
9.237670898E+07,-9.45654E+01
9.240722656E+07,-9.38254E+01
9.243774414E+07,-9.75654E+01
9.246826172E+07,-9.86854E+01
9.249877930E+07,-9.50454E+01
9.252929688E+07,-9.97654E+01
9.255981445E+07,-1.03765E+02
9.259033203E+07,-1.02965E+02
9.262084961E+07,-1.10005E+02
9.265136719E+07,-1.02205E+02
9.268188477E+07,-1.08045E+02
9.271240234E+07,-1.24985E+02
9.274291992E+07,-1.06605E+02
9.277343750E+07,-1.06585E+02
9.280395508E+07,-9.95054E+01
9.283447266E+07,-9.87254E+01
9.286499023E+07,-9.93454E+01
9.289550781E+07,-9.70454E+01
9.292602539E+07,-1.06985E+02
9.295654297E+07,-1.08525E+02
9.298706055E+07,-1.09705E+02
9.301757812E+07,-1.08785E+02
9.304809570E+07,-9.93454E+01
9.307861328E+07,-1.04185E+02
9.310913086E+07,-1.06605E+02
9.313964844E+07,-1.07685E+02
9.317016602E+07,-1.06065E+02
9.320068359E+07,-9.64454E+01
9.323120117E+07,-9.50454E+01
9.326171875E+07,-9.66654E+01
9.329223633E+07,-1.10765E+02
9.332275391E+07,-1.04405E+02
9.335327148E+07,-1.07805E+02
9.338378906E+07,-1.01025E+02
9.341430664E+07,-9.86054E+01
9.344482422E+07,-9.80454E+01
9.347534180E+07,-1.03625E+02
9.350585938E+07,-9.90254E+01
9.353637695E+07,-9.49454E+01
9.356689453E+07,-9.90254E+01
9.359741211E+07,-9.52454E+01
9.362792969E+07,-9.93054E+01
9.365844727E+07,-1.00805E+02
9.368896484E+07,-9.96254E+01
9.371948242E+07,-9.96654E+01
9.375000000E+07,-9.72854E+01
9.378051758E+07,-1.00405E+02
9.381103516E+07,-1.03045E+02
9.384155273E+07,-1.03245E+02
9.387207031E+07,-1.03065E+02
9.390258789E+07,-1.00125E+02
9.393310547E+07,-9.87854E+01
9.396362305E+07,-9.76054E+01
9.399414062E+07,-9.98454E+01
9.402465820E+07,-1.02245E+02
9.405517578E+07,-1.01825E+02
9.408569336E+07,-1.05645E+02
9.411621094E+07,-1.05085E+02
9.414672852E+07,-1.02945E+02
9.417724609E+07,-1.01805E+02
9.420776367E+07,-9.88654E+01
9.423828125E+07,-1.05225E+02
9.426879883E+07,-9.53854E+01
9.429931641E+07,-1.02125E+02
9.432983398E+07,-1.06585E+02
9.436035156E+07,-1.02365E+02
9.439086914E+07,-1.02145E+02
9.442138672E+07,-1.21645E+02
9.445190430E+07,-1.10225E+02
9.448242188E+07,-1.15445E+02
9.451293945E+07,-1.01545E+02
9.454345703E+07,-9.69654E+01
9.457397461E+07,-1.02705E+02
9.460449219E+07,-1.00805E+02
9.463500977E+07,-1.02205E+02
9.466552734E+07,-1.03125E+02
9.469604492E+07,-1.01265E+02
9.472656250E+07,-1.05905E+02
9.475708008E+07,-1.04985E+02
9.478759766E+07,-1.00365E+02
9.481811523E+07,-9.60854E+01
9.484863281E+07,-9.47254E+01
9.487915039E+07,-9.78454E+01
9.490966797E+07,-1.10045E+02
9.494018555E+07,-1.00785E+02
9.497070312E+07,-9.84854E+01
9.500122070E+07,-1.08865E+02
9.503173828E+07,-9.73654E+01
9.506225586E+07,-9.73654E+01
9.509277344E+07,-1.05525E+02
9.512329102E+07,-1.00985E+02
9.515380859E+07,-1.01965E+02
9.518432617E+07,-9.94454E+01
9.521484375E+07,-1.03885E+02
9.524536133E+07,-1.00705E+02
9.527587891E+07,-9.87454E+01
9.530639648E+07,-1.00505E+02
9.533691406E+07,-1.01425E+02
9.536743164E+07,-1.02145E+02
9.539794922E+07,-1.11125E+02
9.542846680E+07,-9.80854E+01
9.545898438E+07,-1.08185E+02
9.548950195E+07,-1.07685E+02
9.552001953E+07,-1.00525E+02
9.555053711E+07,-9.92054E+01
9.558105469E+07,-1.00405E+02
9.561157227E+07,-1.07365E+02
9.564208984E+07,-1.01265E+02
9.567260742E+07,-1.00005E+02
9.570312500E+07,-1.01725E+02
9.573364258E+07,-1.07845E+02
9.576416016E+07,-1.03205E+02
9.579467773E+07,-9.96254E+01
9.582519531E+07,-9.79054E+01
9.585571289E+07,-9.95054E+01
9.588623047E+07,-9.52454E+01
9.591674805E+07,-9.54454E+01
9.594726562E+07,-9.84054E+01
9.597778320E+07,-1.02505E+02
9.600830078E+07,-1.01645E+02
9.603881836E+07,-9.57654E+01
9.606933594E+07,-1.01205E+02
9.609985352E+07,-1.04525E+02
9.613037109E+07,-1.07205E+02
9.616088867E+07,-1.10845E+02
9.619140625E+07,-1.05645E+02
9.622192383E+07,-1.05825E+02
9.625244141E+07,-9.90054E+01
9.628295898E+07,-9.72054E+01
9.631347656E+07,-9.47854E+01
9.634399414E+07,-9.02254E+01
9.637451172E+07,-9.29254E+01
9.640502930E+07,-1.15125E+02
9.643554688E+07,-1.02185E+02
9.646606445E+07,-1.00725E+02
9.649658203E+07,-9.73254E+01
9.652709961E+07,-9.67654E+01
9.655761719E+07,-1.03145E+02
9.658813477E+07,-1.06025E+02
9.661865234E+07,-9.73854E+01
9.664916992E+07,-9.58854E+01
9.667968750E+07,-9.92254E+01
9.671020508E+07,-1.01945E+02
9.674072266E+07,-9.77254E+01
9.677124023E+07,-9.68654E+01
9.680175781E+07,-9.57854E+01
9.683227539E+07,-1.00785E+02
9.686279297E+07,-1.04165E+02
9.689331055E+07,-1.02265E+02
9.692382812E+07,-9.97054E+01
9.695434570E+07,-1.00765E+02
9.698486328E+07,-1.05245E+02
9.701538086E+07,-1.01085E+02
9.704589844E+07,-9.64054E+01
9.707641602E+07,-9.79854E+01
9.710693359E+07,-9.72654E+01
9.713745117E+07,-9.63654E+01
9.716796875E+07,-9.69854E+01
9.719848633E+07,-9.74654E+01
9.722900391E+07,-1.01725E+02
9.725952148E+07,-9.94054E+01
9.729003906E+07,-9.82454E+01
9.732055664E+07,-9.95454E+01
9.735107422E+07,-1.02045E+02
9.738159180E+07,-1.05345E+02
9.741210938E+07,-1.04305E+02
9.744262695E+07,-1.13165E+02
9.747314453E+07,-1.02105E+02
9.750366211E+07,-1.11505E+02
9.753417969E+07,-1.00565E+02
9.756469727E+07,-1.13645E+02
9.759521484E+07,-1.00085E+02
9.762573242E+07,-9.75454E+01
9.765625000E+07,-1.02065E+02
9.768676758E+07,-1.06345E+02
9.771728516E+07,-1.11585E+02
9.774780273E+07,-1.07585E+02
9.777832031E+07,-1.04345E+02
9.780883789E+07,-9.87254E+01
9.783935547E+07,-9.64454E+01
9.786987305E+07,-9.85254E+01
9.790039062E+07,-1.02445E+02
9.793090820E+07,-9.87454E+01
9.796142578E+07,-9.52654E+01
9.799194336E+07,-9.75254E+01
9.802246094E+07,-9.63254E+01
9.805297852E+07,-9.86054E+01
9.808349609E+07,-1.17065E+02
9.811401367E+07,-1.01645E+02
9.814453125E+07,-9.32654E+01
9.817504883E+07,-9.79254E+01
9.820556641E+07,-1.04305E+02
9.823608398E+07,-1.05345E+02
9.826660156E+07,-9.72454E+01
9.829711914E+07,-1.04525E+02
9.832763672E+07,-9.62654E+01
9.835815430E+07,-9.87454E+01
9.838867188E+07,-1.04865E+02
9.841918945E+07,-1.07585E+02
9.844970703E+07,-1.00985E+02
9.848022461E+07,-9.44054E+01
9.851074219E+07,-9.25854E+01
9.854125977E+07,-9.63254E+01
9.857177734E+07,-1.08165E+02
9.860229492E+07,-1.09305E+02
9.863281250E+07,-1.03325E+02
9.866333008E+07,-9.77254E+01
9.869384766E+07,-9.79854E+01
9.872436523E+07,-1.00545E+02
9.875488281E+07,-9.75454E+01
9.878540039E+07,-9.71654E+01
9.881591797E+07,-9.99254E+01
9.884643555E+07,-1.05085E+02
9.887695312E+07,-1.04365E+02
9.890747070E+07,-9.85254E+01
9.893798828E+07,-9.59454E+01
9.896850586E+07,-9.84654E+01
9.899902344E+07,-1.17085E+02
9.902954102E+07,-1.01845E+02
9.906005859E+07,-1.01365E+02
9.909057617E+07,-1.08105E+02
9.912109375E+07,-1.15765E+02
9.915161133E+07,-1.01145E+02
9.918212891E+07,-1.04965E+02
9.921264648E+07,-9.67854E+01
9.924316406E+07,-9.56254E+01
9.927368164E+07,-1.02105E+02
9.930419922E+07,-1.23225E+02
9.933471680E+07,-1.08785E+02
9.936523438E+07,-1.01545E+02
9.939575195E+07,-1.05505E+02
9.942626953E+07,-1.02825E+02
9.945678711E+07,-1.00825E+02
9.948730469E+07,-1.04585E+02
9.951782227E+07,-1.05525E+02
9.954833984E+07,-1.04545E+02
9.957885742E+07,-1.09025E+02
9.960937500E+07,-1.09805E+02
9.963989258E+07,-1.02645E+02
9.967041016E+07,-1.01405E+02
9.970092773E+07,-1.05405E+02
9.973144531E+07,-1.05725E+02
9.976196289E+07,-1.10765E+02
9.979248047E+07,-1.05445E+02
9.982299805E+07,-1.05205E+02
9.985351562E+07,-1.09845E+02
9.988403320E+07,-1.04585E+02
9.991455078E+07,-9.95054E+01
9.994506836E+07,-1.00465E+02
9.997558594E+07,-1.03165E+02
1.000061035E+08,-9.86654E+01
1.000366211E+08,-9.75654E+01
1.000671387E+08,-1.06785E+02
1.000976562E+08,-9.79054E+01
1.001281738E+08,-9.99254E+01
1.001586914E+08,-1.11365E+02
1.001892090E+08,-1.01145E+02
1.002197266E+08,-9.95854E+01
1.002502441E+08,-1.01405E+02
1.002807617E+08,-1.00265E+02
1.003112793E+08,-9.85654E+01
1.003417969E+08,-1.01565E+02
1.003723145E+08,-1.00705E+02
1.004028320E+08,-9.72854E+01
1.004333496E+08,-9.92654E+01
1.004638672E+08,-1.01045E+02
1.004943848E+08,-9.76054E+01
1.005249023E+08,-9.60454E+01
1.005554199E+08,-1.02405E+02
1.005859375E+08,-1.04245E+02
1.006164551E+08,-1.00745E+02
1.006469727E+08,-1.15285E+02
1.006774902E+08,-1.02625E+02
1.007080078E+08,-1.00905E+02
1.007385254E+08,-9.77854E+01
1.007690430E+08,-9.45054E+01
1.007995605E+08,-9.79854E+01
1.008300781E+08,-1.04805E+02
1.008605957E+08,-1.05745E+02
1.008911133E+08,-1.13965E+02
1.009216309E+08,-1.22225E+02
1.009521484E+08,-1.01525E+02
1.009826660E+08,-9.91654E+01
1.010131836E+08,-1.04325E+02
1.010437012E+08,-1.06485E+02
1.010742188E+08,-1.06645E+02
1.011047363E+08,-1.01605E+02
1.011352539E+08,-1.03165E+02
1.011657715E+08,-1.11745E+02
1.011962891E+08,-1.03825E+02
1.012268066E+08,-9.89054E+01
1.012573242E+08,-1.06065E+02
1.012878418E+08,-1.01725E+02
1.013183594E+08,-1.07385E+02
1.013488770E+08,-1.00685E+02
1.013793945E+08,-1.06945E+02
1.014099121E+08,-9.54254E+01
1.014404297E+08,-9.97654E+01
1.014709473E+08,-1.01425E+02
1.015014648E+08,-9.92654E+01
1.015319824E+08,-1.03745E+02
1.015625000E+08,-1.05385E+02
1.015930176E+08,-1.01965E+02
1.016235352E+08,-1.05705E+02
1.016540527E+08,-9.89654E+01
1.016845703E+08,-9.53654E+01
1.017150879E+08,-1.05585E+02
1.017456055E+08,-1.05885E+02
1.017761230E+08,-1.02645E+02
1.018066406E+08,-1.01925E+02
1.018371582E+08,-1.09505E+02
1.018676758E+08,-1.00925E+02
1.018981934E+08,-9.91054E+01
1.019287109E+08,-9.63854E+01
1.019592285E+08,-1.02105E+02
1.019897461E+08,-1.05805E+02
1.020202637E+08,-9.70654E+01
1.020507812E+08,-9.87454E+01
1.020812988E+08,-1.13625E+02
1.021118164E+08,-1.02365E+02
1.021423340E+08,-1.03625E+02
1.021728516E+08,-1.08685E+02
1.022033691E+08,-1.08805E+02
1.022338867E+08,-1.00505E+02
1.022644043E+08,-9.70854E+01
1.022949219E+08,-9.56454E+01
1.023254395E+08,-9.72054E+01
1.023559570E+08,-9.82054E+01
1.023864746E+08,-9.82654E+01
1.024169922E+08,-9.98054E+01
1.024475098E+08,-1.24105E+02
1.024780273E+08,-1.01605E+02
1.025085449E+08,-9.90054E+01
1.025390625E+08,-1.03145E+02
1.025695801E+08,-1.05685E+02
1.026000977E+08,-1.08605E+02
1.026306152E+08,-1.03985E+02
1.026611328E+08,-1.09225E+02
1.026916504E+08,-1.01945E+02
1.027221680E+08,-9.67454E+01
1.027526855E+08,-9.98454E+01
1.027832031E+08,-1.12045E+02
1.028137207E+08,-9.90254E+01
1.028442383E+08,-9.76054E+01
1.028747559E+08,-9.64854E+01
1.029052734E+08,-9.78454E+01
1.029357910E+08,-1.10005E+02
1.029663086E+08,-1.02205E+02
1.029968262E+08,-9.99654E+01
1.030273438E+08,-1.03105E+02
1.030578613E+08,-1.00365E+02
1.030883789E+08,-1.03785E+02
1.031188965E+08,-1.05865E+02
1.031494141E+08,-1.08165E+02
1.031799316E+08,-1.01505E+02
1.032104492E+08,-9.97054E+01
1.032409668E+08,-1.01985E+02
1.032714844E+08,-1.04765E+02
1.033020020E+08,-1.18625E+02
1.033325195E+08,-1.02965E+02
1.033630371E+08,-9.87254E+01
1.033935547E+08,-9.93454E+01
1.034240723E+08,-1.00905E+02
1.034545898E+08,-9.93054E+01
1.034851074E+08,-1.06605E+02
1.035156250E+08,-1.02145E+02
1.035461426E+08,-1.01045E+02
1.035766602E+08,-1.07225E+02
1.036071777E+08,-1.04545E+02
1.036376953E+08,-1.05105E+02
1.036682129E+08,-1.03365E+02
1.036987305E+08,-1.00825E+02
1.037292480E+08,-1.03445E+02
1.037597656E+08,-9.89654E+01
1.037902832E+08,-1.09225E+02
1.038208008E+08,-9.96254E+01
1.038513184E+08,-9.76054E+01
1.038818359E+08,-1.02825E+02
1.039123535E+08,-1.00085E+02
1.039428711E+08,-1.00625E+02
1.039733887E+08,-1.19765E+02
1.040039062E+08,-1.09805E+02
1.040344238E+08,-9.82854E+01
1.040649414E+08,-9.97654E+01
1.040954590E+08,-1.08265E+02
1.041259766E+08,-1.08365E+02
1.041564941E+08,-1.01285E+02
1.041870117E+08,-1.04105E+02
1.042175293E+08,-9.93054E+01
1.042480469E+08,-9.61654E+01
1.042785645E+08,-9.58454E+01
1.043090820E+08,-9.51254E+01
1.043395996E+08,-1.00045E+02
1.043701172E+08,-1.10585E+02
1.044006348E+08,-1.14925E+02
1.044311523E+08,-1.01165E+02
1.044616699E+08,-1.05165E+02
1.044921875E+08,-1.01565E+02
1.045227051E+08,-1.00605E+02
1.045532227E+08,-1.01805E+02
1.045837402E+08,-1.04365E+02
1.046142578E+08,-1.06245E+02
1.046447754E+08,-1.06465E+02
1.046752930E+08,-1.09445E+02
1.047058105E+08,-1.02845E+02
1.047363281E+08,-1.01585E+02
1.047668457E+08,-9.89454E+01
1.047973633E+08,-9.86654E+01
1.048278809E+08,-1.03325E+02
1.048583984E+08,-1.07425E+02
1.048889160E+08,-1.01305E+02
1.049194336E+08,-1.06005E+02
1.049499512E+08,-1.01385E+02
1.049804688E+08,-9.97054E+01
1.050109863E+08,-9.83654E+01
1.050415039E+08,-1.02305E+02
1.050720215E+08,-1.01625E+02
1.051025391E+08,-1.06225E+02
1.051330566E+08,-1.06125E+02
1.051635742E+08,-1.01265E+02
1.051940918E+08,-1.04785E+02
1.052246094E+08,-1.02825E+02
1.052551270E+08,-1.07105E+02
1.052856445E+08,-1.00565E+02
1.053161621E+08,-1.01185E+02
1.053466797E+08,-1.00045E+02
1.053771973E+08,-1.01585E+02
1.054077148E+08,-1.07625E+02
1.054382324E+08,-1.06405E+02
1.054687500E+08,-1.00585E+02
1.054992676E+08,-9.77054E+01
1.055297852E+08,-9.69054E+01
1.055603027E+08,-9.88054E+01
1.055908203E+08,-1.06285E+02
1.056213379E+08,-1.01845E+02
1.056518555E+08,-9.79854E+01
1.056823730E+08,-9.56054E+01
1.057128906E+08,-9.66054E+01
1.057434082E+08,-1.04165E+02
1.057739258E+08,-1.06285E+02
1.058044434E+08,-1.12205E+02
1.058349609E+08,-1.01465E+02
1.058654785E+08,-9.69654E+01
1.058959961E+08,-9.89454E+01
1.059265137E+08,-1.04985E+02
1.059570312E+08,-1.04805E+02
1.059875488E+08,-1.02145E+02
1.060180664E+08,-1.10665E+02
1.060485840E+08,-1.01105E+02
1.060791016E+08,-1.04345E+02
1.061096191E+08,-1.08845E+02
1.061401367E+08,-1.08965E+02
1.061706543E+08,-1.01505E+02
1.062011719E+08,-9.88454E+01
1.062316895E+08,-1.02085E+02
1.062622070E+08,-1.10625E+02
1.062927246E+08,-9.77254E+01
1.063232422E+08,-9.66054E+01
1.063537598E+08,-1.04585E+02
1.063842773E+08,-1.04025E+02
1.064147949E+08,-1.02985E+02
1.064453125E+08,-1.00085E+02
1.064758301E+08,-1.00905E+02
1.065063477E+08,-1.02665E+02
1.065368652E+08,-1.10305E+02
1.065673828E+08,-1.02845E+02
1.065979004E+08,-9.97054E+01
1.066284180E+08,-1.00805E+02
1.066589355E+08,-1.07065E+02
1.066894531E+08,-1.03805E+02
1.067199707E+08,-1.01505E+02
1.067504883E+08,-1.02145E+02
1.067810059E+08,-1.09205E+02
1.068115234E+08,-1.04625E+02
1.068420410E+08,-1.03925E+02
1.068725586E+08,-1.07465E+02
1.069030762E+08,-1.05525E+02
1.069335938E+08,-1.06945E+02
1.069641113E+08,-1.02565E+02
1.069946289E+08,-9.86254E+01
1.070251465E+08,-1.02765E+02
1.070556641E+08,-9.53854E+01
1.070861816E+08,-9.53254E+01
1.071166992E+08,-9.98854E+01
1.071472168E+08,-1.01185E+02
1.071777344E+08,-1.05825E+02
1.072082520E+08,-1.17285E+02
1.072387695E+08,-1.01425E+02
1.072692871E+08,-1.02965E+02
1.072998047E+08,-1.04885E+02
1.073303223E+08,-1.02325E+02
1.073608398E+08,-1.06065E+02
1.073913574E+08,-1.00625E+02
1.074218750E+08,-1.01225E+02
1.074523926E+08,-1.03105E+02
1.074829102E+08,-9.88454E+01
1.075134277E+08,-9.50254E+01
1.075439453E+08,-9.75654E+01
1.075744629E+08,-1.03445E+02
1.076049805E+08,-1.03685E+02
1.076354980E+08,-1.02925E+02
1.076660156E+08,-9.85254E+01
1.076965332E+08,-1.01005E+02
1.077270508E+08,-1.08685E+02
1.077575684E+08,-1.04725E+02
1.077880859E+08,-1.02085E+02
1.078186035E+08,-9.51454E+01
1.078491211E+08,-1.01465E+02
1.078796387E+08,-1.06865E+02
1.079101562E+08,-1.02165E+02
1.079406738E+08,-9.76854E+01
1.079711914E+08,-9.50254E+01
1.080017090E+08,-9.79254E+01
1.080322266E+08,-9.76854E+01
1.080627441E+08,-9.65854E+01
1.080932617E+08,-9.98454E+01
1.081237793E+08,-1.04465E+02
1.081542969E+08,-1.03845E+02
1.081848145E+08,-1.08685E+02
1.082153320E+08,-1.09805E+02
1.082458496E+08,-9.80254E+01
1.082763672E+08,-9.57454E+01
1.083068848E+08,-1.04945E+02
1.083374023E+08,-1.11585E+02
1.083679199E+08,-1.05665E+02
1.083984375E+08,-1.07845E+02
1.084289551E+08,-9.82654E+01
1.084594727E+08,-1.02505E+02
1.084899902E+08,-1.06845E+02
1.085205078E+08,-1.03525E+02
1.085510254E+08,-1.04605E+02
1.085815430E+08,-1.08545E+02
1.086120605E+08,-1.04585E+02
1.086425781E+08,-1.01345E+02
1.086730957E+08,-9.96654E+01
1.087036133E+08,-1.01345E+02
1.087341309E+08,-9.75254E+01
1.087646484E+08,-9.70054E+01
1.087951660E+08,-1.12065E+02
1.088256836E+08,-1.00125E+02
1.088562012E+08,-1.00125E+02
1.088867188E+08,-1.05125E+02
1.089172363E+08,-1.08425E+02
1.089477539E+08,-1.06865E+02
1.089782715E+08,-1.04205E+02
1.090087891E+08,-1.05245E+02
1.090393066E+08,-1.10425E+02
1.090698242E+08,-1.00885E+02
1.091003418E+08,-9.97454E+01
1.091308594E+08,-9.78654E+01
1.091613770E+08,-9.68854E+01
1.091918945E+08,-1.00045E+02
1.092224121E+08,-1.00505E+02
1.092529297E+08,-1.06165E+02
1.092834473E+08,-9.61254E+01
1.093139648E+08,-9.98454E+01
1.093444824E+08,-9.97454E+01
1.093750000E+08,-9.81054E+01
1.094055176E+08,-9.91654E+01
1.094360352E+08,-9.83454E+01
1.094665527E+08,-1.00665E+02
1.094970703E+08,-1.03545E+02
1.095275879E+08,-1.00185E+02
1.095581055E+08,-1.00625E+02
1.095886230E+08,-1.02325E+02
1.096191406E+08,-9.62654E+01
1.096496582E+08,-9.79254E+01
1.096801758E+08,-1.00305E+02
1.097106934E+08,-9.79854E+01
1.097412109E+08,-1.01945E+02
1.097717285E+08,-1.04225E+02
1.098022461E+08,-9.75654E+01
1.098327637E+08,-1.00685E+02
1.098632812E+08,-1.08325E+02
1.098937988E+08,-9.89454E+01
1.099243164E+08,-9.77854E+01
1.099548340E+08,-9.91654E+01
1.099853516E+08,-9.41254E+01
1.100158691E+08,-9.70254E+01
1.100463867E+08,-1.16885E+02
1.100769043E+08,-9.88054E+01
1.101074219E+08,-9.71054E+01
1.101379395E+08,-1.06265E+02
1.101684570E+08,-9.69654E+01
1.101989746E+08,-9.86254E+01
1.102294922E+08,-1.00125E+02
1.102600098E+08,-1.01565E+02
1.102905273E+08,-1.03845E+02
1.103210449E+08,-9.73254E+01
1.103515625E+08,-9.48854E+01
1.103820801E+08,-9.99254E+01
1.104125977E+08,-1.10585E+02
1.104431152E+08,-1.11425E+02
1.104736328E+08,-1.02905E+02
1.105041504E+08,-1.03865E+02
1.105346680E+08,-1.23125E+02
1.105651855E+08,-1.15045E+02
1.105957031E+08,-1.03785E+02
1.106262207E+08,-9.98054E+01
1.106567383E+08,-9.90254E+01
1.106872559E+08,-1.00405E+02
1.107177734E+08,-1.07045E+02
1.107482910E+08,-9.88454E+01
1.107788086E+08,-1.22045E+02
1.108093262E+08,-1.10745E+02
1.108398438E+08,-1.03505E+02
1.108703613E+08,-1.02885E+02
1.109008789E+08,-1.03625E+02
1.109313965E+08,-9.81654E+01
1.109619141E+08,-9.68654E+01
1.109924316E+08,-1.01485E+02
1.110229492E+08,-1.07405E+02
1.110534668E+08,-1.01185E+02
1.110839844E+08,-1.08025E+02
1.111145020E+08,-1.05185E+02
1.111450195E+08,-1.01805E+02
1.111755371E+08,-1.01065E+02
1.112060547E+08,-9.97054E+01
1.112365723E+08,-9.84854E+01
1.112670898E+08,-9.40654E+01
1.112976074E+08,-9.46654E+01
1.113281250E+08,-1.04285E+02
1.113586426E+08,-1.12705E+02
1.113891602E+08,-1.01525E+02
1.114196777E+08,-1.01245E+02
1.114501953E+08,-9.85654E+01
1.114807129E+08,-1.08945E+02
1.115112305E+08,-1.03605E+02
1.115417480E+08,-1.04025E+02
1.115722656E+08,-1.01465E+02
1.116027832E+08,-1.06625E+02
1.116333008E+08,-1.02905E+02
1.116638184E+08,-1.00125E+02
1.116943359E+08,-9.85454E+01
1.117248535E+08,-1.01845E+02
1.117553711E+08,-1.01285E+02
1.117858887E+08,-1.00365E+02
1.118164062E+08,-1.01545E+02
1.118469238E+08,-1.08005E+02
1.118774414E+08,-1.04385E+02
1.119079590E+08,-1.00005E+02
1.119384766E+08,-1.01305E+02
1.119689941E+08,-1.14325E+02
1.119995117E+08,-9.94854E+01
1.120300293E+08,-9.97454E+01
1.120605469E+08,-1.04525E+02
1.120910645E+08,-1.05385E+02
1.121215820E+08,-1.05245E+02
1.121520996E+08,-1.00445E+02
1.121826172E+08,-1.08945E+02
1.122131348E+08,-9.59654E+01
1.122436523E+08,-9.49454E+01
1.122741699E+08,-1.01425E+02
1.123046875E+08,-1.00585E+02
1.123352051E+08,-1.00485E+02
1.123657227E+08,-1.01985E+02
1.123962402E+08,-1.06505E+02
1.124267578E+08,-1.09965E+02
1.124572754E+08,-1.03145E+02
1.124877930E+08,-9.74654E+01
1.125183105E+08,-9.82854E+01
1.125488281E+08,-9.63654E+01
1.125793457E+08,-9.57854E+01
1.126098633E+08,-9.82454E+01
1.126403809E+08,-1.07845E+02
1.126708984E+08,-1.03825E+02
1.127014160E+08,-1.00965E+02
1.127319336E+08,-1.05285E+02
1.127624512E+08,-1.02305E+02
1.127929688E+08,-1.02525E+02
1.128234863E+08,-1.02445E+02
1.128540039E+08,-1.00665E+02
1.128845215E+08,-9.86254E+01
1.129150391E+08,-9.53454E+01
1.129455566E+08,-9.59854E+01
1.129760742E+08,-9.93654E+01
1.130065918E+08,-1.00405E+02
1.130371094E+08,-1.06805E+02
1.130676270E+08,-1.12445E+02
1.130981445E+08,-1.03725E+02
1.131286621E+08,-9.84254E+01
1.131591797E+08,-9.64254E+01
1.131896973E+08,-9.53454E+01
1.132202148E+08,-9.63654E+01
1.132507324E+08,-9.77454E+01
1.132812500E+08,-9.64454E+01
1.133117676E+08,-9.42254E+01
1.133422852E+08,-9.56254E+01
1.133728027E+08,-1.08725E+02
1.134033203E+08,-1.02165E+02
1.134338379E+08,-1.01145E+02
1.134643555E+08,-9.71454E+01
1.134948730E+08,-1.02725E+02
1.135253906E+08,-1.00585E+02
1.135559082E+08,-1.05825E+02
1.135864258E+08,-1.08905E+02
1.136169434E+08,-1.01425E+02
1.136474609E+08,-1.06065E+02
1.136779785E+08,-1.08685E+02
1.137084961E+08,-1.08785E+02
1.137390137E+08,-1.00125E+02
1.137695312E+08,-1.01145E+02
1.138000488E+08,-1.04965E+02
1.138305664E+08,-9.97654E+01
1.138610840E+08,-1.05385E+02
1.138916016E+08,-1.07165E+02
1.139221191E+08,-9.97454E+01
1.139526367E+08,-9.77454E+01
1.139831543E+08,-9.80454E+01
1.140136719E+08,-1.02345E+02
1.140441895E+08,-1.16585E+02
1.140747070E+08,-1.00265E+02
1.141052246E+08,-1.02225E+02
1.141357422E+08,-1.02605E+02
1.141662598E+08,-1.06045E+02
1.141967773E+08,-1.09505E+02
1.142272949E+08,-1.01665E+02
1.142578125E+08,-1.01525E+02
1.142883301E+08,-1.30185E+02
1.143188477E+08,-1.06805E+02
1.143493652E+08,-1.14625E+02
1.143798828E+08,-1.00045E+02
1.144104004E+08,-9.76054E+01
1.144409180E+08,-9.65654E+01
1.144714355E+08,-9.35454E+01
1.145019531E+08,-9.78254E+01
1.145324707E+08,-1.00885E+02
1.145629883E+08,-1.04965E+02
1.145935059E+08,-9.94854E+01
1.146240234E+08,-1.06145E+02
1.146545410E+08,-1.06765E+02
1.146850586E+08,-1.03005E+02
1.147155762E+08,-1.07345E+02
1.147460938E+08,-1.06745E+02
1.147766113E+08,-1.07145E+02
1.148071289E+08,-1.02965E+02
1.148376465E+08,-9.76854E+01
1.148681641E+08,-1.03865E+02
1.148986816E+08,-1.09105E+02
1.149291992E+08,-1.14325E+02
1.149597168E+08,-1.05805E+02
1.149902344E+08,-1.05465E+02
1.150207520E+08,-1.01325E+02
1.150512695E+08,-1.06965E+02
1.150817871E+08,-1.02545E+02
1.151123047E+08,-1.02765E+02
1.151428223E+08,-9.78454E+01
1.151733398E+08,-1.02985E+02
1.152038574E+08,-1.01145E+02
1.152343750E+08,-1.03145E+02
1.152648926E+08,-1.09505E+02
1.152954102E+08,-1.04065E+02
1.153259277E+08,-1.01565E+02
1.153564453E+08,-9.98054E+01
1.153869629E+08,-1.00005E+02
1.154174805E+08,-9.97054E+01
1.154479980E+08,-9.96654E+01
1.154785156E+08,-9.88054E+01
1.155090332E+08,-1.02165E+02
1.155395508E+08,-1.08725E+02
1.155700684E+08,-1.11085E+02
1.156005859E+08,-1.06565E+02
1.156311035E+08,-1.05205E+02
1.156616211E+08,-1.02905E+02
1.156921387E+08,-1.03345E+02
1.157226562E+08,-1.10885E+02
1.157531738E+08,-1.05705E+02
1.157836914E+08,-1.04485E+02
1.158142090E+08,-1.06345E+02
1.158447266E+08,-1.06165E+02
1.158752441E+08,-1.04125E+02
1.159057617E+08,-1.03745E+02
1.159362793E+08,-1.08745E+02
1.159667969E+08,-1.02605E+02
1.159973145E+08,-9.89454E+01
1.160278320E+08,-1.00305E+02
1.160583496E+08,-1.11385E+02
1.160888672E+08,-1.02785E+02
1.161193848E+08,-1.03925E+02
1.161499023E+08,-1.06105E+02
1.161804199E+08,-1.13285E+02
1.162109375E+08,-1.15525E+02
1.162414551E+08,-1.02085E+02
1.162719727E+08,-9.96654E+01
1.163024902E+08,-1.02725E+02
1.163330078E+08,-1.02285E+02
1.163635254E+08,-1.01885E+02
1.163940430E+08,-1.06945E+02
1.164245605E+08,-1.02965E+02
1.164550781E+08,-1.01225E+02
1.164855957E+08,-1.06965E+02
1.165161133E+08,-1.03725E+02
1.165466309E+08,-9.87854E+01
1.165771484E+08,-9.83454E+01
1.166076660E+08,-1.07445E+02
1.166381836E+08,-1.01265E+02
1.166687012E+08,-9.58254E+01
1.166992188E+08,-9.35854E+01
1.167297363E+08,-9.53054E+01
1.167602539E+08,-9.86654E+01
1.167907715E+08,-1.10625E+02
1.168212891E+08,-1.04605E+02
1.168518066E+08,-1.04585E+02
1.168823242E+08,-1.02365E+02
1.169128418E+08,-1.02205E+02
1.169433594E+08,-1.02465E+02
1.169738770E+08,-1.01705E+02
1.170043945E+08,-1.00785E+02
1.170349121E+08,-1.00665E+02
1.170654297E+08,-1.00645E+02
1.170959473E+08,-1.03865E+02
1.171264648E+08,-1.12125E+02
1.171569824E+08,-1.06145E+02
1.171875000E+08,-9.86254E+01
1.172180176E+08,-1.06745E+02
1.172485352E+08,-1.07605E+02
1.172790527E+08,-1.02725E+02
1.173095703E+08,-1.01185E+02
1.173400879E+08,-1.04185E+02
1.173706055E+08,-1.01625E+02
1.174011230E+08,-1.00225E+02
1.174316406E+08,-9.97054E+01
1.174621582E+08,-9.93654E+01
1.174926758E+08,-1.01805E+02
1.175231934E+08,-1.01185E+02
1.175537109E+08,-9.98854E+01
1.175842285E+08,-1.01785E+02
1.176147461E+08,-9.89654E+01
1.176452637E+08,-9.82654E+01
1.176757812E+08,-9.95854E+01
1.177062988E+08,-1.01785E+02
1.177368164E+08,-9.91654E+01
1.177673340E+08,-9.77254E+01
1.177978516E+08,-1.02705E+02
1.178283691E+08,-1.01065E+02
1.178588867E+08,-1.00405E+02
1.178894043E+08,-1.02525E+02
1.179199219E+08,-1.11985E+02
1.179504395E+08,-1.02165E+02
1.179809570E+08,-9.98854E+01
1.180114746E+08,-1.03185E+02
1.180419922E+08,-1.11265E+02
1.180725098E+08,-1.03385E+02
1.181030273E+08,-1.00865E+02
1.181335449E+08,-1.03785E+02
1.181640625E+08,-1.08625E+02
1.181945801E+08,-1.00125E+02
1.182250977E+08,-1.02225E+02
1.182556152E+08,-1.11645E+02
1.182861328E+08,-1.01505E+02
1.183166504E+08,-1.06985E+02
1.183471680E+08,-1.07045E+02
1.183776855E+08,-1.01945E+02
1.184082031E+08,-1.00045E+02
1.184387207E+08,-9.98054E+01
1.184692383E+08,-1.01485E+02
1.184997559E+08,-1.10565E+02
1.185302734E+08,-1.15645E+02
1.185607910E+08,-1.08865E+02
1.185913086E+08,-1.02185E+02
1.186218262E+08,-9.57054E+01
1.186523438E+08,-9.71854E+01
1.186828613E+08,-1.09545E+02
1.187133789E+08,-1.01365E+02
1.187438965E+08,-9.80054E+01
1.187744141E+08,-9.70454E+01
1.188049316E+08,-1.00925E+02
1.188354492E+08,-9.75454E+01
1.188659668E+08,-9.52454E+01
1.188964844E+08,-9.56854E+01
1.189270020E+08,-1.03705E+02
1.189575195E+08,-1.11845E+02
1.189880371E+08,-1.11605E+02
1.190185547E+08,-1.09485E+02
1.190490723E+08,-1.01485E+02
1.190795898E+08,-1.03305E+02
1.191101074E+08,-1.13665E+02
1.191406250E+08,-1.04885E+02
1.191711426E+08,-1.04705E+02
1.192016602E+08,-1.29885E+02
1.192321777E+08,-1.01585E+02
1.192626953E+08,-1.00725E+02
1.192932129E+08,-9.79254E+01
1.193237305E+08,-1.01125E+02
1.193542480E+08,-1.22885E+02
1.193847656E+08,-1.06845E+02
1.194152832E+08,-1.00005E+02
1.194458008E+08,-9.76254E+01
1.194763184E+08,-9.68454E+01
1.195068359E+08,-1.00785E+02
1.195373535E+08,-1.11465E+02
1.195678711E+08,-1.01405E+02
1.195983887E+08,-9.77054E+01
1.196289062E+08,-1.05205E+02
1.196594238E+08,-1.04665E+02
1.196899414E+08,-1.16165E+02
1.197204590E+08,-1.13265E+02
1.197509766E+08,-1.06465E+02
1.197814941E+08,-1.03885E+02
1.198120117E+08,-9.79854E+01
1.198425293E+08,-9.68454E+01
1.198730469E+08,-9.86254E+01
1.199035645E+08,-9.83654E+01
1.199340820E+08,-1.08025E+02
1.199645996E+08,-1.02845E+02
1.199951172E+08,-1.02685E+02
1.200256348E+08,-1.02385E+02
1.200561523E+08,-9.71254E+01
1.200866699E+08,-9.82454E+01
1.201171875E+08,-1.06745E+02
1.201477051E+08,-1.06165E+02
1.201782227E+08,-1.02985E+02
1.202087402E+08,-1.02745E+02
1.202392578E+08,-1.15585E+02
1.202697754E+08,-1.00085E+02
1.203002930E+08,-1.25285E+02
1.203308105E+08,-1.01465E+02
1.203613281E+08,-9.81854E+01
1.203918457E+08,-9.37854E+01
1.204223633E+08,-9.80454E+01
1.204528809E+08,-1.04745E+02
1.204833984E+08,-1.02485E+02
1.205139160E+08,-9.98454E+01
1.205444336E+08,-9.91054E+01
1.205749512E+08,-1.05985E+02
1.206054688E+08,-1.01925E+02
1.206359863E+08,-9.94854E+01
1.206665039E+08,-9.88654E+01
1.206970215E+08,-9.72054E+01
1.207275391E+08,-9.61454E+01
1.207580566E+08,-9.52854E+01
1.207885742E+08,-9.49254E+01
1.208190918E+08,-9.43854E+01
1.208496094E+08,-9.90654E+01
1.208801270E+08,-1.01705E+02
1.209106445E+08,-9.67654E+01
1.209411621E+08,-9.69454E+01
1.209716797E+08,-9.95854E+01
1.210021973E+08,-1.02345E+02
1.210327148E+08,-9.93654E+01
1.210632324E+08,-9.91654E+01
1.210937500E+08,-1.07685E+02
1.211242676E+08,-1.01725E+02
1.211547852E+08,-1.02485E+02
1.211853027E+08,-1.02845E+02
1.212158203E+08,-1.07285E+02
1.212463379E+08,-1.02545E+02
1.212768555E+08,-1.02625E+02
1.213073730E+08,-1.06545E+02
1.213378906E+08,-1.21305E+02
1.213684082E+08,-1.06605E+02
1.213989258E+08,-9.84254E+01
1.214294434E+08,-1.03665E+02
1.214599609E+08,-9.91054E+01
1.214904785E+08,-9.56454E+01
1.215209961E+08,-9.51654E+01
1.215515137E+08,-9.74054E+01
1.215820312E+08,-9.86054E+01
1.216125488E+08,-1.03865E+02
1.216430664E+08,-1.02525E+02
1.216735840E+08,-1.06985E+02
1.217041016E+08,-1.04665E+02
1.217346191E+08,-1.04305E+02
1.217651367E+08,-9.97454E+01
1.217956543E+08,-9.67054E+01
1.218261719E+08,-1.03565E+02
1.218566895E+08,-1.00465E+02
1.218872070E+08,-9.91254E+01
1.219177246E+08,-9.99254E+01
1.219482422E+08,-1.00405E+02
1.219787598E+08,-1.02825E+02
1.220092773E+08,-1.06845E+02
1.220397949E+08,-9.59854E+01
1.220703125E+08,-1.00725E+02
1.221008301E+08,-9.89454E+01
1.221313477E+08,-9.71654E+01
1.221618652E+08,-1.02425E+02
1.221923828E+08,-1.01165E+02
1.222229004E+08,-1.11225E+02
1.222534180E+08,-1.00085E+02
1.222839355E+08,-1.03305E+02
1.223144531E+08,-1.02885E+02
1.223449707E+08,-9.75454E+01
1.223754883E+08,-1.06745E+02
1.224060059E+08,-9.74854E+01
1.224365234E+08,-1.05525E+02
1.224670410E+08,-1.07825E+02
1.224975586E+08,-1.06365E+02
1.225280762E+08,-1.08205E+02
1.225585938E+08,-1.18185E+02
1.225891113E+08,-1.03945E+02
1.226196289E+08,-1.06585E+02
1.226501465E+08,-1.05925E+02
1.226806641E+08,-1.11985E+02
1.227111816E+08,-1.08485E+02
1.227416992E+08,-1.07145E+02
1.227722168E+08,-1.03445E+02
1.228027344E+08,-9.86854E+01
1.228332520E+08,-9.90054E+01
1.228637695E+08,-1.04745E+02
1.228942871E+08,-1.19265E+02
1.229248047E+08,-9.85654E+01
1.229553223E+08,-9.76054E+01
1.229858398E+08,-1.16045E+02
1.230163574E+08,-9.93654E+01
1.230468750E+08,-9.88054E+01
1.230773926E+08,-1.03145E+02
1.231079102E+08,-9.97654E+01
1.231384277E+08,-9.74254E+01
1.231689453E+08,-9.89654E+01
1.231994629E+08,-1.12725E+02
1.232299805E+08,-9.78454E+01
1.232604980E+08,-9.95454E+01
1.232910156E+08,-1.05685E+02
1.233215332E+08,-1.04105E+02
1.233520508E+08,-1.00045E+02
1.233825684E+08,-9.86054E+01
1.234130859E+08,-1.07245E+02
1.234436035E+08,-1.09925E+02
1.234741211E+08,-1.09105E+02
1.235046387E+08,-1.06265E+02
1.235351562E+08,-1.04145E+02
1.235656738E+08,-1.05585E+02
1.235961914E+08,-1.07465E+02
1.236267090E+08,-1.01685E+02
1.236572266E+08,-9.68454E+01
1.236877441E+08,-9.61254E+01
1.237182617E+08,-1.07205E+02
1.237487793E+08,-1.04625E+02
1.237792969E+08,-1.03105E+02
1.238098145E+08,-1.07365E+02
1.238403320E+08,-1.22345E+02
1.238708496E+08,-9.91054E+01
1.239013672E+08,-9.59454E+01
1.239318848E+08,-1.08625E+02
1.239624023E+08,-1.02785E+02
1.239929199E+08,-1.01765E+02
1.240234375E+08,-1.11305E+02
1.240539551E+08,-1.05205E+02
1.240844727E+08,-1.04825E+02
1.241149902E+08,-1.00705E+02
1.241455078E+08,-1.00805E+02
1.241760254E+08,-1.07725E+02
1.242065430E+08,-1.12685E+02
1.242370605E+08,-1.16545E+02
1.242675781E+08,-1.08245E+02
1.242980957E+08,-1.10125E+02
1.243286133E+08,-1.17725E+02
1.243591309E+08,-1.04345E+02
1.243896484E+08,-1.15005E+02
1.244201660E+08,-1.06305E+02
1.244506836E+08,-1.07725E+02
1.244812012E+08,-1.01965E+02
1.245117188E+08,-1.03305E+02
1.245422363E+08,-1.10045E+02
1.245727539E+08,-1.12865E+02
1.246032715E+08,-1.09965E+02
1.246337891E+08,-1.07005E+02
1.246643066E+08,-1.22565E+02
1.246948242E+08,-1.07825E+02
1.247253418E+08,-1.02985E+02
1.247558594E+08,-1.01725E+02
1.247863770E+08,-1.13705E+02
1.248168945E+08,-1.08725E+02
1.248474121E+08,-1.07465E+02
1.248779297E+08,-1.00545E+02
1.249084473E+08,-1.04185E+02
1.249389648E+08,-1.10425E+02
1.249694824E+08,-9.11054E+01
1.250000000E+08,-8.39654E+01
1.250305176E+08,-8.81654E+01
1.250610352E+08,-1.02185E+02
1.250915527E+08,-1.00525E+02
1.251220703E+08,-1.08965E+02
1.251525879E+08,-1.05925E+02
1.251831055E+08,-1.00085E+02
1.252136230E+08,-1.00885E+02
1.252441406E+08,-1.10565E+02
1.252746582E+08,-1.01925E+02
1.253051758E+08,-1.04125E+02
1.253356934E+08,-9.78654E+01
1.253662109E+08,-1.03605E+02
1.253967285E+08,-9.60254E+01
1.254272461E+08,-9.76654E+01
1.254577637E+08,-1.02525E+02
1.254882812E+08,-9.62054E+01
1.255187988E+08,-1.01225E+02
1.255493164E+08,-1.04605E+02
1.255798340E+08,-1.01745E+02
1.256103516E+08,-1.11225E+02
1.256408691E+08,-1.12665E+02
1.256713867E+08,-9.98454E+01
1.257019043E+08,-1.04625E+02
1.257324219E+08,-1.03465E+02
1.257629395E+08,-1.10845E+02
1.257934570E+08,-1.03245E+02
1.258239746E+08,-9.66654E+01
1.258544922E+08,-9.68454E+01
1.258850098E+08,-1.00825E+02
1.259155273E+08,-1.02465E+02
1.259460449E+08,-1.05905E+02
1.259765625E+08,-1.02945E+02
1.260070801E+08,-9.68654E+01
1.260375977E+08,-9.44854E+01
1.260681152E+08,-1.00725E+02
1.260986328E+08,-9.45854E+01
1.261291504E+08,-9.36654E+01
1.261596680E+08,-9.63654E+01
1.261901855E+08,-9.87254E+01
1.262207031E+08,-1.06105E+02
1.262512207E+08,-1.07625E+02
1.262817383E+08,-1.16345E+02
1.263122559E+08,-1.08125E+02
1.263427734E+08,-1.07745E+02
1.263732910E+08,-1.05485E+02
1.264038086E+08,-1.04505E+02
1.264343262E+08,-1.07345E+02
1.264648438E+08,-1.00585E+02
1.264953613E+08,-1.04605E+02
1.265258789E+08,-1.02225E+02
1.265563965E+08,-1.08005E+02
1.265869141E+08,-1.17785E+02
1.266174316E+08,-1.07945E+02
1.266479492E+08,-1.05485E+02
1.266784668E+08,-1.05085E+02
1.267089844E+08,-1.01705E+02
1.267395020E+08,-1.00885E+02
1.267700195E+08,-1.01425E+02
1.268005371E+08,-1.03565E+02
1.268310547E+08,-1.02025E+02
1.268615723E+08,-9.92654E+01
1.268920898E+08,-9.79854E+01
1.269226074E+08,-1.06605E+02
1.269531250E+08,-9.93054E+01
1.269836426E+08,-1.00625E+02
1.270141602E+08,-1.01205E+02
1.270446777E+08,-1.10605E+02
1.270751953E+08,-9.95054E+01
1.271057129E+08,-1.28345E+02
1.271362305E+08,-9.95854E+01
1.271667480E+08,-1.03945E+02
1.271972656E+08,-1.02185E+02
1.272277832E+08,-1.06245E+02
1.272583008E+08,-1.07625E+02
1.272888184E+08,-1.03665E+02
1.273193359E+08,-1.05725E+02
1.273498535E+08,-1.01785E+02
1.273803711E+08,-1.09845E+02
1.274108887E+08,-1.03765E+02
1.274414062E+08,-9.65054E+01
1.274719238E+08,-9.96254E+01
1.275024414E+08,-9.82054E+01
1.275329590E+08,-9.73254E+01
1.275634766E+08,-1.02265E+02
1.275939941E+08,-1.09125E+02
1.276245117E+08,-1.20445E+02
1.276550293E+08,-1.06585E+02
1.276855469E+08,-1.04005E+02
1.277160645E+08,-1.07425E+02
1.277465820E+08,-1.11625E+02
1.277770996E+08,-1.06945E+02
1.278076172E+08,-1.11585E+02
1.278381348E+08,-1.05805E+02
1.278686523E+08,-9.72054E+01
1.278991699E+08,-1.00225E+02
1.279296875E+08,-1.04445E+02
1.279602051E+08,-9.61454E+01
1.279907227E+08,-9.63254E+01
1.280212402E+08,-1.15325E+02
1.280517578E+08,-1.13305E+02
1.280822754E+08,-1.04365E+02
1.281127930E+08,-1.05585E+02
1.281433105E+08,-1.05525E+02
1.281738281E+08,-1.06485E+02
1.282043457E+08,-1.01265E+02
1.282348633E+08,-1.01645E+02
1.282653809E+08,-1.06585E+02
1.282958984E+08,-1.15025E+02
1.283264160E+08,-1.04565E+02
1.283569336E+08,-9.77454E+01
1.283874512E+08,-1.02885E+02
1.284179688E+08,-1.10225E+02
1.284484863E+08,-1.02965E+02
1.284790039E+08,-9.91254E+01
1.285095215E+08,-1.03985E+02
1.285400391E+08,-1.02325E+02
1.285705566E+08,-1.08465E+02
1.286010742E+08,-9.74654E+01
1.286315918E+08,-9.94054E+01
1.286621094E+08,-1.07445E+02
1.286926270E+08,-1.08965E+02
1.287231445E+08,-1.00765E+02
1.287536621E+08,-9.93454E+01
1.287841797E+08,-1.03345E+02
1.288146973E+08,-9.73654E+01
1.288452148E+08,-9.88654E+01
1.288757324E+08,-1.01525E+02
1.289062500E+08,-1.10525E+02
1.289367676E+08,-9.97654E+01
1.289672852E+08,-9.88654E+01
1.289978027E+08,-1.00125E+02
1.290283203E+08,-1.00085E+02
1.290588379E+08,-9.82454E+01
1.290893555E+08,-9.49854E+01
1.291198730E+08,-9.80454E+01
1.291503906E+08,-1.09485E+02
1.291809082E+08,-9.70654E+01
1.292114258E+08,-9.58254E+01
1.292419434E+08,-9.61254E+01
1.292724609E+08,-9.92254E+01
1.293029785E+08,-1.01065E+02
1.293334961E+08,-9.78454E+01
1.293640137E+08,-1.02685E+02
1.293945312E+08,-1.15905E+02
1.294250488E+08,-1.08405E+02
1.294555664E+08,-1.07385E+02
1.294860840E+08,-1.06245E+02
1.295166016E+08,-1.03385E+02
1.295471191E+08,-1.03965E+02
1.295776367E+08,-9.75254E+01
1.296081543E+08,-9.93454E+01
1.296386719E+08,-1.10745E+02
1.296691895E+08,-1.02985E+02
1.296997070E+08,-1.01725E+02
1.297302246E+08,-1.10005E+02
1.297607422E+08,-9.78054E+01
1.297912598E+08,-9.33254E+01
1.298217773E+08,-9.67454E+01
1.298522949E+08,-1.01285E+02
1.298828125E+08,-1.00685E+02
1.299133301E+08,-1.03725E+02
1.299438477E+08,-1.01105E+02
1.299743652E+08,-8.09254E+01
1.300048828E+08,-7.62654E+01
1.300354004E+08,-8.33654E+01
1.300659180E+08,-9.88654E+01
1.300964355E+08,-1.00005E+02
1.301269531E+08,-1.04445E+02
1.301574707E+08,-1.10805E+02
1.301879883E+08,-9.78254E+01
1.302185059E+08,-9.49654E+01
1.302490234E+08,-1.02445E+02
1.302795410E+08,-9.94454E+01
1.303100586E+08,-9.69854E+01
1.303405762E+08,-9.82654E+01
1.303710938E+08,-1.00805E+02
1.304016113E+08,-1.05285E+02
1.304321289E+08,-1.08945E+02
1.304626465E+08,-1.01965E+02
1.304931641E+08,-9.77254E+01
1.305236816E+08,-9.81054E+01
1.305541992E+08,-1.09005E+02
1.305847168E+08,-1.05285E+02
1.306152344E+08,-1.01725E+02
1.306457520E+08,-1.03465E+02
1.306762695E+08,-1.03385E+02
1.307067871E+08,-1.16265E+02
1.307373047E+08,-1.04325E+02
1.307678223E+08,-1.10725E+02
1.307983398E+08,-1.11485E+02
1.308288574E+08,-1.14845E+02
1.308593750E+08,-1.04085E+02
1.308898926E+08,-9.95454E+01
1.309204102E+08,-1.03505E+02
1.309509277E+08,-1.05125E+02
1.309814453E+08,-1.08365E+02
1.310119629E+08,-1.09665E+02
1.310424805E+08,-9.59054E+01
1.310729980E+08,-9.70854E+01
1.311035156E+08,-1.17785E+02
1.311340332E+08,-1.14065E+02
1.311645508E+08,-1.08365E+02
1.311950684E+08,-1.23425E+02
1.312255859E+08,-1.15805E+02
1.312561035E+08,-1.18025E+02
1.312866211E+08,-1.04785E+02
1.313171387E+08,-9.94454E+01
1.313476562E+08,-1.07465E+02
1.313781738E+08,-1.12745E+02
1.314086914E+08,-1.01545E+02
1.314392090E+08,-1.02605E+02
1.314697266E+08,-1.03725E+02
1.315002441E+08,-9.65454E+01
1.315307617E+08,-9.81654E+01
1.315612793E+08,-1.11525E+02
1.315917969E+08,-9.98454E+01
1.316223145E+08,-1.07445E+02
1.316528320E+08,-1.06285E+02
1.316833496E+08,-1.01665E+02
1.317138672E+08,-1.11725E+02
1.317443848E+08,-1.00765E+02
1.317749023E+08,-1.18345E+02
1.318054199E+08,-9.90654E+01
1.318359375E+08,-1.03665E+02
1.318664551E+08,-9.84654E+01
1.318969727E+08,-9.81654E+01
1.319274902E+08,-1.10265E+02
1.319580078E+08,-1.11685E+02
1.319885254E+08,-1.21225E+02
1.320190430E+08,-1.04025E+02
1.320495605E+08,-1.02505E+02
1.320800781E+08,-1.03045E+02
1.321105957E+08,-1.03545E+02
1.321411133E+08,-1.10745E+02
1.321716309E+08,-1.01625E+02
1.322021484E+08,-1.00525E+02
1.322326660E+08,-1.04985E+02
1.322631836E+08,-1.07105E+02
1.322937012E+08,-1.15285E+02
1.323242188E+08,-1.12205E+02
1.323547363E+08,-1.05045E+02
1.323852539E+08,-1.08185E+02
1.324157715E+08,-1.01085E+02
1.324462891E+08,-1.03485E+02
1.324768066E+08,-1.10325E+02
1.325073242E+08,-1.11285E+02
1.325378418E+08,-1.03065E+02
1.325683594E+08,-1.00565E+02
1.325988770E+08,-9.74254E+01
1.326293945E+08,-1.00485E+02
1.326599121E+08,-1.00625E+02
1.326904297E+08,-1.00765E+02
1.327209473E+08,-9.92654E+01
1.327514648E+08,-1.00005E+02
1.327819824E+08,-1.03245E+02
1.328125000E+08,-9.83654E+01
1.328430176E+08,-1.10745E+02
1.328735352E+08,-1.02225E+02
1.329040527E+08,-1.10185E+02
1.329345703E+08,-1.36705E+02
1.329650879E+08,-1.02445E+02
1.329956055E+08,-1.03525E+02
1.330261230E+08,-9.88454E+01
1.330566406E+08,-9.97654E+01
1.330871582E+08,-1.24865E+02
1.331176758E+08,-9.90654E+01
1.331481934E+08,-9.98854E+01
1.331787109E+08,-9.64054E+01
1.332092285E+08,-9.42454E+01
1.332397461E+08,-9.80254E+01
1.332702637E+08,-1.04445E+02
1.333007812E+08,-1.06405E+02
1.333312988E+08,-1.07065E+02
1.333618164E+08,-1.06965E+02
1.333923340E+08,-1.01025E+02
1.334228516E+08,-1.13305E+02
1.334533691E+08,-9.99254E+01
1.334838867E+08,-1.06725E+02
1.335144043E+08,-9.88654E+01
1.335449219E+08,-9.88654E+01
1.335754395E+08,-1.08545E+02
1.336059570E+08,-1.02845E+02
1.336364746E+08,-1.01605E+02
1.336669922E+08,-1.04025E+02
1.336975098E+08,-1.14925E+02
1.337280273E+08,-1.01145E+02
1.337585449E+08,-1.01965E+02
1.337890625E+08,-1.04905E+02
1.338195801E+08,-1.14865E+02
1.338500977E+08,-1.14785E+02
1.338806152E+08,-1.05765E+02
1.339111328E+08,-1.08345E+02
1.339416504E+08,-1.02645E+02
1.339721680E+08,-1.07625E+02
1.340026855E+08,-9.95854E+01
1.340332031E+08,-9.82054E+01
1.340637207E+08,-9.82654E+01
1.340942383E+08,-1.05265E+02
1.341247559E+08,-1.04305E+02
1.341552734E+08,-1.04245E+02
1.341857910E+08,-1.00825E+02
1.342163086E+08,-1.01905E+02
1.342468262E+08,-1.10925E+02
1.342773438E+08,-1.02185E+02
1.343078613E+08,-1.10465E+02
1.343383789E+08,-1.08485E+02
1.343688965E+08,-1.04205E+02
1.343994141E+08,-1.07065E+02
1.344299316E+08,-9.90254E+01
1.344604492E+08,-9.81854E+01
1.344909668E+08,-1.08105E+02
1.345214844E+08,-1.07405E+02
1.345520020E+08,-1.00745E+02
1.345825195E+08,-1.02685E+02
1.346130371E+08,-1.04345E+02
1.346435547E+08,-1.01485E+02
1.346740723E+08,-1.00545E+02
1.347045898E+08,-9.79454E+01
1.347351074E+08,-1.03205E+02
1.347656250E+08,-1.11725E+02
1.347961426E+08,-1.13085E+02
1.348266602E+08,-1.05385E+02
1.348571777E+08,-1.04605E+02
1.348876953E+08,-1.02345E+02
1.349182129E+08,-9.99254E+01
1.349487305E+08,-1.02505E+02
1.349792480E+08,-1.06105E+02
1.350097656E+08,-1.09885E+02
1.350402832E+08,-1.06285E+02
1.350708008E+08,-1.02505E+02
1.351013184E+08,-1.06405E+02
1.351318359E+08,-1.13205E+02
1.351623535E+08,-1.08205E+02
1.351928711E+08,-1.02145E+02
1.352233887E+08,-1.01725E+02
1.352539062E+08,-1.00185E+02
1.352844238E+08,-1.00385E+02
1.353149414E+08,-1.19805E+02
1.353454590E+08,-1.00185E+02
1.353759766E+08,-9.92254E+01
1.354064941E+08,-1.08945E+02
1.354370117E+08,-1.07725E+02
1.354675293E+08,-1.05565E+02
1.354980469E+08,-1.03905E+02
1.355285645E+08,-1.01505E+02
1.355590820E+08,-1.24625E+02
1.355895996E+08,-1.05585E+02
1.356201172E+08,-1.04345E+02
1.356506348E+08,-1.01905E+02
1.356811523E+08,-1.03965E+02
1.357116699E+08,-9.71654E+01
1.357421875E+08,-9.70454E+01
1.357727051E+08,-1.00505E+02
1.358032227E+08,-1.00385E+02
1.358337402E+08,-1.00965E+02
1.358642578E+08,-1.02005E+02
1.358947754E+08,-9.88654E+01
1.359252930E+08,-1.00005E+02
1.359558105E+08,-1.04585E+02
1.359863281E+08,-9.92054E+01
1.360168457E+08,-9.75854E+01
1.360473633E+08,-9.94854E+01
1.360778809E+08,-9.77854E+01
1.361083984E+08,-9.75454E+01
1.361389160E+08,-1.01465E+02
1.361694336E+08,-1.07945E+02
1.361999512E+08,-1.02285E+02
1.362304688E+08,-9.77054E+01
1.362609863E+08,-9.87254E+01
1.362915039E+08,-1.02345E+02
1.363220215E+08,-1.13885E+02
1.363525391E+08,-1.02945E+02
1.363830566E+08,-9.93454E+01
1.364135742E+08,-1.01285E+02
1.364440918E+08,-9.88654E+01
1.364746094E+08,-9.64054E+01
1.365051270E+08,-1.04685E+02
1.365356445E+08,-1.03745E+02
1.365661621E+08,-1.03505E+02
1.365966797E+08,-1.00805E+02
1.366271973E+08,-1.02305E+02
1.366577148E+08,-1.00625E+02
1.366882324E+08,-1.04105E+02
1.367187500E+08,-1.02845E+02
1.367492676E+08,-1.03145E+02
1.367797852E+08,-1.03945E+02
1.368103027E+08,-9.97054E+01
1.368408203E+08,-9.54254E+01
1.368713379E+08,-9.96254E+01
1.369018555E+08,-1.01745E+02
1.369323730E+08,-9.93654E+01
1.369628906E+08,-1.04005E+02
1.369934082E+08,-1.03865E+02
1.370239258E+08,-1.11065E+02
1.370544434E+08,-1.02365E+02
1.370849609E+08,-1.00085E+02
1.371154785E+08,-1.02465E+02
1.371459961E+08,-1.05325E+02
1.371765137E+08,-9.88054E+01
1.372070312E+08,-9.84854E+01
1.372375488E+08,-1.05065E+02
1.372680664E+08,-1.02145E+02
1.372985840E+08,-9.84854E+01
1.373291016E+08,-1.02445E+02
1.373596191E+08,-9.86854E+01
1.373901367E+08,-1.01725E+02
1.374206543E+08,-1.01905E+02
1.374511719E+08,-1.00745E+02
1.374816895E+08,-9.48054E+01
1.375122070E+08,-9.50054E+01
1.375427246E+08,-1.03585E+02
1.375732422E+08,-1.02325E+02
1.376037598E+08,-9.83254E+01
1.376342773E+08,-1.04625E+02
1.376647949E+08,-1.17605E+02
1.376953125E+08,-1.08185E+02
1.377258301E+08,-1.01025E+02
1.377563477E+08,-1.05485E+02
1.377868652E+08,-1.06265E+02
1.378173828E+08,-1.03205E+02
1.378479004E+08,-1.07545E+02
1.378784180E+08,-1.02145E+02
1.379089355E+08,-1.00885E+02
1.379394531E+08,-9.75254E+01
1.379699707E+08,-1.03105E+02
1.380004883E+08,-1.06305E+02
1.380310059E+08,-1.04225E+02
1.380615234E+08,-1.11385E+02
1.380920410E+08,-1.11025E+02
1.381225586E+08,-9.59854E+01
1.381530762E+08,-9.17654E+01
1.381835938E+08,-9.60854E+01
1.382141113E+08,-1.07025E+02
1.382446289E+08,-1.12705E+02
1.382751465E+08,-1.05905E+02
1.383056641E+08,-1.04025E+02
1.383361816E+08,-1.08365E+02
1.383666992E+08,-1.04525E+02
1.383972168E+08,-1.15305E+02
1.384277344E+08,-1.04965E+02
1.384582520E+08,-1.07025E+02
1.384887695E+08,-1.03525E+02
1.385192871E+08,-1.05525E+02
1.385498047E+08,-1.06865E+02
1.385803223E+08,-1.00345E+02
1.386108398E+08,-1.07345E+02
1.386413574E+08,-1.13945E+02
1.386718750E+08,-1.01905E+02
1.387023926E+08,-1.09745E+02
1.387329102E+08,-1.01065E+02
1.387634277E+08,-1.09225E+02
1.387939453E+08,-1.04345E+02
1.388244629E+08,-9.92254E+01
1.388549805E+08,-1.02505E+02
1.388854980E+08,-1.05445E+02
1.389160156E+08,-1.07125E+02
1.389465332E+08,-1.18045E+02
1.389770508E+08,-1.09705E+02
1.390075684E+08,-1.03945E+02
1.390380859E+08,-1.06305E+02
1.390686035E+08,-1.04365E+02
1.390991211E+08,-1.01885E+02
1.391296387E+08,-1.05025E+02
1.391601562E+08,-1.06605E+02
1.391906738E+08,-1.18625E+02
1.392211914E+08,-1.05725E+02
1.392517090E+08,-1.01805E+02
1.392822266E+08,-1.01965E+02
1.393127441E+08,-1.08605E+02
1.393432617E+08,-1.04785E+02
1.393737793E+08,-1.07625E+02
1.394042969E+08,-1.05165E+02
1.394348145E+08,-1.02585E+02
1.394653320E+08,-1.10785E+02
1.394958496E+08,-1.15665E+02
1.395263672E+08,-1.01765E+02
1.395568848E+08,-1.01365E+02
1.395874023E+08,-1.05865E+02
1.396179199E+08,-9.93654E+01
1.396484375E+08,-1.03225E+02
1.396789551E+08,-1.06465E+02
1.397094727E+08,-1.08945E+02
1.397399902E+08,-1.02245E+02
1.397705078E+08,-1.01805E+02
1.398010254E+08,-1.00345E+02
1.398315430E+08,-1.08725E+02
1.398620605E+08,-1.00865E+02
1.398925781E+08,-9.78654E+01
1.399230957E+08,-1.00045E+02
1.399536133E+08,-9.83654E+01
1.399841309E+08,-9.37454E+01
1.400146484E+08,-9.56654E+01
1.400451660E+08,-1.08565E+02
1.400756836E+08,-1.05325E+02
1.401062012E+08,-1.03965E+02
1.401367188E+08,-1.10845E+02
1.401672363E+08,-1.03065E+02
1.401977539E+08,-1.03045E+02
1.402282715E+08,-1.04505E+02
1.402587891E+08,-9.88054E+01
1.402893066E+08,-9.55254E+01
1.403198242E+08,-1.02005E+02
1.403503418E+08,-1.09165E+02
1.403808594E+08,-1.09445E+02
1.404113770E+08,-1.10425E+02
1.404418945E+08,-1.03725E+02
1.404724121E+08,-1.06505E+02
1.405029297E+08,-1.04365E+02
1.405334473E+08,-9.85254E+01
1.405639648E+08,-1.01165E+02
1.405944824E+08,-1.09225E+02
1.406250000E+08,-1.08185E+02
1.406555176E+08,-1.07285E+02
1.406860352E+08,-1.03245E+02
1.407165527E+08,-1.03885E+02
1.407470703E+08,-1.08325E+02
1.407775879E+08,-1.07085E+02
1.408081055E+08,-1.04625E+02
1.408386230E+08,-1.11905E+02
1.408691406E+08,-1.13465E+02
1.408996582E+08,-9.84254E+01
1.409301758E+08,-1.00685E+02
1.409606934E+08,-1.01665E+02
1.409912109E+08,-1.03965E+02
1.410217285E+08,-1.07525E+02
1.410522461E+08,-1.01465E+02
1.410827637E+08,-9.78454E+01
1.411132812E+08,-9.97054E+01
1.411437988E+08,-1.08365E+02
1.411743164E+08,-1.12905E+02
1.412048340E+08,-1.02165E+02
1.412353516E+08,-1.02985E+02
1.412658691E+08,-1.04325E+02
1.412963867E+08,-1.09225E+02
1.413269043E+08,-1.02185E+02
1.413574219E+08,-9.91054E+01
1.413879395E+08,-1.04305E+02
1.414184570E+08,-1.13905E+02
1.414489746E+08,-1.11585E+02
1.414794922E+08,-1.10085E+02
1.415100098E+08,-1.07165E+02
1.415405273E+08,-1.04145E+02
1.415710449E+08,-1.00985E+02
1.416015625E+08,-1.02285E+02
1.416320801E+08,-1.04265E+02
1.416625977E+08,-1.02345E+02
1.416931152E+08,-1.00185E+02
1.417236328E+08,-1.04965E+02
1.417541504E+08,-1.18245E+02
1.417846680E+08,-1.03025E+02
1.418151855E+08,-1.00705E+02
1.418457031E+08,-1.01485E+02
1.418762207E+08,-9.74654E+01
1.419067383E+08,-9.72254E+01
1.419372559E+08,-1.00125E+02
1.419677734E+08,-1.01865E+02
1.419982910E+08,-9.98854E+01
1.420288086E+08,-1.13605E+02
1.420593262E+08,-9.94054E+01
1.420898438E+08,-9.59654E+01
1.421203613E+08,-1.01425E+02
1.421508789E+08,-9.81054E+01
1.421813965E+08,-9.54654E+01
1.422119141E+08,-1.05185E+02
1.422424316E+08,-1.03945E+02
1.422729492E+08,-1.04585E+02
1.423034668E+08,-1.05045E+02
1.423339844E+08,-1.00385E+02
1.423645020E+08,-1.02425E+02
1.423950195E+08,-1.05005E+02
1.424255371E+08,-1.14685E+02
1.424560547E+08,-9.85254E+01
1.424865723E+08,-9.52854E+01
1.425170898E+08,-9.99254E+01
1.425476074E+08,-1.06385E+02
1.425781250E+08,-1.03165E+02
1.426086426E+08,-1.03165E+02
1.426391602E+08,-1.01585E+02
1.426696777E+08,-1.00885E+02
1.427001953E+08,-1.03965E+02
1.427307129E+08,-1.08565E+02
1.427612305E+08,-1.04005E+02
1.427917480E+08,-1.05765E+02
1.428222656E+08,-1.03165E+02
1.428527832E+08,-1.05005E+02
1.428833008E+08,-1.02665E+02
1.429138184E+08,-1.04865E+02
1.429443359E+08,-9.65654E+01
1.429748535E+08,-9.72054E+01
1.430053711E+08,-9.92054E+01
1.430358887E+08,-1.12825E+02
1.430664062E+08,-1.01065E+02
1.430969238E+08,-1.01925E+02
1.431274414E+08,-1.17705E+02
1.431579590E+08,-1.08105E+02
1.431884766E+08,-1.05705E+02
1.432189941E+08,-1.00865E+02
1.432495117E+08,-1.11025E+02
1.432800293E+08,-1.11885E+02
1.433105469E+08,-1.09545E+02
1.433410645E+08,-1.12805E+02
1.433715820E+08,-1.03325E+02
1.434020996E+08,-9.78454E+01
1.434326172E+08,-9.60454E+01
1.434631348E+08,-1.01425E+02
1.434936523E+08,-1.05285E+02
1.435241699E+08,-9.81654E+01
1.435546875E+08,-9.96654E+01
1.435852051E+08,-1.22925E+02
1.436157227E+08,-1.01845E+02
1.436462402E+08,-9.73254E+01
1.436767578E+08,-9.89654E+01
1.437072754E+08,-1.02485E+02
1.437377930E+08,-1.01225E+02
1.437683105E+08,-1.02965E+02
1.437988281E+08,-1.00265E+02
1.438293457E+08,-1.00305E+02
1.438598633E+08,-1.04405E+02
1.438903809E+08,-1.03425E+02
1.439208984E+08,-1.05985E+02
1.439514160E+08,-1.01565E+02
1.439819336E+08,-9.77454E+01
1.440124512E+08,-9.77254E+01
1.440429688E+08,-1.02405E+02
1.440734863E+08,-1.10085E+02
1.441040039E+08,-1.02925E+02
1.441345215E+08,-1.08545E+02
1.441650391E+08,-1.09165E+02
1.441955566E+08,-1.03005E+02
1.442260742E+08,-1.00265E+02
1.442565918E+08,-1.00745E+02
1.442871094E+08,-1.01745E+02
1.443176270E+08,-1.05365E+02
1.443481445E+08,-1.05305E+02
1.443786621E+08,-1.12725E+02
1.444091797E+08,-1.05605E+02
1.444396973E+08,-1.12185E+02
1.444702148E+08,-1.03205E+02
1.445007324E+08,-1.08945E+02
1.445312500E+08,-1.14045E+02
1.445617676E+08,-1.13145E+02
1.445922852E+08,-1.05985E+02
1.446228027E+08,-9.90054E+01
1.446533203E+08,-1.01145E+02
1.446838379E+08,-1.18605E+02
1.447143555E+08,-9.97054E+01
1.447448730E+08,-9.59054E+01
1.447753906E+08,-1.00005E+02
1.448059082E+08,-1.08245E+02
1.448364258E+08,-1.05965E+02
1.448669434E+08,-1.03245E+02
1.448974609E+08,-1.17685E+02
1.449279785E+08,-1.07265E+02
1.449584961E+08,-1.08905E+02
1.449890137E+08,-1.05925E+02
1.450195312E+08,-1.01445E+02
1.450500488E+08,-1.03345E+02
1.450805664E+08,-9.95854E+01
1.451110840E+08,-1.06405E+02
1.451416016E+08,-1.09925E+02
1.451721191E+08,-1.05125E+02
1.452026367E+08,-1.04145E+02
1.452331543E+08,-9.86654E+01
1.452636719E+08,-1.04865E+02
1.452941895E+08,-1.03445E+02
1.453247070E+08,-1.02345E+02
1.453552246E+08,-1.02745E+02
1.453857422E+08,-1.02705E+02
1.454162598E+08,-1.10225E+02
1.454467773E+08,-1.06325E+02
1.454772949E+08,-9.98454E+01
1.455078125E+08,-1.02025E+02
1.455383301E+08,-1.00365E+02
1.455688477E+08,-9.93654E+01
1.455993652E+08,-1.00465E+02
1.456298828E+08,-1.02285E+02
1.456604004E+08,-1.15185E+02
1.456909180E+08,-1.08405E+02
1.457214355E+08,-1.13245E+02
1.457519531E+08,-1.12925E+02
1.457824707E+08,-1.07745E+02
1.458129883E+08,-1.00805E+02
1.458435059E+08,-9.82054E+01
1.458740234E+08,-1.03245E+02
1.459045410E+08,-1.03405E+02
1.459350586E+08,-1.09365E+02
1.459655762E+08,-1.07625E+02
1.459960938E+08,-1.01485E+02
1.460266113E+08,-1.08165E+02
1.460571289E+08,-9.88654E+01
1.460876465E+08,-9.62854E+01
1.461181641E+08,-1.02925E+02
1.461486816E+08,-1.01105E+02
1.461791992E+08,-1.00085E+02
1.462097168E+08,-1.15765E+02
1.462402344E+08,-1.04185E+02
1.462707520E+08,-1.05985E+02
1.463012695E+08,-1.06065E+02
1.463317871E+08,-1.05205E+02
1.463623047E+08,-1.04185E+02
1.463928223E+08,-1.06805E+02
1.464233398E+08,-1.09885E+02
1.464538574E+08,-1.20385E+02
1.464843750E+08,-1.03505E+02
1.465148926E+08,-1.02885E+02
1.465454102E+08,-9.97054E+01
1.465759277E+08,-1.00085E+02
1.466064453E+08,-1.09845E+02
1.466369629E+08,-1.01925E+02
1.466674805E+08,-9.89454E+01
1.466979980E+08,-1.06925E+02
1.467285156E+08,-1.12405E+02
1.467590332E+08,-1.17485E+02
1.467895508E+08,-1.05385E+02
1.468200684E+08,-1.08565E+02
1.468505859E+08,-1.10845E+02
1.468811035E+08,-1.08625E+02
1.469116211E+08,-1.08945E+02
1.469421387E+08,-9.97054E+01
1.469726562E+08,-9.91654E+01
1.470031738E+08,-1.05645E+02
1.470336914E+08,-1.15245E+02
1.470642090E+08,-1.09665E+02
1.470947266E+08,-1.02165E+02
1.471252441E+08,-1.00925E+02
1.471557617E+08,-1.09845E+02
1.471862793E+08,-1.07165E+02
1.472167969E+08,-1.08085E+02
1.472473145E+08,-1.07565E+02
1.472778320E+08,-1.11605E+02
1.473083496E+08,-1.07325E+02
1.473388672E+08,-1.03985E+02
1.473693848E+08,-1.09205E+02
1.473999023E+08,-1.07485E+02
1.474304199E+08,-1.11585E+02
1.474609375E+08,-1.01205E+02
1.474914551E+08,-9.97654E+01
1.475219727E+08,-1.10085E+02
1.475524902E+08,-1.06225E+02
1.475830078E+08,-1.09845E+02
1.476135254E+08,-1.11025E+02
1.476440430E+08,-1.17865E+02
1.476745605E+08,-1.05145E+02
1.477050781E+08,-1.07485E+02
1.477355957E+08,-1.12765E+02
1.477661133E+08,-1.07985E+02
1.477966309E+08,-1.08605E+02
1.478271484E+08,-1.00945E+02
1.478576660E+08,-9.89054E+01
1.478881836E+08,-1.04945E+02
1.479187012E+08,-1.02685E+02
1.479492188E+08,-1.00685E+02
1.479797363E+08,-1.01965E+02
1.480102539E+08,-9.96654E+01
1.480407715E+08,-1.01845E+02
1.480712891E+08,-1.02365E+02
1.481018066E+08,-9.99654E+01
1.481323242E+08,-1.02185E+02
1.481628418E+08,-1.02225E+02
1.481933594E+08,-9.93654E+01
1.482238770E+08,-9.98454E+01
1.482543945E+08,-1.01925E+02
1.482849121E+08,-1.00585E+02
1.483154297E+08,-1.04045E+02
1.483459473E+08,-1.06985E+02
1.483764648E+08,-1.16485E+02
1.484069824E+08,-1.11865E+02
1.484375000E+08,-1.11425E+02
1.484680176E+08,-1.29805E+02
1.484985352E+08,-9.93054E+01
1.485290527E+08,-9.86054E+01
1.485595703E+08,-9.97654E+01
1.485900879E+08,-1.02365E+02
1.486206055E+08,-1.10945E+02
1.486511230E+08,-1.06405E+02
1.486816406E+08,-9.82054E+01
1.487121582E+08,-9.75854E+01
1.487426758E+08,-9.86254E+01
1.487731934E+08,-1.02685E+02
1.488037109E+08,-1.10705E+02
1.488342285E+08,-1.05845E+02
1.488647461E+08,-1.00305E+02
1.488952637E+08,-9.91054E+01
1.489257812E+08,-1.01305E+02
1.489562988E+08,-1.00045E+02
1.489868164E+08,-1.03425E+02
1.490173340E+08,-1.13045E+02
1.490478516E+08,-1.05445E+02
1.490783691E+08,-1.13685E+02
1.491088867E+08,-1.05085E+02
1.491394043E+08,-9.93454E+01
1.491699219E+08,-1.01425E+02
1.492004395E+08,-1.20225E+02
1.492309570E+08,-1.05125E+02
1.492614746E+08,-1.12585E+02
1.492919922E+08,-1.00465E+02
1.493225098E+08,-9.99254E+01
1.493530273E+08,-1.03825E+02
1.493835449E+08,-1.07025E+02
1.494140625E+08,-1.15325E+02
1.494445801E+08,-1.08325E+02
1.494750977E+08,-1.05485E+02
1.495056152E+08,-1.01505E+02
1.495361328E+08,-1.05725E+02
1.495666504E+08,-9.57654E+01
1.495971680E+08,-1.00085E+02
1.496276855E+08,-1.11945E+02
1.496582031E+08,-1.18185E+02
1.496887207E+08,-1.04745E+02
1.497192383E+08,-1.01125E+02
1.497497559E+08,-1.07225E+02
1.497802734E+08,-1.03245E+02
1.498107910E+08,-9.89054E+01
1.498413086E+08,-1.01805E+02
1.498718262E+08,-1.02445E+02
1.499023438E+08,-9.57654E+01
1.499328613E+08,-9.49854E+01
1.499633789E+08,-8.22654E+01
1.499938965E+08,-7.28654E+01
1.500244141E+08,-7.62654E+01
1.500549316E+08,-1.10425E+02
1.500854492E+08,-1.01085E+02
1.501159668E+08,-1.06945E+02
1.501464844E+08,-1.00425E+02
1.501770020E+08,-1.00445E+02
1.502075195E+08,-1.01605E+02
1.502380371E+08,-1.00405E+02
1.502685547E+08,-9.75454E+01
1.502990723E+08,-9.85654E+01
1.503295898E+08,-1.01845E+02
1.503601074E+08,-1.16545E+02
1.503906250E+08,-1.04925E+02
1.504211426E+08,-9.75654E+01
1.504516602E+08,-9.70454E+01
1.504821777E+08,-1.03345E+02
1.505126953E+08,-1.18625E+02
1.505432129E+08,-1.03865E+02
1.505737305E+08,-1.02045E+02
1.506042480E+08,-1.07425E+02
1.506347656E+08,-1.06685E+02
1.506652832E+08,-1.12125E+02
1.506958008E+08,-1.11145E+02
1.507263184E+08,-1.00005E+02
1.507568359E+08,-9.63054E+01
1.507873535E+08,-9.78254E+01
1.508178711E+08,-1.00585E+02
1.508483887E+08,-1.09765E+02
1.508789062E+08,-1.00865E+02
1.509094238E+08,-1.04785E+02
1.509399414E+08,-1.01205E+02
1.509704590E+08,-9.84254E+01
1.510009766E+08,-9.67254E+01
1.510314941E+08,-9.53254E+01
1.510620117E+08,-1.01605E+02
1.510925293E+08,-9.59854E+01
1.511230469E+08,-1.03145E+02
1.511535645E+08,-1.03025E+02
1.511840820E+08,-1.06365E+02
1.512145996E+08,-1.03245E+02
1.512451172E+08,-1.00445E+02
1.512756348E+08,-9.56454E+01
1.513061523E+08,-9.66054E+01
1.513366699E+08,-1.01765E+02
1.513671875E+08,-1.12245E+02
1.513977051E+08,-1.03785E+02
1.514282227E+08,-1.02465E+02
1.514587402E+08,-1.03105E+02
1.514892578E+08,-1.03245E+02
1.515197754E+08,-1.06985E+02
1.515502930E+08,-1.06985E+02
1.515808105E+08,-1.12045E+02
1.516113281E+08,-1.01705E+02
1.516418457E+08,-1.07025E+02
1.516723633E+08,-1.13245E+02
1.517028809E+08,-1.05185E+02
1.517333984E+08,-1.00225E+02
1.517639160E+08,-9.97054E+01
1.517944336E+08,-1.07325E+02
1.518249512E+08,-1.00125E+02
1.518554688E+08,-1.03885E+02
1.518859863E+08,-1.00385E+02
1.519165039E+08,-9.85654E+01
1.519470215E+08,-9.69054E+01
1.519775391E+08,-9.58454E+01
1.520080566E+08,-1.02685E+02
1.520385742E+08,-9.93654E+01
1.520690918E+08,-9.68654E+01
1.520996094E+08,-9.89054E+01
1.521301270E+08,-9.76254E+01
1.521606445E+08,-1.02605E+02
1.521911621E+08,-1.17845E+02
1.522216797E+08,-1.04205E+02
1.522521973E+08,-1.07165E+02
1.522827148E+08,-1.02105E+02
1.523132324E+08,-1.02245E+02
1.523437500E+08,-9.94854E+01
1.523742676E+08,-1.00225E+02
1.524047852E+08,-1.04105E+02
1.524353027E+08,-1.08105E+02
1.524658203E+08,-1.07685E+02
1.524963379E+08,-1.03105E+02
1.525268555E+08,-1.13285E+02
1.525573730E+08,-1.03845E+02
1.525878906E+08,-1.01085E+02
1.526184082E+08,-9.73854E+01
1.526489258E+08,-9.43454E+01
1.526794434E+08,-9.71654E+01
1.527099609E+08,-1.10925E+02
1.527404785E+08,-9.67454E+01
1.527709961E+08,-9.90054E+01
1.528015137E+08,-1.00265E+02
1.528320312E+08,-9.68054E+01
1.528625488E+08,-9.68654E+01
1.528930664E+08,-9.81254E+01
1.529235840E+08,-1.09005E+02
1.529541016E+08,-1.05205E+02
1.529846191E+08,-9.75854E+01
1.530151367E+08,-9.59254E+01
1.530456543E+08,-1.09585E+02
1.530761719E+08,-1.02425E+02
1.531066895E+08,-9.80054E+01
1.531372070E+08,-9.69854E+01
1.531677246E+08,-1.05145E+02
1.531982422E+08,-1.04025E+02
1.532287598E+08,-1.03825E+02
1.532592773E+08,-1.04005E+02
1.532897949E+08,-1.05985E+02
1.533203125E+08,-1.05985E+02
1.533508301E+08,-1.10785E+02
1.533813477E+08,-9.78454E+01
1.534118652E+08,-9.55654E+01
1.534423828E+08,-9.85654E+01
1.534729004E+08,-1.08045E+02
1.535034180E+08,-9.88654E+01
1.535339355E+08,-9.37654E+01
1.535644531E+08,-9.96254E+01
1.535949707E+08,-1.03645E+02
1.536254883E+08,-1.03705E+02
1.536560059E+08,-1.03985E+02
1.536865234E+08,-1.02085E+02
1.537170410E+08,-1.00865E+02
1.537475586E+08,-1.05305E+02
1.537780762E+08,-1.07405E+02
1.538085938E+08,-1.04845E+02
1.538391113E+08,-1.08685E+02
1.538696289E+08,-1.05785E+02
1.539001465E+08,-1.15785E+02
1.539306641E+08,-9.75254E+01
1.539611816E+08,-9.51654E+01
1.539916992E+08,-1.04745E+02
1.540222168E+08,-1.23765E+02
1.540527344E+08,-1.04665E+02
1.540832520E+08,-1.05585E+02
1.541137695E+08,-1.12025E+02
1.541442871E+08,-1.02325E+02
1.541748047E+08,-1.11605E+02
1.542053223E+08,-1.03445E+02
1.542358398E+08,-9.89054E+01
1.542663574E+08,-1.04845E+02
1.542968750E+08,-9.90054E+01
1.543273926E+08,-1.01145E+02
1.543579102E+08,-1.14825E+02
1.543884277E+08,-1.01065E+02
1.544189453E+08,-9.79254E+01
1.544494629E+08,-1.01325E+02
1.544799805E+08,-1.00425E+02
1.545104980E+08,-1.07105E+02
1.545410156E+08,-1.07985E+02
1.545715332E+08,-1.01445E+02
1.546020508E+08,-9.62854E+01
1.546325684E+08,-9.95054E+01
1.546630859E+08,-1.11605E+02
1.546936035E+08,-1.04345E+02
1.547241211E+08,-1.01465E+02
1.547546387E+08,-9.91254E+01
1.547851562E+08,-1.11825E+02
1.548156738E+08,-1.03445E+02
1.548461914E+08,-1.15045E+02
1.548767090E+08,-9.93654E+01
1.549072266E+08,-9.97454E+01
1.549377441E+08,-9.74454E+01
1.549682617E+08,-1.05265E+02
1.549987793E+08,-1.07365E+02
1.550292969E+08,-9.80254E+01
1.550598145E+08,-1.05225E+02
1.550903320E+08,-9.04254E+01
1.551208496E+08,-8.77254E+01
1.551513672E+08,-8.24454E+01
1.551818848E+08,-8.60454E+01
1.552124023E+08,-9.60054E+01
1.552429199E+08,-1.08165E+02
1.552734375E+08,-1.03985E+02
1.553039551E+08,-1.02825E+02
1.553344727E+08,-9.74054E+01
1.553649902E+08,-9.80454E+01
1.553955078E+08,-9.82054E+01
1.554260254E+08,-1.07785E+02
1.554565430E+08,-1.02085E+02
1.554870605E+08,-1.00445E+02
1.555175781E+08,-1.03165E+02
1.555480957E+08,-1.01665E+02
1.555786133E+08,-1.11325E+02
1.556091309E+08,-1.13205E+02
1.556396484E+08,-1.01905E+02
1.556701660E+08,-1.05625E+02
1.557006836E+08,-1.03445E+02
1.557312012E+08,-9.81254E+01
1.557617188E+08,-9.60654E+01
1.557922363E+08,-1.01185E+02
1.558227539E+08,-9.68854E+01
1.558532715E+08,-9.99654E+01
1.558837891E+08,-9.73254E+01
1.559143066E+08,-9.45254E+01
1.559448242E+08,-9.74454E+01
1.559753418E+08,-1.02545E+02
1.560058594E+08,-9.77054E+01
1.560363770E+08,-9.77254E+01
1.560668945E+08,-9.72454E+01
1.560974121E+08,-9.50054E+01
1.561279297E+08,-1.08845E+02
1.561584473E+08,-1.03225E+02
1.561889648E+08,-9.86054E+01
1.562194824E+08,-9.52854E+01
1.562500000E+08,-9.95054E+01
1.562805176E+08,-9.98854E+01
1.563110352E+08,-1.00905E+02
1.563415527E+08,-1.03885E+02
1.563720703E+08,-9.61454E+01
1.564025879E+08,-9.40854E+01
1.564331055E+08,-9.86854E+01
1.564636230E+08,-1.03405E+02
1.564941406E+08,-1.01965E+02
1.565246582E+08,-9.12054E+01
1.565551758E+08,-9.30054E+01
1.565856934E+08,-1.01725E+02
1.566162109E+08,-1.00505E+02
1.566467285E+08,-1.01945E+02
1.566772461E+08,-9.94454E+01
1.567077637E+08,-9.37454E+01
1.567382812E+08,-9.27254E+01
1.567687988E+08,-9.33054E+01
1.567993164E+08,-1.03245E+02
1.568298340E+08,-1.01325E+02
1.568603516E+08,-1.08425E+02
1.568908691E+08,-9.76254E+01
1.569213867E+08,-9.86654E+01
1.569519043E+08,-8.93654E+01
1.569824219E+08,-9.15254E+01
1.570129395E+08,-9.47454E+01
1.570434570E+08,-9.56854E+01
1.570739746E+08,-1.08365E+02
1.571044922E+08,-9.42654E+01
1.571350098E+08,-9.62254E+01
1.571655273E+08,-9.95454E+01
1.571960449E+08,-9.86654E+01
1.572265625E+08,-9.47854E+01
1.572570801E+08,-9.64054E+01
1.572875977E+08,-9.99654E+01
1.573181152E+08,-1.00265E+02
1.573486328E+08,-1.01765E+02
1.573791504E+08,-9.68654E+01
1.574096680E+08,-9.21254E+01
1.574401855E+08,-9.39654E+01
1.574707031E+08,-9.74654E+01
1.575012207E+08,-9.70054E+01
1.575317383E+08,-9.38054E+01
1.575622559E+08,-9.79054E+01
1.575927734E+08,-1.00085E+02
1.576232910E+08,-9.47854E+01
1.576538086E+08,-9.49254E+01
1.576843262E+08,-1.05525E+02
1.577148438E+08,-9.81654E+01
1.577453613E+08,-9.60854E+01
1.577758789E+08,-1.07445E+02
1.578063965E+08,-9.95054E+01
1.578369141E+08,-9.78054E+01
1.578674316E+08,-9.67454E+01
1.578979492E+08,-8.95854E+01
1.579284668E+08,-9.38454E+01
1.579589844E+08,-1.11585E+02
1.579895020E+08,-9.99254E+01
1.580200195E+08,-9.34654E+01
1.580505371E+08,-9.32454E+01
1.580810547E+08,-9.11854E+01
1.581115723E+08,-9.73254E+01
1.581420898E+08,-9.51254E+01
1.581726074E+08,-9.88654E+01
1.582031250E+08,-1.05665E+02
1.582336426E+08,-9.30454E+01
1.582641602E+08,-8.85254E+01
1.582946777E+08,-9.31854E+01
1.583251953E+08,-1.00965E+02
1.583557129E+08,-9.18454E+01
1.583862305E+08,-9.03254E+01
1.584167480E+08,-9.05454E+01
1.584472656E+08,-9.47454E+01
1.584777832E+08,-9.88654E+01
1.585083008E+08,-9.65254E+01
1.585388184E+08,-9.55854E+01
1.585693359E+08,-9.52454E+01
1.585998535E+08,-9.53854E+01
1.586303711E+08,-8.95854E+01
1.586608887E+08,-9.04054E+01
1.586914062E+08,-9.84654E+01
1.587219238E+08,-9.37454E+01
1.587524414E+08,-1.04665E+02
1.587829590E+08,-9.48854E+01
1.588134766E+08,-9.59054E+01
1.588439941E+08,-9.30054E+01
1.588745117E+08,-9.02654E+01
1.589050293E+08,-9.10054E+01
1.589355469E+08,-9.34854E+01
1.589660645E+08,-1.00425E+02
1.589965820E+08,-9.77454E+01
1.590270996E+08,-1.04945E+02
1.590576172E+08,-9.50254E+01
1.590881348E+08,-9.67054E+01
1.591186523E+08,-1.00985E+02
1.591491699E+08,-1.06625E+02
1.591796875E+08,-1.07325E+02
1.592102051E+08,-9.81654E+01
1.592407227E+08,-9.29654E+01
1.592712402E+08,-9.87254E+01
1.593017578E+08,-9.52854E+01
1.593322754E+08,-9.25054E+01
1.593627930E+08,-9.10454E+01
1.593933105E+08,-9.05854E+01
1.594238281E+08,-9.72654E+01
1.594543457E+08,-9.55854E+01
1.594848633E+08,-1.01385E+02
1.595153809E+08,-9.94854E+01
1.595458984E+08,-1.00505E+02
1.595764160E+08,-1.01725E+02
1.596069336E+08,-1.01405E+02
1.596374512E+08,-9.61654E+01
1.596679688E+08,-1.01905E+02
1.596984863E+08,-1.02285E+02
1.597290039E+08,-1.05425E+02
1.597595215E+08,-9.64854E+01
1.597900391E+08,-9.81854E+01
1.598205566E+08,-9.79854E+01
1.598510742E+08,-9.94054E+01
1.598815918E+08,-9.69254E+01
1.599121094E+08,-1.13205E+02
1.599426270E+08,-1.02145E+02
1.599731445E+08,-8.98054E+01
1.600036621E+08,-8.69454E+01
1.600341797E+08,-9.63054E+01
1.600646973E+08,-1.03845E+02
1.600952148E+08,-1.00785E+02
1.601257324E+08,-9.66254E+01
1.601562500E+08,-9.57854E+01
1.601867676E+08,-8.85654E+01
1.602172852E+08,-8.82454E+01
1.602478027E+08,-9.17654E+01
1.602783203E+08,-9.50854E+01
1.603088379E+08,-9.93054E+01
1.603393555E+08,-9.73654E+01
1.603698730E+08,-9.27654E+01
1.604003906E+08,-9.47254E+01
1.604309082E+08,-9.53854E+01
1.604614258E+08,-9.79454E+01
1.604919434E+08,-9.92254E+01
1.605224609E+08,-9.69854E+01
1.605529785E+08,-9.43254E+01
1.605834961E+08,-9.70654E+01
1.606140137E+08,-9.33654E+01
1.606445312E+08,-9.03654E+01
1.606750488E+08,-9.02254E+01
1.607055664E+08,-9.51654E+01
1.607360840E+08,-1.03305E+02
1.607666016E+08,-9.98054E+01
1.607971191E+08,-9.50454E+01
1.608276367E+08,-9.81054E+01
1.608581543E+08,-9.76054E+01
1.608886719E+08,-9.83254E+01
1.609191895E+08,-9.72254E+01
1.609497070E+08,-9.70254E+01
1.609802246E+08,-9.65854E+01
1.610107422E+08,-9.66654E+01
1.610412598E+08,-9.58854E+01
1.610717773E+08,-9.44254E+01
1.611022949E+08,-9.81054E+01
1.611328125E+08,-9.93054E+01
1.611633301E+08,-9.39854E+01
1.611938477E+08,-9.52054E+01
1.612243652E+08,-9.63054E+01
1.612548828E+08,-8.92254E+01
1.612854004E+08,-8.93654E+01
1.613159180E+08,-9.37254E+01
1.613464355E+08,-1.01905E+02
1.613769531E+08,-9.65854E+01
1.614074707E+08,-9.67854E+01
1.614379883E+08,-9.68654E+01
1.614685059E+08,-1.04945E+02
1.614990234E+08,-8.84054E+01
1.615295410E+08,-8.97054E+01
1.615600586E+08,-1.00485E+02
1.615905762E+08,-1.02265E+02
1.616210938E+08,-1.09845E+02
1.616516113E+08,-1.03045E+02
1.616821289E+08,-1.00925E+02
1.617126465E+08,-9.36054E+01
1.617431641E+08,-9.45454E+01
1.617736816E+08,-1.07385E+02
1.618041992E+08,-9.74254E+01
1.618347168E+08,-9.14654E+01
1.618652344E+08,-9.54454E+01
1.618957520E+08,-1.00705E+02
1.619262695E+08,-9.42454E+01
1.619567871E+08,-9.26054E+01
1.619873047E+08,-9.11054E+01
1.620178223E+08,-9.59054E+01
1.620483398E+08,-9.76654E+01
1.620788574E+08,-9.21454E+01
1.621093750E+08,-8.97654E+01
1.621398926E+08,-9.57054E+01
1.621704102E+08,-1.07125E+02
1.622009277E+08,-1.01965E+02
1.622314453E+08,-9.61854E+01
1.622619629E+08,-9.37254E+01
1.622924805E+08,-9.89654E+01
1.623229980E+08,-1.16945E+02
1.623535156E+08,-1.00265E+02
1.623840332E+08,-1.00425E+02
1.624145508E+08,-9.71654E+01
1.624450684E+08,-9.74054E+01
1.624755859E+08,-1.05665E+02
1.625061035E+08,-9.98854E+01
1.625366211E+08,-9.51454E+01
1.625671387E+08,-9.07054E+01
1.625976562E+08,-9.72454E+01
1.626281738E+08,-9.76254E+01
1.626586914E+08,-1.02005E+02
1.626892090E+08,-9.73654E+01
1.627197266E+08,-1.02685E+02
1.627502441E+08,-9.38054E+01
1.627807617E+08,-8.98454E+01
1.628112793E+08,-9.06254E+01
1.628417969E+08,-9.79454E+01
1.628723145E+08,-9.20254E+01
1.629028320E+08,-9.61654E+01
1.629333496E+08,-1.00965E+02
1.629638672E+08,-1.10785E+02
1.629943848E+08,-1.12045E+02
1.630249023E+08,-9.26854E+01
1.630554199E+08,-9.19254E+01
1.630859375E+08,-9.85254E+01
1.631164551E+08,-9.24654E+01
1.631469727E+08,-9.39454E+01
1.631774902E+08,-9.67454E+01
1.632080078E+08,-1.01565E+02
1.632385254E+08,-9.95454E+01
1.632690430E+08,-9.78454E+01
1.632995605E+08,-1.00545E+02
1.633300781E+08,-9.59054E+01
1.633605957E+08,-9.03054E+01
1.633911133E+08,-9.73454E+01
1.634216309E+08,-1.01965E+02
1.634521484E+08,-1.04505E+02
1.634826660E+08,-1.01705E+02
1.635131836E+08,-9.52454E+01
1.635437012E+08,-9.60654E+01
1.635742188E+08,-9.28254E+01
1.636047363E+08,-9.64854E+01
1.636352539E+08,-1.01965E+02
1.636657715E+08,-9.52054E+01
1.636962891E+08,-9.14654E+01
1.637268066E+08,-9.11854E+01
1.637573242E+08,-9.04054E+01
1.637878418E+08,-9.13254E+01
1.638183594E+08,-9.68054E+01
1.638488770E+08,-9.14254E+01
1.638793945E+08,-9.72054E+01
1.639099121E+08,-9.29454E+01
1.639404297E+08,-9.51654E+01
1.639709473E+08,-1.07845E+02
1.640014648E+08,-9.54654E+01
1.640319824E+08,-9.25254E+01
1.640625000E+08,-9.76654E+01
1.640930176E+08,-1.08005E+02
1.641235352E+08,-1.08165E+02
1.641540527E+08,-1.08485E+02
1.641845703E+08,-9.42254E+01
1.642150879E+08,-9.39454E+01
1.642456055E+08,-1.01205E+02
1.642761230E+08,-9.47254E+01
1.643066406E+08,-1.19765E+02
1.643371582E+08,-9.79254E+01
1.643676758E+08,-9.60654E+01
1.643981934E+08,-9.34854E+01
1.644287109E+08,-9.43054E+01
1.644592285E+08,-9.44654E+01
1.644897461E+08,-9.21454E+01
1.645202637E+08,-9.13854E+01
1.645507812E+08,-9.69254E+01
1.645812988E+08,-1.03765E+02
1.646118164E+08,-9.63454E+01
1.646423340E+08,-9.77454E+01
1.646728516E+08,-1.05545E+02
1.647033691E+08,-1.01045E+02
1.647338867E+08,-9.46054E+01
1.647644043E+08,-9.20054E+01
1.647949219E+08,-9.57654E+01
1.648254395E+08,-1.00745E+02
1.648559570E+08,-9.20854E+01
1.648864746E+08,-9.30454E+01
1.649169922E+08,-1.03785E+02
1.649475098E+08,-1.07785E+02
1.649780273E+08,-1.01985E+02
1.650085449E+08,-1.03005E+02
1.650390625E+08,-9.77454E+01
1.650695801E+08,-9.63254E+01
1.651000977E+08,-1.00905E+02
1.651306152E+08,-1.17145E+02
1.651611328E+08,-1.02685E+02
1.651916504E+08,-1.05925E+02
1.652221680E+08,-1.08805E+02
1.652526855E+08,-1.08685E+02
1.652832031E+08,-1.01485E+02
1.653137207E+08,-9.71254E+01
1.653442383E+08,-9.65254E+01
1.653747559E+08,-1.00725E+02
1.654052734E+08,-1.05425E+02
1.654357910E+08,-1.03145E+02
1.654663086E+08,-1.05105E+02
1.654968262E+08,-1.03585E+02
1.655273438E+08,-1.15685E+02
1.655578613E+08,-1.05145E+02
1.655883789E+08,-1.00045E+02
1.656188965E+08,-9.93054E+01
1.656494141E+08,-1.01465E+02
1.656799316E+08,-1.06085E+02
1.657104492E+08,-9.55254E+01
1.657409668E+08,-1.01185E+02
1.657714844E+08,-1.03905E+02
1.658020020E+08,-9.56054E+01
1.658325195E+08,-9.59054E+01
1.658630371E+08,-9.78454E+01
1.658935547E+08,-1.04845E+02
1.659240723E+08,-9.57854E+01
1.659545898E+08,-1.02485E+02
1.659851074E+08,-1.00825E+02
1.660156250E+08,-9.39854E+01
1.660461426E+08,-9.64054E+01
1.660766602E+08,-9.47254E+01
1.661071777E+08,-8.92254E+01
1.661376953E+08,-9.47254E+01
1.661682129E+08,-1.02725E+02
1.661987305E+08,-1.02485E+02
1.662292480E+08,-1.03865E+02
1.662597656E+08,-1.03925E+02
1.662902832E+08,-9.91054E+01
1.663208008E+08,-1.03205E+02
1.663513184E+08,-9.79854E+01
1.663818359E+08,-9.85454E+01
1.664123535E+08,-9.36054E+01
1.664428711E+08,-9.64654E+01
1.664733887E+08,-9.89454E+01
1.665039062E+08,-1.00605E+02
1.665344238E+08,-1.00965E+02
1.665649414E+08,-9.22654E+01
1.665954590E+08,-9.57454E+01
1.666259766E+08,-1.14465E+02
1.666564941E+08,-1.01385E+02
1.666870117E+08,-9.98454E+01
1.667175293E+08,-1.03605E+02
1.667480469E+08,-1.04105E+02
1.667785645E+08,-9.66654E+01
1.668090820E+08,-9.47054E+01
1.668395996E+08,-1.02705E+02
1.668701172E+08,-9.58454E+01
1.669006348E+08,-9.35054E+01
1.669311523E+08,-1.00265E+02
1.669616699E+08,-1.00545E+02
1.669921875E+08,-9.79854E+01
1.670227051E+08,-1.09545E+02
1.670532227E+08,-1.02165E+02
1.670837402E+08,-1.05585E+02
1.671142578E+08,-1.07145E+02
1.671447754E+08,-1.03825E+02
1.671752930E+08,-1.05445E+02
1.672058105E+08,-1.02345E+02
1.672363281E+08,-9.61854E+01
1.672668457E+08,-9.38454E+01
1.672973633E+08,-9.70254E+01
1.673278809E+08,-1.05645E+02
1.673583984E+08,-1.01265E+02
1.673889160E+08,-1.02225E+02
1.674194336E+08,-9.64454E+01
1.674499512E+08,-1.01265E+02
1.674804688E+08,-9.92054E+01
1.675109863E+08,-9.70454E+01
1.675415039E+08,-1.00425E+02
1.675720215E+08,-9.39454E+01
1.676025391E+08,-9.42054E+01
1.676330566E+08,-1.09125E+02
1.676635742E+08,-1.05485E+02
1.676940918E+08,-1.03385E+02
1.677246094E+08,-9.27654E+01
1.677551270E+08,-9.41054E+01
1.677856445E+08,-9.62854E+01
1.678161621E+08,-9.19454E+01
1.678466797E+08,-1.00865E+02
1.678771973E+08,-9.84054E+01
1.679077148E+08,-9.71854E+01
1.679382324E+08,-1.01325E+02
1.679687500E+08,-1.06845E+02
1.679992676E+08,-1.02665E+02
1.680297852E+08,-9.97654E+01
1.680603027E+08,-9.48854E+01
1.680908203E+08,-9.46454E+01
1.681213379E+08,-1.02345E+02
1.681518555E+08,-1.02885E+02
1.681823730E+08,-9.93054E+01
1.682128906E+08,-9.72054E+01
1.682434082E+08,-1.06545E+02
1.682739258E+08,-1.01385E+02
1.683044434E+08,-1.07925E+02
1.683349609E+08,-1.06765E+02
1.683654785E+08,-1.02145E+02
1.683959961E+08,-9.96254E+01
1.684265137E+08,-9.75654E+01
1.684570312E+08,-1.01805E+02
1.684875488E+08,-9.81854E+01
1.685180664E+08,-1.03965E+02
1.685485840E+08,-1.13465E+02
1.685791016E+08,-1.01005E+02
1.686096191E+08,-9.92654E+01
1.686401367E+08,-1.03385E+02
1.686706543E+08,-1.13525E+02
1.687011719E+08,-1.06905E+02
1.687316895E+08,-1.05605E+02
1.687622070E+08,-9.86254E+01
1.687927246E+08,-9.49054E+01
1.688232422E+08,-9.65454E+01
1.688537598E+08,-9.90254E+01
1.688842773E+08,-1.00805E+02
1.689147949E+08,-1.05505E+02
1.689453125E+08,-1.01045E+02
1.689758301E+08,-9.70454E+01
1.690063477E+08,-1.03185E+02
1.690368652E+08,-1.15125E+02
1.690673828E+08,-1.06105E+02
1.690979004E+08,-1.12965E+02
1.691284180E+08,-1.11745E+02
1.691589355E+08,-1.02605E+02
1.691894531E+08,-1.07525E+02
1.692199707E+08,-1.05405E+02
1.692504883E+08,-1.14625E+02
1.692810059E+08,-1.03785E+02
1.693115234E+08,-1.00405E+02
1.693420410E+08,-1.04145E+02
1.693725586E+08,-1.08865E+02
1.694030762E+08,-1.00945E+02
1.694335938E+08,-1.00045E+02
1.694641113E+08,-1.01285E+02
1.694946289E+08,-1.06065E+02
1.695251465E+08,-1.03825E+02
1.695556641E+08,-1.00745E+02
1.695861816E+08,-1.00045E+02
1.696166992E+08,-1.00005E+02
1.696472168E+08,-1.03505E+02
1.696777344E+08,-1.14345E+02
1.697082520E+08,-1.05145E+02
1.697387695E+08,-9.93654E+01
1.697692871E+08,-1.03125E+02
1.697998047E+08,-1.03445E+02
1.698303223E+08,-1.01205E+02
1.698608398E+08,-9.88454E+01
1.698913574E+08,-1.01025E+02
1.699218750E+08,-9.93454E+01
1.699523926E+08,-9.44254E+01
1.699829102E+08,-7.76654E+01
1.700134277E+08,-7.65454E+01
1.700439453E+08,-8.79254E+01
1.700744629E+08,-1.10485E+02
1.701049805E+08,-1.03825E+02
1.701354980E+08,-1.00945E+02
1.701660156E+08,-9.75654E+01
1.701965332E+08,-9.96254E+01
1.702270508E+08,-1.08105E+02
1.702575684E+08,-1.08025E+02
1.702880859E+08,-9.95454E+01
1.703186035E+08,-1.02165E+02
1.703491211E+08,-1.10465E+02
1.703796387E+08,-1.09445E+02
1.704101562E+08,-1.11925E+02
1.704406738E+08,-9.97654E+01
1.704711914E+08,-1.03505E+02
1.705017090E+08,-1.16745E+02
1.705322266E+08,-1.05905E+02
1.705627441E+08,-1.05505E+02
1.705932617E+08,-1.10565E+02
1.706237793E+08,-1.03245E+02
1.706542969E+08,-1.16045E+02
1.706848145E+08,-1.25485E+02
1.707153320E+08,-1.07605E+02
1.707458496E+08,-1.03385E+02
1.707763672E+08,-1.05165E+02
1.708068848E+08,-1.01885E+02
1.708374023E+08,-1.03545E+02
1.708679199E+08,-1.01345E+02
1.708984375E+08,-1.04125E+02
1.709289551E+08,-1.25485E+02
1.709594727E+08,-1.03285E+02
1.709899902E+08,-1.00325E+02
1.710205078E+08,-9.99254E+01
1.710510254E+08,-1.03865E+02
1.710815430E+08,-1.08565E+02
1.711120605E+08,-1.21025E+02
1.711425781E+08,-1.06165E+02
1.711730957E+08,-1.04905E+02
1.712036133E+08,-1.16105E+02
1.712341309E+08,-9.94854E+01
1.712646484E+08,-9.46054E+01
1.712951660E+08,-9.59054E+01
1.713256836E+08,-9.70254E+01
1.713562012E+08,-9.27454E+01
1.713867188E+08,-9.42254E+01
1.714172363E+08,-1.06445E+02
1.714477539E+08,-1.00805E+02
1.714782715E+08,-1.07685E+02
1.715087891E+08,-1.07785E+02
1.715393066E+08,-9.83654E+01
1.715698242E+08,-9.36854E+01
1.716003418E+08,-9.74254E+01
1.716308594E+08,-1.10885E+02
1.716613770E+08,-1.04165E+02
1.716918945E+08,-1.05945E+02
1.717224121E+08,-1.08405E+02
1.717529297E+08,-1.13645E+02
1.717834473E+08,-1.09845E+02
1.718139648E+08,-1.13325E+02
1.718444824E+08,-1.02325E+02
1.718750000E+08,-1.03045E+02
1.719055176E+08,-1.21545E+02
1.719360352E+08,-1.05425E+02
1.719665527E+08,-1.04505E+02
1.719970703E+08,-1.08185E+02
1.720275879E+08,-1.04305E+02
1.720581055E+08,-1.13725E+02
1.720886230E+08,-1.22265E+02
1.721191406E+08,-1.10465E+02
1.721496582E+08,-1.03305E+02
1.721801758E+08,-1.02425E+02
1.722106934E+08,-1.07185E+02
1.722412109E+08,-1.01645E+02
1.722717285E+08,-9.87854E+01
1.723022461E+08,-1.01265E+02
1.723327637E+08,-1.07365E+02
1.723632812E+08,-1.03545E+02
1.723937988E+08,-1.02785E+02
1.724243164E+08,-1.09105E+02
1.724548340E+08,-1.05985E+02
1.724853516E+08,-1.04185E+02
1.725158691E+08,-1.10625E+02
1.725463867E+08,-1.19845E+02
1.725769043E+08,-1.19625E+02
1.726074219E+08,-1.24105E+02
1.726379395E+08,-1.13045E+02
1.726684570E+08,-1.14105E+02
1.726989746E+08,-1.03045E+02
1.727294922E+08,-1.11525E+02
1.727600098E+08,-1.16345E+02
1.727905273E+08,-1.10325E+02
1.728210449E+08,-1.11045E+02
1.728515625E+08,-1.08605E+02
1.728820801E+08,-1.12445E+02
1.729125977E+08,-1.08865E+02
1.729431152E+08,-1.14925E+02
1.729736328E+08,-1.09445E+02
1.730041504E+08,-1.18865E+02
1.730346680E+08,-1.07545E+02
1.730651855E+08,-1.10305E+02
1.730957031E+08,-9.79254E+01
1.731262207E+08,-1.00585E+02
1.731567383E+08,-9.76654E+01
1.731872559E+08,-9.54654E+01
1.732177734E+08,-9.95054E+01
1.732482910E+08,-1.04085E+02
1.732788086E+08,-1.02565E+02
1.733093262E+08,-1.02565E+02
1.733398438E+08,-1.06805E+02
1.733703613E+08,-1.12645E+02
1.734008789E+08,-9.73654E+01
1.734313965E+08,-9.81654E+01
1.734619141E+08,-1.04585E+02
1.734924316E+08,-1.01605E+02
1.735229492E+08,-1.03805E+02
1.735534668E+08,-1.07185E+02
1.735839844E+08,-1.08685E+02
1.736145020E+08,-1.04425E+02
1.736450195E+08,-9.78254E+01
1.736755371E+08,-9.87454E+01
1.737060547E+08,-1.01385E+02
1.737365723E+08,-1.01225E+02
1.737670898E+08,-1.01345E+02
1.737976074E+08,-1.04025E+02
1.738281250E+08,-1.14405E+02
1.738586426E+08,-1.04625E+02
1.738891602E+08,-1.11505E+02
1.739196777E+08,-1.13045E+02
1.739501953E+08,-1.12845E+02
1.739807129E+08,-1.06485E+02
1.740112305E+08,-1.00585E+02
1.740417480E+08,-1.01485E+02
1.740722656E+08,-9.95454E+01
1.741027832E+08,-9.81854E+01
1.741333008E+08,-1.02945E+02
1.741638184E+08,-1.06245E+02
1.741943359E+08,-1.04265E+02
1.742248535E+08,-1.11065E+02
1.742553711E+08,-1.18425E+02
1.742858887E+08,-1.14905E+02
1.743164062E+08,-1.13585E+02
1.743469238E+08,-1.14625E+02
1.743774414E+08,-1.07065E+02
1.744079590E+08,-1.06805E+02
1.744384766E+08,-1.05805E+02
1.744689941E+08,-1.03385E+02
1.744995117E+08,-1.07465E+02
1.745300293E+08,-9.66054E+01
1.745605469E+08,-9.99254E+01
1.745910645E+08,-1.08745E+02
1.746215820E+08,-1.08025E+02
1.746520996E+08,-1.07625E+02
1.746826172E+08,-1.06225E+02
1.747131348E+08,-1.12265E+02
1.747436523E+08,-1.10365E+02
1.747741699E+08,-1.13465E+02
1.748046875E+08,-1.09165E+02
1.748352051E+08,-1.10125E+02
1.748657227E+08,-1.00265E+02
1.748962402E+08,-9.88654E+01
1.749267578E+08,-1.00485E+02
1.749572754E+08,-1.03565E+02
1.749877930E+08,-1.07245E+02
1.750183105E+08,-1.10125E+02
1.750488281E+08,-1.13725E+02
1.750793457E+08,-1.04685E+02
1.751098633E+08,-1.01205E+02
1.751403809E+08,-1.11025E+02
1.751708984E+08,-1.13565E+02
1.752014160E+08,-1.07285E+02
1.752319336E+08,-1.04225E+02
1.752624512E+08,-1.08325E+02
1.752929688E+08,-1.03625E+02
1.753234863E+08,-1.01285E+02
1.753540039E+08,-1.00825E+02
1.753845215E+08,-1.01905E+02
1.754150391E+08,-1.05825E+02
1.754455566E+08,-1.06945E+02
1.754760742E+08,-1.06645E+02
1.755065918E+08,-1.06065E+02
1.755371094E+08,-1.13245E+02
1.755676270E+08,-1.08005E+02
1.755981445E+08,-1.00525E+02
1.756286621E+08,-9.88454E+01
1.756591797E+08,-9.90254E+01
1.756896973E+08,-1.00505E+02
1.757202148E+08,-1.08665E+02
1.757507324E+08,-1.04585E+02
1.757812500E+08,-1.00585E+02
1.758117676E+08,-1.15705E+02
1.758422852E+08,-1.07565E+02
1.758728027E+08,-1.09405E+02
1.759033203E+08,-9.95054E+01
1.759338379E+08,-9.85454E+01
1.759643555E+08,-9.77854E+01
1.759948730E+08,-1.10045E+02
1.760253906E+08,-1.00365E+02
1.760559082E+08,-1.07725E+02
1.760864258E+08,-1.11445E+02
1.761169434E+08,-1.19445E+02
1.761474609E+08,-1.08965E+02
1.761779785E+08,-1.11185E+02
1.762084961E+08,-1.07105E+02
1.762390137E+08,-1.03665E+02
1.762695312E+08,-1.08265E+02
1.763000488E+08,-1.04005E+02
1.763305664E+08,-1.00705E+02
1.763610840E+08,-1.04845E+02
1.763916016E+08,-1.03365E+02
1.764221191E+08,-1.02485E+02
1.764526367E+08,-1.07205E+02
1.764831543E+08,-1.13445E+02
1.765136719E+08,-1.07545E+02
1.765441895E+08,-1.12445E+02
1.765747070E+08,-1.14825E+02
1.766052246E+08,-1.10605E+02
1.766357422E+08,-1.15745E+02
1.766662598E+08,-1.09805E+02
1.766967773E+08,-1.09445E+02
1.767272949E+08,-1.00385E+02
1.767578125E+08,-9.68654E+01
1.767883301E+08,-9.51654E+01
1.768188477E+08,-9.62854E+01
1.768493652E+08,-1.03665E+02
1.768798828E+08,-1.05465E+02
1.769104004E+08,-1.02005E+02
1.769409180E+08,-1.04525E+02
1.769714355E+08,-1.04645E+02
1.770019531E+08,-1.13905E+02
1.770324707E+08,-1.08745E+02
1.770629883E+08,-1.10185E+02
1.770935059E+08,-1.08725E+02
1.771240234E+08,-1.07085E+02
1.771545410E+08,-9.93454E+01
1.771850586E+08,-1.03525E+02
1.772155762E+08,-1.03305E+02
1.772460938E+08,-1.03045E+02
1.772766113E+08,-1.07625E+02
1.773071289E+08,-1.04105E+02
1.773376465E+08,-1.09665E+02
1.773681641E+08,-1.07345E+02
1.773986816E+08,-1.08425E+02
1.774291992E+08,-1.04985E+02
1.774597168E+08,-1.01885E+02
1.774902344E+08,-9.98854E+01
1.775207520E+08,-1.01585E+02
1.775512695E+08,-1.08725E+02
1.775817871E+08,-1.18565E+02
1.776123047E+08,-1.06305E+02
1.776428223E+08,-1.01965E+02
1.776733398E+08,-1.01305E+02
1.777038574E+08,-1.00425E+02
1.777343750E+08,-1.06205E+02
1.777648926E+08,-1.04505E+02
1.777954102E+08,-1.13045E+02
1.778259277E+08,-1.00225E+02
1.778564453E+08,-1.01745E+02
1.778869629E+08,-1.05105E+02
1.779174805E+08,-1.08265E+02
1.779479980E+08,-1.15125E+02
1.779785156E+08,-1.13145E+02
1.780090332E+08,-1.11545E+02
1.780395508E+08,-1.17185E+02
1.780700684E+08,-1.09105E+02
1.781005859E+08,-1.07785E+02
1.781311035E+08,-1.06685E+02
1.781616211E+08,-1.02665E+02
1.781921387E+08,-1.01125E+02
1.782226562E+08,-1.00745E+02
1.782531738E+08,-1.02785E+02
1.782836914E+08,-1.09065E+02
1.783142090E+08,-1.05845E+02
1.783447266E+08,-1.07185E+02
1.783752441E+08,-1.03745E+02
1.784057617E+08,-1.06425E+02
1.784362793E+08,-1.09305E+02
1.784667969E+08,-1.09445E+02
1.784973145E+08,-1.16625E+02
1.785278320E+08,-1.09545E+02
1.785583496E+08,-1.13065E+02
1.785888672E+08,-1.13885E+02
1.786193848E+08,-1.07405E+02
1.786499023E+08,-9.88054E+01
1.786804199E+08,-9.64054E+01
1.787109375E+08,-1.03425E+02
1.787414551E+08,-1.01925E+02
1.787719727E+08,-1.06705E+02
1.788024902E+08,-1.02965E+02
1.788330078E+08,-1.05165E+02
1.788635254E+08,-1.06045E+02
1.788940430E+08,-1.05785E+02
1.789245605E+08,-1.11145E+02
1.789550781E+08,-1.06645E+02
1.789855957E+08,-1.07665E+02
1.790161133E+08,-1.05805E+02
1.790466309E+08,-1.08185E+02
1.790771484E+08,-1.02425E+02
1.791076660E+08,-1.09625E+02
1.791381836E+08,-1.11185E+02
1.791687012E+08,-1.15525E+02
1.791992188E+08,-1.03705E+02
1.792297363E+08,-1.01405E+02
1.792602539E+08,-1.10905E+02
1.792907715E+08,-1.03445E+02
1.793212891E+08,-1.02785E+02
1.793518066E+08,-1.09225E+02
1.793823242E+08,-1.00405E+02
1.794128418E+08,-1.03725E+02
1.794433594E+08,-1.05705E+02
1.794738770E+08,-1.17665E+02
1.795043945E+08,-1.07845E+02
1.795349121E+08,-1.05185E+02
1.795654297E+08,-9.98454E+01
1.795959473E+08,-9.80254E+01
1.796264648E+08,-1.02945E+02
1.796569824E+08,-1.07945E+02
1.796875000E+08,-1.06285E+02
1.797180176E+08,-1.01825E+02
1.797485352E+08,-1.05205E+02
1.797790527E+08,-1.02145E+02
1.798095703E+08,-1.07085E+02
1.798400879E+08,-1.04365E+02
1.798706055E+08,-1.05145E+02
1.799011230E+08,-9.95054E+01
1.799316406E+08,-1.01945E+02
1.799621582E+08,-9.88054E+01
1.799926758E+08,-9.63654E+01
1.800231934E+08,-1.04865E+02
1.800537109E+08,-1.12025E+02
1.800842285E+08,-1.11525E+02
1.801147461E+08,-1.22245E+02
1.801452637E+08,-1.03045E+02
1.801757812E+08,-1.02705E+02
1.802062988E+08,-1.03105E+02
1.802368164E+08,-1.21825E+02
1.802673340E+08,-9.97054E+01
1.802978516E+08,-1.04565E+02
1.803283691E+08,-1.09885E+02
1.803588867E+08,-1.04645E+02
1.803894043E+08,-1.02625E+02
1.804199219E+08,-1.06525E+02
1.804504395E+08,-1.04885E+02
1.804809570E+08,-1.03725E+02
1.805114746E+08,-1.02845E+02
1.805419922E+08,-1.03205E+02
1.805725098E+08,-1.00785E+02
1.806030273E+08,-1.01645E+02
1.806335449E+08,-1.00125E+02
1.806640625E+08,-1.01625E+02
1.806945801E+08,-1.10425E+02
1.807250977E+08,-1.12925E+02
1.807556152E+08,-1.07145E+02
1.807861328E+08,-1.03065E+02
1.808166504E+08,-1.09545E+02
1.808471680E+08,-1.04625E+02
1.808776855E+08,-1.03325E+02
1.809082031E+08,-1.01325E+02
1.809387207E+08,-1.01305E+02
1.809692383E+08,-1.02345E+02
1.809997559E+08,-1.05625E+02
1.810302734E+08,-1.06645E+02
1.810607910E+08,-1.12685E+02
1.810913086E+08,-1.02345E+02
1.811218262E+08,-1.03985E+02
1.811523438E+08,-1.06425E+02
1.811828613E+08,-1.04685E+02
1.812133789E+08,-1.08525E+02
1.812438965E+08,-1.06845E+02
1.812744141E+08,-1.04105E+02
1.813049316E+08,-1.04265E+02
1.813354492E+08,-1.09845E+02
1.813659668E+08,-9.75254E+01
1.813964844E+08,-1.01745E+02
1.814270020E+08,-1.22885E+02
1.814575195E+08,-1.29625E+02
1.814880371E+08,-1.26485E+02
1.815185547E+08,-1.15485E+02
1.815490723E+08,-1.09305E+02
1.815795898E+08,-1.02365E+02
1.816101074E+08,-1.00005E+02
1.816406250E+08,-1.04885E+02
1.816711426E+08,-1.22025E+02
1.817016602E+08,-1.16065E+02
1.817321777E+08,-1.12605E+02
1.817626953E+08,-1.16785E+02
1.817932129E+08,-1.21305E+02
1.818237305E+08,-1.07245E+02
1.818542480E+08,-1.07225E+02
1.818847656E+08,-9.73854E+01
1.819152832E+08,-9.88454E+01
1.819458008E+08,-1.06805E+02
1.819763184E+08,-9.98454E+01
1.820068359E+08,-1.00505E+02
1.820373535E+08,-1.02185E+02
1.820678711E+08,-1.10765E+02
1.820983887E+08,-1.04245E+02
1.821289062E+08,-1.03405E+02
1.821594238E+08,-1.04745E+02
1.821899414E+08,-1.00725E+02
1.822204590E+08,-9.84254E+01
1.822509766E+08,-1.00505E+02
1.822814941E+08,-1.06445E+02
1.823120117E+08,-1.01425E+02
1.823425293E+08,-1.09265E+02
1.823730469E+08,-1.11385E+02
1.824035645E+08,-1.15425E+02
1.824340820E+08,-1.07225E+02
1.824645996E+08,-1.05065E+02
1.824951172E+08,-1.07745E+02
1.825256348E+08,-1.03065E+02
1.825561523E+08,-1.01985E+02
1.825866699E+08,-1.11585E+02
1.826171875E+08,-1.27465E+02
1.826477051E+08,-1.08725E+02
1.826782227E+08,-1.14045E+02
1.827087402E+08,-1.04865E+02
1.827392578E+08,-1.02545E+02
1.827697754E+08,-1.05565E+02
1.828002930E+08,-1.07245E+02
1.828308105E+08,-9.71854E+01
1.828613281E+08,-9.45454E+01
1.828918457E+08,-9.71654E+01
1.829223633E+08,-1.03825E+02
1.829528809E+08,-1.10825E+02
1.829833984E+08,-1.11325E+02
1.830139160E+08,-1.04225E+02
1.830444336E+08,-1.04885E+02
1.830749512E+08,-1.06205E+02
1.831054688E+08,-1.13665E+02
1.831359863E+08,-1.40045E+02
1.831665039E+08,-1.24625E+02
1.831970215E+08,-1.05845E+02
1.832275391E+08,-1.08625E+02
1.832580566E+08,-1.04405E+02
1.832885742E+08,-1.19925E+02
1.833190918E+08,-1.05025E+02
1.833496094E+08,-1.06005E+02
1.833801270E+08,-1.04645E+02
1.834106445E+08,-1.04725E+02
1.834411621E+08,-1.11465E+02
1.834716797E+08,-1.04785E+02
1.835021973E+08,-1.11285E+02
1.835327148E+08,-1.01785E+02
1.835632324E+08,-1.09405E+02
1.835937500E+08,-9.98454E+01
1.836242676E+08,-1.05125E+02
1.836547852E+08,-1.09405E+02
1.836853027E+08,-1.03245E+02
1.837158203E+08,-1.03245E+02
1.837463379E+08,-1.01945E+02
1.837768555E+08,-1.09405E+02
1.838073730E+08,-1.23905E+02
1.838378906E+08,-1.09005E+02
1.838684082E+08,-1.01025E+02
1.838989258E+08,-1.00625E+02
1.839294434E+08,-1.01405E+02
1.839599609E+08,-1.00545E+02
1.839904785E+08,-1.03725E+02
1.840209961E+08,-1.02085E+02
1.840515137E+08,-9.60254E+01
1.840820312E+08,-9.85254E+01
1.841125488E+08,-1.07025E+02
1.841430664E+08,-1.22565E+02
1.841735840E+08,-1.13405E+02
1.842041016E+08,-1.24745E+02
1.842346191E+08,-1.09485E+02
1.842651367E+08,-1.13525E+02
1.842956543E+08,-1.06965E+02
1.843261719E+08,-1.03005E+02
1.843566895E+08,-1.01505E+02
1.843872070E+08,-9.72654E+01
1.844177246E+08,-9.67254E+01
1.844482422E+08,-1.03545E+02
1.844787598E+08,-1.07585E+02
1.845092773E+08,-1.05725E+02
1.845397949E+08,-1.03765E+02
1.845703125E+08,-1.01345E+02
1.846008301E+08,-1.00965E+02
1.846313477E+08,-1.04865E+02
1.846618652E+08,-9.77454E+01
1.846923828E+08,-9.81054E+01
1.847229004E+08,-9.92254E+01
1.847534180E+08,-9.94854E+01
1.847839355E+08,-1.00805E+02
1.848144531E+08,-9.82854E+01
1.848449707E+08,-9.95054E+01
1.848754883E+08,-1.01565E+02
1.849060059E+08,-1.01105E+02
1.849365234E+08,-1.03865E+02
1.849670410E+08,-1.10345E+02
1.849975586E+08,-1.04945E+02
1.850280762E+08,-1.10225E+02
1.850585938E+08,-1.00845E+02
1.850891113E+08,-9.81054E+01
1.851196289E+08,-9.91254E+01
1.851501465E+08,-9.87454E+01
1.851806641E+08,-1.01865E+02
1.852111816E+08,-1.06465E+02
1.852416992E+08,-1.08085E+02
1.852722168E+08,-1.00125E+02
1.853027344E+08,-1.00085E+02
1.853332520E+08,-1.12805E+02
1.853637695E+08,-1.15685E+02
1.853942871E+08,-1.26965E+02
1.854248047E+08,-1.05385E+02
1.854553223E+08,-1.04645E+02
1.854858398E+08,-1.06705E+02
1.855163574E+08,-1.06085E+02
1.855468750E+08,-1.10885E+02
1.855773926E+08,-1.15165E+02
1.856079102E+08,-1.01305E+02
1.856384277E+08,-1.02505E+02
1.856689453E+08,-1.08945E+02
1.856994629E+08,-1.07605E+02
1.857299805E+08,-1.02545E+02
1.857604980E+08,-9.97454E+01
1.857910156E+08,-1.04605E+02
1.858215332E+08,-1.08625E+02
1.858520508E+08,-1.05385E+02
1.858825684E+08,-1.07325E+02
1.859130859E+08,-1.05325E+02
1.859436035E+08,-1.02505E+02
1.859741211E+08,-1.08205E+02
1.860046387E+08,-1.08325E+02
1.860351562E+08,-1.05205E+02
1.860656738E+08,-1.11445E+02
1.860961914E+08,-1.01825E+02
1.861267090E+08,-1.06185E+02
1.861572266E+08,-1.08905E+02
1.861877441E+08,-1.13945E+02
1.862182617E+08,-1.06345E+02
1.862487793E+08,-1.01945E+02
1.862792969E+08,-1.01005E+02
1.863098145E+08,-1.05045E+02
1.863403320E+08,-1.09365E+02
1.863708496E+08,-1.01645E+02
1.864013672E+08,-1.01045E+02
1.864318848E+08,-1.03225E+02
1.864624023E+08,-1.09765E+02
1.864929199E+08,-1.25285E+02
1.865234375E+08,-1.07045E+02
1.865539551E+08,-1.02325E+02
1.865844727E+08,-1.03265E+02
1.866149902E+08,-1.04025E+02
1.866455078E+08,-1.20845E+02
1.866760254E+08,-1.18125E+02
1.867065430E+08,-1.04485E+02
1.867370605E+08,-1.12785E+02
1.867675781E+08,-1.04345E+02
1.867980957E+08,-1.03945E+02
1.868286133E+08,-1.02945E+02
1.868591309E+08,-1.09005E+02
1.868896484E+08,-1.00885E+02
1.869201660E+08,-9.86054E+01
1.869506836E+08,-1.03125E+02
1.869812012E+08,-1.00545E+02
1.870117188E+08,-1.08265E+02
1.870422363E+08,-1.06985E+02
1.870727539E+08,-1.09805E+02
1.871032715E+08,-1.04945E+02
1.871337891E+08,-1.09305E+02
1.871643066E+08,-1.21485E+02
1.871948242E+08,-1.15525E+02
1.872253418E+08,-1.01365E+02
1.872558594E+08,-9.69254E+01
1.872863770E+08,-9.68054E+01
1.873168945E+08,-1.03985E+02
1.873474121E+08,-1.04705E+02
1.873779297E+08,-1.07285E+02
1.874084473E+08,-1.03925E+02
1.874389648E+08,-1.04785E+02
1.874694824E+08,-9.30454E+01
1.875000000E+08,-8.72654E+01
1.875305176E+08,-9.26454E+01
1.875610352E+08,-1.09585E+02
1.875915527E+08,-1.04525E+02
1.876220703E+08,-1.04205E+02
1.876525879E+08,-1.03045E+02
1.876831055E+08,-1.06685E+02
1.877136230E+08,-1.20185E+02
1.877441406E+08,-1.02665E+02
1.877746582E+08,-1.05945E+02
1.878051758E+08,-1.00125E+02
1.878356934E+08,-1.00225E+02
1.878662109E+08,-1.03385E+02
1.878967285E+08,-1.03045E+02
1.879272461E+08,-1.02345E+02
1.879577637E+08,-1.10225E+02
1.879882812E+08,-1.08265E+02
1.880187988E+08,-1.13025E+02
1.880493164E+08,-1.08185E+02
1.880798340E+08,-1.03745E+02
1.881103516E+08,-1.00985E+02
1.881408691E+08,-1.10705E+02
1.881713867E+08,-9.84054E+01
1.882019043E+08,-1.01385E+02
1.882324219E+08,-1.11305E+02
1.882629395E+08,-1.09345E+02
1.882934570E+08,-9.93654E+01
1.883239746E+08,-9.82854E+01
1.883544922E+08,-1.04305E+02
1.883850098E+08,-1.40765E+02
1.884155273E+08,-1.13005E+02
1.884460449E+08,-1.01725E+02
1.884765625E+08,-9.85454E+01
1.885070801E+08,-1.00445E+02
1.885375977E+08,-1.03265E+02
1.885681152E+08,-1.00005E+02
1.885986328E+08,-1.11865E+02
1.886291504E+08,-1.04405E+02
1.886596680E+08,-1.00265E+02
1.886901855E+08,-1.01525E+02
1.887207031E+08,-1.01565E+02
1.887512207E+08,-1.06445E+02
1.887817383E+08,-9.88054E+01
1.888122559E+08,-1.00565E+02
1.888427734E+08,-1.02185E+02
1.888732910E+08,-1.01745E+02
1.889038086E+08,-1.05905E+02
1.889343262E+08,-9.98854E+01
1.889648438E+08,-9.97054E+01
1.889953613E+08,-1.03705E+02
1.890258789E+08,-1.08605E+02
1.890563965E+08,-1.12545E+02
1.890869141E+08,-1.07145E+02
1.891174316E+08,-1.15485E+02
1.891479492E+08,-1.05185E+02
1.891784668E+08,-1.14505E+02
1.892089844E+08,-1.03505E+02
1.892395020E+08,-9.88654E+01
1.892700195E+08,-1.00085E+02
1.893005371E+08,-1.04825E+02
1.893310547E+08,-1.10125E+02
1.893615723E+08,-1.04045E+02
1.893920898E+08,-1.01905E+02
1.894226074E+08,-1.05445E+02
1.894531250E+08,-1.08665E+02
1.894836426E+08,-1.11805E+02
1.895141602E+08,-1.08485E+02
1.895446777E+08,-1.04025E+02
1.895751953E+08,-1.00845E+02
1.896057129E+08,-1.07345E+02
1.896362305E+08,-1.02105E+02
1.896667480E+08,-9.87854E+01
1.896972656E+08,-1.07865E+02
1.897277832E+08,-1.18165E+02
1.897583008E+08,-1.03345E+02
1.897888184E+08,-9.85654E+01
1.898193359E+08,-9.94854E+01
1.898498535E+08,-1.10705E+02
1.898803711E+08,-1.03445E+02
1.899108887E+08,-1.03145E+02
1.899414062E+08,-1.05605E+02
1.899719238E+08,-8.23654E+01
1.900024414E+08,-7.71454E+01
1.900329590E+08,-8.31054E+01
1.900634766E+08,-1.02325E+02
1.900939941E+08,-1.00885E+02
1.901245117E+08,-1.04225E+02
1.901550293E+08,-1.03725E+02
1.901855469E+08,-1.11065E+02
1.902160645E+08,-1.05165E+02
1.902465820E+08,-1.10485E+02
1.902770996E+08,-1.13425E+02
1.903076172E+08,-1.27525E+02
1.903381348E+08,-1.09585E+02
1.903686523E+08,-1.02105E+02
1.903991699E+08,-1.06165E+02
1.904296875E+08,-1.09545E+02
1.904602051E+08,-1.08565E+02
1.904907227E+08,-1.16205E+02
1.905212402E+08,-1.09845E+02
1.905517578E+08,-1.08405E+02
1.905822754E+08,-1.06285E+02
1.906127930E+08,-1.05345E+02
1.906433105E+08,-1.01465E+02
1.906738281E+08,-1.03665E+02
1.907043457E+08,-1.06845E+02
1.907348633E+08,-1.10745E+02
1.907653809E+08,-1.05405E+02
1.907958984E+08,-1.22005E+02
1.908264160E+08,-1.07125E+02
1.908569336E+08,-1.14825E+02
1.908874512E+08,-1.07685E+02
1.909179688E+08,-1.06145E+02
1.909484863E+08,-1.23005E+02
1.909790039E+08,-1.25345E+02
1.910095215E+08,-1.05985E+02
1.910400391E+08,-1.03945E+02
1.910705566E+08,-1.03465E+02
1.911010742E+08,-1.00225E+02
1.911315918E+08,-1.03785E+02
1.911621094E+08,-1.04445E+02
1.911926270E+08,-1.04785E+02
1.912231445E+08,-1.14505E+02
1.912536621E+08,-1.13225E+02
1.912841797E+08,-1.16325E+02
1.913146973E+08,-1.10685E+02
1.913452148E+08,-1.06405E+02
1.913757324E+08,-1.03285E+02
1.914062500E+08,-1.02605E+02
1.914367676E+08,-1.12085E+02
1.914672852E+08,-1.07185E+02
1.914978027E+08,-1.16305E+02
1.915283203E+08,-1.03245E+02
1.915588379E+08,-1.03325E+02
1.915893555E+08,-1.01565E+02
1.916198730E+08,-9.79254E+01
1.916503906E+08,-9.87454E+01
1.916809082E+08,-1.06185E+02
1.917114258E+08,-1.02925E+02
1.917419434E+08,-1.11505E+02
1.917724609E+08,-1.05125E+02
1.918029785E+08,-1.06585E+02
1.918334961E+08,-1.02185E+02
1.918640137E+08,-1.02525E+02
1.918945312E+08,-1.06325E+02
1.919250488E+08,-1.05165E+02
1.919555664E+08,-1.00845E+02
1.919860840E+08,-1.05185E+02
1.920166016E+08,-1.09305E+02
1.920471191E+08,-1.08025E+02
1.920776367E+08,-1.04485E+02
1.921081543E+08,-1.03445E+02
1.921386719E+08,-1.10645E+02
1.921691895E+08,-1.11705E+02
1.921997070E+08,-1.04085E+02
1.922302246E+08,-1.03405E+02
1.922607422E+08,-1.09205E+02
1.922912598E+08,-1.20125E+02
1.923217773E+08,-1.09885E+02
1.923522949E+08,-1.11925E+02
1.923828125E+08,-1.08405E+02
1.924133301E+08,-1.12365E+02
1.924438477E+08,-1.11965E+02
1.924743652E+08,-1.10045E+02
1.925048828E+08,-1.10445E+02
1.925354004E+08,-1.12665E+02
1.925659180E+08,-1.10085E+02
1.925964355E+08,-1.20725E+02
1.926269531E+08,-1.06445E+02
1.926574707E+08,-1.11245E+02
1.926879883E+08,-1.02205E+02
1.927185059E+08,-9.78654E+01
1.927490234E+08,-1.00605E+02
1.927795410E+08,-1.07705E+02
1.928100586E+08,-1.06665E+02
1.928405762E+08,-1.06585E+02
1.928710938E+08,-1.13005E+02
1.929016113E+08,-1.04445E+02
1.929321289E+08,-1.02325E+02
1.929626465E+08,-1.10045E+02
1.929931641E+08,-1.01065E+02
1.930236816E+08,-1.00705E+02
1.930541992E+08,-1.06385E+02
1.930847168E+08,-1.10045E+02
1.931152344E+08,-1.06785E+02
1.931457520E+08,-1.05465E+02
1.931762695E+08,-1.04405E+02
1.932067871E+08,-1.01065E+02
1.932373047E+08,-1.00605E+02
1.932678223E+08,-1.01465E+02
1.932983398E+08,-1.04005E+02
1.933288574E+08,-1.04425E+02
1.933593750E+08,-1.04005E+02
1.933898926E+08,-1.04725E+02
1.934204102E+08,-1.11825E+02
1.934509277E+08,-1.06245E+02
1.934814453E+08,-1.00945E+02
1.935119629E+08,-1.05845E+02
1.935424805E+08,-1.10925E+02
1.935729980E+08,-1.00725E+02
1.936035156E+08,-1.00365E+02
1.936340332E+08,-1.12785E+02
1.936645508E+08,-1.05685E+02
1.936950684E+08,-1.13765E+02
1.937255859E+08,-1.14625E+02
1.937561035E+08,-1.14885E+02
1.937866211E+08,-1.01765E+02
1.938171387E+08,-1.03385E+02
1.938476562E+08,-1.09705E+02
1.938781738E+08,-1.07525E+02
1.939086914E+08,-1.12845E+02
1.939392090E+08,-1.08465E+02
1.939697266E+08,-1.05345E+02
1.940002441E+08,-1.05825E+02
1.940307617E+08,-9.74054E+01
1.940612793E+08,-1.01085E+02
1.940917969E+08,-1.05785E+02
1.941223145E+08,-1.05545E+02
1.941528320E+08,-1.05365E+02
1.941833496E+08,-1.09845E+02
1.942138672E+08,-1.10125E+02
1.942443848E+08,-9.89654E+01
1.942749023E+08,-1.02085E+02
1.943054199E+08,-1.10605E+02
1.943359375E+08,-1.04225E+02
1.943664551E+08,-1.06405E+02
1.943969727E+08,-1.20005E+02
1.944274902E+08,-1.07905E+02
1.944580078E+08,-1.01525E+02
1.944885254E+08,-9.97654E+01
1.945190430E+08,-1.02265E+02
1.945495605E+08,-1.05505E+02
1.945800781E+08,-1.03045E+02
1.946105957E+08,-1.12845E+02
1.946411133E+08,-1.04605E+02
1.946716309E+08,-1.05765E+02
1.947021484E+08,-1.05645E+02
1.947326660E+08,-1.06165E+02
1.947631836E+08,-1.13285E+02
1.947937012E+08,-1.04885E+02
1.948242188E+08,-1.00665E+02
1.948547363E+08,-1.06985E+02
1.948852539E+08,-1.07525E+02
1.949157715E+08,-1.19625E+02
1.949462891E+08,-9.84654E+01
1.949768066E+08,-1.00125E+02
1.950073242E+08,-1.06165E+02
1.950378418E+08,-1.00305E+02
1.950683594E+08,-9.91054E+01
1.950988770E+08,-1.08865E+02
1.951293945E+08,-1.05065E+02
1.951599121E+08,-1.06425E+02
1.951904297E+08,-1.10005E+02
1.952209473E+08,-1.02825E+02
1.952514648E+08,-1.05725E+02
1.952819824E+08,-1.04605E+02
1.953125000E+08,-1.05985E+02
1.953430176E+08,-1.06065E+02
1.953735352E+08,-1.01905E+02
1.954040527E+08,-1.02725E+02
1.954345703E+08,-1.02465E+02
1.954650879E+08,-1.07205E+02
1.954956055E+08,-1.13005E+02
1.955261230E+08,-1.01465E+02
1.955566406E+08,-1.00225E+02
1.955871582E+08,-1.17805E+02
1.956176758E+08,-1.25225E+02
1.956481934E+08,-1.28685E+02
1.956787109E+08,-1.11825E+02
1.957092285E+08,-1.12045E+02
1.957397461E+08,-1.05025E+02
1.957702637E+08,-1.02325E+02
1.958007812E+08,-1.02225E+02
1.958312988E+08,-1.02505E+02
1.958618164E+08,-1.15705E+02
1.958923340E+08,-1.13045E+02
1.959228516E+08,-1.10525E+02
1.959533691E+08,-1.11565E+02
1.959838867E+08,-1.10125E+02
1.960144043E+08,-1.09705E+02
1.960449219E+08,-1.07045E+02
1.960754395E+08,-1.02365E+02
1.961059570E+08,-1.01285E+02
1.961364746E+08,-1.02625E+02
1.961669922E+08,-1.02885E+02
1.961975098E+08,-1.03145E+02
1.962280273E+08,-1.04765E+02
1.962585449E+08,-1.05825E+02
1.962890625E+08,-1.00125E+02
1.963195801E+08,-1.03125E+02
1.963500977E+08,-1.11365E+02
1.963806152E+08,-1.04125E+02
1.964111328E+08,-1.10585E+02
1.964416504E+08,-1.12965E+02
1.964721680E+08,-1.05965E+02
1.965026855E+08,-1.11185E+02
1.965332031E+08,-1.02005E+02
1.965637207E+08,-1.02665E+02
1.965942383E+08,-1.09705E+02
1.966247559E+08,-1.20125E+02
1.966552734E+08,-1.16705E+02
1.966857910E+08,-1.13485E+02
1.967163086E+08,-1.05385E+02
1.967468262E+08,-1.05705E+02
1.967773438E+08,-1.08805E+02
1.968078613E+08,-1.08085E+02
1.968383789E+08,-1.12125E+02
1.968688965E+08,-1.07925E+02
1.968994141E+08,-1.06125E+02
1.969299316E+08,-1.10425E+02
1.969604492E+08,-1.08805E+02
1.969909668E+08,-1.09365E+02
1.970214844E+08,-1.12945E+02
1.970520020E+08,-1.08745E+02
1.970825195E+08,-1.08665E+02
1.971130371E+08,-9.98454E+01
1.971435547E+08,-9.76654E+01
1.971740723E+08,-1.01525E+02
1.972045898E+08,-1.06085E+02
1.972351074E+08,-1.03585E+02
1.972656250E+08,-1.07745E+02
1.972961426E+08,-1.04365E+02
1.973266602E+08,-1.08085E+02
1.973571777E+08,-1.07385E+02
1.973876953E+08,-1.16265E+02
1.974182129E+08,-1.05785E+02
1.974487305E+08,-1.05825E+02
1.974792480E+08,-1.04705E+02
1.975097656E+08,-9.93654E+01
1.975402832E+08,-1.04205E+02
1.975708008E+08,-1.05165E+02
1.976013184E+08,-1.04525E+02
1.976318359E+08,-1.04425E+02
1.976623535E+08,-1.06065E+02
1.976928711E+08,-1.03105E+02
1.977233887E+08,-1.05925E+02
1.977539062E+08,-1.19125E+02
1.977844238E+08,-1.07745E+02
1.978149414E+08,-1.09405E+02
1.978454590E+08,-1.03765E+02
1.978759766E+08,-9.92654E+01
1.979064941E+08,-1.02945E+02
1.979370117E+08,-9.95454E+01
1.979675293E+08,-9.87454E+01
1.979980469E+08,-1.03545E+02
1.980285645E+08,-1.02405E+02
1.980590820E+08,-1.04845E+02
1.980895996E+08,-1.13425E+02
1.981201172E+08,-1.07745E+02
1.981506348E+08,-1.07025E+02
1.981811523E+08,-1.03605E+02
1.982116699E+08,-9.84654E+01
1.982421875E+08,-1.00385E+02
1.982727051E+08,-1.08265E+02
1.983032227E+08,-1.04465E+02
1.983337402E+08,-1.04585E+02
1.983642578E+08,-1.01445E+02
1.983947754E+08,-1.01325E+02
1.984252930E+08,-1.08005E+02
1.984558105E+08,-1.27545E+02
1.984863281E+08,-1.10545E+02
1.985168457E+08,-1.10705E+02
1.985473633E+08,-1.09805E+02
1.985778809E+08,-1.06485E+02
1.986083984E+08,-1.07485E+02
1.986389160E+08,-1.13825E+02
1.986694336E+08,-1.44985E+02
1.986999512E+08,-1.09545E+02
1.987304688E+08,-1.01245E+02
1.987609863E+08,-1.02065E+02
1.987915039E+08,-1.07045E+02
1.988220215E+08,-1.00185E+02
1.988525391E+08,-1.00905E+02
1.988830566E+08,-1.02005E+02
1.989135742E+08,-1.00585E+02
1.989440918E+08,-1.04845E+02
1.989746094E+08,-1.07805E+02
1.990051270E+08,-1.03485E+02
1.990356445E+08,-1.08205E+02
1.990661621E+08,-1.05525E+02
1.990966797E+08,-1.10665E+02
1.991271973E+08,-1.08545E+02
1.991577148E+08,-9.90654E+01
1.991882324E+08,-1.00765E+02
1.992187500E+08,-1.09585E+02
1.992492676E+08,-1.07865E+02
1.992797852E+08,-1.01285E+02
1.993103027E+08,-1.02945E+02
1.993408203E+08,-1.11125E+02
1.993713379E+08,-1.09205E+02
1.994018555E+08,-1.00525E+02
1.994323730E+08,-1.03445E+02
1.994628906E+08,-1.07005E+02
1.994934082E+08,-1.04445E+02
1.995239258E+08,-1.07345E+02
1.995544434E+08,-1.10225E+02
1.995849609E+08,-1.06925E+02
1.996154785E+08,-1.02405E+02
1.996459961E+08,-1.01545E+02
1.996765137E+08,-9.97654E+01
1.997070312E+08,-1.05745E+02
1.997375488E+08,-1.08805E+02
1.997680664E+08,-1.21825E+02
1.997985840E+08,-1.03005E+02
1.998291016E+08,-1.08965E+02
1.998596191E+08,-1.10765E+02
1.998901367E+08,-1.09965E+02
1.999206543E+08,-1.07985E+02
1.999511719E+08,-1.03225E+02
1.999816895E+08,-1.03565E+02
2.000122070E+08,-1.04445E+02
2.000427246E+08,-9.89054E+01
2.000732422E+08,-1.02765E+02
2.001037598E+08,-1.11305E+02
2.001342773E+08,-1.07105E+02
2.001647949E+08,-1.05485E+02
2.001953125E+08,-1.05185E+02
2.002258301E+08,-9.94454E+01
2.002563477E+08,-1.14465E+02
2.002868652E+08,-1.01605E+02
2.003173828E+08,-9.96654E+01
2.003479004E+08,-1.00765E+02
2.003784180E+08,-1.04205E+02
2.004089355E+08,-1.06045E+02
2.004394531E+08,-1.16725E+02
2.004699707E+08,-1.05985E+02
2.005004883E+08,-1.06765E+02
2.005310059E+08,-1.10125E+02
2.005615234E+08,-1.18025E+02
2.005920410E+08,-1.13845E+02
2.006225586E+08,-1.07665E+02
2.006530762E+08,-1.02365E+02
2.006835938E+08,-1.03285E+02
2.007141113E+08,-1.06505E+02
2.007446289E+08,-1.08085E+02
2.007751465E+08,-1.08465E+02
2.008056641E+08,-1.07205E+02
2.008361816E+08,-1.05745E+02
2.008666992E+08,-1.03105E+02
2.008972168E+08,-1.13405E+02
2.009277344E+08,-1.09885E+02
2.009582520E+08,-1.15525E+02
2.009887695E+08,-1.19265E+02
2.010192871E+08,-1.00185E+02
2.010498047E+08,-9.71454E+01
2.010803223E+08,-1.03785E+02
2.011108398E+08,-1.07065E+02
2.011413574E+08,-1.14265E+02
2.011718750E+08,-1.15345E+02
2.012023926E+08,-1.09165E+02
2.012329102E+08,-1.12685E+02
2.012634277E+08,-1.08845E+02
2.012939453E+08,-1.07265E+02
2.013244629E+08,-1.15425E+02
2.013549805E+08,-1.20225E+02
2.013854980E+08,-1.19885E+02
2.014160156E+08,-1.09205E+02
2.014465332E+08,-1.09845E+02
2.014770508E+08,-1.16345E+02
2.015075684E+08,-1.10185E+02
2.015380859E+08,-1.05525E+02
2.015686035E+08,-9.96254E+01
2.015991211E+08,-9.78254E+01
2.016296387E+08,-1.04465E+02
2.016601562E+08,-1.03885E+02
2.016906738E+08,-1.08245E+02
2.017211914E+08,-1.08685E+02
2.017517090E+08,-1.08285E+02
2.017822266E+08,-1.13165E+02
2.018127441E+08,-1.12965E+02
2.018432617E+08,-1.02565E+02
2.018737793E+08,-1.01505E+02
2.019042969E+08,-1.05945E+02
2.019348145E+08,-1.02205E+02
2.019653320E+08,-1.11465E+02
2.019958496E+08,-1.09445E+02
2.020263672E+08,-1.15085E+02
2.020568848E+08,-1.18865E+02
2.020874023E+08,-1.02305E+02
2.021179199E+08,-1.02765E+02
2.021484375E+08,-1.08365E+02
2.021789551E+08,-1.03325E+02
2.022094727E+08,-1.02265E+02
2.022399902E+08,-1.03745E+02
2.022705078E+08,-1.14925E+02
2.023010254E+08,-1.00945E+02
2.023315430E+08,-1.03385E+02
2.023620605E+08,-1.21245E+02
2.023925781E+08,-1.06145E+02
2.024230957E+08,-1.04125E+02
2.024536133E+08,-1.05305E+02
2.024841309E+08,-1.09805E+02
2.025146484E+08,-1.19665E+02
2.025451660E+08,-1.05905E+02
2.025756836E+08,-1.06565E+02
2.026062012E+08,-1.07705E+02
2.026367188E+08,-1.04325E+02
2.026672363E+08,-1.05425E+02
2.026977539E+08,-1.04045E+02
2.027282715E+08,-1.04605E+02
2.027587891E+08,-1.14605E+02
2.027893066E+08,-1.02725E+02
2.028198242E+08,-1.02825E+02
2.028503418E+08,-1.01725E+02
2.028808594E+08,-1.09585E+02
2.029113770E+08,-1.02085E+02
2.029418945E+08,-1.06685E+02
2.029724121E+08,-1.06785E+02
2.030029297E+08,-1.06605E+02
2.030334473E+08,-1.07385E+02
2.030639648E+08,-1.08805E+02
2.030944824E+08,-1.07565E+02
2.031250000E+08,-1.03525E+02
2.031555176E+08,-1.05325E+02
2.031860352E+08,-1.03145E+02
2.032165527E+08,-1.03445E+02
2.032470703E+08,-1.13025E+02
2.032775879E+08,-1.04025E+02
2.033081055E+08,-1.03885E+02
2.033386230E+08,-1.05125E+02
2.033691406E+08,-1.12525E+02
2.033996582E+08,-1.11825E+02
2.034301758E+08,-1.18665E+02
2.034606934E+08,-1.15685E+02
2.034912109E+08,-1.08465E+02
2.035217285E+08,-1.07785E+02
2.035522461E+08,-1.05885E+02
2.035827637E+08,-1.03745E+02
2.036132812E+08,-1.05225E+02
2.036437988E+08,-1.04125E+02
2.036743164E+08,-1.02305E+02
2.037048340E+08,-1.08605E+02
2.037353516E+08,-1.15985E+02
2.037658691E+08,-1.15485E+02
2.037963867E+08,-1.03685E+02
2.038269043E+08,-1.10585E+02
2.038574219E+08,-1.14105E+02
2.038879395E+08,-1.18785E+02
2.039184570E+08,-1.09485E+02
2.039489746E+08,-1.12485E+02
2.039794922E+08,-1.25225E+02
2.040100098E+08,-1.10085E+02
2.040405273E+08,-1.06945E+02
2.040710449E+08,-1.24745E+02
2.041015625E+08,-1.08805E+02
2.041320801E+08,-1.09665E+02
2.041625977E+08,-1.07845E+02
2.041931152E+08,-1.18785E+02
2.042236328E+08,-1.02245E+02
2.042541504E+08,-9.95054E+01
2.042846680E+08,-1.02145E+02
2.043151855E+08,-1.13105E+02
2.043457031E+08,-1.13225E+02
2.043762207E+08,-1.05225E+02
2.044067383E+08,-1.06405E+02
2.044372559E+08,-1.19025E+02
2.044677734E+08,-1.06465E+02
2.044982910E+08,-1.01065E+02
2.045288086E+08,-1.02605E+02
2.045593262E+08,-1.19005E+02
2.045898438E+08,-1.13705E+02
2.046203613E+08,-1.03785E+02
2.046508789E+08,-1.00605E+02
2.046813965E+08,-1.05525E+02
2.047119141E+08,-1.09005E+02
2.047424316E+08,-1.05425E+02
2.047729492E+08,-1.11405E+02
2.048034668E+08,-1.08945E+02
2.048339844E+08,-1.03585E+02
2.048645020E+08,-1.02485E+02
2.048950195E+08,-9.93054E+01
2.049255371E+08,-1.01365E+02
2.049560547E+08,-1.06205E+02
2.049865723E+08,-1.10985E+02
2.050170898E+08,-1.07265E+02
2.050476074E+08,-1.07625E+02
2.050781250E+08,-1.08905E+02
2.051086426E+08,-1.14385E+02
2.051391602E+08,-1.07265E+02
2.051696777E+08,-1.00405E+02
2.052001953E+08,-1.01945E+02
2.052307129E+08,-1.05805E+02
2.052612305E+08,-1.09065E+02
2.052917480E+08,-1.12325E+02
2.053222656E+08,-1.02845E+02
2.053527832E+08,-1.04005E+02
2.053833008E+08,-1.03745E+02
2.054138184E+08,-1.04505E+02
2.054443359E+08,-1.09485E+02
2.054748535E+08,-9.79454E+01
2.055053711E+08,-1.00465E+02
2.055358887E+08,-1.12505E+02
2.055664062E+08,-1.04805E+02
2.055969238E+08,-1.03585E+02
2.056274414E+08,-1.02845E+02
2.056579590E+08,-1.14105E+02
2.056884766E+08,-1.10185E+02
2.057189941E+08,-1.05905E+02
2.057495117E+08,-1.12045E+02
2.057800293E+08,-1.14425E+02
2.058105469E+08,-1.04225E+02
2.058410645E+08,-1.00865E+02
2.058715820E+08,-1.06165E+02
2.059020996E+08,-1.10645E+02
2.059326172E+08,-1.10945E+02
2.059631348E+08,-1.19405E+02
2.059936523E+08,-1.07005E+02
2.060241699E+08,-1.09205E+02
2.060546875E+08,-1.11065E+02
2.060852051E+08,-1.08125E+02
2.061157227E+08,-1.04905E+02
2.061462402E+08,-1.06305E+02
2.061767578E+08,-1.03285E+02
2.062072754E+08,-1.04365E+02
2.062377930E+08,-1.06325E+02
2.062683105E+08,-1.11225E+02
2.062988281E+08,-1.10485E+02
2.063293457E+08,-1.01625E+02
2.063598633E+08,-1.00385E+02
2.063903809E+08,-9.99654E+01
2.064208984E+08,-1.05285E+02
2.064514160E+08,-1.08345E+02
2.064819336E+08,-1.03965E+02
2.065124512E+08,-1.08485E+02
2.065429688E+08,-1.17665E+02
2.065734863E+08,-1.10385E+02
2.066040039E+08,-1.04845E+02
2.066345215E+08,-1.05885E+02
2.066650391E+08,-1.04965E+02
2.066955566E+08,-1.03685E+02
2.067260742E+08,-1.12705E+02
2.067565918E+08,-1.03785E+02
2.067871094E+08,-1.04365E+02
2.068176270E+08,-1.04405E+02
2.068481445E+08,-1.01205E+02
2.068786621E+08,-1.00785E+02
2.069091797E+08,-1.05105E+02
2.069396973E+08,-1.05825E+02
2.069702148E+08,-1.11305E+02
2.070007324E+08,-1.03425E+02
2.070312500E+08,-1.11585E+02
2.070617676E+08,-1.02985E+02
2.070922852E+08,-9.80454E+01
2.071228027E+08,-1.00085E+02
2.071533203E+08,-1.11025E+02
2.071838379E+08,-1.12865E+02
2.072143555E+08,-1.16385E+02
2.072448730E+08,-1.06225E+02
2.072753906E+08,-1.05385E+02
2.073059082E+08,-1.06165E+02
2.073364258E+08,-1.14105E+02
2.073669434E+08,-1.09705E+02
2.073974609E+08,-1.06745E+02
2.074279785E+08,-1.07905E+02
2.074584961E+08,-1.10365E+02
2.074890137E+08,-1.10185E+02
2.075195312E+08,-1.09765E+02
2.075500488E+08,-1.09405E+02
2.075805664E+08,-1.12225E+02
2.076110840E+08,-1.15305E+02
2.076416016E+08,-1.06005E+02
2.076721191E+08,-1.04685E+02
2.077026367E+08,-1.00125E+02
2.077331543E+08,-1.03885E+02
2.077636719E+08,-1.19205E+02
2.077941895E+08,-1.09765E+02
2.078247070E+08,-1.12345E+02
2.078552246E+08,-1.06925E+02
2.078857422E+08,-1.09105E+02
2.079162598E+08,-1.04945E+02
2.079467773E+08,-1.03425E+02
2.079772949E+08,-1.13565E+02
2.080078125E+08,-1.12105E+02
2.080383301E+08,-1.08125E+02
2.080688477E+08,-1.03685E+02
2.080993652E+08,-1.07005E+02
2.081298828E+08,-1.19105E+02
2.081604004E+08,-1.04385E+02
2.081909180E+08,-9.91254E+01
2.082214355E+08,-1.03445E+02
2.082519531E+08,-1.13585E+02
2.082824707E+08,-1.08485E+02
2.083129883E+08,-1.08025E+02
2.083435059E+08,-1.05165E+02
2.083740234E+08,-1.00225E+02
2.084045410E+08,-9.89654E+01
2.084350586E+08,-1.15765E+02
2.084655762E+08,-1.07685E+02
2.084960938E+08,-1.12305E+02
2.085266113E+08,-1.05245E+02
2.085571289E+08,-1.06185E+02
2.085876465E+08,-1.04805E+02
2.086181641E+08,-1.11325E+02
2.086486816E+08,-1.02045E+02
2.086791992E+08,-1.04845E+02
2.087097168E+08,-1.03525E+02
2.087402344E+08,-1.06765E+02
2.087707520E+08,-1.08165E+02
2.088012695E+08,-1.11005E+02
2.088317871E+08,-1.09065E+02
2.088623047E+08,-1.01265E+02
2.088928223E+08,-1.00965E+02
2.089233398E+08,-1.06585E+02
2.089538574E+08,-1.03205E+02
2.089843750E+08,-1.04965E+02
2.090148926E+08,-1.08345E+02
2.090454102E+08,-1.04125E+02
2.090759277E+08,-1.02665E+02
2.091064453E+08,-1.11325E+02
2.091369629E+08,-1.16545E+02
2.091674805E+08,-1.15845E+02
2.091979980E+08,-1.08185E+02
2.092285156E+08,-1.09705E+02
2.092590332E+08,-1.06145E+02
2.092895508E+08,-1.06645E+02
2.093200684E+08,-1.07865E+02
2.093505859E+08,-1.08845E+02
2.093811035E+08,-1.05205E+02
2.094116211E+08,-1.05385E+02
2.094421387E+08,-1.06585E+02
2.094726562E+08,-1.02325E+02
2.095031738E+08,-1.10225E+02
2.095336914E+08,-1.09705E+02
2.095642090E+08,-1.09005E+02
2.095947266E+08,-1.07545E+02
2.096252441E+08,-1.00525E+02
2.096557617E+08,-1.00045E+02
2.096862793E+08,-1.05105E+02
2.097167969E+08,-1.07465E+02
2.097473145E+08,-1.09365E+02
2.097778320E+08,-1.04905E+02
2.098083496E+08,-1.00185E+02
2.098388672E+08,-1.06985E+02
2.098693848E+08,-1.07625E+02
2.098999023E+08,-1.02065E+02
2.099304199E+08,-1.12985E+02
2.099609375E+08,-1.00125E+02
2.099914551E+08,-8.90054E+01
2.100219727E+08,-9.10854E+01
2.100524902E+08,-1.05945E+02
2.100830078E+08,-1.10445E+02
2.101135254E+08,-1.10705E+02
2.101440430E+08,-1.03145E+02
2.101745605E+08,-9.92054E+01
2.102050781E+08,-1.04425E+02
2.102355957E+08,-1.16725E+02
2.102661133E+08,-1.06345E+02
2.102966309E+08,-1.07285E+02
2.103271484E+08,-1.10985E+02
2.103576660E+08,-1.04365E+02
2.103881836E+08,-1.02645E+02
2.104187012E+08,-1.05265E+02
2.104492188E+08,-1.17745E+02
2.104797363E+08,-1.09065E+02
2.105102539E+08,-1.10385E+02
2.105407715E+08,-1.09405E+02
2.105712891E+08,-1.06225E+02
2.106018066E+08,-1.03525E+02
2.106323242E+08,-1.10845E+02
2.106628418E+08,-1.05205E+02
2.106933594E+08,-1.02545E+02
2.107238770E+08,-1.09025E+02
2.107543945E+08,-1.10265E+02
2.107849121E+08,-1.05345E+02
2.108154297E+08,-1.02785E+02
2.108459473E+08,-1.02585E+02
2.108764648E+08,-1.06045E+02
2.109069824E+08,-1.09545E+02
2.109375000E+08,-1.05425E+02
2.109680176E+08,-1.08325E+02
2.109985352E+08,-1.16605E+02
2.110290527E+08,-1.00465E+02
2.110595703E+08,-9.95454E+01
2.110900879E+08,-1.03905E+02
2.111206055E+08,-1.26545E+02
2.111511230E+08,-1.05525E+02
2.111816406E+08,-1.04065E+02
2.112121582E+08,-1.07785E+02
2.112426758E+08,-1.04425E+02
2.112731934E+08,-1.00925E+02
2.113037109E+08,-1.00185E+02
2.113342285E+08,-1.10865E+02
2.113647461E+08,-1.05765E+02
2.113952637E+08,-1.07245E+02
2.114257812E+08,-1.10265E+02
2.114562988E+08,-1.11585E+02
2.114868164E+08,-1.05785E+02
2.115173340E+08,-1.09225E+02
2.115478516E+08,-1.06965E+02
2.115783691E+08,-1.04585E+02
2.116088867E+08,-1.03625E+02
2.116394043E+08,-1.03345E+02
2.116699219E+08,-1.08965E+02
2.117004395E+08,-1.20805E+02
2.117309570E+08,-1.01605E+02
2.117614746E+08,-1.00425E+02
2.117919922E+08,-1.04425E+02
2.118225098E+08,-1.03965E+02
2.118530273E+08,-1.07405E+02
2.118835449E+08,-1.07485E+02
2.119140625E+08,-1.08285E+02
2.119445801E+08,-1.17405E+02
2.119750977E+08,-1.05145E+02
2.120056152E+08,-1.07685E+02
2.120361328E+08,-1.15725E+02
2.120666504E+08,-1.08025E+02
2.120971680E+08,-1.04985E+02
2.121276855E+08,-1.07225E+02
2.121582031E+08,-1.04065E+02
2.121887207E+08,-1.03665E+02
2.122192383E+08,-1.08865E+02
2.122497559E+08,-1.09505E+02
2.122802734E+08,-1.12745E+02
2.123107910E+08,-1.08605E+02
2.123413086E+08,-1.12985E+02
2.123718262E+08,-1.13845E+02
2.124023438E+08,-1.05585E+02
2.124328613E+08,-1.05245E+02
2.124633789E+08,-1.02465E+02
2.124938965E+08,-1.05245E+02
2.125244141E+08,-1.05865E+02
2.125549316E+08,-1.00725E+02
2.125854492E+08,-1.02545E+02
2.126159668E+08,-1.05245E+02
2.126464844E+08,-1.17925E+02
2.126770020E+08,-1.06405E+02
2.127075195E+08,-1.00845E+02
2.127380371E+08,-1.03725E+02
2.127685547E+08,-1.13205E+02
2.127990723E+08,-1.20985E+02
2.128295898E+08,-1.15165E+02
2.128601074E+08,-1.13785E+02
2.128906250E+08,-1.08545E+02
2.129211426E+08,-9.89054E+01
2.129516602E+08,-9.70254E+01
2.129821777E+08,-9.97654E+01
2.130126953E+08,-1.05845E+02
2.130432129E+08,-1.41005E+02
2.130737305E+08,-1.07105E+02
2.131042480E+08,-1.04885E+02
2.131347656E+08,-1.00345E+02
2.131652832E+08,-9.83454E+01
2.131958008E+08,-1.02445E+02
2.132263184E+08,-1.04205E+02
2.132568359E+08,-1.06205E+02
2.132873535E+08,-1.05065E+02
2.133178711E+08,-9.66454E+01
2.133483887E+08,-9.91254E+01
2.133789062E+08,-1.13725E+02
2.134094238E+08,-9.93654E+01
2.134399414E+08,-9.91054E+01
2.134704590E+08,-1.07825E+02
2.135009766E+08,-1.13065E+02
2.135314941E+08,-1.03985E+02
2.135620117E+08,-1.01385E+02
2.135925293E+08,-1.07025E+02
2.136230469E+08,-1.09405E+02
2.136535645E+08,-1.09165E+02
2.136840820E+08,-1.02685E+02
2.137145996E+08,-1.01485E+02
2.137451172E+08,-1.04945E+02
2.137756348E+08,-1.10345E+02
2.138061523E+08,-1.17605E+02
2.138366699E+08,-1.12345E+02
2.138671875E+08,-1.06405E+02
2.138977051E+08,-1.00885E+02
2.139282227E+08,-1.06745E+02
2.139587402E+08,-1.07205E+02
2.139892578E+08,-1.04445E+02
2.140197754E+08,-1.18405E+02
2.140502930E+08,-1.07285E+02
2.140808105E+08,-1.21445E+02
2.141113281E+08,-1.05985E+02
2.141418457E+08,-1.03225E+02
2.141723633E+08,-1.03645E+02
2.142028809E+08,-1.10625E+02
2.142333984E+08,-1.05905E+02
2.142639160E+08,-1.01165E+02
2.142944336E+08,-1.07105E+02
2.143249512E+08,-1.01805E+02
2.143554688E+08,-1.02925E+02
2.143859863E+08,-1.11185E+02
2.144165039E+08,-1.11045E+02
2.144470215E+08,-1.13545E+02
2.144775391E+08,-1.02265E+02
2.145080566E+08,-1.08105E+02
2.145385742E+08,-1.14325E+02
2.145690918E+08,-1.17365E+02
2.145996094E+08,-1.05445E+02
2.146301270E+08,-1.07985E+02
2.146606445E+08,-1.18125E+02
2.146911621E+08,-1.14885E+02
2.147216797E+08,-1.05425E+02
2.147521973E+08,-1.01925E+02
2.147827148E+08,-1.17065E+02
2.148132324E+08,-1.05925E+02
2.148437500E+08,-1.07685E+02
2.148742676E+08,-1.03585E+02
2.149047852E+08,-1.06145E+02
2.149353027E+08,-1.05285E+02
2.149658203E+08,-1.06925E+02
2.149963379E+08,-1.11885E+02
2.150268555E+08,-1.15245E+02
2.150573730E+08,-1.08085E+02
2.150878906E+08,-1.03285E+02
2.151184082E+08,-1.03785E+02
2.151489258E+08,-1.04305E+02
2.151794434E+08,-1.04385E+02
2.152099609E+08,-1.02745E+02
2.152404785E+08,-1.01885E+02
2.152709961E+08,-1.11065E+02
2.153015137E+08,-1.03425E+02
2.153320312E+08,-1.10625E+02
2.153625488E+08,-1.02345E+02
2.153930664E+08,-1.02925E+02
2.154235840E+08,-1.04365E+02
2.154541016E+08,-1.05905E+02
2.154846191E+08,-1.16965E+02
2.155151367E+08,-1.23605E+02
2.155456543E+08,-1.11545E+02
2.155761719E+08,-1.10565E+02
2.156066895E+08,-1.14345E+02
2.156372070E+08,-1.10545E+02
2.156677246E+08,-1.15445E+02
2.156982422E+08,-1.14025E+02
2.157287598E+08,-1.21265E+02
2.157592773E+08,-1.18525E+02
2.157897949E+08,-1.25185E+02
2.158203125E+08,-1.09885E+02
2.158508301E+08,-1.10865E+02
2.158813477E+08,-1.10645E+02
2.159118652E+08,-1.05185E+02
2.159423828E+08,-1.01265E+02
2.159729004E+08,-9.89654E+01
2.160034180E+08,-1.00345E+02
2.160339355E+08,-1.06265E+02
2.160644531E+08,-1.00265E+02
2.160949707E+08,-1.00465E+02
2.161254883E+08,-1.05545E+02
2.161560059E+08,-1.12225E+02
2.161865234E+08,-1.09765E+02
2.162170410E+08,-1.14365E+02
2.162475586E+08,-1.11445E+02
2.162780762E+08,-1.10385E+02
2.163085938E+08,-1.08605E+02
2.163391113E+08,-1.07705E+02
2.163696289E+08,-1.04365E+02
2.164001465E+08,-1.03205E+02
2.164306641E+08,-1.02825E+02
2.164611816E+08,-1.00805E+02
2.164916992E+08,-1.02905E+02
2.165222168E+08,-1.09805E+02
2.165527344E+08,-1.21465E+02
2.165832520E+08,-1.04005E+02
2.166137695E+08,-1.05505E+02
2.166442871E+08,-1.04385E+02
2.166748047E+08,-1.01205E+02
2.167053223E+08,-1.06085E+02
2.167358398E+08,-1.07565E+02
2.167663574E+08,-1.01685E+02
2.167968750E+08,-1.19305E+02
2.168273926E+08,-1.00945E+02
2.168579102E+08,-1.02825E+02
2.168884277E+08,-1.09165E+02
2.169189453E+08,-1.10085E+02
2.169494629E+08,-1.04545E+02
2.169799805E+08,-1.05465E+02
2.170104980E+08,-1.11565E+02
2.170410156E+08,-1.07545E+02
2.170715332E+08,-1.08865E+02
2.171020508E+08,-1.10225E+02
2.171325684E+08,-1.08205E+02
2.171630859E+08,-1.09505E+02
2.171936035E+08,-1.21345E+02
2.172241211E+08,-1.04785E+02
2.172546387E+08,-1.03005E+02
2.172851562E+08,-1.07405E+02
2.173156738E+08,-1.08105E+02
2.173461914E+08,-1.08325E+02
2.173767090E+08,-1.13365E+02
2.174072266E+08,-1.02885E+02
2.174377441E+08,-1.02005E+02
2.174682617E+08,-1.02365E+02
2.174987793E+08,-1.09585E+02
2.175292969E+08,-1.09205E+02
2.175598145E+08,-1.05425E+02
2.175903320E+08,-1.05265E+02
2.176208496E+08,-1.07925E+02
2.176513672E+08,-1.14845E+02
2.176818848E+08,-1.09445E+02
2.177124023E+08,-1.12865E+02
2.177429199E+08,-1.09165E+02
2.177734375E+08,-1.09705E+02
2.178039551E+08,-1.10385E+02
2.178344727E+08,-1.13205E+02
2.178649902E+08,-1.08405E+02
2.178955078E+08,-1.03965E+02
2.179260254E+08,-1.08565E+02
2.179565430E+08,-1.10265E+02
2.179870605E+08,-1.08605E+02
2.180175781E+08,-1.11485E+02
2.180480957E+08,-1.10765E+02
2.180786133E+08,-1.02925E+02
2.181091309E+08,-1.06185E+02
2.181396484E+08,-1.15645E+02
2.181701660E+08,-1.15965E+02
2.182006836E+08,-1.08265E+02
2.182312012E+08,-1.06425E+02
2.182617188E+08,-1.03565E+02
2.182922363E+08,-1.02165E+02
2.183227539E+08,-1.03685E+02
2.183532715E+08,-1.04585E+02
2.183837891E+08,-1.05865E+02
2.184143066E+08,-1.05665E+02
2.184448242E+08,-1.01305E+02
2.184753418E+08,-1.08685E+02
2.185058594E+08,-1.03945E+02
2.185363770E+08,-1.00385E+02
2.185668945E+08,-1.11105E+02
2.185974121E+08,-1.09665E+02
2.186279297E+08,-1.13765E+02
2.186584473E+08,-1.08965E+02
2.186889648E+08,-1.11045E+02
2.187194824E+08,-1.15525E+02
2.187500000E+08,-1.10685E+02
2.187805176E+08,-1.08785E+02
2.188110352E+08,-1.18805E+02
2.188415527E+08,-1.15585E+02
2.188720703E+08,-1.15325E+02
2.189025879E+08,-1.05345E+02
2.189331055E+08,-1.01345E+02
2.189636230E+08,-1.07785E+02
2.189941406E+08,-1.08125E+02
2.190246582E+08,-1.14925E+02
2.190551758E+08,-1.03965E+02
2.190856934E+08,-9.90654E+01
2.191162109E+08,-1.01925E+02
2.191467285E+08,-1.04365E+02
2.191772461E+08,-1.09665E+02
2.192077637E+08,-1.11465E+02
2.192382812E+08,-1.05685E+02
2.192687988E+08,-1.02685E+02
2.192993164E+08,-1.00825E+02
2.193298340E+08,-1.02725E+02
2.193603516E+08,-1.06165E+02
2.193908691E+08,-1.07465E+02
2.194213867E+08,-1.09965E+02
2.194519043E+08,-1.04685E+02
2.194824219E+08,-1.05525E+02
2.195129395E+08,-1.20825E+02
2.195434570E+08,-1.11645E+02
2.195739746E+08,-1.08125E+02
2.196044922E+08,-1.04365E+02
2.196350098E+08,-1.19445E+02
2.196655273E+08,-1.08905E+02
2.196960449E+08,-1.07405E+02
2.197265625E+08,-1.02925E+02
2.197570801E+08,-1.04505E+02
2.197875977E+08,-1.02405E+02
2.198181152E+08,-1.01765E+02
2.198486328E+08,-1.12825E+02
2.198791504E+08,-1.05705E+02
2.199096680E+08,-1.04945E+02
2.199401855E+08,-1.00725E+02
2.199707031E+08,-1.02105E+02
2.200012207E+08,-1.11025E+02
2.200317383E+08,-1.11305E+02
2.200622559E+08,-1.03565E+02
2.200927734E+08,-1.07005E+02
2.201232910E+08,-1.20965E+02
2.201538086E+08,-1.07325E+02
2.201843262E+08,-1.02625E+02
2.202148438E+08,-1.03645E+02
2.202453613E+08,-1.02505E+02
2.202758789E+08,-1.11125E+02
2.203063965E+08,-1.11685E+02
2.203369141E+08,-1.14605E+02
2.203674316E+08,-1.14685E+02
2.203979492E+08,-1.13245E+02
2.204284668E+08,-1.20385E+02
2.204589844E+08,-1.16605E+02
2.204895020E+08,-1.08725E+02
2.205200195E+08,-1.03005E+02
2.205505371E+08,-1.02185E+02
2.205810547E+08,-1.04845E+02
2.206115723E+08,-1.03405E+02
2.206420898E+08,-1.06885E+02
2.206726074E+08,-1.09925E+02
2.207031250E+08,-1.10685E+02
2.207336426E+08,-1.06665E+02
2.207641602E+08,-1.03525E+02
2.207946777E+08,-1.03825E+02
2.208251953E+08,-1.00265E+02
2.208557129E+08,-1.00965E+02
2.208862305E+08,-1.07925E+02
2.209167480E+08,-1.04365E+02
2.209472656E+08,-1.03305E+02
2.209777832E+08,-1.11325E+02
2.210083008E+08,-1.09885E+02
2.210388184E+08,-1.04385E+02
2.210693359E+08,-1.12825E+02
2.210998535E+08,-1.18245E+02
2.211303711E+08,-1.17685E+02
2.211608887E+08,-1.19625E+02
2.211914062E+08,-1.18045E+02
2.212219238E+08,-1.05625E+02
2.212524414E+08,-1.07845E+02
2.212829590E+08,-1.07925E+02
2.213134766E+08,-1.03865E+02
2.213439941E+08,-1.05765E+02
2.213745117E+08,-1.04545E+02
2.214050293E+08,-1.09845E+02
2.214355469E+08,-1.07785E+02
2.214660645E+08,-1.08365E+02
2.214965820E+08,-1.08165E+02
2.215270996E+08,-1.14385E+02
2.215576172E+08,-1.09745E+02
2.215881348E+08,-1.09225E+02
2.216186523E+08,-1.15005E+02
2.216491699E+08,-1.12765E+02
2.216796875E+08,-1.09205E+02
2.217102051E+08,-1.13685E+02
2.217407227E+08,-1.10225E+02
2.217712402E+08,-1.11005E+02
2.218017578E+08,-1.11845E+02
2.218322754E+08,-1.20845E+02
2.218627930E+08,-1.11165E+02
2.218933105E+08,-1.08085E+02
2.219238281E+08,-1.02265E+02
2.219543457E+08,-1.08685E+02
2.219848633E+08,-1.07005E+02
2.220153809E+08,-1.09665E+02
2.220458984E+08,-1.06265E+02
2.220764160E+08,-1.03625E+02
2.221069336E+08,-1.02825E+02
2.221374512E+08,-1.03265E+02
2.221679688E+08,-1.12025E+02
2.221984863E+08,-1.07585E+02
2.222290039E+08,-1.03765E+02
2.222595215E+08,-1.10965E+02
2.222900391E+08,-1.01505E+02
2.223205566E+08,-9.91254E+01
2.223510742E+08,-1.04665E+02
2.223815918E+08,-1.24145E+02
2.224121094E+08,-1.08565E+02
2.224426270E+08,-1.03265E+02
2.224731445E+08,-1.09005E+02
2.225036621E+08,-1.05985E+02
2.225341797E+08,-1.06685E+02
2.225646973E+08,-1.10905E+02
2.225952148E+08,-1.06625E+02
2.226257324E+08,-1.08465E+02
2.226562500E+08,-1.11385E+02
2.226867676E+08,-1.00705E+02
2.227172852E+08,-1.01105E+02
2.227478027E+08,-1.08485E+02
2.227783203E+08,-1.02205E+02
2.228088379E+08,-1.07485E+02
2.228393555E+08,-1.04305E+02
2.228698730E+08,-1.01205E+02
2.229003906E+08,-1.00325E+02
2.229309082E+08,-1.18565E+02
2.229614258E+08,-1.05765E+02
2.229919434E+08,-1.05765E+02
2.230224609E+08,-1.10005E+02
2.230529785E+08,-1.10705E+02
2.230834961E+08,-1.10045E+02
2.231140137E+08,-1.14405E+02
2.231445312E+08,-1.14265E+02
2.231750488E+08,-1.10605E+02
2.232055664E+08,-1.09585E+02
2.232360840E+08,-1.04685E+02
2.232666016E+08,-1.04185E+02
2.232971191E+08,-1.02645E+02
2.233276367E+08,-1.03985E+02
2.233581543E+08,-1.02425E+02
2.233886719E+08,-1.07065E+02
2.234191895E+08,-1.12785E+02
2.234497070E+08,-1.06585E+02
2.234802246E+08,-1.11245E+02
2.235107422E+08,-1.09005E+02
2.235412598E+08,-1.15245E+02
2.235717773E+08,-1.03885E+02
2.236022949E+08,-1.01205E+02
2.236328125E+08,-9.92054E+01
2.236633301E+08,-1.01585E+02
2.236938477E+08,-1.15165E+02
2.237243652E+08,-1.03005E+02
2.237548828E+08,-1.02805E+02
2.237854004E+08,-1.15745E+02
2.238159180E+08,-1.06105E+02
2.238464355E+08,-1.05405E+02
2.238769531E+08,-1.15585E+02
2.239074707E+08,-1.06905E+02
2.239379883E+08,-1.05305E+02
2.239685059E+08,-1.12065E+02
2.239990234E+08,-1.16485E+02
2.240295410E+08,-1.04365E+02
2.240600586E+08,-1.07445E+02
2.240905762E+08,-1.18345E+02
2.241210938E+08,-1.04145E+02
2.241516113E+08,-1.02705E+02
2.241821289E+08,-1.02585E+02
2.242126465E+08,-1.04245E+02
2.242431641E+08,-1.03925E+02
2.242736816E+08,-1.04705E+02
2.243041992E+08,-1.08105E+02
2.243347168E+08,-1.02365E+02
2.243652344E+08,-1.02825E+02
2.243957520E+08,-1.10985E+02
2.244262695E+08,-1.16905E+02
2.244567871E+08,-1.13505E+02
2.244873047E+08,-1.02225E+02
2.245178223E+08,-1.02405E+02
2.245483398E+08,-1.08805E+02
2.245788574E+08,-1.09705E+02
2.246093750E+08,-1.02005E+02
2.246398926E+08,-9.84654E+01
2.246704102E+08,-1.04985E+02
2.247009277E+08,-1.07685E+02
2.247314453E+08,-1.06425E+02
2.247619629E+08,-1.04425E+02
2.247924805E+08,-1.01365E+02
2.248229980E+08,-1.00665E+02
2.248535156E+08,-1.00765E+02
2.248840332E+08,-1.00005E+02
2.249145508E+08,-1.00785E+02
2.249450684E+08,-1.08685E+02
2.249755859E+08,-1.01265E+02
2.250061035E+08,-9.96654E+01
2.250366211E+08,-1.03145E+02
2.250671387E+08,-1.07145E+02
2.250976562E+08,-1.05125E+02
2.251281738E+08,-1.13065E+02
2.251586914E+08,-1.11185E+02
2.251892090E+08,-1.11645E+02
2.252197266E+08,-1.06405E+02
2.252502441E+08,-1.01025E+02
2.252807617E+08,-1.03525E+02
2.253112793E+08,-1.17745E+02
2.253417969E+08,-1.08165E+02
2.253723145E+08,-1.05825E+02
2.254028320E+08,-1.13665E+02
2.254333496E+08,-1.14485E+02
2.254638672E+08,-1.06185E+02
2.254943848E+08,-1.01225E+02
2.255249023E+08,-1.16685E+02
2.255554199E+08,-1.13125E+02
2.255859375E+08,-1.06245E+02
2.256164551E+08,-1.01725E+02
2.256469727E+08,-1.04145E+02
2.256774902E+08,-1.07265E+02
2.257080078E+08,-1.11245E+02
2.257385254E+08,-1.04305E+02
2.257690430E+08,-1.00825E+02
2.257995605E+08,-1.13105E+02
2.258300781E+08,-1.03605E+02
2.258605957E+08,-1.17985E+02
2.258911133E+08,-1.09345E+02
2.259216309E+08,-1.08605E+02
2.259521484E+08,-1.08025E+02
2.259826660E+08,-1.26305E+02
2.260131836E+08,-1.05125E+02
2.260437012E+08,-1.00685E+02
2.260742188E+08,-9.97454E+01
2.261047363E+08,-1.02885E+02
2.261352539E+08,-1.16545E+02
2.261657715E+08,-1.12145E+02
2.261962891E+08,-1.11845E+02
2.262268066E+08,-1.11565E+02
2.262573242E+08,-1.14685E+02
2.262878418E+08,-1.04365E+02
2.263183594E+08,-1.02965E+02
2.263488770E+08,-1.09405E+02
2.263793945E+08,-1.05445E+02
2.264099121E+08,-1.03985E+02
2.264404297E+08,-1.03745E+02
2.264709473E+08,-1.05345E+02
2.265014648E+08,-1.16265E+02
2.265319824E+08,-1.17285E+02
2.265625000E+08,-1.15905E+02
2.265930176E+08,-1.05185E+02
2.266235352E+08,-1.14265E+02
2.266540527E+08,-1.06725E+02
2.266845703E+08,-1.02265E+02
2.267150879E+08,-1.10005E+02
2.267456055E+08,-1.10305E+02
2.267761230E+08,-1.09005E+02
2.268066406E+08,-1.10085E+02
2.268371582E+08,-1.13405E+02
2.268676758E+08,-1.03905E+02
2.268981934E+08,-1.07005E+02
2.269287109E+08,-1.09625E+02
2.269592285E+08,-1.05685E+02
2.269897461E+08,-9.82654E+01
2.270202637E+08,-1.01205E+02
2.270507812E+08,-1.15285E+02
2.270812988E+08,-1.08625E+02
2.271118164E+08,-1.09625E+02
2.271423340E+08,-1.14585E+02
2.271728516E+08,-1.03025E+02
2.272033691E+08,-9.98454E+01
2.272338867E+08,-1.01985E+02
2.272644043E+08,-1.06105E+02
2.272949219E+08,-1.08865E+02
2.273254395E+08,-1.07085E+02
2.273559570E+08,-1.07925E+02
2.273864746E+08,-1.09485E+02
2.274169922E+08,-1.10505E+02
2.274475098E+08,-1.07065E+02
2.274780273E+08,-1.16585E+02
2.275085449E+08,-1.04305E+02
2.275390625E+08,-1.02005E+02
2.275695801E+08,-1.06585E+02
2.276000977E+08,-1.07405E+02
2.276306152E+08,-1.04625E+02
2.276611328E+08,-1.05305E+02
2.276916504E+08,-1.11825E+02
2.277221680E+08,-1.13345E+02
2.277526855E+08,-1.12905E+02
2.277832031E+08,-1.02465E+02
2.278137207E+08,-1.03465E+02
2.278442383E+08,-1.14625E+02
2.278747559E+08,-1.09505E+02
2.279052734E+08,-1.10405E+02
2.279357910E+08,-1.14925E+02
2.279663086E+08,-1.09545E+02
2.279968262E+08,-1.24465E+02
2.280273438E+08,-1.15945E+02
2.280578613E+08,-1.05505E+02
2.280883789E+08,-1.04265E+02
2.281188965E+08,-1.13105E+02
2.281494141E+08,-1.12345E+02
2.281799316E+08,-1.13145E+02
2.282104492E+08,-1.14785E+02
2.282409668E+08,-1.09345E+02
2.282714844E+08,-1.11605E+02
2.283020020E+08,-1.04105E+02
2.283325195E+08,-1.03465E+02
2.283630371E+08,-1.07005E+02
2.283935547E+08,-1.10405E+02
2.284240723E+08,-1.17265E+02
2.284545898E+08,-1.11305E+02
2.284851074E+08,-1.02925E+02
2.285156250E+08,-1.01845E+02
2.285461426E+08,-1.22385E+02
2.285766602E+08,-1.05825E+02
2.286071777E+08,-1.11945E+02
2.286376953E+08,-1.04325E+02
2.286682129E+08,-1.10225E+02
2.286987305E+08,-1.09885E+02
2.287292480E+08,-1.10505E+02
2.287597656E+08,-1.16905E+02
2.287902832E+08,-1.16825E+02
2.288208008E+08,-1.05305E+02
2.288513184E+08,-1.04785E+02
2.288818359E+08,-1.03625E+02
2.289123535E+08,-1.05165E+02
2.289428711E+08,-1.10805E+02
2.289733887E+08,-1.10265E+02
2.290039062E+08,-1.09365E+02
2.290344238E+08,-1.09365E+02
2.290649414E+08,-1.09405E+02
2.290954590E+08,-1.10605E+02
2.291259766E+08,-1.03285E+02
2.291564941E+08,-1.02685E+02
2.291870117E+08,-1.00045E+02
2.292175293E+08,-9.97054E+01
2.292480469E+08,-1.26445E+02
2.292785645E+08,-1.02445E+02
2.293090820E+08,-9.93454E+01
2.293395996E+08,-1.05065E+02
2.293701172E+08,-1.05305E+02
2.294006348E+08,-1.08605E+02
2.294311523E+08,-1.06445E+02
2.294616699E+08,-1.01965E+02
2.294921875E+08,-1.00745E+02
2.295227051E+08,-1.06585E+02
2.295532227E+08,-1.28945E+02
2.295837402E+08,-1.05025E+02
2.296142578E+08,-1.03145E+02
2.296447754E+08,-9.90654E+01
2.296752930E+08,-9.78054E+01
2.297058105E+08,-1.00625E+02
2.297363281E+08,-1.03965E+02
2.297668457E+08,-1.08625E+02
2.297973633E+08,-1.20405E+02
2.298278809E+08,-1.13385E+02
2.298583984E+08,-1.10225E+02
2.298889160E+08,-1.03565E+02
2.299194336E+08,-1.07405E+02
2.299499512E+08,-1.27045E+02
2.299804688E+08,-9.97454E+01
2.300109863E+08,-9.69254E+01
2.300415039E+08,-1.12085E+02
2.300720215E+08,-1.02785E+02
2.301025391E+08,-1.00985E+02
2.301330566E+08,-1.00725E+02
2.301635742E+08,-1.06505E+02
2.301940918E+08,-1.17465E+02
2.302246094E+08,-1.07225E+02
2.302551270E+08,-1.11625E+02
2.302856445E+08,-1.09585E+02
2.303161621E+08,-1.11625E+02
2.303466797E+08,-1.07945E+02
2.303771973E+08,-1.05565E+02
2.304077148E+08,-1.06705E+02
2.304382324E+08,-1.15265E+02
2.304687500E+08,-1.21065E+02
2.304992676E+08,-1.15245E+02
2.305297852E+08,-1.12765E+02
2.305603027E+08,-9.92054E+01
2.305908203E+08,-1.01245E+02
2.306213379E+08,-1.11425E+02
2.306518555E+08,-1.05085E+02
2.306823730E+08,-1.03485E+02
2.307128906E+08,-1.02725E+02
2.307434082E+08,-1.02005E+02
2.307739258E+08,-1.05065E+02
2.308044434E+08,-1.14425E+02
2.308349609E+08,-1.10365E+02
2.308654785E+08,-1.08465E+02
2.308959961E+08,-1.04005E+02
2.309265137E+08,-1.10305E+02
2.309570312E+08,-1.10185E+02
2.309875488E+08,-1.15305E+02
2.310180664E+08,-1.07945E+02
2.310485840E+08,-1.08545E+02
2.310791016E+08,-1.21745E+02
2.311096191E+08,-1.13085E+02
2.311401367E+08,-1.12965E+02
2.311706543E+08,-1.06405E+02
2.312011719E+08,-1.00865E+02
2.312316895E+08,-1.03385E+02
2.312622070E+08,-1.10505E+02
2.312927246E+08,-1.09705E+02
2.313232422E+08,-1.13685E+02
2.313537598E+08,-1.00805E+02
2.313842773E+08,-1.00945E+02
2.314147949E+08,-1.13105E+02
2.314453125E+08,-1.08545E+02
2.314758301E+08,-1.11845E+02
2.315063477E+08,-1.06785E+02
2.315368652E+08,-1.16245E+02
2.315673828E+08,-1.20325E+02
2.315979004E+08,-1.15425E+02
2.316284180E+08,-1.09505E+02
2.316589355E+08,-1.03925E+02
2.316894531E+08,-1.09405E+02
2.317199707E+08,-1.20845E+02
2.317504883E+08,-1.11365E+02
2.317810059E+08,-1.07465E+02
2.318115234E+08,-1.08025E+02
2.318420410E+08,-1.05325E+02
2.318725586E+08,-1.04725E+02
2.319030762E+08,-1.07405E+02
2.319335938E+08,-1.19665E+02
2.319641113E+08,-1.06225E+02
2.319946289E+08,-1.03245E+02
2.320251465E+08,-1.06945E+02
2.320556641E+08,-1.03865E+02
2.320861816E+08,-1.13225E+02
2.321166992E+08,-1.25885E+02
2.321472168E+08,-1.05785E+02
2.321777344E+08,-1.08345E+02
2.322082520E+08,-1.02765E+02
2.322387695E+08,-1.00085E+02
2.322692871E+08,-1.05025E+02
2.322998047E+08,-1.09225E+02
2.323303223E+08,-1.12525E+02
2.323608398E+08,-1.19885E+02
2.323913574E+08,-1.10585E+02
2.324218750E+08,-1.11825E+02
2.324523926E+08,-1.07565E+02
2.324829102E+08,-1.06745E+02
2.325134277E+08,-1.08085E+02
2.325439453E+08,-1.05725E+02
2.325744629E+08,-1.06845E+02
2.326049805E+08,-1.04025E+02
2.326354980E+08,-1.12045E+02
2.326660156E+08,-1.09845E+02
2.326965332E+08,-1.07405E+02
2.327270508E+08,-1.18805E+02
2.327575684E+08,-1.05645E+02
2.327880859E+08,-1.05945E+02
2.328186035E+08,-1.05245E+02
2.328491211E+08,-1.04485E+02
2.328796387E+08,-1.09965E+02
2.329101562E+08,-1.05085E+02
2.329406738E+08,-1.03005E+02
2.329711914E+08,-1.07065E+02
2.330017090E+08,-1.15605E+02
2.330322266E+08,-9.98054E+01
2.330627441E+08,-9.82054E+01
2.330932617E+08,-1.03385E+02
2.331237793E+08,-1.09485E+02
2.331542969E+08,-1.07565E+02
2.331848145E+08,-1.04525E+02
2.332153320E+08,-1.04765E+02
2.332458496E+08,-1.06805E+02
2.332763672E+08,-1.14225E+02
2.333068848E+08,-1.14645E+02
2.333374023E+08,-1.15045E+02
2.333679199E+08,-1.06525E+02
2.333984375E+08,-1.06265E+02
2.334289551E+08,-1.02965E+02
2.334594727E+08,-9.94054E+01
2.334899902E+08,-1.02785E+02
2.335205078E+08,-1.10885E+02
2.335510254E+08,-1.10885E+02
2.335815430E+08,-1.15705E+02
2.336120605E+08,-1.12785E+02
2.336425781E+08,-1.09205E+02
2.336730957E+08,-1.05725E+02
2.337036133E+08,-1.07805E+02
2.337341309E+08,-1.18965E+02
2.337646484E+08,-1.07525E+02
2.337951660E+08,-1.03085E+02
2.338256836E+08,-1.01345E+02
2.338562012E+08,-1.01085E+02
2.338867188E+08,-1.06145E+02
2.339172363E+08,-1.09485E+02
2.339477539E+08,-1.05765E+02
2.339782715E+08,-1.10465E+02
2.340087891E+08,-1.06685E+02
2.340393066E+08,-1.04265E+02
2.340698242E+08,-1.09405E+02
2.341003418E+08,-1.04125E+02
2.341308594E+08,-1.04085E+02
2.341613770E+08,-1.11705E+02
2.341918945E+08,-1.03565E+02
2.342224121E+08,-1.07565E+02
2.342529297E+08,-1.04165E+02
2.342834473E+08,-1.01065E+02
2.343139648E+08,-1.00005E+02
2.343444824E+08,-9.84654E+01
2.343750000E+08,-1.00805E+02
2.344055176E+08,-1.13825E+02
2.344360352E+08,-1.07325E+02
2.344665527E+08,-1.10485E+02
2.344970703E+08,-1.07385E+02
2.345275879E+08,-1.08685E+02
2.345581055E+08,-1.06605E+02
2.345886230E+08,-1.04365E+02
2.346191406E+08,-1.07525E+02
2.346496582E+08,-1.12785E+02
2.346801758E+08,-1.13145E+02
2.347106934E+08,-1.03985E+02
2.347412109E+08,-1.01705E+02
2.347717285E+08,-1.00465E+02
2.348022461E+08,-1.12645E+02
2.348327637E+08,-1.08945E+02
2.348632812E+08,-1.04665E+02
2.348937988E+08,-1.02665E+02
2.349243164E+08,-1.14505E+02
2.349548340E+08,-1.06665E+02
2.349853516E+08,-1.10045E+02
2.350158691E+08,-1.03425E+02
2.350463867E+08,-1.00985E+02
2.350769043E+08,-1.05045E+02
2.351074219E+08,-1.04525E+02
2.351379395E+08,-1.03925E+02
2.351684570E+08,-1.17285E+02
2.351989746E+08,-1.16945E+02
2.352294922E+08,-1.15245E+02
2.352600098E+08,-1.14245E+02
2.352905273E+08,-1.08525E+02
2.353210449E+08,-1.01285E+02
2.353515625E+08,-1.03025E+02
2.353820801E+08,-1.00865E+02
2.354125977E+08,-9.98454E+01
2.354431152E+08,-1.03085E+02
2.354736328E+08,-1.05305E+02
2.355041504E+08,-1.04805E+02
2.355346680E+08,-1.04625E+02
2.355651855E+08,-1.12085E+02
2.355957031E+08,-1.10045E+02
2.356262207E+08,-1.07665E+02
2.356567383E+08,-1.00965E+02
2.356872559E+08,-1.02225E+02
2.357177734E+08,-1.03325E+02
2.357482910E+08,-1.10925E+02
2.357788086E+08,-1.08165E+02
2.358093262E+08,-1.05805E+02
2.358398438E+08,-1.12585E+02
2.358703613E+08,-1.07265E+02
2.359008789E+08,-1.02685E+02
2.359313965E+08,-1.08945E+02
2.359619141E+08,-1.17245E+02
2.359924316E+08,-1.14165E+02
2.360229492E+08,-1.07425E+02
2.360534668E+08,-1.08745E+02
2.360839844E+08,-1.02845E+02
2.361145020E+08,-1.02425E+02
2.361450195E+08,-1.06025E+02
2.361755371E+08,-1.09805E+02
2.362060547E+08,-1.03245E+02
2.362365723E+08,-1.12665E+02
2.362670898E+08,-1.10885E+02
2.362976074E+08,-1.02125E+02
2.363281250E+08,-9.92654E+01
2.363586426E+08,-1.02825E+02
2.363891602E+08,-1.15585E+02
2.364196777E+08,-1.25585E+02
2.364501953E+08,-1.16945E+02
2.364807129E+08,-1.02765E+02
2.365112305E+08,-9.92654E+01
2.365417480E+08,-1.01585E+02
2.365722656E+08,-1.08845E+02
2.366027832E+08,-1.18425E+02
2.366333008E+08,-1.09265E+02
2.366638184E+08,-1.10925E+02
2.366943359E+08,-1.03365E+02
2.367248535E+08,-9.90254E+01
2.367553711E+08,-1.01965E+02
2.367858887E+08,-1.00005E+02
2.368164062E+08,-9.88054E+01
2.368469238E+08,-1.02605E+02
2.368774414E+08,-1.05205E+02
2.369079590E+08,-1.05825E+02
2.369384766E+08,-1.10525E+02
2.369689941E+08,-1.06605E+02
2.369995117E+08,-1.05045E+02
2.370300293E+08,-1.03205E+02
2.370605469E+08,-1.09805E+02
2.370910645E+08,-1.20305E+02
2.371215820E+08,-1.05605E+02
2.371520996E+08,-1.02285E+02
2.371826172E+08,-1.05045E+02
2.372131348E+08,-1.04885E+02
2.372436523E+08,-1.22045E+02
2.372741699E+08,-1.17105E+02
2.373046875E+08,-1.10845E+02
2.373352051E+08,-1.20405E+02
2.373657227E+08,-1.08945E+02
2.373962402E+08,-1.08905E+02
2.374267578E+08,-1.09625E+02
2.374572754E+08,-1.09765E+02
2.374877930E+08,-1.10045E+02
2.375183105E+08,-1.08365E+02
2.375488281E+08,-1.08945E+02
2.375793457E+08,-1.13685E+02
2.376098633E+08,-1.06645E+02
2.376403809E+08,-1.07685E+02
2.376708984E+08,-1.13365E+02
2.377014160E+08,-1.06045E+02
2.377319336E+08,-1.08405E+02
2.377624512E+08,-1.07565E+02
2.377929688E+08,-1.11805E+02
2.378234863E+08,-1.09965E+02
2.378540039E+08,-1.06245E+02
2.378845215E+08,-1.11345E+02
2.379150391E+08,-1.08665E+02
2.379455566E+08,-1.04685E+02
2.379760742E+08,-1.03985E+02
2.380065918E+08,-1.04685E+02
2.380371094E+08,-1.21985E+02
2.380676270E+08,-1.03005E+02
2.380981445E+08,-1.02225E+02
2.381286621E+08,-1.13025E+02
2.381591797E+08,-1.17425E+02
2.381896973E+08,-1.12965E+02
2.382202148E+08,-1.22745E+02
2.382507324E+08,-1.09345E+02
2.382812500E+08,-1.06605E+02
2.383117676E+08,-1.00945E+02
2.383422852E+08,-1.03745E+02
2.383728027E+08,-1.04945E+02
2.384033203E+08,-1.07125E+02
2.384338379E+08,-1.19125E+02
2.384643555E+08,-1.18725E+02
2.384948730E+08,-1.10625E+02
2.385253906E+08,-1.07785E+02
2.385559082E+08,-1.03965E+02
2.385864258E+08,-1.07185E+02
2.386169434E+08,-1.01965E+02
2.386474609E+08,-1.00305E+02
2.386779785E+08,-1.02085E+02
2.387084961E+08,-1.06865E+02
2.387390137E+08,-1.07285E+02
2.387695312E+08,-1.02725E+02
2.388000488E+08,-1.04725E+02
2.388305664E+08,-1.09805E+02
2.388610840E+08,-1.07565E+02
2.388916016E+08,-1.06485E+02
2.389221191E+08,-1.09405E+02
2.389526367E+08,-1.05285E+02
2.389831543E+08,-1.10265E+02
2.390136719E+08,-1.13605E+02
2.390441895E+08,-1.09965E+02
2.390747070E+08,-1.27185E+02
2.391052246E+08,-1.30125E+02
2.391357422E+08,-1.15845E+02
2.391662598E+08,-1.08945E+02
2.391967773E+08,-1.06245E+02
2.392272949E+08,-1.04125E+02
2.392578125E+08,-1.02945E+02
2.392883301E+08,-1.06065E+02
2.393188477E+08,-1.13045E+02
2.393493652E+08,-1.10185E+02
2.393798828E+08,-1.08405E+02
2.394104004E+08,-1.10625E+02
2.394409180E+08,-1.19585E+02
2.394714355E+08,-1.01045E+02
2.395019531E+08,-1.04585E+02
2.395324707E+08,-1.14445E+02
2.395629883E+08,-1.13725E+02
2.395935059E+08,-1.04745E+02
2.396240234E+08,-1.04125E+02
2.396545410E+08,-1.01045E+02
2.396850586E+08,-1.01645E+02
2.397155762E+08,-1.11865E+02
2.397460938E+08,-1.15885E+02
2.397766113E+08,-1.24445E+02
2.398071289E+08,-1.07005E+02
2.398376465E+08,-1.03565E+02
2.398681641E+08,-1.02885E+02
2.398986816E+08,-1.04045E+02
2.399291992E+08,-1.08565E+02
2.399597168E+08,-1.10485E+02
2.399902344E+08,-1.03225E+02
2.400207520E+08,-1.05885E+02
2.400512695E+08,-1.07465E+02
2.400817871E+08,-1.03705E+02
2.401123047E+08,-1.06505E+02
2.401428223E+08,-9.91254E+01
2.401733398E+08,-1.01765E+02
2.402038574E+08,-1.14085E+02
2.402343750E+08,-1.12645E+02
2.402648926E+08,-1.09405E+02
2.402954102E+08,-1.08005E+02
2.403259277E+08,-1.12225E+02
2.403564453E+08,-1.11225E+02
2.403869629E+08,-1.19805E+02
2.404174805E+08,-1.20325E+02
2.404479980E+08,-1.20565E+02
2.404785156E+08,-1.09805E+02
2.405090332E+08,-1.10325E+02
2.405395508E+08,-1.05985E+02
2.405700684E+08,-1.02365E+02
2.406005859E+08,-1.00725E+02
2.406311035E+08,-1.05585E+02
2.406616211E+08,-1.04005E+02
2.406921387E+08,-1.11425E+02
2.407226562E+08,-1.07185E+02
2.407531738E+08,-1.06645E+02
2.407836914E+08,-1.07145E+02
2.408142090E+08,-1.07365E+02
2.408447266E+08,-1.07345E+02
2.408752441E+08,-1.08605E+02
2.409057617E+08,-1.06845E+02
2.409362793E+08,-1.12005E+02
2.409667969E+08,-1.15325E+02
2.409973145E+08,-1.07525E+02
2.410278320E+08,-1.02485E+02
2.410583496E+08,-1.01605E+02
2.410888672E+08,-1.01905E+02
2.411193848E+08,-1.06805E+02
2.411499023E+08,-1.06945E+02
2.411804199E+08,-1.07845E+02
2.412109375E+08,-1.13265E+02
2.412414551E+08,-1.08745E+02
2.412719727E+08,-1.14145E+02
2.413024902E+08,-1.07485E+02
2.413330078E+08,-1.10605E+02
2.413635254E+08,-1.00945E+02
2.413940430E+08,-9.93454E+01
2.414245605E+08,-9.86654E+01
2.414550781E+08,-1.00445E+02
2.414855957E+08,-1.11425E+02
2.415161133E+08,-1.09885E+02
2.415466309E+08,-1.03665E+02
2.415771484E+08,-1.02925E+02
2.416076660E+08,-1.05725E+02
2.416381836E+08,-1.07285E+02
2.416687012E+08,-1.09505E+02
2.416992188E+08,-1.31905E+02
2.417297363E+08,-1.15825E+02
2.417602539E+08,-1.19545E+02
2.417907715E+08,-1.12245E+02
2.418212891E+08,-1.12625E+02
2.418518066E+08,-1.25105E+02
2.418823242E+08,-1.11865E+02
2.419128418E+08,-1.15025E+02
2.419433594E+08,-1.09265E+02
2.419738770E+08,-1.01345E+02
2.420043945E+08,-1.00085E+02
2.420349121E+08,-1.08565E+02
2.420654297E+08,-1.22145E+02
2.420959473E+08,-1.07285E+02
2.421264648E+08,-1.01165E+02
2.421569824E+08,-9.93054E+01
2.421875000E+08,-1.01765E+02
2.422180176E+08,-1.04205E+02
2.422485352E+08,-1.06445E+02
2.422790527E+08,-1.16085E+02
2.423095703E+08,-1.03105E+02
2.423400879E+08,-1.08545E+02
2.423706055E+08,-1.10045E+02
2.424011230E+08,-1.07485E+02
2.424316406E+08,-1.02625E+02
2.424621582E+08,-1.08185E+02
2.424926758E+08,-1.09505E+02
2.425231934E+08,-1.19365E+02
2.425537109E+08,-1.18105E+02
2.425842285E+08,-1.15165E+02
2.426147461E+08,-1.10085E+02
2.426452637E+08,-1.10405E+02
2.426757812E+08,-1.13825E+02
2.427062988E+08,-1.15565E+02
2.427368164E+08,-1.12485E+02
2.427673340E+08,-1.09845E+02
2.427978516E+08,-1.07145E+02
2.428283691E+08,-1.02885E+02
2.428588867E+08,-1.00985E+02
2.428894043E+08,-1.06165E+02
2.429199219E+08,-1.02665E+02
2.429504395E+08,-1.02245E+02
2.429809570E+08,-1.12925E+02
2.430114746E+08,-1.09345E+02
2.430419922E+08,-1.04585E+02
2.430725098E+08,-1.02745E+02
2.431030273E+08,-1.04905E+02
2.431335449E+08,-1.08245E+02
2.431640625E+08,-1.05905E+02
2.431945801E+08,-1.18245E+02
2.432250977E+08,-1.08345E+02
2.432556152E+08,-1.35645E+02
2.432861328E+08,-1.03525E+02
2.433166504E+08,-1.05525E+02
2.433471680E+08,-1.10005E+02
2.433776855E+08,-1.14745E+02
2.434082031E+08,-1.11865E+02
2.434387207E+08,-1.04205E+02
2.434692383E+08,-1.07665E+02
2.434997559E+08,-1.01165E+02
2.435302734E+08,-1.09545E+02
2.435607910E+08,-1.00185E+02
2.435913086E+08,-1.08745E+02
2.436218262E+08,-1.16085E+02
2.436523438E+08,-1.14345E+02
2.436828613E+08,-1.02185E+02
2.437133789E+08,-1.01945E+02
2.437438965E+08,-1.10585E+02
2.437744141E+08,-1.10745E+02
2.438049316E+08,-1.04125E+02
2.438354492E+08,-1.03385E+02
2.438659668E+08,-1.03605E+02
2.438964844E+08,-1.05425E+02
2.439270020E+08,-1.10005E+02
2.439575195E+08,-1.08325E+02
2.439880371E+08,-1.04505E+02
2.440185547E+08,-1.11065E+02
2.440490723E+08,-1.09705E+02
2.440795898E+08,-1.06865E+02
2.441101074E+08,-1.07685E+02
2.441406250E+08,-1.02425E+02
2.441711426E+08,-1.05605E+02
2.442016602E+08,-1.05585E+02
2.442321777E+08,-1.06065E+02
2.442626953E+08,-1.16825E+02
2.442932129E+08,-1.10745E+02
2.443237305E+08,-1.08785E+02
2.443542480E+08,-1.05825E+02
2.443847656E+08,-1.02265E+02
2.444152832E+08,-1.02785E+02
2.444458008E+08,-1.02365E+02
2.444763184E+08,-1.01165E+02
2.445068359E+08,-1.01325E+02
2.445373535E+08,-1.05765E+02
2.445678711E+08,-1.07005E+02
2.445983887E+08,-1.08565E+02
2.446289062E+08,-1.17025E+02
2.446594238E+08,-1.17245E+02
2.446899414E+08,-1.11425E+02
2.447204590E+08,-1.02785E+02
2.447509766E+08,-1.06445E+02
2.447814941E+08,-1.15585E+02
2.448120117E+08,-1.02965E+02
2.448425293E+08,-1.02065E+02
2.448730469E+08,-1.05185E+02
2.449035645E+08,-1.01905E+02
2.449340820E+08,-1.02105E+02
2.449645996E+08,-1.11145E+02
2.449951172E+08,-1.10525E+02
2.450256348E+08,-1.10925E+02
2.450561523E+08,-1.08785E+02
2.450866699E+08,-1.09065E+02
2.451171875E+08,-1.36645E+02
2.451477051E+08,-1.12365E+02
2.451782227E+08,-1.07625E+02
2.452087402E+08,-1.06205E+02
2.452392578E+08,-1.16865E+02
2.452697754E+08,-1.09485E+02
2.453002930E+08,-1.12265E+02
2.453308105E+08,-1.12925E+02
2.453613281E+08,-1.09745E+02
2.453918457E+08,-1.19745E+02
2.454223633E+08,-1.22645E+02
2.454528809E+08,-1.02065E+02
2.454833984E+08,-1.01985E+02
2.455139160E+08,-1.09065E+02
2.455444336E+08,-1.02545E+02
2.455749512E+08,-1.02645E+02
2.456054688E+08,-1.03025E+02
2.456359863E+08,-1.03225E+02
2.456665039E+08,-1.05645E+02
2.456970215E+08,-1.06045E+02
2.457275391E+08,-1.03745E+02
2.457580566E+08,-1.01745E+02
2.457885742E+08,-1.00605E+02
2.458190918E+08,-1.04365E+02
2.458496094E+08,-1.06565E+02
2.458801270E+08,-1.07665E+02
2.459106445E+08,-1.14145E+02
2.459411621E+08,-1.05485E+02
2.459716797E+08,-1.01665E+02
2.460021973E+08,-1.03665E+02
2.460327148E+08,-1.02465E+02
2.460632324E+08,-1.00605E+02
2.460937500E+08,-1.03905E+02
2.461242676E+08,-1.07185E+02
2.461547852E+08,-1.04705E+02
2.461853027E+08,-1.09505E+02
2.462158203E+08,-1.23405E+02
2.462463379E+08,-1.06665E+02
2.462768555E+08,-1.07405E+02
2.463073730E+08,-1.14065E+02
2.463378906E+08,-1.04205E+02
2.463684082E+08,-1.03905E+02
2.463989258E+08,-1.04545E+02
2.464294434E+08,-1.03625E+02
2.464599609E+08,-1.10085E+02
2.464904785E+08,-1.20905E+02
2.465209961E+08,-1.10785E+02
2.465515137E+08,-1.10125E+02
2.465820312E+08,-1.12485E+02
2.466125488E+08,-1.08265E+02
2.466430664E+08,-1.15485E+02
2.466735840E+08,-1.07665E+02
2.467041016E+08,-1.06225E+02
2.467346191E+08,-1.12745E+02
2.467651367E+08,-1.08605E+02
2.467956543E+08,-1.09405E+02
2.468261719E+08,-1.15845E+02
2.468566895E+08,-1.26485E+02
2.468872070E+08,-1.08545E+02
2.469177246E+08,-1.07125E+02
2.469482422E+08,-1.12525E+02
2.469787598E+08,-1.07585E+02
2.470092773E+08,-1.06225E+02
2.470397949E+08,-1.17485E+02
2.470703125E+08,-1.10045E+02
2.471008301E+08,-1.20825E+02
2.471313477E+08,-1.10525E+02
2.471618652E+08,-1.11305E+02
2.471923828E+08,-1.05525E+02
2.472229004E+08,-9.96654E+01
2.472534180E+08,-1.00625E+02
2.472839355E+08,-1.07845E+02
2.473144531E+08,-1.05205E+02
2.473449707E+08,-9.82054E+01
2.473754883E+08,-1.01045E+02
2.474060059E+08,-1.04665E+02
2.474365234E+08,-1.04985E+02
2.474670410E+08,-1.03905E+02
2.474975586E+08,-1.07705E+02
2.475280762E+08,-1.08945E+02
2.475585938E+08,-1.06265E+02
2.475891113E+08,-1.03685E+02
2.476196289E+08,-1.03205E+02
2.476501465E+08,-1.04945E+02
2.476806641E+08,-1.05965E+02
2.477111816E+08,-1.03145E+02
2.477416992E+08,-1.00625E+02
2.477722168E+08,-1.05345E+02
2.478027344E+08,-1.22265E+02
2.478332520E+08,-1.06765E+02
2.478637695E+08,-1.05685E+02
2.478942871E+08,-1.06825E+02
2.479248047E+08,-1.14845E+02
2.479553223E+08,-1.10665E+02
2.479858398E+08,-1.09845E+02
2.480163574E+08,-1.08545E+02
2.480468750E+08,-1.02645E+02
2.480773926E+08,-1.03285E+02
2.481079102E+08,-1.00185E+02
2.481384277E+08,-1.01605E+02
2.481689453E+08,-1.10325E+02
2.481994629E+08,-1.05005E+02
2.482299805E+08,-1.00625E+02
2.482604980E+08,-1.11365E+02
2.482910156E+08,-1.10345E+02
2.483215332E+08,-1.22425E+02
2.483520508E+08,-1.09345E+02
2.483825684E+08,-1.11605E+02
2.484130859E+08,-1.07005E+02
2.484436035E+08,-1.20385E+02
2.484741211E+08,-1.10185E+02
2.485046387E+08,-1.15645E+02
2.485351562E+08,-1.12365E+02
2.485656738E+08,-1.11265E+02
2.485961914E+08,-1.10665E+02
2.486267090E+08,-1.12085E+02
2.486572266E+08,-1.08745E+02
2.486877441E+08,-1.10405E+02
2.487182617E+08,-1.09545E+02
2.487487793E+08,-1.13885E+02
2.487792969E+08,-1.11605E+02
2.488098145E+08,-1.04405E+02
2.488403320E+08,-1.03345E+02
2.488708496E+08,-1.10525E+02
2.489013672E+08,-1.15345E+02
2.489318848E+08,-1.11105E+02
2.489624023E+08,-1.07705E+02
2.489929199E+08,-1.05885E+02
2.490234375E+08,-1.10045E+02
2.490539551E+08,-1.01425E+02
2.490844727E+08,-1.03405E+02
2.491149902E+08,-1.14045E+02
2.491455078E+08,-1.07385E+02
2.491760254E+08,-1.04505E+02
2.492065430E+08,-1.03825E+02
2.492370605E+08,-1.06565E+02
2.492675781E+08,-1.15585E+02
2.492980957E+08,-1.02305E+02
2.493286133E+08,-1.04665E+02
2.493591309E+08,-1.11005E+02
2.493896484E+08,-1.08325E+02
2.494201660E+08,-1.06045E+02
2.494506836E+08,-1.09805E+02
2.494812012E+08,-1.09705E+02
2.495117188E+08,-1.04525E+02
2.495422363E+08,-1.13225E+02
2.495727539E+08,-1.17325E+02
2.496032715E+08,-1.12105E+02
2.496337891E+08,-1.12345E+02
2.496643066E+08,-1.07565E+02
2.496948242E+08,-1.13045E+02
2.497253418E+08,-1.06465E+02
2.497558594E+08,-1.05265E+02
2.497863770E+08,-1.09705E+02
2.498168945E+08,-1.21185E+02
2.498474121E+08,-1.05505E+02
2.498779297E+08,-1.03545E+02
2.499084473E+08,-1.02825E+02
2.499389648E+08,-1.05705E+02
2.499694824E+08,-1.00305E+02
2.500000000E+08,-9.32454E+01
2.500305176E+08,-9.87254E+01
2.500610352E+08,-1.25345E+02
2.500915527E+08,-1.10525E+02
2.501220703E+08,-1.03245E+02
2.501525879E+08,-1.01145E+02
2.501831055E+08,-1.00045E+02
2.502136230E+08,-9.96254E+01
2.502441406E+08,-1.00885E+02
2.502746582E+08,-1.01025E+02
2.503051758E+08,-1.08345E+02
2.503356934E+08,-1.07165E+02
2.503662109E+08,-1.08285E+02
2.503967285E+08,-1.08425E+02
2.504272461E+08,-1.10305E+02
2.504577637E+08,-1.04265E+02
2.504882812E+08,-1.00885E+02
2.505187988E+08,-1.08545E+02
2.505493164E+08,-1.28525E+02
2.505798340E+08,-1.19345E+02
2.506103516E+08,-1.25665E+02
2.506408691E+08,-1.10505E+02
2.506713867E+08,-1.06425E+02
2.507019043E+08,-1.09345E+02
2.507324219E+08,-1.10605E+02
2.507629395E+08,-1.05965E+02
2.507934570E+08,-1.07585E+02
2.508239746E+08,-1.05105E+02
2.508544922E+08,-1.04725E+02
2.508850098E+08,-1.07345E+02
2.509155273E+08,-1.09165E+02
2.509460449E+08,-1.05705E+02
2.509765625E+08,-1.18425E+02
2.510070801E+08,-1.05645E+02
2.510375977E+08,-1.06525E+02
2.510681152E+08,-1.15705E+02
2.510986328E+08,-1.06705E+02
2.511291504E+08,-1.10225E+02
2.511596680E+08,-1.15485E+02
2.511901855E+08,-1.17205E+02
2.512207031E+08,-1.07125E+02
2.512512207E+08,-1.02785E+02
2.512817383E+08,-1.13685E+02
2.513122559E+08,-1.13905E+02
2.513427734E+08,-1.06365E+02
2.513732910E+08,-1.02125E+02
2.514038086E+08,-1.03685E+02
2.514343262E+08,-1.05045E+02
2.514648438E+08,-1.04545E+02
2.514953613E+08,-1.07625E+02
2.515258789E+08,-1.03345E+02
2.515563965E+08,-1.03285E+02
2.515869141E+08,-1.13665E+02
2.516174316E+08,-1.03685E+02
2.516479492E+08,-1.05805E+02
2.516784668E+08,-1.07705E+02
2.517089844E+08,-1.08865E+02
2.517395020E+08,-1.06625E+02
2.517700195E+08,-1.01765E+02
2.518005371E+08,-1.03705E+02
2.518310547E+08,-1.10705E+02
2.518615723E+08,-1.09445E+02
2.518920898E+08,-1.08465E+02
2.519226074E+08,-1.19445E+02
2.519531250E+08,-1.20645E+02
2.519836426E+08,-1.06005E+02
2.520141602E+08,-1.07365E+02
2.520446777E+08,-1.26085E+02
2.520751953E+08,-1.07405E+02
2.521057129E+08,-1.13485E+02
2.521362305E+08,-1.13445E+02
2.521667480E+08,-1.30925E+02
2.521972656E+08,-1.05425E+02
2.522277832E+08,-1.02565E+02
2.522583008E+08,-1.08525E+02
2.522888184E+08,-1.11105E+02
2.523193359E+08,-1.07845E+02
2.523498535E+08,-1.07025E+02
2.523803711E+08,-1.12885E+02
2.524108887E+08,-1.04465E+02
2.524414062E+08,-1.11505E+02
2.524719238E+08,-1.14525E+02
2.525024414E+08,-1.10045E+02
2.525329590E+08,-1.04685E+02
2.525634766E+08,-1.08005E+02
2.525939941E+08,-1.13565E+02
2.526245117E+08,-1.10925E+02
2.526550293E+08,-1.09745E+02
2.526855469E+08,-1.09105E+02
2.527160645E+08,-1.01365E+02
2.527465820E+08,-1.03545E+02
2.527770996E+08,-1.06465E+02
2.528076172E+08,-9.98454E+01
2.528381348E+08,-1.00345E+02
2.528686523E+08,-1.07145E+02
2.528991699E+08,-1.16265E+02
2.529296875E+08,-1.11905E+02
2.529602051E+08,-1.19265E+02
2.529907227E+08,-1.05905E+02
2.530212402E+08,-1.03305E+02
2.530517578E+08,-1.04985E+02
2.530822754E+08,-1.04805E+02
2.531127930E+08,-1.08405E+02
2.531433105E+08,-1.34405E+02
2.531738281E+08,-1.11325E+02
2.532043457E+08,-1.03565E+02
2.532348633E+08,-1.04945E+02
2.532653809E+08,-1.10845E+02
2.532958984E+08,-1.16125E+02
2.533264160E+08,-1.12085E+02
2.533569336E+08,-1.12645E+02
2.533874512E+08,-1.09965E+02
2.534179688E+08,-1.12345E+02
2.534484863E+08,-1.09265E+02
2.534790039E+08,-1.09125E+02
2.535095215E+08,-1.07145E+02
2.535400391E+08,-1.06825E+02
2.535705566E+08,-1.18005E+02
2.536010742E+08,-1.16965E+02
2.536315918E+08,-1.05845E+02
2.536621094E+08,-1.03705E+02
2.536926270E+08,-1.04345E+02
2.537231445E+08,-1.21505E+02
2.537536621E+08,-1.02265E+02
2.537841797E+08,-1.06165E+02
2.538146973E+08,-1.18005E+02
2.538452148E+08,-1.09125E+02
2.538757324E+08,-1.08285E+02
2.539062500E+08,-1.05445E+02
2.539367676E+08,-1.13405E+02
2.539672852E+08,-1.10005E+02
2.539978027E+08,-1.19345E+02
2.540283203E+08,-1.07185E+02
2.540588379E+08,-1.10685E+02
2.540893555E+08,-1.15245E+02
2.541198730E+08,-1.09125E+02
2.541503906E+08,-1.09545E+02
2.541809082E+08,-1.15305E+02
2.542114258E+08,-1.05405E+02
2.542419434E+08,-1.07545E+02
2.542724609E+08,-1.17025E+02
2.543029785E+08,-1.15705E+02
2.543334961E+08,-1.21905E+02
2.543640137E+08,-1.12505E+02
2.543945312E+08,-1.13705E+02
2.544250488E+08,-1.17565E+02
2.544555664E+08,-1.12065E+02
2.544860840E+08,-1.20345E+02
2.545166016E+08,-1.10265E+02
2.545471191E+08,-1.07285E+02
2.545776367E+08,-1.14925E+02
2.546081543E+08,-1.12505E+02
2.546386719E+08,-1.04305E+02
2.546691895E+08,-1.01505E+02
2.546997070E+08,-1.05205E+02
2.547302246E+08,-1.14525E+02
2.547607422E+08,-1.08025E+02
2.547912598E+08,-1.26185E+02
2.548217773E+08,-1.20765E+02
2.548522949E+08,-1.13125E+02
2.548828125E+08,-1.19505E+02
2.549133301E+08,-1.13245E+02
2.549438477E+08,-1.08265E+02
2.549743652E+08,-1.05125E+02
2.550048828E+08,-1.19365E+02
2.550354004E+08,-1.05025E+02
2.550659180E+08,-1.10305E+02
2.550964355E+08,-1.08625E+02
2.551269531E+08,-1.05625E+02
2.551574707E+08,-1.07825E+02
2.551879883E+08,-1.19365E+02
2.552185059E+08,-1.02105E+02
2.552490234E+08,-9.98054E+01
2.552795410E+08,-1.06065E+02
2.553100586E+08,-1.10705E+02
2.553405762E+08,-1.10385E+02
2.553710938E+08,-1.12745E+02
2.554016113E+08,-1.11625E+02
2.554321289E+08,-1.05765E+02
2.554626465E+08,-1.07545E+02
2.554931641E+08,-1.05665E+02
2.555236816E+08,-1.09105E+02
2.555541992E+08,-1.07705E+02
2.555847168E+08,-1.09125E+02
2.556152344E+08,-1.20905E+02
2.556457520E+08,-1.07065E+02
2.556762695E+08,-1.00645E+02
2.557067871E+08,-1.02605E+02
2.557373047E+08,-1.08325E+02
2.557678223E+08,-1.09365E+02
2.557983398E+08,-1.07665E+02
2.558288574E+08,-1.03165E+02
2.558593750E+08,-1.06925E+02
2.558898926E+08,-1.04545E+02
2.559204102E+08,-1.10225E+02
2.559509277E+08,-1.08545E+02
2.559814453E+08,-1.11565E+02
2.560119629E+08,-1.03625E+02
2.560424805E+08,-1.06445E+02
2.560729980E+08,-1.06585E+02
2.561035156E+08,-1.04025E+02
2.561340332E+08,-1.06845E+02
2.561645508E+08,-1.03265E+02
2.561950684E+08,-1.04425E+02
2.562255859E+08,-1.09965E+02
2.562561035E+08,-1.16265E+02
2.562866211E+08,-1.12665E+02
2.563171387E+08,-1.15385E+02
2.563476562E+08,-1.16105E+02
2.563781738E+08,-1.12105E+02
2.564086914E+08,-1.08945E+02
2.564392090E+08,-1.06265E+02
2.564697266E+08,-1.07985E+02
2.565002441E+08,-1.09125E+02
2.565307617E+08,-1.11625E+02
2.565612793E+08,-1.06685E+02
2.565917969E+08,-1.04245E+02
2.566223145E+08,-1.01845E+02
2.566528320E+08,-1.06185E+02
2.566833496E+08,-1.08085E+02
2.567138672E+08,-1.01925E+02
2.567443848E+08,-1.03025E+02
2.567749023E+08,-1.07945E+02
2.568054199E+08,-1.09505E+02
2.568359375E+08,-1.24405E+02
2.568664551E+08,-1.13385E+02
2.568969727E+08,-1.19125E+02
2.569274902E+08,-1.12025E+02
2.569580078E+08,-1.03625E+02
2.569885254E+08,-1.02385E+02
2.570190430E+08,-1.05585E+02
2.570495605E+08,-1.03085E+02
2.570800781E+08,-1.02205E+02
2.571105957E+08,-1.01185E+02
2.571411133E+08,-1.02985E+02
2.571716309E+08,-1.08665E+02
2.572021484E+08,-1.17225E+02
2.572326660E+08,-1.11885E+02
2.572631836E+08,-1.15645E+02
2.572937012E+08,-1.10665E+02
2.573242188E+08,-1.21205E+02
2.573547363E+08,-1.06265E+02
2.573852539E+08,-1.05905E+02
2.574157715E+08,-1.06865E+02
2.574462891E+08,-1.15025E+02
2.574768066E+08,-1.02145E+02
2.575073242E+08,-1.01465E+02
2.575378418E+08,-1.04985E+02
2.575683594E+08,-1.10365E+02
2.575988770E+08,-1.21325E+02
2.576293945E+08,-1.08165E+02
2.576599121E+08,-1.09585E+02
2.576904297E+08,-1.14065E+02
2.577209473E+08,-1.07365E+02
2.577514648E+08,-1.09665E+02
2.577819824E+08,-1.05765E+02
2.578125000E+08,-1.15865E+02
2.578430176E+08,-1.02025E+02
2.578735352E+08,-9.89454E+01
2.579040527E+08,-1.00305E+02
2.579345703E+08,-1.19005E+02
2.579650879E+08,-1.05825E+02
2.579956055E+08,-1.05365E+02
2.580261230E+08,-1.05465E+02
2.580566406E+08,-1.07825E+02
2.580871582E+08,-1.05985E+02
2.581176758E+08,-1.06785E+02
2.581481934E+08,-1.06985E+02
2.581787109E+08,-1.03325E+02
2.582092285E+08,-1.04465E+02
2.582397461E+08,-1.08185E+02
2.582702637E+08,-1.02525E+02
2.583007812E+08,-1.02425E+02
2.583312988E+08,-1.06165E+02
2.583618164E+08,-1.03565E+02
2.583923340E+08,-1.03525E+02
2.584228516E+08,-1.05185E+02
2.584533691E+08,-1.14325E+02
2.584838867E+08,-1.12765E+02
2.585144043E+08,-1.02465E+02
2.585449219E+08,-1.01805E+02
2.585754395E+08,-1.09745E+02
2.586059570E+08,-1.13385E+02
2.586364746E+08,-1.17605E+02
2.586669922E+08,-1.16605E+02
2.586975098E+08,-1.22785E+02
2.587280273E+08,-1.23825E+02
2.587585449E+08,-1.07485E+02
2.587890625E+08,-1.04585E+02
2.588195801E+08,-1.05825E+02
2.588500977E+08,-1.08325E+02
2.588806152E+08,-1.07845E+02
2.589111328E+08,-1.00965E+02
2.589416504E+08,-1.02365E+02
2.589721680E+08,-1.09345E+02
2.590026855E+08,-1.13485E+02
2.590332031E+08,-1.19125E+02
2.590637207E+08,-1.17445E+02
2.590942383E+08,-1.11685E+02
2.591247559E+08,-1.16985E+02
2.591552734E+08,-1.02665E+02
2.591857910E+08,-1.02905E+02
2.592163086E+08,-1.06765E+02
2.592468262E+08,-1.05705E+02
2.592773438E+08,-1.14925E+02
2.593078613E+08,-1.06185E+02
2.593383789E+08,-9.98454E+01
2.593688965E+08,-9.94854E+01
2.593994141E+08,-1.03005E+02
2.594299316E+08,-1.06785E+02
2.594604492E+08,-1.04765E+02
2.594909668E+08,-1.07265E+02
2.595214844E+08,-1.05905E+02
2.595520020E+08,-1.03705E+02
2.595825195E+08,-1.09625E+02
2.596130371E+08,-1.16945E+02
2.596435547E+08,-1.11305E+02
2.596740723E+08,-1.02485E+02
2.597045898E+08,-1.03565E+02
2.597351074E+08,-1.09345E+02
2.597656250E+08,-1.13005E+02
2.597961426E+08,-1.15485E+02
2.598266602E+08,-1.17905E+02
2.598571777E+08,-1.08085E+02
2.598876953E+08,-1.04225E+02
2.599182129E+08,-1.03585E+02
2.599487305E+08,-1.00785E+02
2.599792480E+08,-1.01445E+02
2.600097656E+08,-1.05125E+02
2.600402832E+08,-1.08345E+02
2.600708008E+08,-1.03445E+02
2.601013184E+08,-1.06165E+02
2.601318359E+08,-1.07485E+02
2.601623535E+08,-1.02085E+02
2.601928711E+08,-1.03345E+02
2.602233887E+08,-1.05345E+02
2.602539062E+08,-1.00265E+02
2.602844238E+08,-1.01745E+02
2.603149414E+08,-1.07585E+02
2.603454590E+08,-1.23105E+02
2.603759766E+08,-1.10125E+02
2.604064941E+08,-1.11205E+02
2.604370117E+08,-1.23445E+02
2.604675293E+08,-1.12565E+02
2.604980469E+08,-1.09765E+02
2.605285645E+08,-1.09445E+02
2.605590820E+08,-1.26465E+02
2.605895996E+08,-1.10005E+02
2.606201172E+08,-1.01785E+02
2.606506348E+08,-1.02905E+02
2.606811523E+08,-1.07405E+02
2.607116699E+08,-1.10185E+02
2.607421875E+08,-1.05685E+02
2.607727051E+08,-1.06165E+02
2.608032227E+08,-1.05345E+02
2.608337402E+08,-1.01585E+02
2.608642578E+08,-1.05285E+02
2.608947754E+08,-1.18665E+02
2.609252930E+08,-1.15525E+02
2.609558105E+08,-1.09445E+02
2.609863281E+08,-1.05425E+02
2.610168457E+08,-1.04445E+02
2.610473633E+08,-1.06405E+02
2.610778809E+08,-1.09305E+02
2.611083984E+08,-1.12445E+02
2.611389160E+08,-1.11245E+02
2.611694336E+08,-1.15125E+02
2.611999512E+08,-1.10465E+02
2.612304688E+08,-1.03725E+02
2.612609863E+08,-1.01645E+02
2.612915039E+08,-1.05365E+02
2.613220215E+08,-1.04025E+02
2.613525391E+08,-1.06545E+02
2.613830566E+08,-1.07365E+02
2.614135742E+08,-1.20565E+02
2.614440918E+08,-1.10465E+02
2.614746094E+08,-1.13765E+02
2.615051270E+08,-1.10085E+02
2.615356445E+08,-1.07365E+02
2.615661621E+08,-1.13725E+02
2.615966797E+08,-1.04225E+02
2.616271973E+08,-1.06405E+02
2.616577148E+08,-1.14305E+02
2.616882324E+08,-1.08625E+02
2.617187500E+08,-1.04205E+02
2.617492676E+08,-9.91054E+01
2.617797852E+08,-9.77854E+01
2.618103027E+08,-1.04865E+02
2.618408203E+08,-1.12125E+02
2.618713379E+08,-1.05345E+02
2.619018555E+08,-1.03865E+02
2.619323730E+08,-1.05585E+02
2.619628906E+08,-1.09885E+02
2.619934082E+08,-1.20265E+02
2.620239258E+08,-1.12525E+02
2.620544434E+08,-1.10305E+02
2.620849609E+08,-1.11785E+02
2.621154785E+08,-1.10305E+02
2.621459961E+08,-1.04365E+02
2.621765137E+08,-1.01165E+02
2.622070312E+08,-1.01185E+02
2.622375488E+08,-1.02345E+02
2.622680664E+08,-1.22865E+02
2.622985840E+08,-1.07265E+02
2.623291016E+08,-1.08905E+02
2.623596191E+08,-1.04225E+02
2.623901367E+08,-1.02265E+02
2.624206543E+08,-1.06545E+02
2.624511719E+08,-1.15245E+02
2.624816895E+08,-1.08485E+02
2.625122070E+08,-1.03785E+02
2.625427246E+08,-9.93654E+01
2.625732422E+08,-1.04425E+02
2.626037598E+08,-1.06285E+02
2.626342773E+08,-1.09485E+02
2.626647949E+08,-1.23105E+02
2.626953125E+08,-1.13685E+02
2.627258301E+08,-1.18085E+02
2.627563477E+08,-1.12145E+02
2.627868652E+08,-1.16445E+02
2.628173828E+08,-1.01985E+02
2.628479004E+08,-1.00305E+02
2.628784180E+08,-1.02945E+02
2.629089355E+08,-1.07265E+02
2.629394531E+08,-1.09965E+02
2.629699707E+08,-1.09545E+02
2.630004883E+08,-1.14725E+02
2.630310059E+08,-1.10745E+02
2.630615234E+08,-1.04945E+02
2.630920410E+08,-1.03245E+02
2.631225586E+08,-1.06945E+02
2.631530762E+08,-1.09225E+02
2.631835938E+08,-1.01565E+02
2.632141113E+08,-1.05945E+02
2.632446289E+08,-1.10325E+02
2.632751465E+08,-1.05165E+02
2.633056641E+08,-1.12565E+02
2.633361816E+08,-1.10725E+02
2.633666992E+08,-1.12505E+02
2.633972168E+08,-1.10765E+02
2.634277344E+08,-1.05525E+02
2.634582520E+08,-1.05265E+02
2.634887695E+08,-1.09805E+02
2.635192871E+08,-1.04265E+02
2.635498047E+08,-1.05865E+02
2.635803223E+08,-1.07865E+02
2.636108398E+08,-1.05525E+02
2.636413574E+08,-1.13125E+02
2.636718750E+08,-1.19025E+02
2.637023926E+08,-1.08785E+02
2.637329102E+08,-1.09665E+02
2.637634277E+08,-1.20445E+02
2.637939453E+08,-1.08845E+02
2.638244629E+08,-1.19365E+02
2.638549805E+08,-1.15445E+02
2.638854980E+08,-1.16085E+02
2.639160156E+08,-1.09165E+02
2.639465332E+08,-1.03965E+02
2.639770508E+08,-1.04385E+02
2.640075684E+08,-1.16565E+02
2.640380859E+08,-1.05285E+02
2.640686035E+08,-1.09885E+02
2.640991211E+08,-1.10805E+02
2.641296387E+08,-1.08805E+02
2.641601562E+08,-1.07025E+02
2.641906738E+08,-1.03305E+02
2.642211914E+08,-1.05705E+02
2.642517090E+08,-1.20445E+02
2.642822266E+08,-1.12065E+02
2.643127441E+08,-1.10425E+02
2.643432617E+08,-1.23125E+02
2.643737793E+08,-1.10725E+02
2.644042969E+08,-1.13145E+02
2.644348145E+08,-1.05885E+02
2.644653320E+08,-1.05845E+02
2.644958496E+08,-1.09585E+02
2.645263672E+08,-1.12065E+02
2.645568848E+08,-1.07865E+02
2.645874023E+08,-1.14245E+02
2.646179199E+08,-1.02205E+02
2.646484375E+08,-1.00045E+02
2.646789551E+08,-1.03545E+02
2.647094727E+08,-1.07325E+02
2.647399902E+08,-1.16145E+02
2.647705078E+08,-1.03805E+02
2.648010254E+08,-1.02045E+02
2.648315430E+08,-1.00725E+02
2.648620605E+08,-9.84654E+01
2.648925781E+08,-9.86254E+01
2.649230957E+08,-9.97454E+01
2.649536133E+08,-1.03885E+02
2.649841309E+08,-1.07705E+02
2.650146484E+08,-1.13065E+02
2.650451660E+08,-1.09845E+02
2.650756836E+08,-1.02765E+02
2.651062012E+08,-1.01405E+02
2.651367188E+08,-1.02525E+02
2.651672363E+08,-1.10745E+02
2.651977539E+08,-1.10325E+02
2.652282715E+08,-1.08045E+02
2.652587891E+08,-1.00625E+02
2.652893066E+08,-1.01185E+02
2.653198242E+08,-1.01585E+02
2.653503418E+08,-1.05605E+02
2.653808594E+08,-1.09165E+02
2.654113770E+08,-1.08405E+02
2.654418945E+08,-1.13085E+02
2.654724121E+08,-1.04725E+02
2.655029297E+08,-1.08045E+02
2.655334473E+08,-1.09505E+02
2.655639648E+08,-1.04265E+02
2.655944824E+08,-1.00765E+02
2.656250000E+08,-1.07145E+02
2.656555176E+08,-1.12585E+02
2.656860352E+08,-1.07625E+02
2.657165527E+08,-1.06945E+02
2.657470703E+08,-1.15825E+02
2.657775879E+08,-1.22165E+02
2.658081055E+08,-1.09205E+02
2.658386230E+08,-1.08685E+02
2.658691406E+08,-1.28005E+02
2.658996582E+08,-1.24685E+02
2.659301758E+08,-1.17025E+02
2.659606934E+08,-1.01845E+02
2.659912109E+08,-9.95054E+01
2.660217285E+08,-1.03945E+02
2.660522461E+08,-1.08845E+02
2.660827637E+08,-1.08625E+02
2.661132812E+08,-1.02685E+02
2.661437988E+08,-1.11185E+02
2.661743164E+08,-1.07685E+02
2.662048340E+08,-1.10305E+02
2.662353516E+08,-1.06885E+02
2.662658691E+08,-1.10685E+02
2.662963867E+08,-1.18945E+02
2.663269043E+08,-1.11345E+02
2.663574219E+08,-1.08205E+02
2.663879395E+08,-1.16785E+02
2.664184570E+08,-1.13665E+02
2.664489746E+08,-1.10625E+02
2.664794922E+08,-1.06065E+02
2.665100098E+08,-1.03305E+02
2.665405273E+08,-1.07325E+02
2.665710449E+08,-1.12165E+02
2.666015625E+08,-1.07705E+02
2.666320801E+08,-1.07485E+02
2.666625977E+08,-1.03465E+02
2.666931152E+08,-1.01985E+02
2.667236328E+08,-1.05105E+02
2.667541504E+08,-1.09005E+02
2.667846680E+08,-1.08745E+02
2.668151855E+08,-1.06205E+02
2.668457031E+08,-1.24145E+02
2.668762207E+08,-1.08165E+02
2.669067383E+08,-1.18525E+02
2.669372559E+08,-1.10725E+02
2.669677734E+08,-1.07745E+02
2.669982910E+08,-1.03645E+02
2.670288086E+08,-1.02265E+02
2.670593262E+08,-1.08405E+02
2.670898438E+08,-1.07445E+02
2.671203613E+08,-1.03705E+02
2.671508789E+08,-1.08185E+02
2.671813965E+08,-1.10645E+02
2.672119141E+08,-1.08785E+02
2.672424316E+08,-1.22345E+02
2.672729492E+08,-1.10085E+02
2.673034668E+08,-1.08325E+02
2.673339844E+08,-1.05385E+02
2.673645020E+08,-1.05765E+02
2.673950195E+08,-1.00525E+02
2.674255371E+08,-1.02685E+02
2.674560547E+08,-1.08125E+02
2.674865723E+08,-1.10345E+02
2.675170898E+08,-1.11445E+02
2.675476074E+08,-1.12965E+02
2.675781250E+08,-1.16825E+02
2.676086426E+08,-1.22085E+02
2.676391602E+08,-1.04125E+02
2.676696777E+08,-1.06285E+02
2.677001953E+08,-1.16305E+02
2.677307129E+08,-1.09805E+02
2.677612305E+08,-1.03145E+02
2.677917480E+08,-1.02405E+02
2.678222656E+08,-1.01305E+02
2.678527832E+08,-1.03725E+02
2.678833008E+08,-1.16205E+02
2.679138184E+08,-1.05465E+02
2.679443359E+08,-1.08105E+02
2.679748535E+08,-1.13765E+02
2.680053711E+08,-1.11825E+02
2.680358887E+08,-1.09225E+02
2.680664062E+08,-1.10305E+02
2.680969238E+08,-1.02665E+02
2.681274414E+08,-1.00385E+02
2.681579590E+08,-1.03105E+02
2.681884766E+08,-1.03485E+02
2.682189941E+08,-1.03665E+02
2.682495117E+08,-1.04445E+02
2.682800293E+08,-1.07705E+02
2.683105469E+08,-1.10685E+02
2.683410645E+08,-1.18605E+02
2.683715820E+08,-1.04125E+02
2.684020996E+08,-1.00905E+02
2.684326172E+08,-1.03885E+02
2.684631348E+08,-1.08745E+02
2.684936523E+08,-1.07565E+02
2.685241699E+08,-1.03525E+02
2.685546875E+08,-1.06945E+02
2.685852051E+08,-1.10405E+02
2.686157227E+08,-1.12605E+02
2.686462402E+08,-1.01965E+02
2.686767578E+08,-9.99654E+01
2.687072754E+08,-1.04905E+02
2.687377930E+08,-1.06565E+02
2.687683105E+08,-1.06165E+02
2.687988281E+08,-1.04465E+02
2.688293457E+08,-1.01605E+02
2.688598633E+08,-1.08365E+02
2.688903809E+08,-1.07245E+02
2.689208984E+08,-1.03125E+02
2.689514160E+08,-1.08165E+02
2.689819336E+08,-1.08845E+02
2.690124512E+08,-1.03865E+02
2.690429688E+08,-1.05025E+02
2.690734863E+08,-1.17145E+02
2.691040039E+08,-1.13265E+02
2.691345215E+08,-1.05985E+02
2.691650391E+08,-1.04105E+02
2.691955566E+08,-1.10905E+02
2.692260742E+08,-1.11285E+02
2.692565918E+08,-1.14925E+02
2.692871094E+08,-1.06885E+02
2.693176270E+08,-1.07625E+02
2.693481445E+08,-1.11005E+02
2.693786621E+08,-1.08205E+02
2.694091797E+08,-1.05445E+02
2.694396973E+08,-1.03065E+02
2.694702148E+08,-1.01845E+02
2.695007324E+08,-1.03845E+02
2.695312500E+08,-1.02685E+02
2.695617676E+08,-1.05985E+02
2.695922852E+08,-1.17325E+02
2.696228027E+08,-1.13805E+02
2.696533203E+08,-1.06205E+02
2.696838379E+08,-1.06125E+02
2.697143555E+08,-1.04385E+02
2.697448730E+08,-1.01645E+02
2.697753906E+08,-1.00485E+02
2.698059082E+08,-1.03485E+02
2.698364258E+08,-1.08945E+02
2.698669434E+08,-1.05105E+02
2.698974609E+08,-1.09225E+02
2.699279785E+08,-1.06585E+02
2.699584961E+08,-1.01445E+02
2.699890137E+08,-1.07425E+02
2.700195312E+08,-1.14985E+02
2.700500488E+08,-1.17085E+02
2.700805664E+08,-1.15305E+02
2.701110840E+08,-1.09005E+02
2.701416016E+08,-1.10545E+02
2.701721191E+08,-1.10405E+02
2.702026367E+08,-1.02145E+02
2.702331543E+08,-1.00045E+02
2.702636719E+08,-9.98054E+01
2.702941895E+08,-1.05885E+02
2.703247070E+08,-1.09965E+02
2.703552246E+08,-1.06985E+02
2.703857422E+08,-1.07405E+02
2.704162598E+08,-1.03925E+02
2.704467773E+08,-1.02365E+02
2.704772949E+08,-1.08285E+02
2.705078125E+08,-1.28525E+02
2.705383301E+08,-1.09365E+02
2.705688477E+08,-1.11005E+02
2.705993652E+08,-1.05305E+02
2.706298828E+08,-1.01245E+02
2.706604004E+08,-1.04085E+02
2.706909180E+08,-1.11905E+02
2.707214355E+08,-1.11825E+02
2.707519531E+08,-1.12365E+02
2.707824707E+08,-1.02645E+02
2.708129883E+08,-1.01245E+02
2.708435059E+08,-1.00865E+02
2.708740234E+08,-1.01605E+02
2.709045410E+08,-1.09205E+02
2.709350586E+08,-1.05665E+02
2.709655762E+08,-1.03285E+02
2.709960938E+08,-1.05565E+02
2.710266113E+08,-1.17025E+02
2.710571289E+08,-1.20865E+02
2.710876465E+08,-1.09625E+02
2.711181641E+08,-1.08805E+02
2.711486816E+08,-1.12805E+02
2.711791992E+08,-1.10305E+02
2.712097168E+08,-1.16325E+02
2.712402344E+08,-1.09845E+02
2.712707520E+08,-1.04745E+02
2.713012695E+08,-1.05445E+02
2.713317871E+08,-1.02825E+02
2.713623047E+08,-1.04885E+02
2.713928223E+08,-1.01365E+02
2.714233398E+08,-1.00725E+02
2.714538574E+08,-1.02745E+02
2.714843750E+08,-1.07405E+02
2.715148926E+08,-1.14865E+02
2.715454102E+08,-1.08345E+02
2.715759277E+08,-1.08465E+02
2.716064453E+08,-1.21705E+02
2.716369629E+08,-1.09065E+02
2.716674805E+08,-1.09845E+02
2.716979980E+08,-1.11505E+02
2.717285156E+08,-1.01645E+02
2.717590332E+08,-1.00085E+02
2.717895508E+08,-1.05905E+02
2.718200684E+08,-1.02465E+02
2.718505859E+08,-1.08685E+02
2.718811035E+08,-1.11105E+02
2.719116211E+08,-1.10705E+02
2.719421387E+08,-1.17565E+02
2.719726562E+08,-1.15585E+02
2.720031738E+08,-1.13745E+02
2.720336914E+08,-1.06345E+02
2.720642090E+08,-1.02245E+02
2.720947266E+08,-1.00685E+02
2.721252441E+08,-1.01325E+02
2.721557617E+08,-1.03345E+02
2.721862793E+08,-1.03785E+02
2.722167969E+08,-1.11125E+02
2.722473145E+08,-1.12525E+02
2.722778320E+08,-1.17065E+02
2.723083496E+08,-1.18625E+02
2.723388672E+08,-1.19445E+02
2.723693848E+08,-1.08605E+02
2.723999023E+08,-1.04105E+02
2.724304199E+08,-1.12145E+02
2.724609375E+08,-1.09305E+02
2.724914551E+08,-1.06005E+02
2.725219727E+08,-1.11805E+02
2.725524902E+08,-1.04185E+02
2.725830078E+08,-1.08525E+02
2.726135254E+08,-1.07405E+02
2.726440430E+08,-1.01365E+02
2.726745605E+08,-1.01365E+02
2.727050781E+08,-1.03565E+02
2.727355957E+08,-1.03105E+02
2.727661133E+08,-1.06405E+02
2.727966309E+08,-1.21785E+02
2.728271484E+08,-1.10045E+02
2.728576660E+08,-1.11945E+02
2.728881836E+08,-1.04785E+02
2.729187012E+08,-1.04065E+02
2.729492188E+08,-1.15185E+02
2.729797363E+08,-1.23765E+02
2.730102539E+08,-1.24925E+02
2.730407715E+08,-1.18685E+02
2.730712891E+08,-1.13605E+02
2.731018066E+08,-1.08285E+02
2.731323242E+08,-1.04685E+02
2.731628418E+08,-1.04965E+02
2.731933594E+08,-9.99254E+01
2.732238770E+08,-1.04585E+02
2.732543945E+08,-1.15045E+02
2.732849121E+08,-1.07045E+02
2.733154297E+08,-1.05205E+02
2.733459473E+08,-1.07345E+02
2.733764648E+08,-1.17385E+02
2.734069824E+08,-1.07385E+02
2.734375000E+08,-1.02185E+02
2.734680176E+08,-1.04745E+02
2.734985352E+08,-1.26345E+02
2.735290527E+08,-1.13105E+02
2.735595703E+08,-1.17445E+02
2.735900879E+08,-1.02505E+02
2.736206055E+08,-1.04505E+02
2.736511230E+08,-1.09365E+02
2.736816406E+08,-1.06105E+02
2.737121582E+08,-1.08485E+02
2.737426758E+08,-1.19665E+02
2.737731934E+08,-1.06405E+02
2.738037109E+08,-1.03505E+02
2.738342285E+08,-1.10045E+02
2.738647461E+08,-1.10505E+02
2.738952637E+08,-1.21485E+02
2.739257812E+08,-1.04525E+02
2.739562988E+08,-1.04545E+02
2.739868164E+08,-1.07125E+02
2.740173340E+08,-1.25045E+02
2.740478516E+08,-1.05285E+02
2.740783691E+08,-1.07585E+02
2.741088867E+08,-1.06105E+02
2.741394043E+08,-1.07285E+02
2.741699219E+08,-1.21445E+02
2.742004395E+08,-1.08205E+02
2.742309570E+08,-1.04385E+02
2.742614746E+08,-1.04985E+02
2.742919922E+08,-1.08525E+02
2.743225098E+08,-1.11245E+02
2.743530273E+08,-1.17205E+02
2.743835449E+08,-1.07045E+02
2.744140625E+08,-1.03425E+02
2.744445801E+08,-1.16265E+02
2.744750977E+08,-1.10445E+02
2.745056152E+08,-1.05905E+02
2.745361328E+08,-1.10505E+02
2.745666504E+08,-1.13445E+02
2.745971680E+08,-1.07085E+02
2.746276855E+08,-1.15505E+02
2.746582031E+08,-1.07985E+02
2.746887207E+08,-1.09365E+02
2.747192383E+08,-1.04445E+02
2.747497559E+08,-1.03485E+02
2.747802734E+08,-1.07085E+02
2.748107910E+08,-1.04965E+02
2.748413086E+08,-1.03665E+02
2.748718262E+08,-1.03605E+02
2.749023438E+08,-1.09485E+02
2.749328613E+08,-1.19485E+02
2.749633789E+08,-1.11125E+02
2.749938965E+08,-1.13845E+02
2.750244141E+08,-1.13805E+02
2.750549316E+08,-1.09305E+02
2.750854492E+08,-1.17805E+02
2.751159668E+08,-1.10965E+02
2.751464844E+08,-1.04945E+02
2.751770020E+08,-1.03545E+02
2.752075195E+08,-1.03205E+02
2.752380371E+08,-1.03685E+02
2.752685547E+08,-1.08365E+02
2.752990723E+08,-1.12405E+02
2.753295898E+08,-1.08125E+02
2.753601074E+08,-1.15905E+02
2.753906250E+08,-1.10665E+02
2.754211426E+08,-1.07805E+02
2.754516602E+08,-1.04305E+02
2.754821777E+08,-1.07025E+02
2.755126953E+08,-1.16585E+02
2.755432129E+08,-1.05965E+02
2.755737305E+08,-1.07665E+02
2.756042480E+08,-1.15345E+02
2.756347656E+08,-1.10605E+02
2.756652832E+08,-1.05265E+02
2.756958008E+08,-1.02925E+02
2.757263184E+08,-1.05985E+02
2.757568359E+08,-1.09205E+02
2.757873535E+08,-1.09705E+02
2.758178711E+08,-1.08665E+02
2.758483887E+08,-1.06865E+02
2.758789062E+08,-1.20125E+02
2.759094238E+08,-1.13905E+02
2.759399414E+08,-1.14785E+02
2.759704590E+08,-1.12525E+02
2.760009766E+08,-1.01185E+02
2.760314941E+08,-1.00705E+02
2.760620117E+08,-1.02565E+02
2.760925293E+08,-1.04665E+02
2.761230469E+08,-1.18545E+02
2.761535645E+08,-1.18845E+02
2.761840820E+08,-1.07345E+02
2.762145996E+08,-9.98454E+01
2.762451172E+08,-1.00385E+02
2.762756348E+08,-1.10125E+02
2.763061523E+08,-1.07065E+02
2.763366699E+08,-1.05965E+02
2.763671875E+08,-1.03685E+02
2.763977051E+08,-1.04125E+02
2.764282227E+08,-1.11525E+02
2.764587402E+08,-1.10265E+02
2.764892578E+08,-1.01225E+02
2.765197754E+08,-1.06065E+02
2.765502930E+08,-1.09225E+02
2.765808105E+08,-1.17465E+02
2.766113281E+08,-1.14865E+02
2.766418457E+08,-1.15785E+02
2.766723633E+08,-1.27445E+02
2.767028809E+08,-1.25885E+02
2.767333984E+08,-1.22025E+02
2.767639160E+08,-1.17085E+02
2.767944336E+08,-1.08325E+02
2.768249512E+08,-1.08545E+02
2.768554688E+08,-1.12945E+02
2.768859863E+08,-1.15705E+02
2.769165039E+08,-1.13605E+02
2.769470215E+08,-1.02325E+02
2.769775391E+08,-1.04185E+02
2.770080566E+08,-1.07685E+02
2.770385742E+08,-1.05085E+02
2.770690918E+08,-1.07225E+02
2.770996094E+08,-1.05385E+02
2.771301270E+08,-1.09205E+02
2.771606445E+08,-1.15705E+02
2.771911621E+08,-1.04225E+02
2.772216797E+08,-1.04265E+02
2.772521973E+08,-1.10265E+02
2.772827148E+08,-1.10005E+02
2.773132324E+08,-1.09165E+02
2.773437500E+08,-1.17985E+02
2.773742676E+08,-1.04125E+02
2.774047852E+08,-1.15385E+02
2.774353027E+08,-1.02065E+02
2.774658203E+08,-1.04985E+02
2.774963379E+08,-1.08965E+02
2.775268555E+08,-1.03565E+02
2.775573730E+08,-1.01845E+02
2.775878906E+08,-1.09765E+02
2.776184082E+08,-1.11325E+02
2.776489258E+08,-1.07405E+02
2.776794434E+08,-1.06325E+02
2.777099609E+08,-1.15205E+02
2.777404785E+08,-1.08525E+02
2.777709961E+08,-1.11965E+02
2.778015137E+08,-1.08365E+02
2.778320312E+08,-1.09345E+02
2.778625488E+08,-1.17405E+02
2.778930664E+08,-1.17325E+02
2.779235840E+08,-1.07685E+02
2.779541016E+08,-1.14725E+02
2.779846191E+08,-1.04785E+02
2.780151367E+08,-1.02465E+02
2.780456543E+08,-1.05885E+02
2.780761719E+08,-1.16905E+02
2.781066895E+08,-1.13165E+02
2.781372070E+08,-1.16005E+02
2.781677246E+08,-1.15325E+02
2.781982422E+08,-1.06165E+02
2.782287598E+08,-1.07805E+02
2.782592773E+08,-1.07725E+02
2.782897949E+08,-1.11925E+02
2.783203125E+08,-1.23485E+02
2.783508301E+08,-1.08325E+02
2.783813477E+08,-1.04605E+02
2.784118652E+08,-1.09065E+02
2.784423828E+08,-1.03245E+02
2.784729004E+08,-1.00865E+02
2.785034180E+08,-1.06585E+02
2.785339355E+08,-1.10465E+02
2.785644531E+08,-1.17825E+02
2.785949707E+08,-1.15865E+02
2.786254883E+08,-1.12625E+02
2.786560059E+08,-1.06385E+02
2.786865234E+08,-1.06965E+02
2.787170410E+08,-1.03065E+02
2.787475586E+08,-1.02945E+02
2.787780762E+08,-1.09505E+02
2.788085938E+08,-1.10565E+02
2.788391113E+08,-1.06445E+02
2.788696289E+08,-1.12605E+02
2.789001465E+08,-1.03145E+02
2.789306641E+08,-1.01445E+02
2.789611816E+08,-1.03125E+02
2.789916992E+08,-1.07205E+02
2.790222168E+08,-1.11345E+02
2.790527344E+08,-1.07605E+02
2.790832520E+08,-1.13905E+02
2.791137695E+08,-1.24725E+02
2.791442871E+08,-1.09305E+02
2.791748047E+08,-1.11305E+02
2.792053223E+08,-1.11925E+02
2.792358398E+08,-1.05385E+02
2.792663574E+08,-1.05645E+02
2.792968750E+08,-1.06585E+02
2.793273926E+08,-1.05925E+02
2.793579102E+08,-1.09105E+02
2.793884277E+08,-1.15165E+02
2.794189453E+08,-1.20885E+02
2.794494629E+08,-1.17205E+02
2.794799805E+08,-1.12245E+02
2.795104980E+08,-1.06465E+02
2.795410156E+08,-1.02905E+02
2.795715332E+08,-1.03465E+02
2.796020508E+08,-1.08205E+02
2.796325684E+08,-1.10525E+02
2.796630859E+08,-1.08025E+02
2.796936035E+08,-1.04505E+02
2.797241211E+08,-1.05885E+02
2.797546387E+08,-1.26265E+02
2.797851562E+08,-1.08245E+02
2.798156738E+08,-1.08025E+02
2.798461914E+08,-1.09625E+02
2.798767090E+08,-1.05705E+02
2.799072266E+08,-1.04505E+02
2.799377441E+08,-1.09505E+02
2.799682617E+08,-1.05365E+02
2.799987793E+08,-1.04085E+02
2.800292969E+08,-1.10685E+02
2.800598145E+08,-1.07405E+02
2.800903320E+08,-1.06705E+02
2.801208496E+08,-1.11125E+02
2.801513672E+08,-1.07665E+02
2.801818848E+08,-1.06185E+02
2.802124023E+08,-1.13865E+02
2.802429199E+08,-1.05705E+02
2.802734375E+08,-1.14505E+02
2.803039551E+08,-1.12085E+02
2.803344727E+08,-1.04205E+02
2.803649902E+08,-1.03665E+02
2.803955078E+08,-1.10225E+02
2.804260254E+08,-1.17225E+02
2.804565430E+08,-1.10805E+02
2.804870605E+08,-1.09265E+02
2.805175781E+08,-1.09265E+02
2.805480957E+08,-1.09965E+02
2.805786133E+08,-9.89054E+01
2.806091309E+08,-1.00125E+02
2.806396484E+08,-1.06025E+02
2.806701660E+08,-1.06785E+02
2.807006836E+08,-1.13505E+02
2.807312012E+08,-1.08345E+02
2.807617188E+08,-1.09305E+02
2.807922363E+08,-1.07285E+02
2.808227539E+08,-1.10225E+02
2.808532715E+08,-1.13505E+02
2.808837891E+08,-1.08125E+02
2.809143066E+08,-1.05305E+02
2.809448242E+08,-1.06125E+02
2.809753418E+08,-1.06265E+02
2.810058594E+08,-1.08045E+02
2.810363770E+08,-1.20125E+02
2.810668945E+08,-1.18345E+02
2.810974121E+08,-1.13485E+02
2.811279297E+08,-1.06465E+02
2.811584473E+08,-1.07585E+02
2.811889648E+08,-1.11565E+02
2.812194824E+08,-1.12785E+02
2.812500000E+08,-1.15185E+02
2.812805176E+08,-1.10685E+02
2.813110352E+08,-1.12845E+02
2.813415527E+08,-1.13325E+02
2.813720703E+08,-1.11105E+02
2.814025879E+08,-1.10085E+02
2.814331055E+08,-1.02345E+02
2.814636230E+08,-1.06105E+02
2.814941406E+08,-1.08325E+02
2.815246582E+08,-1.10765E+02
2.815551758E+08,-1.13165E+02
2.815856934E+08,-1.14065E+02
2.816162109E+08,-1.12745E+02
2.816467285E+08,-1.05745E+02
2.816772461E+08,-1.06625E+02
2.817077637E+08,-1.04285E+02
2.817382812E+08,-1.04225E+02
2.817687988E+08,-1.08265E+02
2.817993164E+08,-1.11105E+02
2.818298340E+08,-1.04785E+02
2.818603516E+08,-1.05945E+02
2.818908691E+08,-1.13905E+02
2.819213867E+08,-1.05045E+02
2.819519043E+08,-1.02405E+02
2.819824219E+08,-1.04265E+02
2.820129395E+08,-1.05645E+02
2.820434570E+08,-1.08425E+02
2.820739746E+08,-1.07785E+02
2.821044922E+08,-1.02645E+02
2.821350098E+08,-1.03605E+02
2.821655273E+08,-9.89054E+01
2.821960449E+08,-1.02485E+02
2.822265625E+08,-1.08605E+02
2.822570801E+08,-1.08425E+02
2.822875977E+08,-1.04245E+02
2.823181152E+08,-1.04685E+02
2.823486328E+08,-1.05365E+02
2.823791504E+08,-1.04865E+02
2.824096680E+08,-1.08465E+02
2.824401855E+08,-1.07785E+02
2.824707031E+08,-1.09485E+02
2.825012207E+08,-1.05525E+02
2.825317383E+08,-1.08905E+02
2.825622559E+08,-1.37805E+02
2.825927734E+08,-1.10725E+02
2.826232910E+08,-1.04485E+02
2.826538086E+08,-1.08405E+02
2.826843262E+08,-1.10485E+02
2.827148438E+08,-1.10605E+02
2.827453613E+08,-1.04225E+02
2.827758789E+08,-1.11885E+02
2.828063965E+08,-1.09345E+02
2.828369141E+08,-9.98854E+01
2.828674316E+08,-9.99654E+01
2.828979492E+08,-1.02865E+02
2.829284668E+08,-1.11085E+02
2.829589844E+08,-1.14025E+02
2.829895020E+08,-1.02785E+02
2.830200195E+08,-1.05665E+02
2.830505371E+08,-1.01205E+02
2.830810547E+08,-9.92654E+01
2.831115723E+08,-1.04945E+02
2.831420898E+08,-1.10265E+02
2.831726074E+08,-1.18565E+02
2.832031250E+08,-1.13905E+02
2.832336426E+08,-1.07385E+02
2.832641602E+08,-1.02025E+02
2.832946777E+08,-1.00985E+02
2.833251953E+08,-1.01805E+02
2.833557129E+08,-1.05605E+02
2.833862305E+08,-1.11305E+02
2.834167480E+08,-1.04065E+02
2.834472656E+08,-1.05085E+02
2.834777832E+08,-1.02625E+02
2.835083008E+08,-9.97454E+01
2.835388184E+08,-1.01545E+02
2.835693359E+08,-1.11065E+02
2.835998535E+08,-1.22045E+02
2.836303711E+08,-1.08205E+02
2.836608887E+08,-1.15045E+02
2.836914062E+08,-1.06145E+02
2.837219238E+08,-1.07605E+02
2.837524414E+08,-1.10685E+02
2.837829590E+08,-1.07565E+02
2.838134766E+08,-1.01705E+02
2.838439941E+08,-1.08165E+02
2.838745117E+08,-1.14225E+02
2.839050293E+08,-1.17325E+02
2.839355469E+08,-1.14085E+02
2.839660645E+08,-1.07165E+02
2.839965820E+08,-1.04985E+02
2.840270996E+08,-1.08165E+02
2.840576172E+08,-1.28345E+02
2.840881348E+08,-1.14665E+02
2.841186523E+08,-1.08365E+02
2.841491699E+08,-1.06865E+02
2.841796875E+08,-1.05605E+02
2.842102051E+08,-1.10085E+02
2.842407227E+08,-1.15925E+02
2.842712402E+08,-1.15685E+02
2.843017578E+08,-1.07025E+02
2.843322754E+08,-1.07025E+02
2.843627930E+08,-1.07225E+02
2.843933105E+08,-1.09405E+02
2.844238281E+08,-1.09365E+02
2.844543457E+08,-1.04885E+02
2.844848633E+08,-1.05385E+02
2.845153809E+08,-1.19845E+02
2.845458984E+08,-1.15285E+02
2.845764160E+08,-1.09505E+02
2.846069336E+08,-1.10625E+02
2.846374512E+08,-1.08845E+02
2.846679688E+08,-1.03705E+02
2.846984863E+08,-1.06405E+02
2.847290039E+08,-1.11625E+02
2.847595215E+08,-1.00625E+02
2.847900391E+08,-1.02145E+02
2.848205566E+08,-1.18465E+02
2.848510742E+08,-1.08245E+02
2.848815918E+08,-1.09625E+02
2.849121094E+08,-1.05825E+02
2.849426270E+08,-1.04285E+02
2.849731445E+08,-1.12045E+02
2.850036621E+08,-1.03525E+02
2.850341797E+08,-1.06305E+02
2.850646973E+08,-1.02405E+02
2.850952148E+08,-1.09365E+02
2.851257324E+08,-1.14665E+02
2.851562500E+08,-1.10965E+02
2.851867676E+08,-1.09305E+02
2.852172852E+08,-1.06365E+02
2.852478027E+08,-1.01245E+02
2.852783203E+08,-1.00965E+02
2.853088379E+08,-1.03785E+02
2.853393555E+08,-1.02545E+02
2.853698730E+08,-1.04165E+02
2.854003906E+08,-1.09745E+02
2.854309082E+08,-1.12325E+02
2.854614258E+08,-1.13305E+02
2.854919434E+08,-1.06325E+02
2.855224609E+08,-1.03405E+02
2.855529785E+08,-1.07665E+02
2.855834961E+08,-1.10305E+02
2.856140137E+08,-1.07825E+02
2.856445312E+08,-1.04525E+02
2.856750488E+08,-1.04265E+02
2.857055664E+08,-1.12005E+02
2.857360840E+08,-1.15705E+02
2.857666016E+08,-1.07445E+02
2.857971191E+08,-1.06545E+02
2.858276367E+08,-1.07925E+02
2.858581543E+08,-1.00185E+02
2.858886719E+08,-1.00865E+02
2.859191895E+08,-1.05365E+02
2.859497070E+08,-1.14365E+02
2.859802246E+08,-1.04505E+02
2.860107422E+08,-1.05265E+02
2.860412598E+08,-1.08185E+02
2.860717773E+08,-1.14925E+02
2.861022949E+08,-1.18605E+02
2.861328125E+08,-1.18405E+02
2.861633301E+08,-1.13745E+02
2.861938477E+08,-1.02045E+02
2.862243652E+08,-1.03745E+02
2.862548828E+08,-1.14125E+02
2.862854004E+08,-1.10485E+02
2.863159180E+08,-1.10725E+02
2.863464355E+08,-1.17685E+02
2.863769531E+08,-1.09065E+02
2.864074707E+08,-1.09965E+02
2.864379883E+08,-1.08285E+02
2.864685059E+08,-1.10045E+02
2.864990234E+08,-1.10945E+02
2.865295410E+08,-1.09885E+02
2.865600586E+08,-1.05525E+02
2.865905762E+08,-1.03485E+02
2.866210938E+08,-1.03085E+02
2.866516113E+08,-1.05585E+02
2.866821289E+08,-1.17745E+02
2.867126465E+08,-1.13825E+02
2.867431641E+08,-1.15665E+02
2.867736816E+08,-1.19925E+02
2.868041992E+08,-1.13745E+02
2.868347168E+08,-1.06965E+02
2.868652344E+08,-1.07245E+02
2.868957520E+08,-1.11885E+02
2.869262695E+08,-1.16505E+02
2.869567871E+08,-1.08685E+02
2.869873047E+08,-1.07345E+02
2.870178223E+08,-1.07865E+02
2.870483398E+08,-1.08325E+02
2.870788574E+08,-1.11285E+02
2.871093750E+08,-1.16845E+02
2.871398926E+08,-1.17265E+02
2.871704102E+08,-1.13905E+02
2.872009277E+08,-1.11605E+02
2.872314453E+08,-1.12665E+02
2.872619629E+08,-1.07005E+02
2.872924805E+08,-1.06125E+02
2.873229980E+08,-1.10765E+02
2.873535156E+08,-1.13265E+02
2.873840332E+08,-1.09505E+02
2.874145508E+08,-1.10045E+02
2.874450684E+08,-1.13965E+02
2.874755859E+08,-1.11925E+02
2.875061035E+08,-1.14905E+02
2.875366211E+08,-1.11505E+02
2.875671387E+08,-1.14165E+02
2.875976562E+08,-1.19625E+02
2.876281738E+08,-1.19925E+02
2.876586914E+08,-1.06965E+02
2.876892090E+08,-1.01605E+02
2.877197266E+08,-1.02385E+02
2.877502441E+08,-1.04605E+02
2.877807617E+08,-1.06465E+02
2.878112793E+08,-1.11225E+02
2.878417969E+08,-1.09265E+02
2.878723145E+08,-1.09205E+02
2.879028320E+08,-1.08565E+02
2.879333496E+08,-1.04085E+02
2.879638672E+08,-1.19405E+02
2.879943848E+08,-1.07825E+02
2.880249023E+08,-1.14085E+02
2.880554199E+08,-1.06585E+02
2.880859375E+08,-1.07065E+02
2.881164551E+08,-1.10225E+02
2.881469727E+08,-1.08785E+02
2.881774902E+08,-1.07905E+02
2.882080078E+08,-1.17525E+02
2.882385254E+08,-1.11405E+02
2.882690430E+08,-1.12545E+02
2.882995605E+08,-1.06725E+02
2.883300781E+08,-1.03765E+02
2.883605957E+08,-1.10405E+02
2.883911133E+08,-1.06405E+02
2.884216309E+08,-1.09805E+02
2.884521484E+08,-1.08165E+02
2.884826660E+08,-1.13805E+02
2.885131836E+08,-1.07065E+02
2.885437012E+08,-1.03925E+02
2.885742188E+08,-1.09485E+02
2.886047363E+08,-1.12365E+02
2.886352539E+08,-1.11405E+02
2.886657715E+08,-1.01505E+02
2.886962891E+08,-1.02165E+02
2.887268066E+08,-1.14605E+02
2.887573242E+08,-1.12965E+02
2.887878418E+08,-1.07865E+02
2.888183594E+08,-1.07805E+02
2.888488770E+08,-1.22525E+02
2.888793945E+08,-1.05205E+02
2.889099121E+08,-1.12885E+02
2.889404297E+08,-1.17605E+02
2.889709473E+08,-1.15165E+02
2.890014648E+08,-1.05085E+02
2.890319824E+08,-1.07665E+02
2.890625000E+08,-1.17165E+02
2.890930176E+08,-1.11845E+02
2.891235352E+08,-1.10345E+02
2.891540527E+08,-1.04845E+02
2.891845703E+08,-1.12665E+02
2.892150879E+08,-1.03265E+02
2.892456055E+08,-1.10405E+02
2.892761230E+08,-1.10125E+02
2.893066406E+08,-1.07325E+02
2.893371582E+08,-1.19965E+02
2.893676758E+08,-1.21245E+02
2.893981934E+08,-1.13525E+02
2.894287109E+08,-1.11985E+02
2.894592285E+08,-1.17285E+02
2.894897461E+08,-1.09705E+02
2.895202637E+08,-1.24825E+02
2.895507812E+08,-1.15865E+02
2.895812988E+08,-1.09205E+02
2.896118164E+08,-1.08105E+02
2.896423340E+08,-1.12265E+02
2.896728516E+08,-1.01385E+02
2.897033691E+08,-1.00785E+02
2.897338867E+08,-1.07005E+02
2.897644043E+08,-1.08805E+02
2.897949219E+08,-1.05705E+02
2.898254395E+08,-1.06345E+02
2.898559570E+08,-1.08905E+02
2.898864746E+08,-1.05225E+02
2.899169922E+08,-1.05945E+02
2.899475098E+08,-1.10085E+02
2.899780273E+08,-1.03245E+02
2.900085449E+08,-1.06325E+02
2.900390625E+08,-1.08605E+02
2.900695801E+08,-1.10605E+02
2.901000977E+08,-1.06665E+02
2.901306152E+08,-1.04505E+02
2.901611328E+08,-1.07225E+02
2.901916504E+08,-1.07525E+02
2.902221680E+08,-1.12645E+02
2.902526855E+08,-1.18425E+02
2.902832031E+08,-1.22845E+02
2.903137207E+08,-1.13165E+02
2.903442383E+08,-1.15285E+02
2.903747559E+08,-1.13925E+02
2.904052734E+08,-1.08085E+02
2.904357910E+08,-1.00765E+02
2.904663086E+08,-9.96654E+01
2.904968262E+08,-1.03145E+02
2.905273438E+08,-1.06245E+02
2.905578613E+08,-1.04745E+02
2.905883789E+08,-1.02985E+02
2.906188965E+08,-1.08745E+02
2.906494141E+08,-1.15645E+02
2.906799316E+08,-1.05845E+02
2.907104492E+08,-1.02265E+02
2.907409668E+08,-1.04925E+02
2.907714844E+08,-1.15485E+02
2.908020020E+08,-1.03965E+02
2.908325195E+08,-1.06645E+02
2.908630371E+08,-1.08745E+02
2.908935547E+08,-1.02465E+02
2.909240723E+08,-1.01685E+02
2.909545898E+08,-1.02825E+02
2.909851074E+08,-1.12545E+02
2.910156250E+08,-1.08105E+02
2.910461426E+08,-1.05125E+02
2.910766602E+08,-1.14205E+02
2.911071777E+08,-1.11005E+02
2.911376953E+08,-1.06825E+02
2.911682129E+08,-1.05245E+02
2.911987305E+08,-1.16205E+02
2.912292480E+08,-1.06905E+02
2.912597656E+08,-1.07845E+02
2.912902832E+08,-1.10385E+02
2.913208008E+08,-1.14625E+02
2.913513184E+08,-1.08845E+02
2.913818359E+08,-1.07145E+02
2.914123535E+08,-1.08485E+02
2.914428711E+08,-1.08125E+02
2.914733887E+08,-1.16065E+02
2.915039062E+08,-1.11425E+02
2.915344238E+08,-1.12985E+02
2.915649414E+08,-1.09965E+02
2.915954590E+08,-1.09365E+02
2.916259766E+08,-1.03885E+02
2.916564941E+08,-1.03065E+02
2.916870117E+08,-1.07125E+02
2.917175293E+08,-1.08785E+02
2.917480469E+08,-1.05245E+02
2.917785645E+08,-1.08525E+02
2.918090820E+08,-1.05005E+02
2.918395996E+08,-1.00785E+02
2.918701172E+08,-1.02605E+02
2.919006348E+08,-1.02885E+02
2.919311523E+08,-1.03065E+02
2.919616699E+08,-1.01105E+02
2.919921875E+08,-1.02545E+02
2.920227051E+08,-1.04705E+02
2.920532227E+08,-1.04765E+02
2.920837402E+08,-1.17045E+02
2.921142578E+08,-1.11105E+02
2.921447754E+08,-1.08405E+02
2.921752930E+08,-1.20445E+02
2.922058105E+08,-1.09885E+02
2.922363281E+08,-1.11745E+02
2.922668457E+08,-1.16085E+02
2.922973633E+08,-1.07985E+02
2.923278809E+08,-1.04325E+02
2.923583984E+08,-1.03425E+02
2.923889160E+08,-1.04445E+02
2.924194336E+08,-1.05765E+02
2.924499512E+08,-1.02205E+02
2.924804688E+08,-1.02425E+02
2.925109863E+08,-1.16845E+02
2.925415039E+08,-1.07685E+02
2.925720215E+08,-1.05905E+02
2.926025391E+08,-1.11145E+02
2.926330566E+08,-1.08625E+02
2.926635742E+08,-1.02945E+02
2.926940918E+08,-1.04365E+02
2.927246094E+08,-1.07905E+02
2.927551270E+08,-1.09805E+02
2.927856445E+08,-1.09125E+02
2.928161621E+08,-1.06285E+02
2.928466797E+08,-1.02365E+02
2.928771973E+08,-9.99254E+01
2.929077148E+08,-1.07085E+02
2.929382324E+08,-1.05805E+02
2.929687500E+08,-1.05025E+02
2.929992676E+08,-1.33625E+02
2.930297852E+08,-1.05125E+02
2.930603027E+08,-1.09265E+02
2.930908203E+08,-1.12145E+02
2.931213379E+08,-1.05625E+02
2.931518555E+08,-1.05765E+02
2.931823730E+08,-1.09305E+02
2.932128906E+08,-1.06745E+02
2.932434082E+08,-1.02845E+02
2.932739258E+08,-1.00745E+02
2.933044434E+08,-1.17845E+02
2.933349609E+08,-1.00605E+02
2.933654785E+08,-1.03185E+02
2.933959961E+08,-1.03365E+02
2.934265137E+08,-1.02785E+02
2.934570312E+08,-1.04745E+02
2.934875488E+08,-1.06065E+02
2.935180664E+08,-1.17345E+02
2.935485840E+08,-1.06005E+02
2.935791016E+08,-1.03725E+02
2.936096191E+08,-1.02385E+02
2.936401367E+08,-1.08345E+02
2.936706543E+08,-1.10425E+02
2.937011719E+08,-1.10225E+02
2.937316895E+08,-1.08525E+02
2.937622070E+08,-1.07285E+02
2.937927246E+08,-1.07945E+02
2.938232422E+08,-1.05845E+02
2.938537598E+08,-1.09065E+02
2.938842773E+08,-1.13065E+02
2.939147949E+08,-1.13205E+02
2.939453125E+08,-1.20125E+02
2.939758301E+08,-1.14985E+02
2.940063477E+08,-1.06405E+02
2.940368652E+08,-1.05705E+02
2.940673828E+08,-1.03825E+02
2.940979004E+08,-1.03465E+02
2.941284180E+08,-1.05985E+02
2.941589355E+08,-1.15745E+02
2.941894531E+08,-1.11685E+02
2.942199707E+08,-1.05665E+02
2.942504883E+08,-1.17945E+02
2.942810059E+08,-1.03765E+02
2.943115234E+08,-1.02545E+02
2.943420410E+08,-1.00865E+02
2.943725586E+08,-1.03585E+02
2.944030762E+08,-1.12105E+02
2.944335938E+08,-1.04705E+02
2.944641113E+08,-1.06465E+02
2.944946289E+08,-1.04385E+02
2.945251465E+08,-1.08745E+02
2.945556641E+08,-1.13505E+02
2.945861816E+08,-1.11445E+02
2.946166992E+08,-1.05625E+02
2.946472168E+08,-1.06245E+02
2.946777344E+08,-1.03105E+02
2.947082520E+08,-1.05065E+02
2.947387695E+08,-1.07345E+02
2.947692871E+08,-1.04985E+02
2.947998047E+08,-1.20745E+02
2.948303223E+08,-1.07685E+02
2.948608398E+08,-1.08125E+02
2.948913574E+08,-1.12445E+02
2.949218750E+08,-1.09105E+02
2.949523926E+08,-1.15545E+02
2.949829102E+08,-1.11165E+02
2.950134277E+08,-1.15425E+02
2.950439453E+08,-1.13745E+02
2.950744629E+08,-1.21665E+02
2.951049805E+08,-1.06765E+02
2.951354980E+08,-1.05185E+02
2.951660156E+08,-1.12985E+02
2.951965332E+08,-1.22745E+02
2.952270508E+08,-1.21605E+02
2.952575684E+08,-1.09965E+02
2.952880859E+08,-1.02425E+02
2.953186035E+08,-9.92254E+01
2.953491211E+08,-1.02965E+02
2.953796387E+08,-1.15885E+02
2.954101562E+08,-1.18905E+02
2.954406738E+08,-1.21005E+02
2.954711914E+08,-1.16485E+02
2.955017090E+08,-1.09345E+02
2.955322266E+08,-1.04665E+02
2.955627441E+08,-1.04545E+02
2.955932617E+08,-1.14245E+02
2.956237793E+08,-1.12445E+02
2.956542969E+08,-1.26665E+02
2.956848145E+08,-1.10925E+02
2.957153320E+08,-1.15345E+02
2.957458496E+08,-1.04045E+02
2.957763672E+08,-1.02245E+02
2.958068848E+08,-1.03425E+02
2.958374023E+08,-1.02465E+02
2.958679199E+08,-1.03925E+02
2.958984375E+08,-1.10485E+02
2.959289551E+08,-1.11205E+02
2.959594727E+08,-1.15365E+02
2.959899902E+08,-1.01605E+02
2.960205078E+08,-1.00905E+02
2.960510254E+08,-1.11665E+02
2.960815430E+08,-1.14545E+02
2.961120605E+08,-1.04045E+02
2.961425781E+08,-1.03385E+02
2.961730957E+08,-1.17185E+02
2.962036133E+08,-1.05825E+02
2.962341309E+08,-1.06625E+02
2.962646484E+08,-1.20845E+02
2.962951660E+08,-1.16105E+02
2.963256836E+08,-1.05525E+02
2.963562012E+08,-1.03405E+02
2.963867188E+08,-1.12925E+02
2.964172363E+08,-1.10185E+02
2.964477539E+08,-1.03505E+02
2.964782715E+08,-1.01545E+02
2.965087891E+08,-1.03745E+02
2.965393066E+08,-1.04165E+02
2.965698242E+08,-1.02465E+02
2.966003418E+08,-1.02285E+02
2.966308594E+08,-1.10125E+02
2.966613770E+08,-1.02625E+02
2.966918945E+08,-1.00545E+02
2.967224121E+08,-1.06325E+02
2.967529297E+08,-1.03845E+02
2.967834473E+08,-1.16925E+02
2.968139648E+08,-1.08405E+02
2.968444824E+08,-1.09705E+02
2.968750000E+08,-1.07205E+02
2.969055176E+08,-1.03065E+02
2.969360352E+08,-1.12025E+02
2.969665527E+08,-1.06945E+02
2.969970703E+08,-1.03325E+02
2.970275879E+08,-1.08865E+02
2.970581055E+08,-1.13065E+02
2.970886230E+08,-1.02545E+02
2.971191406E+08,-1.15745E+02
2.971496582E+08,-1.05145E+02
2.971801758E+08,-1.01505E+02
2.972106934E+08,-1.06785E+02
2.972412109E+08,-1.17245E+02
2.972717285E+08,-1.08425E+02
2.973022461E+08,-1.06225E+02
2.973327637E+08,-1.07165E+02
2.973632812E+08,-1.19545E+02
2.973937988E+08,-1.03465E+02
2.974243164E+08,-1.05045E+02
2.974548340E+08,-1.10185E+02
2.974853516E+08,-1.10685E+02
2.975158691E+08,-1.14545E+02
2.975463867E+08,-1.08105E+02
2.975769043E+08,-1.10625E+02
2.976074219E+08,-1.10585E+02
2.976379395E+08,-1.07545E+02
2.976684570E+08,-1.09025E+02
2.976989746E+08,-1.11025E+02
2.977294922E+08,-1.07365E+02
2.977600098E+08,-1.06405E+02
2.977905273E+08,-1.08245E+02
2.978210449E+08,-1.08965E+02
2.978515625E+08,-1.10265E+02
2.978820801E+08,-1.10645E+02
2.979125977E+08,-1.13325E+02
2.979431152E+08,-1.10345E+02
2.979736328E+08,-1.08045E+02
2.980041504E+08,-1.05225E+02
2.980346680E+08,-1.11905E+02
2.980651855E+08,-1.17465E+02
2.980957031E+08,-1.12065E+02
2.981262207E+08,-1.08685E+02
2.981567383E+08,-1.14465E+02
2.981872559E+08,-1.11325E+02
2.982177734E+08,-1.09105E+02
2.982482910E+08,-1.05025E+02
2.982788086E+08,-1.00905E+02
2.983093262E+08,-1.00785E+02
2.983398438E+08,-1.04545E+02
2.983703613E+08,-1.08345E+02
2.984008789E+08,-1.16405E+02
2.984313965E+08,-1.26785E+02
2.984619141E+08,-1.18185E+02
2.984924316E+08,-1.09405E+02
2.985229492E+08,-1.16885E+02
2.985534668E+08,-1.11825E+02
2.985839844E+08,-1.07165E+02
2.986145020E+08,-1.03045E+02
2.986450195E+08,-1.03325E+02
2.986755371E+08,-1.06165E+02
2.987060547E+08,-1.08785E+02
2.987365723E+08,-1.09005E+02
2.987670898E+08,-1.07005E+02
2.987976074E+08,-1.10605E+02
2.988281250E+08,-1.05005E+02
2.988586426E+08,-1.05165E+02
2.988891602E+08,-1.02585E+02
2.989196777E+08,-1.09165E+02
2.989501953E+08,-1.16685E+02
2.989807129E+08,-1.07525E+02
2.990112305E+08,-1.06185E+02
2.990417480E+08,-1.03945E+02
2.990722656E+08,-1.02245E+02
2.991027832E+08,-1.03905E+02
2.991333008E+08,-1.05765E+02
2.991638184E+08,-1.08185E+02
2.991943359E+08,-1.05245E+02
2.992248535E+08,-1.05425E+02
2.992553711E+08,-1.11965E+02
2.992858887E+08,-1.15205E+02
2.993164062E+08,-1.11765E+02
2.993469238E+08,-1.06965E+02
2.993774414E+08,-1.03185E+02
2.994079590E+08,-1.01205E+02
2.994384766E+08,-1.05005E+02
2.994689941E+08,-1.09545E+02
2.994995117E+08,-1.00225E+02
2.995300293E+08,-9.95054E+01
2.995605469E+08,-1.04645E+02
2.995910645E+08,-1.11585E+02
2.996215820E+08,-1.16065E+02
2.996520996E+08,-1.19505E+02
2.996826172E+08,-1.20885E+02
2.997131348E+08,-1.10125E+02
2.997436523E+08,-1.04465E+02
2.997741699E+08,-1.05765E+02
2.998046875E+08,-1.12865E+02
2.998352051E+08,-1.12625E+02
2.998657227E+08,-1.25165E+02
2.998962402E+08,-1.18325E+02
2.999267578E+08,-1.05645E+02
2.999572754E+08,-9.98054E+01
2.999877930E+08,-1.02165E+02
3.000183105E+08,-1.10005E+02
3.000488281E+08,-1.06665E+02
3.000793457E+08,-1.06065E+02
3.001098633E+08,-1.05285E+02
3.001403809E+08,-1.01385E+02
3.001708984E+08,-1.01385E+02
3.002014160E+08,-1.06585E+02
3.002319336E+08,-1.14425E+02
3.002624512E+08,-1.08905E+02
3.002929688E+08,-1.07245E+02
3.003234863E+08,-1.09625E+02
3.003540039E+08,-1.06485E+02
3.003845215E+08,-1.04745E+02
3.004150391E+08,-1.27225E+02
3.004455566E+08,-1.07685E+02
3.004760742E+08,-1.12125E+02
3.005065918E+08,-1.16165E+02
3.005371094E+08,-1.14065E+02
3.005676270E+08,-1.06185E+02
3.005981445E+08,-1.02265E+02
3.006286621E+08,-1.01885E+02
3.006591797E+08,-1.03325E+02
3.006896973E+08,-1.16405E+02
3.007202148E+08,-1.06205E+02
3.007507324E+08,-1.05825E+02
3.007812500E+08,-1.15165E+02
3.008117676E+08,-1.10925E+02
3.008422852E+08,-1.25325E+02
3.008728027E+08,-1.01005E+02
3.009033203E+08,-1.04305E+02
3.009338379E+08,-1.14465E+02
3.009643555E+08,-1.07465E+02
3.009948730E+08,-1.07425E+02
3.010253906E+08,-1.14545E+02
3.010559082E+08,-1.21685E+02
3.010864258E+08,-1.12545E+02
3.011169434E+08,-1.06085E+02
3.011474609E+08,-1.06625E+02
3.011779785E+08,-1.24805E+02
3.012084961E+08,-1.08325E+02
3.012390137E+08,-1.09485E+02
3.012695312E+08,-1.20765E+02
3.013000488E+08,-1.13945E+02
3.013305664E+08,-1.13905E+02
3.013610840E+08,-1.16565E+02
3.013916016E+08,-1.11685E+02
3.014221191E+08,-1.10345E+02
3.014526367E+08,-1.07825E+02
3.014831543E+08,-1.03105E+02
3.015136719E+08,-1.00405E+02
3.015441895E+08,-1.00885E+02
3.015747070E+08,-1.04185E+02
3.016052246E+08,-1.08285E+02
3.016357422E+08,-1.07665E+02
3.016662598E+08,-1.11865E+02
3.016967773E+08,-1.10125E+02
3.017272949E+08,-1.07665E+02
3.017578125E+08,-1.09665E+02
3.017883301E+08,-1.03885E+02
3.018188477E+08,-1.02845E+02
3.018493652E+08,-1.09805E+02
3.018798828E+08,-1.09485E+02
3.019104004E+08,-1.02545E+02
3.019409180E+08,-1.02205E+02
3.019714355E+08,-1.14825E+02
3.020019531E+08,-9.97454E+01
3.020324707E+08,-9.62454E+01
3.020629883E+08,-9.96254E+01
3.020935059E+08,-1.34405E+02
3.021240234E+08,-1.06485E+02
3.021545410E+08,-1.07625E+02
3.021850586E+08,-1.10885E+02
3.022155762E+08,-1.06045E+02
3.022460938E+08,-1.03165E+02
3.022766113E+08,-1.08085E+02
3.023071289E+08,-1.10305E+02
3.023376465E+08,-1.12245E+02
3.023681641E+08,-1.01945E+02
3.023986816E+08,-1.01965E+02
3.024291992E+08,-1.08725E+02
3.024597168E+08,-1.07585E+02
3.024902344E+08,-1.06225E+02
3.025207520E+08,-1.07545E+02
3.025512695E+08,-1.23965E+02
3.025817871E+08,-1.12885E+02
3.026123047E+08,-1.10725E+02
3.026428223E+08,-1.07145E+02
3.026733398E+08,-1.06645E+02
3.027038574E+08,-1.12005E+02
3.027343750E+08,-1.06365E+02
3.027648926E+08,-1.03565E+02
3.027954102E+08,-1.11645E+02
3.028259277E+08,-1.09305E+02
3.028564453E+08,-1.12025E+02
3.028869629E+08,-1.06265E+02
3.029174805E+08,-1.01745E+02
3.029479980E+08,-1.06185E+02
3.029785156E+08,-1.17425E+02
3.030090332E+08,-1.16265E+02
3.030395508E+08,-1.07905E+02
3.030700684E+08,-1.11645E+02
3.031005859E+08,-1.12285E+02
3.031311035E+08,-1.10765E+02
3.031616211E+08,-1.08165E+02
3.031921387E+08,-1.09005E+02
3.032226562E+08,-1.04605E+02
3.032531738E+08,-1.02945E+02
3.032836914E+08,-1.10585E+02
3.033142090E+08,-1.06125E+02
3.033447266E+08,-1.00465E+02
3.033752441E+08,-1.00085E+02
3.034057617E+08,-1.05225E+02
3.034362793E+08,-1.15485E+02
3.034667969E+08,-1.06725E+02
3.034973145E+08,-1.01225E+02
3.035278320E+08,-1.06705E+02
3.035583496E+08,-1.25025E+02
3.035888672E+08,-1.13425E+02
3.036193848E+08,-1.11465E+02
3.036499023E+08,-1.27825E+02
3.036804199E+08,-1.08485E+02
3.037109375E+08,-1.10765E+02
3.037414551E+08,-1.13365E+02
3.037719727E+08,-1.13785E+02
3.038024902E+08,-1.11845E+02
3.038330078E+08,-1.14385E+02
3.038635254E+08,-1.18625E+02
3.038940430E+08,-1.07865E+02
3.039245605E+08,-1.05505E+02
3.039550781E+08,-1.02765E+02
3.039855957E+08,-1.07825E+02
3.040161133E+08,-1.10405E+02
3.040466309E+08,-1.05765E+02
3.040771484E+08,-1.04505E+02
3.041076660E+08,-1.08725E+02
3.041381836E+08,-1.11165E+02
3.041687012E+08,-1.10765E+02
3.041992188E+08,-1.03745E+02
3.042297363E+08,-1.05725E+02
3.042602539E+08,-1.08005E+02
3.042907715E+08,-1.11405E+02
3.043212891E+08,-1.06585E+02
3.043518066E+08,-1.13925E+02
3.043823242E+08,-1.06525E+02
3.044128418E+08,-1.09745E+02
3.044433594E+08,-1.14065E+02
3.044738770E+08,-1.12045E+02
3.045043945E+08,-1.06565E+02
3.045349121E+08,-1.04665E+02
3.045654297E+08,-1.20185E+02
3.045959473E+08,-1.07865E+02
3.046264648E+08,-1.09625E+02
3.046569824E+08,-1.08465E+02
3.046875000E+08,-1.02485E+02
3.047180176E+08,-1.06205E+02
3.047485352E+08,-1.04865E+02
3.047790527E+08,-1.20625E+02
3.048095703E+08,-1.14025E+02
3.048400879E+08,-1.05245E+02
3.048706055E+08,-1.02805E+02
3.049011230E+08,-1.23585E+02
3.049316406E+08,-1.07385E+02
3.049621582E+08,-1.05545E+02
3.049926758E+08,-1.07865E+02
3.050231934E+08,-1.06225E+02
3.050537109E+08,-1.03965E+02
3.050842285E+08,-1.06205E+02
3.051147461E+08,-1.05825E+02
3.051452637E+08,-1.06365E+02
3.051757812E+08,-1.10745E+02
3.052062988E+08,-1.05025E+02
3.052368164E+08,-1.01605E+02
3.052673340E+08,-1.13985E+02
3.052978516E+08,-1.05525E+02
3.053283691E+08,-1.01265E+02
3.053588867E+08,-1.20465E+02
3.053894043E+08,-1.00125E+02
3.054199219E+08,-1.03565E+02
3.054504395E+08,-1.19965E+02
3.054809570E+08,-1.07825E+02
3.055114746E+08,-1.07485E+02
3.055419922E+08,-1.03345E+02
3.055725098E+08,-1.07685E+02
3.056030273E+08,-1.20685E+02
3.056335449E+08,-1.08465E+02
3.056640625E+08,-1.05505E+02
3.056945801E+08,-1.14925E+02
3.057250977E+08,-1.10345E+02
3.057556152E+08,-1.08105E+02
3.057861328E+08,-1.03905E+02
3.058166504E+08,-1.05285E+02
3.058471680E+08,-1.02845E+02
3.058776855E+08,-1.01425E+02
3.059082031E+08,-1.08125E+02
3.059387207E+08,-1.06785E+02
3.059692383E+08,-1.02165E+02
3.059997559E+08,-1.02785E+02
3.060302734E+08,-1.07005E+02
3.060607910E+08,-1.20125E+02
3.060913086E+08,-1.02985E+02
3.061218262E+08,-1.02225E+02
3.061523438E+08,-1.06085E+02
3.061828613E+08,-1.07065E+02
3.062133789E+08,-1.06945E+02
3.062438965E+08,-1.10705E+02
3.062744141E+08,-1.13725E+02
3.063049316E+08,-1.08425E+02
3.063354492E+08,-1.03645E+02
3.063659668E+08,-1.03445E+02
3.063964844E+08,-1.15045E+02
3.064270020E+08,-1.04665E+02
3.064575195E+08,-1.03585E+02
3.064880371E+08,-1.09125E+02
3.065185547E+08,-1.07945E+02
3.065490723E+08,-1.09025E+02
3.065795898E+08,-1.32005E+02
3.066101074E+08,-1.05045E+02
3.066406250E+08,-1.01205E+02
3.066711426E+08,-1.02525E+02
3.067016602E+08,-1.01565E+02
3.067321777E+08,-1.00445E+02
3.067626953E+08,-1.05445E+02
3.067932129E+08,-1.23245E+02
3.068237305E+08,-1.08745E+02
3.068542480E+08,-1.13225E+02
3.068847656E+08,-1.14365E+02
3.069152832E+08,-1.28905E+02
3.069458008E+08,-1.18685E+02
3.069763184E+08,-1.07785E+02
3.070068359E+08,-1.07785E+02
3.070373535E+08,-1.16165E+02
3.070678711E+08,-1.08025E+02
3.070983887E+08,-1.07005E+02
3.071289062E+08,-1.04705E+02
3.071594238E+08,-1.03585E+02
3.071899414E+08,-1.03585E+02
3.072204590E+08,-1.05345E+02
3.072509766E+08,-1.05565E+02
3.072814941E+08,-1.02525E+02
3.073120117E+08,-1.13185E+02
3.073425293E+08,-1.13205E+02
3.073730469E+08,-1.07345E+02
3.074035645E+08,-1.03625E+02
3.074340820E+08,-1.04985E+02
3.074645996E+08,-1.03485E+02
3.074951172E+08,-1.01945E+02
3.075256348E+08,-1.10185E+02
3.075561523E+08,-1.20385E+02
3.075866699E+08,-1.06285E+02
3.076171875E+08,-1.02605E+02
3.076477051E+08,-1.02285E+02
3.076782227E+08,-1.04845E+02
3.077087402E+08,-1.12645E+02
3.077392578E+08,-1.18005E+02
3.077697754E+08,-1.07265E+02
3.078002930E+08,-1.10005E+02
3.078308105E+08,-1.13005E+02
3.078613281E+08,-1.10565E+02
3.078918457E+08,-1.08665E+02
3.079223633E+08,-1.04325E+02
3.079528809E+08,-1.05165E+02
3.079833984E+08,-1.11545E+02
3.080139160E+08,-1.11545E+02
3.080444336E+08,-1.09545E+02
3.080749512E+08,-1.14205E+02
3.081054688E+08,-1.15285E+02
3.081359863E+08,-1.03385E+02
3.081665039E+08,-1.01265E+02
3.081970215E+08,-1.11525E+02
3.082275391E+08,-1.03485E+02
3.082580566E+08,-1.02985E+02
3.082885742E+08,-1.08685E+02
3.083190918E+08,-1.07465E+02
3.083496094E+08,-1.11245E+02
3.083801270E+08,-1.09625E+02
3.084106445E+08,-1.11265E+02
3.084411621E+08,-1.06305E+02
3.084716797E+08,-1.01085E+02
3.085021973E+08,-1.02205E+02
3.085327148E+08,-1.02485E+02
3.085632324E+08,-1.04125E+02
3.085937500E+08,-1.09065E+02
3.086242676E+08,-1.09745E+02
3.086547852E+08,-1.24185E+02
3.086853027E+08,-1.15205E+02
3.087158203E+08,-1.18625E+02
3.087463379E+08,-1.04745E+02
3.087768555E+08,-1.02305E+02
3.088073730E+08,-1.05845E+02
3.088378906E+08,-1.05845E+02
3.088684082E+08,-1.06785E+02
3.088989258E+08,-1.08725E+02
3.089294434E+08,-1.11525E+02
3.089599609E+08,-1.13765E+02
3.089904785E+08,-1.03945E+02
3.090209961E+08,-1.07905E+02
3.090515137E+08,-1.13745E+02
3.090820312E+08,-1.13225E+02
3.091125488E+08,-1.09545E+02
3.091430664E+08,-1.04825E+02
3.091735840E+08,-1.06185E+02
3.092041016E+08,-1.07865E+02
3.092346191E+08,-1.10185E+02
3.092651367E+08,-1.17325E+02
3.092956543E+08,-1.11905E+02
3.093261719E+08,-1.09925E+02
3.093566895E+08,-1.08845E+02
3.093872070E+08,-1.09505E+02
3.094177246E+08,-1.18905E+02
3.094482422E+08,-1.14985E+02
3.094787598E+08,-1.24105E+02
3.095092773E+08,-1.09805E+02
3.095397949E+08,-1.03045E+02
3.095703125E+08,-9.94454E+01
3.096008301E+08,-1.01385E+02
3.096313477E+08,-1.10825E+02
3.096618652E+08,-1.35705E+02
3.096923828E+08,-1.06405E+02
3.097229004E+08,-1.01105E+02
3.097534180E+08,-1.05065E+02
3.097839355E+08,-1.07585E+02
3.098144531E+08,-1.12265E+02
3.098449707E+08,-1.08605E+02
3.098754883E+08,-1.03525E+02
3.099060059E+08,-1.04905E+02
3.099365234E+08,-1.06045E+02
3.099670410E+08,-1.06825E+02
3.099975586E+08,-1.08025E+02
3.100280762E+08,-1.04865E+02
3.100585938E+08,-1.07565E+02
3.100891113E+08,-1.09925E+02
3.101196289E+08,-1.04045E+02
3.101501465E+08,-1.06725E+02
3.101806641E+08,-1.07465E+02
3.102111816E+08,-1.04505E+02
3.102416992E+08,-1.02825E+02
3.102722168E+08,-1.06145E+02
3.103027344E+08,-1.12665E+02
3.103332520E+08,-1.10225E+02
3.103637695E+08,-1.09405E+02
3.103942871E+08,-1.09505E+02
3.104248047E+08,-1.08245E+02
3.104553223E+08,-1.06725E+02
3.104858398E+08,-1.10545E+02
3.105163574E+08,-1.14585E+02
3.105468750E+08,-1.03545E+02
3.105773926E+08,-1.05285E+02
3.106079102E+08,-1.08165E+02
3.106384277E+08,-1.07565E+02
3.106689453E+08,-1.05045E+02
3.106994629E+08,-1.03925E+02
3.107299805E+08,-1.12885E+02
3.107604980E+08,-1.14465E+02
3.107910156E+08,-1.25725E+02
3.108215332E+08,-1.06845E+02
3.108520508E+08,-1.06185E+02
3.108825684E+08,-1.16505E+02
3.109130859E+08,-1.17125E+02
3.109436035E+08,-1.13245E+02
3.109741211E+08,-1.08325E+02
3.110046387E+08,-1.08525E+02
3.110351562E+08,-1.25785E+02
3.110656738E+08,-1.08325E+02
3.110961914E+08,-1.04305E+02
3.111267090E+08,-1.02005E+02
3.111572266E+08,-1.08045E+02
3.111877441E+08,-1.07185E+02
3.112182617E+08,-1.05345E+02
3.112487793E+08,-1.00405E+02
3.112792969E+08,-1.04945E+02
3.113098145E+08,-1.05585E+02
3.113403320E+08,-1.07545E+02
3.113708496E+08,-1.03985E+02
3.114013672E+08,-1.05025E+02
3.114318848E+08,-1.15045E+02
3.114624023E+08,-1.16965E+02
3.114929199E+08,-1.11465E+02
3.115234375E+08,-1.21365E+02
3.115539551E+08,-1.12945E+02
3.115844727E+08,-1.07745E+02
3.116149902E+08,-1.25165E+02
3.116455078E+08,-1.16785E+02
3.116760254E+08,-1.10225E+02
3.117065430E+08,-1.09545E+02
3.117370605E+08,-1.09485E+02
3.117675781E+08,-1.04305E+02
3.117980957E+08,-1.03365E+02
3.118286133E+08,-1.00505E+02
3.118591309E+08,-1.06585E+02
3.118896484E+08,-1.05005E+02
3.119201660E+08,-1.05665E+02
3.119506836E+08,-1.07365E+02
3.119812012E+08,-1.02405E+02
3.120117188E+08,-1.08425E+02
3.120422363E+08,-1.00745E+02
3.120727539E+08,-9.82454E+01
3.121032715E+08,-1.02565E+02
3.121337891E+08,-1.09965E+02
3.121643066E+08,-1.05725E+02
3.121948242E+08,-1.05565E+02
3.122253418E+08,-1.07605E+02
3.122558594E+08,-1.09805E+02
3.122863770E+08,-1.11365E+02
3.123168945E+08,-1.01425E+02
3.123474121E+08,-1.03065E+02
3.123779297E+08,-1.09665E+02
3.124084473E+08,-1.11485E+02
3.124389648E+08,-1.08185E+02
3.124694824E+08,-9.49854E+01
3.125000000E+08,-9.00054E+01
3.125305176E+08,-9.57054E+01
3.125610352E+08,-1.06565E+02
3.125915527E+08,-1.10685E+02
3.126220703E+08,-1.10125E+02
3.126525879E+08,-1.19405E+02
3.126831055E+08,-1.17365E+02
3.127136230E+08,-1.22225E+02
3.127441406E+08,-1.08725E+02
3.127746582E+08,-1.05585E+02
3.128051758E+08,-1.03725E+02
3.128356934E+08,-1.05585E+02
3.128662109E+08,-1.18025E+02
3.128967285E+08,-1.14425E+02
3.129272461E+08,-1.06185E+02
3.129577637E+08,-1.09005E+02
3.129882812E+08,-1.04305E+02
3.130187988E+08,-1.05765E+02
3.130493164E+08,-1.08085E+02
3.130798340E+08,-1.14525E+02
3.131103516E+08,-1.14785E+02
3.131408691E+08,-1.09365E+02
3.131713867E+08,-1.02905E+02
3.132019043E+08,-1.05685E+02
3.132324219E+08,-1.07745E+02
3.132629395E+08,-1.08745E+02
3.132934570E+08,-1.00825E+02
3.133239746E+08,-1.00225E+02
3.133544922E+08,-9.95054E+01
3.133850098E+08,-9.72054E+01
3.134155273E+08,-1.00605E+02
3.134460449E+08,-1.12205E+02
3.134765625E+08,-1.10905E+02
3.135070801E+08,-1.12305E+02
3.135375977E+08,-1.15005E+02
3.135681152E+08,-1.09885E+02
3.135986328E+08,-1.06765E+02
3.136291504E+08,-1.08805E+02
3.136596680E+08,-1.09065E+02
3.136901855E+08,-1.06945E+02
3.137207031E+08,-1.08845E+02
3.137512207E+08,-1.28605E+02
3.137817383E+08,-1.06745E+02
3.138122559E+08,-1.04525E+02
3.138427734E+08,-1.05005E+02
3.138732910E+08,-1.06625E+02
3.139038086E+08,-1.05645E+02
3.139343262E+08,-1.02745E+02
3.139648438E+08,-1.11845E+02
3.139953613E+08,-1.03345E+02
3.140258789E+08,-1.08165E+02
3.140563965E+08,-1.08285E+02
3.140869141E+08,-1.03985E+02
3.141174316E+08,-1.07425E+02
3.141479492E+08,-1.07985E+02
3.141784668E+08,-1.15965E+02
3.142089844E+08,-1.08345E+02
3.142395020E+08,-1.02545E+02
3.142700195E+08,-1.11045E+02
3.143005371E+08,-1.04385E+02
3.143310547E+08,-1.01505E+02
3.143615723E+08,-1.04125E+02
3.143920898E+08,-1.15045E+02
3.144226074E+08,-1.10005E+02
3.144531250E+08,-1.07165E+02
3.144836426E+08,-1.10125E+02
3.145141602E+08,-1.11105E+02
3.145446777E+08,-1.07745E+02
3.145751953E+08,-1.04465E+02
3.146057129E+08,-1.09265E+02
3.146362305E+08,-1.23225E+02
3.146667480E+08,-1.09065E+02
3.146972656E+08,-1.03245E+02
3.147277832E+08,-1.04385E+02
3.147583008E+08,-1.03325E+02
3.147888184E+08,-1.01945E+02
3.148193359E+08,-1.04065E+02
3.148498535E+08,-1.08285E+02
3.148803711E+08,-1.08625E+02
3.149108887E+08,-1.10785E+02
3.149414062E+08,-1.09545E+02
3.149719238E+08,-1.03205E+02
3.150024414E+08,-1.10945E+02
3.150329590E+08,-1.05325E+02
3.150634766E+08,-1.03685E+02
3.150939941E+08,-1.18085E+02
3.151245117E+08,-1.07785E+02
3.151550293E+08,-1.19125E+02
3.151855469E+08,-1.10765E+02
3.152160645E+08,-1.11045E+02
3.152465820E+08,-1.14685E+02
3.152770996E+08,-1.08185E+02
3.153076172E+08,-1.09005E+02
3.153381348E+08,-1.13765E+02
3.153686523E+08,-1.18325E+02
3.153991699E+08,-1.09805E+02
3.154296875E+08,-1.11265E+02
3.154602051E+08,-1.10225E+02
3.154907227E+08,-1.01705E+02
3.155212402E+08,-1.06965E+02
3.155517578E+08,-1.19345E+02
3.155822754E+08,-1.08725E+02
3.156127930E+08,-1.04885E+02
3.156433105E+08,-1.08785E+02
3.156738281E+08,-1.12125E+02
3.157043457E+08,-1.08185E+02
3.157348633E+08,-1.12965E+02
3.157653809E+08,-1.09065E+02
3.157958984E+08,-1.03285E+02
3.158264160E+08,-1.11705E+02
3.158569336E+08,-1.10945E+02
3.158874512E+08,-1.06485E+02
3.159179688E+08,-1.10965E+02
3.159484863E+08,-1.12765E+02
3.159790039E+08,-1.18025E+02
3.160095215E+08,-1.05525E+02
3.160400391E+08,-1.05165E+02
3.160705566E+08,-1.00945E+02
3.161010742E+08,-1.05185E+02
3.161315918E+08,-1.09765E+02
3.161621094E+08,-1.05765E+02
3.161926270E+08,-1.08605E+02
3.162231445E+08,-1.05485E+02
3.162536621E+08,-1.02345E+02
3.162841797E+08,-1.03985E+02
3.163146973E+08,-1.14845E+02
3.163452148E+08,-1.21145E+02
3.163757324E+08,-1.10485E+02
3.164062500E+08,-1.19845E+02
3.164367676E+08,-1.06665E+02
3.164672852E+08,-1.12485E+02
3.164978027E+08,-1.06465E+02
3.165283203E+08,-1.06625E+02
3.165588379E+08,-1.06545E+02
3.165893555E+08,-1.02765E+02
3.166198730E+08,-1.10085E+02
3.166503906E+08,-1.06025E+02
3.166809082E+08,-1.03305E+02
3.167114258E+08,-1.07325E+02
3.167419434E+08,-1.17065E+02
3.167724609E+08,-1.18565E+02
3.168029785E+08,-1.13185E+02
3.168334961E+08,-1.20005E+02
3.168640137E+08,-1.14825E+02
3.168945312E+08,-1.07605E+02
3.169250488E+08,-1.08685E+02
3.169555664E+08,-1.08105E+02
3.169860840E+08,-1.07225E+02
3.170166016E+08,-1.10725E+02
3.170471191E+08,-1.04965E+02
3.170776367E+08,-1.02845E+02
3.171081543E+08,-1.05985E+02
3.171386719E+08,-1.09065E+02
3.171691895E+08,-1.04325E+02
3.171997070E+08,-1.05505E+02
3.172302246E+08,-1.09405E+02
3.172607422E+08,-1.05225E+02
3.172912598E+08,-1.11065E+02
3.173217773E+08,-1.08405E+02
3.173522949E+08,-1.06125E+02
3.173828125E+08,-1.05185E+02
3.174133301E+08,-1.11045E+02
3.174438477E+08,-1.17565E+02
3.174743652E+08,-1.22565E+02
3.175048828E+08,-1.12905E+02
3.175354004E+08,-1.10225E+02
3.175659180E+08,-1.10185E+02
3.175964355E+08,-1.08485E+02
3.176269531E+08,-1.31065E+02
3.176574707E+08,-1.06145E+02
3.176879883E+08,-1.11605E+02
3.177185059E+08,-1.04945E+02
3.177490234E+08,-1.03505E+02
3.177795410E+08,-1.12985E+02
3.178100586E+08,-1.10705E+02
3.178405762E+08,-1.15645E+02
3.178710938E+08,-1.09745E+02
3.179016113E+08,-1.04725E+02
3.179321289E+08,-1.09225E+02
3.179626465E+08,-1.05385E+02
3.179931641E+08,-1.01245E+02
3.180236816E+08,-1.03745E+02
3.180541992E+08,-1.09205E+02
3.180847168E+08,-1.23705E+02
3.181152344E+08,-1.05765E+02
3.181457520E+08,-1.03245E+02
3.181762695E+08,-1.09845E+02
3.182067871E+08,-1.06965E+02
3.182373047E+08,-1.19805E+02
3.182678223E+08,-1.07445E+02
3.182983398E+08,-1.06405E+02
3.183288574E+08,-1.05925E+02
3.183593750E+08,-1.06825E+02
3.183898926E+08,-1.04245E+02
3.184204102E+08,-1.04025E+02
3.184509277E+08,-1.15145E+02
3.184814453E+08,-1.06405E+02
3.185119629E+08,-1.16005E+02
3.185424805E+08,-1.02365E+02
3.185729980E+08,-1.01365E+02
3.186035156E+08,-1.05705E+02
3.186340332E+08,-1.05285E+02
3.186645508E+08,-1.08545E+02
3.186950684E+08,-1.09225E+02
3.187255859E+08,-1.14845E+02
3.187561035E+08,-1.09265E+02
3.187866211E+08,-1.14185E+02
3.188171387E+08,-1.17925E+02
3.188476562E+08,-1.07805E+02
3.188781738E+08,-1.01605E+02
3.189086914E+08,-9.90254E+01
3.189392090E+08,-1.03165E+02
3.189697266E+08,-1.08905E+02
3.190002441E+08,-1.07725E+02
3.190307617E+08,-1.06065E+02
3.190612793E+08,-1.02285E+02
3.190917969E+08,-1.13985E+02
3.191223145E+08,-1.04965E+02
3.191528320E+08,-1.18325E+02
3.191833496E+08,-1.09225E+02
3.192138672E+08,-1.05125E+02
3.192443848E+08,-1.11025E+02
3.192749023E+08,-1.07525E+02
3.193054199E+08,-1.16145E+02
3.193359375E+08,-1.13725E+02
3.193664551E+08,-1.04565E+02
3.193969727E+08,-1.07365E+02
3.194274902E+08,-1.03365E+02
3.194580078E+08,-1.03165E+02
3.194885254E+08,-1.07205E+02
3.195190430E+08,-1.31425E+02
3.195495605E+08,-1.08785E+02
3.195800781E+08,-1.03305E+02
3.196105957E+08,-1.05245E+02
3.196411133E+08,-1.13465E+02
3.196716309E+08,-1.01805E+02
3.197021484E+08,-1.09665E+02
3.197326660E+08,-1.08245E+02
3.197631836E+08,-1.11425E+02
3.197937012E+08,-1.09345E+02
3.198242188E+08,-1.11085E+02
3.198547363E+08,-1.11325E+02
3.198852539E+08,-1.15965E+02
3.199157715E+08,-1.10085E+02
3.199462891E+08,-1.02005E+02
3.199768066E+08,-1.05525E+02
3.200073242E+08,-1.10625E+02
3.200378418E+08,-1.09585E+02
3.200683594E+08,-1.05765E+02
3.200988770E+08,-1.05725E+02
3.201293945E+08,-1.11765E+02
3.201599121E+08,-1.12145E+02
3.201904297E+08,-1.02785E+02
3.202209473E+08,-1.01125E+02
3.202514648E+08,-1.07825E+02
3.202819824E+08,-1.17985E+02
3.203125000E+08,-1.08345E+02
3.203430176E+08,-1.09925E+02
3.203735352E+08,-1.11865E+02
3.204040527E+08,-1.16345E+02
3.204345703E+08,-1.02445E+02
3.204650879E+08,-1.02325E+02
3.204956055E+08,-1.05525E+02
3.205261230E+08,-1.06205E+02
3.205566406E+08,-1.06205E+02
3.205871582E+08,-1.05045E+02
3.206176758E+08,-1.01345E+02
3.206481934E+08,-1.03425E+02
3.206787109E+08,-1.51265E+02
3.207092285E+08,-1.07005E+02
3.207397461E+08,-1.04945E+02
3.207702637E+08,-1.03485E+02
3.208007812E+08,-1.05025E+02
3.208312988E+08,-1.14905E+02
3.208618164E+08,-1.19745E+02
3.208923340E+08,-1.05785E+02
3.209228516E+08,-1.05805E+02
3.209533691E+08,-1.07485E+02
3.209838867E+08,-1.07085E+02
3.210144043E+08,-1.02925E+02
3.210449219E+08,-1.13585E+02
3.210754395E+08,-1.13425E+02
3.211059570E+08,-1.10505E+02
3.211364746E+08,-1.07465E+02
3.211669922E+08,-1.10185E+02
3.211975098E+08,-1.10545E+02
3.212280273E+08,-1.06985E+02
3.212585449E+08,-1.06405E+02
3.212890625E+08,-1.07905E+02
3.213195801E+08,-1.06885E+02
3.213500977E+08,-1.13725E+02
3.213806152E+08,-1.12245E+02
3.214111328E+08,-1.16165E+02
3.214416504E+08,-1.09765E+02
3.214721680E+08,-1.15905E+02
3.215026855E+08,-1.14625E+02
3.215332031E+08,-1.05525E+02
3.215637207E+08,-1.01185E+02
3.215942383E+08,-1.03845E+02
3.216247559E+08,-1.15205E+02
3.216552734E+08,-1.10745E+02
3.216857910E+08,-1.02685E+02
3.217163086E+08,-1.05045E+02
3.217468262E+08,-1.16305E+02
3.217773438E+08,-1.12065E+02
3.218078613E+08,-1.06805E+02
3.218383789E+08,-1.05465E+02
3.218688965E+08,-1.14605E+02
3.218994141E+08,-1.12925E+02
3.219299316E+08,-1.17365E+02
3.219604492E+08,-1.16125E+02
3.219909668E+08,-1.07485E+02
3.220214844E+08,-1.03305E+02
3.220520020E+08,-1.09805E+02
3.220825195E+08,-1.13825E+02
3.221130371E+08,-1.11485E+02
3.221435547E+08,-1.09885E+02
3.221740723E+08,-1.03405E+02
3.222045898E+08,-1.01705E+02
3.222351074E+08,-1.04685E+02
3.222656250E+08,-1.18405E+02
3.222961426E+08,-1.12365E+02
3.223266602E+08,-1.08005E+02
3.223571777E+08,-1.14545E+02
3.223876953E+08,-1.08805E+02
3.224182129E+08,-1.05365E+02
3.224487305E+08,-1.11545E+02
3.224792480E+08,-1.11045E+02
3.225097656E+08,-1.08265E+02
3.225402832E+08,-1.08165E+02
3.225708008E+08,-1.05905E+02
3.226013184E+08,-1.07485E+02
3.226318359E+08,-1.14505E+02
3.226623535E+08,-1.18285E+02
3.226928711E+08,-1.12665E+02
3.227233887E+08,-1.18865E+02
3.227539062E+08,-1.05805E+02
3.227844238E+08,-1.07065E+02
3.228149414E+08,-1.08905E+02
3.228454590E+08,-1.14365E+02
3.228759766E+08,-1.11825E+02
3.229064941E+08,-1.16465E+02
3.229370117E+08,-1.12005E+02
3.229675293E+08,-1.08325E+02
3.229980469E+08,-1.11985E+02
3.230285645E+08,-1.06965E+02
3.230590820E+08,-1.08965E+02
3.230895996E+08,-1.01285E+02
3.231201172E+08,-1.00925E+02
3.231506348E+08,-1.11905E+02
3.231811523E+08,-1.10085E+02
3.232116699E+08,-1.03725E+02
3.232421875E+08,-1.03385E+02
3.232727051E+08,-1.03105E+02
3.233032227E+08,-1.01065E+02
3.233337402E+08,-1.03585E+02
3.233642578E+08,-1.01825E+02
3.233947754E+08,-1.09365E+02
3.234252930E+08,-1.13085E+02
3.234558105E+08,-1.19265E+02
3.234863281E+08,-1.08565E+02
3.235168457E+08,-1.06325E+02
3.235473633E+08,-1.07545E+02
3.235778809E+08,-1.21945E+02
3.236083984E+08,-1.09365E+02
3.236389160E+08,-1.09005E+02
3.236694336E+08,-1.16025E+02
3.236999512E+08,-1.11085E+02
3.237304688E+08,-1.10425E+02
3.237609863E+08,-1.08605E+02
3.237915039E+08,-1.09205E+02
3.238220215E+08,-1.04445E+02
3.238525391E+08,-1.04445E+02
3.238830566E+08,-1.08545E+02
3.239135742E+08,-1.09585E+02
3.239440918E+08,-1.11885E+02
3.239746094E+08,-1.25765E+02
3.240051270E+08,-1.08525E+02
3.240356445E+08,-1.07085E+02
3.240661621E+08,-1.20825E+02
3.240966797E+08,-1.14685E+02
3.241271973E+08,-1.08625E+02
3.241577148E+08,-1.09065E+02
3.241882324E+08,-1.07345E+02
3.242187500E+08,-1.04945E+02
3.242492676E+08,-1.04245E+02
3.242797852E+08,-1.03005E+02
3.243103027E+08,-1.01265E+02
3.243408203E+08,-1.06065E+02
3.243713379E+08,-1.15405E+02
3.244018555E+08,-1.15825E+02
3.244323730E+08,-1.05945E+02
3.244628906E+08,-1.11525E+02
3.244934082E+08,-1.07205E+02
3.245239258E+08,-1.09765E+02
3.245544434E+08,-1.13365E+02
3.245849609E+08,-1.09625E+02
3.246154785E+08,-1.06245E+02
3.246459961E+08,-1.08025E+02
3.246765137E+08,-1.07925E+02
3.247070312E+08,-1.03185E+02
3.247375488E+08,-1.01345E+02
3.247680664E+08,-1.01345E+02
3.247985840E+08,-1.08865E+02
3.248291016E+08,-1.08905E+02
3.248596191E+08,-1.07685E+02
3.248901367E+08,-1.02105E+02
3.249206543E+08,-1.03545E+02
3.249511719E+08,-1.03985E+02
3.249816895E+08,-1.05765E+02
3.250122070E+08,-1.09105E+02
3.250427246E+08,-1.10085E+02
3.250732422E+08,-1.13065E+02
3.251037598E+08,-1.09305E+02
3.251342773E+08,-1.11185E+02
3.251647949E+08,-1.04065E+02
3.251953125E+08,-1.03065E+02
3.252258301E+08,-1.11505E+02
3.252563477E+08,-1.08365E+02
3.252868652E+08,-1.02745E+02
3.253173828E+08,-1.02345E+02
3.253479004E+08,-1.03265E+02
3.253784180E+08,-1.05385E+02
3.254089355E+08,-1.12785E+02
3.254394531E+08,-1.07825E+02
3.254699707E+08,-1.05705E+02
3.255004883E+08,-1.13605E+02
3.255310059E+08,-1.07705E+02
3.255615234E+08,-1.03045E+02
3.255920410E+08,-1.06225E+02
3.256225586E+08,-1.14305E+02
3.256530762E+08,-1.06445E+02
3.256835938E+08,-1.04065E+02
3.257141113E+08,-1.11905E+02
3.257446289E+08,-1.09805E+02
3.257751465E+08,-1.07685E+02
3.258056641E+08,-1.07785E+02
3.258361816E+08,-1.04805E+02
3.258666992E+08,-1.08245E+02
3.258972168E+08,-1.09305E+02
3.259277344E+08,-1.10365E+02
3.259582520E+08,-1.02925E+02
3.259887695E+08,-1.01105E+02
3.260192871E+08,-1.04885E+02
3.260498047E+08,-1.12185E+02
3.260803223E+08,-1.13105E+02
3.261108398E+08,-1.04045E+02
3.261413574E+08,-1.08485E+02
3.261718750E+08,-1.09965E+02
3.262023926E+08,-1.13025E+02
3.262329102E+08,-1.06005E+02
3.262634277E+08,-1.13665E+02
3.262939453E+08,-1.09125E+02
3.263244629E+08,-1.06345E+02
3.263549805E+08,-1.05245E+02
3.263854980E+08,-1.10125E+02
3.264160156E+08,-1.09405E+02
3.264465332E+08,-1.09065E+02
3.264770508E+08,-1.10945E+02
3.265075684E+08,-1.16925E+02
3.265380859E+08,-1.22425E+02
3.265686035E+08,-1.22805E+02
3.265991211E+08,-1.10965E+02
3.266296387E+08,-1.08025E+02
3.266601562E+08,-1.09745E+02
3.266906738E+08,-1.14985E+02
3.267211914E+08,-1.13325E+02
3.267517090E+08,-1.03445E+02
3.267822266E+08,-9.96254E+01
3.268127441E+08,-1.00805E+02
3.268432617E+08,-1.03465E+02
3.268737793E+08,-1.08525E+02
3.269042969E+08,-1.06825E+02
3.269348145E+08,-1.07025E+02
3.269653320E+08,-1.07205E+02
3.269958496E+08,-1.04425E+02
3.270263672E+08,-1.00685E+02
3.270568848E+08,-1.07745E+02
3.270874023E+08,-1.12685E+02
3.271179199E+08,-1.07485E+02
3.271484375E+08,-1.07365E+02
3.271789551E+08,-1.16045E+02
3.272094727E+08,-1.06405E+02
3.272399902E+08,-9.84654E+01
3.272705078E+08,-1.01265E+02
3.273010254E+08,-1.05205E+02
3.273315430E+08,-1.05785E+02
3.273620605E+08,-1.16625E+02
3.273925781E+08,-1.04685E+02
3.274230957E+08,-1.04465E+02
3.274536133E+08,-9.93454E+01
3.274841309E+08,-9.95854E+01
3.275146484E+08,-1.02085E+02
3.275451660E+08,-1.03765E+02
3.275756836E+08,-1.02105E+02
3.276062012E+08,-1.03245E+02
3.276367188E+08,-1.19305E+02
3.276672363E+08,-1.09805E+02
3.276977539E+08,-1.13405E+02
3.277282715E+08,-1.10305E+02
3.277587891E+08,-1.02785E+02
3.277893066E+08,-1.02525E+02
3.278198242E+08,-1.02425E+02
3.278503418E+08,-1.03185E+02
3.278808594E+08,-1.07185E+02
3.279113770E+08,-1.11425E+02
3.279418945E+08,-1.05345E+02
3.279724121E+08,-9.99654E+01
3.280029297E+08,-1.03425E+02
3.280334473E+08,-1.18465E+02
3.280639648E+08,-1.06005E+02
3.280944824E+08,-1.07225E+02
3.281250000E+08,-1.12705E+02
3.281555176E+08,-1.08185E+02
3.281860352E+08,-1.08005E+02
3.282165527E+08,-1.05765E+02
3.282470703E+08,-1.00125E+02
3.282775879E+08,-1.03285E+02
3.283081055E+08,-1.00925E+02
3.283386230E+08,-1.04865E+02
3.283691406E+08,-1.16085E+02
3.283996582E+08,-1.09665E+02
3.284301758E+08,-1.09705E+02
3.284606934E+08,-1.21985E+02
3.284912109E+08,-1.32965E+02
3.285217285E+08,-1.14985E+02
3.285522461E+08,-1.12905E+02
3.285827637E+08,-1.15925E+02
3.286132812E+08,-1.16645E+02
3.286437988E+08,-1.10125E+02
3.286743164E+08,-1.06745E+02
3.287048340E+08,-1.20225E+02
3.287353516E+08,-1.05785E+02
3.287658691E+08,-1.01605E+02
3.287963867E+08,-1.03745E+02
3.288269043E+08,-1.09105E+02
3.288574219E+08,-1.07625E+02
3.288879395E+08,-1.13345E+02
3.289184570E+08,-1.10965E+02
3.289489746E+08,-1.02805E+02
3.289794922E+08,-1.05205E+02
3.290100098E+08,-1.04265E+02
3.290405273E+08,-1.08025E+02
3.290710449E+08,-1.07405E+02
3.291015625E+08,-1.04185E+02
3.291320801E+08,-1.08025E+02
3.291625977E+08,-1.07325E+02
3.291931152E+08,-1.10505E+02
3.292236328E+08,-1.19505E+02
3.292541504E+08,-1.05165E+02
3.292846680E+08,-1.05545E+02
3.293151855E+08,-1.03885E+02
3.293457031E+08,-1.00945E+02
3.293762207E+08,-1.04965E+02
3.294067383E+08,-1.04445E+02
3.294372559E+08,-1.01125E+02
3.294677734E+08,-1.05205E+02
3.294982910E+08,-1.07465E+02
3.295288086E+08,-1.02445E+02
3.295593262E+08,-1.03225E+02
3.295898438E+08,-9.96654E+01
3.296203613E+08,-1.04125E+02
3.296508789E+08,-1.15785E+02
3.296813965E+08,-1.14805E+02
3.297119141E+08,-1.02425E+02
3.297424316E+08,-1.03625E+02
3.297729492E+08,-1.15285E+02
3.298034668E+08,-1.09005E+02
3.298339844E+08,-1.18085E+02
3.298645020E+08,-1.12425E+02
3.298950195E+08,-1.14825E+02
3.299255371E+08,-1.16205E+02
3.299560547E+08,-1.11365E+02
3.299865723E+08,-1.04505E+02
3.300170898E+08,-1.03725E+02
3.300476074E+08,-1.06105E+02
3.300781250E+08,-1.09805E+02
3.301086426E+08,-1.06325E+02
3.301391602E+08,-1.05965E+02
3.301696777E+08,-1.15825E+02
3.302001953E+08,-1.09965E+02
3.302307129E+08,-1.09485E+02
3.302612305E+08,-1.07865E+02
3.302917480E+08,-1.13945E+02
3.303222656E+08,-1.21485E+02
3.303527832E+08,-1.22525E+02
3.303833008E+08,-1.28005E+02
3.304138184E+08,-1.10945E+02
3.304443359E+08,-1.06405E+02
3.304748535E+08,-1.13545E+02
3.305053711E+08,-1.11165E+02
3.305358887E+08,-1.08405E+02
3.305664062E+08,-1.05105E+02
3.305969238E+08,-1.03165E+02
3.306274414E+08,-1.04505E+02
3.306579590E+08,-1.08545E+02
3.306884766E+08,-1.15585E+02
3.307189941E+08,-1.10665E+02
3.307495117E+08,-1.07845E+02
3.307800293E+08,-1.03125E+02
3.308105469E+08,-1.00665E+02
3.308410645E+08,-1.05745E+02
3.308715820E+08,-1.10525E+02
3.309020996E+08,-1.08905E+02
3.309326172E+08,-1.17185E+02
3.309631348E+08,-1.20085E+02
3.309936523E+08,-1.11825E+02
3.310241699E+08,-1.05385E+02
3.310546875E+08,-1.10785E+02
3.310852051E+08,-1.05905E+02
3.311157227E+08,-1.06405E+02
3.311462402E+08,-1.07745E+02
3.311767578E+08,-1.12185E+02
3.312072754E+08,-1.19485E+02
3.312377930E+08,-1.08005E+02
3.312683105E+08,-1.06765E+02
3.312988281E+08,-1.06565E+02
3.313293457E+08,-1.09405E+02
3.313598633E+08,-1.06965E+02
3.313903809E+08,-1.09965E+02
3.314208984E+08,-1.16685E+02
3.314514160E+08,-1.07285E+02
3.314819336E+08,-1.12405E+02
3.315124512E+08,-1.11025E+02
3.315429688E+08,-1.01065E+02
3.315734863E+08,-1.00405E+02
3.316040039E+08,-1.10545E+02
3.316345215E+08,-1.03565E+02
3.316650391E+08,-1.04785E+02
3.316955566E+08,-1.16585E+02
3.317260742E+08,-1.05225E+02
3.317565918E+08,-1.03165E+02
3.317871094E+08,-1.16665E+02
3.318176270E+08,-1.09705E+02
3.318481445E+08,-1.06845E+02
3.318786621E+08,-1.16705E+02
3.319091797E+08,-1.02845E+02
3.319396973E+08,-1.11065E+02
3.319702148E+08,-1.08405E+02
3.320007324E+08,-1.09305E+02
3.320312500E+08,-1.17905E+02
3.320617676E+08,-1.10885E+02
3.320922852E+08,-1.10825E+02
3.321228027E+08,-1.13825E+02
3.321533203E+08,-1.15305E+02
3.321838379E+08,-1.06685E+02
3.322143555E+08,-1.02405E+02
3.322448730E+08,-1.06845E+02
3.322753906E+08,-1.03305E+02
3.323059082E+08,-1.04605E+02
3.323364258E+08,-1.20425E+02
3.323669434E+08,-1.06385E+02
3.323974609E+08,-1.10565E+02
3.324279785E+08,-1.09545E+02
3.324584961E+08,-1.11085E+02
3.324890137E+08,-1.02185E+02
3.325195312E+08,-1.04225E+02
3.325500488E+08,-1.10525E+02
3.325805664E+08,-1.07525E+02
3.326110840E+08,-1.08485E+02
3.326416016E+08,-1.09845E+02
3.326721191E+08,-1.06665E+02
3.327026367E+08,-1.10925E+02
3.327331543E+08,-1.08425E+02
3.327636719E+08,-1.04845E+02
3.327941895E+08,-1.04585E+02
3.328247070E+08,-1.09585E+02
3.328552246E+08,-1.11585E+02
3.328857422E+08,-1.09745E+02
3.329162598E+08,-1.01725E+02
3.329467773E+08,-1.07125E+02
3.329772949E+08,-1.10945E+02
3.330078125E+08,-1.11145E+02
3.330383301E+08,-1.09965E+02
3.330688477E+08,-1.03385E+02
3.330993652E+08,-1.05485E+02
3.331298828E+08,-1.11665E+02
3.331604004E+08,-1.08485E+02
3.331909180E+08,-1.04885E+02
3.332214355E+08,-1.04765E+02
3.332519531E+08,-1.08725E+02
3.332824707E+08,-1.10985E+02
3.333129883E+08,-1.10605E+02
3.333435059E+08,-1.07265E+02
3.333740234E+08,-1.06445E+02
3.334045410E+08,-1.12625E+02
3.334350586E+08,-1.13885E+02
3.334655762E+08,-1.05425E+02
3.334960938E+08,-9.74254E+01
3.335266113E+08,-9.69854E+01
3.335571289E+08,-9.80454E+01
3.335876465E+08,-9.99654E+01
3.336181641E+08,-1.16105E+02
3.336486816E+08,-1.04685E+02
3.336791992E+08,-1.02785E+02
3.337097168E+08,-1.06905E+02
3.337402344E+08,-1.08625E+02
3.337707520E+08,-1.09265E+02
3.338012695E+08,-1.17945E+02
3.338317871E+08,-1.14465E+02
3.338623047E+08,-1.07005E+02
3.338928223E+08,-1.26905E+02
3.339233398E+08,-1.15525E+02
3.339538574E+08,-1.06225E+02
3.339843750E+08,-1.18425E+02
3.340148926E+08,-1.09665E+02
3.340454102E+08,-1.03565E+02
3.340759277E+08,-9.86654E+01
3.341064453E+08,-1.04625E+02
3.341369629E+08,-1.10125E+02
3.341674805E+08,-1.10785E+02
3.341979980E+08,-1.14665E+02
3.342285156E+08,-1.03265E+02
3.342590332E+08,-1.13085E+02
3.342895508E+08,-1.05645E+02
3.343200684E+08,-1.09885E+02
3.343505859E+08,-1.09545E+02
3.343811035E+08,-1.07205E+02
3.344116211E+08,-1.06805E+02
3.344421387E+08,-1.18165E+02
3.344726562E+08,-1.25005E+02
3.345031738E+08,-1.16125E+02
3.345336914E+08,-1.13185E+02
3.345642090E+08,-1.08845E+02
3.345947266E+08,-1.07725E+02
3.346252441E+08,-1.15965E+02
3.346557617E+08,-1.06265E+02
3.346862793E+08,-1.05765E+02
3.347167969E+08,-1.20725E+02
3.347473145E+08,-1.07525E+02
3.347778320E+08,-1.05145E+02
3.348083496E+08,-1.04805E+02
3.348388672E+08,-1.07085E+02
3.348693848E+08,-1.11565E+02
3.348999023E+08,-1.06685E+02
3.349304199E+08,-1.01085E+02
3.349609375E+08,-1.00225E+02
3.349914551E+08,-1.02985E+02
3.350219727E+08,-1.12985E+02
3.350524902E+08,-1.25585E+02
3.350830078E+08,-1.05745E+02
3.351135254E+08,-1.07845E+02
3.351440430E+08,-1.07005E+02
3.351745605E+08,-1.06465E+02
3.352050781E+08,-1.10005E+02
3.352355957E+08,-1.10325E+02
3.352661133E+08,-1.07865E+02
3.352966309E+08,-1.11385E+02
3.353271484E+08,-1.01205E+02
3.353576660E+08,-1.03965E+02
3.353881836E+08,-1.09485E+02
3.354187012E+08,-1.08085E+02
3.354492188E+08,-1.09065E+02
3.354797363E+08,-1.09345E+02
3.355102539E+08,-1.27545E+02
3.355407715E+08,-1.07485E+02
3.355712891E+08,-1.04585E+02
3.356018066E+08,-1.11105E+02
3.356323242E+08,-1.05925E+02
3.356628418E+08,-1.03065E+02
3.356933594E+08,-1.09705E+02
3.357238770E+08,-1.03225E+02
3.357543945E+08,-1.13765E+02
3.357849121E+08,-1.16405E+02
3.358154297E+08,-1.15725E+02
3.358459473E+08,-1.18525E+02
3.358764648E+08,-1.03365E+02
3.359069824E+08,-1.05245E+02
3.359375000E+08,-1.06165E+02
3.359680176E+08,-1.01925E+02
3.359985352E+08,-1.03465E+02
3.360290527E+08,-1.07325E+02
3.360595703E+08,-1.04065E+02
3.360900879E+08,-1.05365E+02
3.361206055E+08,-1.01845E+02
3.361511230E+08,-1.04865E+02
3.361816406E+08,-1.11125E+02
3.362121582E+08,-1.21565E+02
3.362426758E+08,-1.11425E+02
3.362731934E+08,-1.05065E+02
3.363037109E+08,-1.09925E+02
3.363342285E+08,-1.07745E+02
3.363647461E+08,-1.04225E+02
3.363952637E+08,-1.22365E+02
3.364257812E+08,-1.02105E+02
3.364562988E+08,-1.01545E+02
3.364868164E+08,-1.01565E+02
3.365173340E+08,-1.04725E+02
3.365478516E+08,-1.03965E+02
3.365783691E+08,-1.06085E+02
3.366088867E+08,-1.14065E+02
3.366394043E+08,-1.06065E+02
3.366699219E+08,-1.08605E+02
3.367004395E+08,-1.03705E+02
3.367309570E+08,-9.91654E+01
3.367614746E+08,-1.02345E+02
3.367919922E+08,-1.11085E+02
3.368225098E+08,-1.16285E+02
3.368530273E+08,-1.09445E+02
3.368835449E+08,-1.07285E+02
3.369140625E+08,-1.21805E+02
3.369445801E+08,-1.09345E+02
3.369750977E+08,-1.05085E+02
3.370056152E+08,-1.09445E+02
3.370361328E+08,-1.12925E+02
3.370666504E+08,-1.13125E+02
3.370971680E+08,-1.07365E+02
3.371276855E+08,-1.05925E+02
3.371582031E+08,-1.02585E+02
3.371887207E+08,-9.93654E+01
3.372192383E+08,-1.07985E+02
3.372497559E+08,-1.09485E+02
3.372802734E+08,-1.05825E+02
3.373107910E+08,-1.03745E+02
3.373413086E+08,-1.08665E+02
3.373718262E+08,-1.06165E+02
3.374023438E+08,-1.03025E+02
3.374328613E+08,-1.02065E+02
3.374633789E+08,-1.05125E+02
3.374938965E+08,-1.12465E+02
3.375244141E+08,-1.09165E+02
3.375549316E+08,-1.06485E+02
3.375854492E+08,-1.33145E+02
3.376159668E+08,-1.22405E+02
3.376464844E+08,-1.17805E+02
3.376770020E+08,-1.07005E+02
3.377075195E+08,-1.09365E+02
3.377380371E+08,-1.24245E+02
3.377685547E+08,-1.12625E+02
3.377990723E+08,-1.07805E+02
3.378295898E+08,-1.06545E+02
3.378601074E+08,-1.09305E+02
3.378906250E+08,-1.09345E+02
3.379211426E+08,-1.21465E+02
3.379516602E+08,-1.09445E+02
3.379821777E+08,-1.08085E+02
3.380126953E+08,-1.12365E+02
3.380432129E+08,-1.10185E+02
3.380737305E+08,-1.08545E+02
3.381042480E+08,-1.09025E+02
3.381347656E+08,-1.09405E+02
3.381652832E+08,-1.05925E+02
3.381958008E+08,-1.14225E+02
3.382263184E+08,-1.07805E+02
3.382568359E+08,-1.02465E+02
3.382873535E+08,-9.95854E+01
3.383178711E+08,-1.01245E+02
3.383483887E+08,-1.04165E+02
3.383789062E+08,-1.09205E+02
3.384094238E+08,-1.10225E+02
3.384399414E+08,-1.12065E+02
3.384704590E+08,-1.06385E+02
3.385009766E+08,-1.06245E+02
3.385314941E+08,-1.17525E+02
3.385620117E+08,-1.21445E+02
3.385925293E+08,-1.08965E+02
3.386230469E+08,-1.06465E+02
3.386535645E+08,-1.08325E+02
3.386840820E+08,-1.19545E+02
3.387145996E+08,-1.20125E+02
3.387451172E+08,-1.24945E+02
3.387756348E+08,-1.10185E+02
3.388061523E+08,-1.07745E+02
3.388366699E+08,-1.03165E+02
3.388671875E+08,-1.07065E+02
3.388977051E+08,-1.27585E+02
3.389282227E+08,-1.14805E+02
3.389587402E+08,-1.07805E+02
3.389892578E+08,-1.04105E+02
3.390197754E+08,-1.03005E+02
3.390502930E+08,-1.07745E+02
3.390808105E+08,-1.24185E+02
3.391113281E+08,-1.06725E+02
3.391418457E+08,-1.08745E+02
3.391723633E+08,-1.07785E+02
3.392028809E+08,-1.04105E+02
3.392333984E+08,-1.08005E+02
3.392639160E+08,-1.22445E+02
3.392944336E+08,-1.00825E+02
3.393249512E+08,-9.99254E+01
3.393554688E+08,-1.05825E+02
3.393859863E+08,-1.12385E+02
3.394165039E+08,-1.03865E+02
3.394470215E+08,-1.05825E+02
3.394775391E+08,-1.10845E+02
3.395080566E+08,-1.15705E+02
3.395385742E+08,-1.19745E+02
3.395690918E+08,-1.11225E+02
3.395996094E+08,-1.10325E+02
3.396301270E+08,-1.11085E+02
3.396606445E+08,-1.10545E+02
3.396911621E+08,-1.10885E+02
3.397216797E+08,-1.21885E+02
3.397521973E+08,-1.26065E+02
3.397827148E+08,-1.11945E+02
3.398132324E+08,-1.13845E+02
3.398437500E+08,-1.10745E+02
3.398742676E+08,-1.13205E+02
3.399047852E+08,-1.13665E+02
3.399353027E+08,-1.10425E+02
3.399658203E+08,-1.14745E+02
3.399963379E+08,-1.16305E+02
3.400268555E+08,-1.09625E+02
3.400573730E+08,-1.19225E+02
3.400878906E+08,-1.09125E+02
3.401184082E+08,-1.06345E+02
3.401489258E+08,-1.08425E+02
3.401794434E+08,-1.20005E+02
3.402099609E+08,-1.06725E+02
3.402404785E+08,-1.07405E+02
3.402709961E+08,-1.06585E+02
3.403015137E+08,-1.08285E+02
3.403320312E+08,-1.07685E+02
3.403625488E+08,-1.12345E+02
3.403930664E+08,-1.10705E+02
3.404235840E+08,-1.11865E+02
3.404541016E+08,-1.13625E+02
3.404846191E+08,-1.13765E+02
3.405151367E+08,-1.06785E+02
3.405456543E+08,-1.02785E+02
3.405761719E+08,-9.94854E+01
3.406066895E+08,-1.03065E+02
3.406372070E+08,-1.05405E+02
3.406677246E+08,-1.09925E+02
3.406982422E+08,-1.09025E+02
3.407287598E+08,-1.18805E+02
3.407592773E+08,-1.06445E+02
3.407897949E+08,-1.05585E+02
3.408203125E+08,-1.05425E+02
3.408508301E+08,-1.07465E+02
3.408813477E+08,-1.07425E+02
3.409118652E+08,-1.17585E+02
3.409423828E+08,-1.08805E+02
3.409729004E+08,-1.06805E+02
3.410034180E+08,-1.05645E+02
3.410339355E+08,-1.20665E+02
3.410644531E+08,-1.12625E+02
3.410949707E+08,-1.06845E+02
3.411254883E+08,-1.09365E+02
3.411560059E+08,-1.18525E+02
3.411865234E+08,-1.10565E+02
3.412170410E+08,-1.10465E+02
3.412475586E+08,-1.08965E+02
3.412780762E+08,-1.08205E+02
3.413085938E+08,-1.10925E+02
3.413391113E+08,-1.06945E+02
3.413696289E+08,-1.09625E+02
3.414001465E+08,-1.10885E+02
3.414306641E+08,-1.08245E+02
3.414611816E+08,-1.18185E+02
3.414916992E+08,-1.11605E+02
3.415222168E+08,-1.12465E+02
3.415527344E+08,-1.07925E+02
3.415832520E+08,-1.06145E+02
3.416137695E+08,-1.04805E+02
3.416442871E+08,-1.10485E+02
3.416748047E+08,-1.18025E+02
3.417053223E+08,-1.15465E+02
3.417358398E+08,-1.05945E+02
3.417663574E+08,-1.02605E+02
3.417968750E+08,-1.09025E+02
3.418273926E+08,-1.04865E+02
3.418579102E+08,-1.05345E+02
3.418884277E+08,-1.02365E+02
3.419189453E+08,-1.07905E+02
3.419494629E+08,-1.15865E+02
3.419799805E+08,-1.14105E+02
3.420104980E+08,-1.08105E+02
3.420410156E+08,-1.09665E+02
3.420715332E+08,-1.03745E+02
3.421020508E+08,-1.06505E+02
3.421325684E+08,-1.29225E+02
3.421630859E+08,-1.14745E+02
3.421936035E+08,-1.19005E+02
3.422241211E+08,-1.11685E+02
3.422546387E+08,-1.14445E+02
3.422851562E+08,-1.06505E+02
3.423156738E+08,-1.08245E+02
3.423461914E+08,-1.04105E+02
3.423767090E+08,-1.10345E+02
3.424072266E+08,-1.08125E+02
3.424377441E+08,-1.09205E+02
3.424682617E+08,-1.14285E+02
3.424987793E+08,-1.09505E+02
3.425292969E+08,-1.06425E+02
3.425598145E+08,-1.04925E+02
3.425903320E+08,-1.03185E+02
3.426208496E+08,-1.10265E+02
3.426513672E+08,-1.19345E+02
3.426818848E+08,-1.10905E+02
3.427124023E+08,-1.13225E+02
3.427429199E+08,-1.20045E+02
3.427734375E+08,-1.08085E+02
3.428039551E+08,-1.10085E+02
3.428344727E+08,-1.05685E+02
3.428649902E+08,-1.08485E+02
3.428955078E+08,-1.06225E+02
3.429260254E+08,-1.08465E+02
3.429565430E+08,-1.04245E+02
3.429870605E+08,-9.84254E+01
3.430175781E+08,-9.97654E+01
3.430480957E+08,-1.04585E+02
3.430786133E+08,-1.03745E+02
3.431091309E+08,-1.01465E+02
3.431396484E+08,-1.15625E+02
3.431701660E+08,-1.06025E+02
3.432006836E+08,-1.11845E+02
3.432312012E+08,-1.09585E+02
3.432617188E+08,-1.05945E+02
3.432922363E+08,-1.21505E+02
3.433227539E+08,-1.12785E+02
3.433532715E+08,-1.20505E+02
3.433837891E+08,-1.11905E+02
3.434143066E+08,-1.05905E+02
3.434448242E+08,-1.02825E+02
3.434753418E+08,-1.03425E+02
3.435058594E+08,-1.06105E+02
3.435363770E+08,-1.08945E+02
3.435668945E+08,-1.14785E+02
3.435974121E+08,-1.07565E+02
3.436279297E+08,-1.02805E+02
3.436584473E+08,-1.04605E+02
3.436889648E+08,-1.01185E+02
3.437194824E+08,-1.01765E+02
3.437500000E+08,-1.10525E+02
3.437805176E+08,-1.11965E+02
3.438110352E+08,-1.04945E+02
3.438415527E+08,-1.04825E+02
3.438720703E+08,-1.10965E+02
3.439025879E+08,-1.04785E+02
3.439331055E+08,-1.04985E+02
3.439636230E+08,-1.03425E+02
3.439941406E+08,-1.14945E+02
3.440246582E+08,-1.19845E+02
3.440551758E+08,-1.11345E+02
3.440856934E+08,-1.22545E+02
3.441162109E+08,-1.03885E+02
3.441467285E+08,-1.00045E+02
3.441772461E+08,-1.07405E+02
3.442077637E+08,-1.06505E+02
3.442382812E+08,-1.07385E+02
3.442687988E+08,-1.11425E+02
3.442993164E+08,-1.14805E+02
3.443298340E+08,-1.20665E+02
3.443603516E+08,-1.04885E+02
3.443908691E+08,-1.04765E+02
3.444213867E+08,-1.05945E+02
3.444519043E+08,-1.08545E+02
3.444824219E+08,-1.07665E+02
3.445129395E+08,-1.14885E+02
3.445434570E+08,-1.18165E+02
3.445739746E+08,-1.18345E+02
3.446044922E+08,-1.09965E+02
3.446350098E+08,-1.02505E+02
3.446655273E+08,-1.02345E+02
3.446960449E+08,-1.09105E+02
3.447265625E+08,-1.10705E+02
3.447570801E+08,-1.07485E+02
3.447875977E+08,-1.08325E+02
3.448181152E+08,-1.03625E+02
3.448486328E+08,-1.02765E+02
3.448791504E+08,-1.02605E+02
3.449096680E+08,-1.03445E+02
3.449401855E+08,-1.12045E+02
3.449707031E+08,-1.10265E+02
3.450012207E+08,-1.11505E+02
3.450317383E+08,-1.05845E+02
3.450622559E+08,-1.10085E+02
3.450927734E+08,-1.11345E+02
3.451232910E+08,-1.06245E+02
3.451538086E+08,-1.04585E+02
3.451843262E+08,-1.10705E+02
3.452148438E+08,-1.02305E+02
3.452453613E+08,-1.16405E+02
3.452758789E+08,-1.07825E+02
3.453063965E+08,-1.12185E+02
3.453369141E+08,-1.18805E+02
3.453674316E+08,-1.12745E+02
3.453979492E+08,-1.06765E+02
3.454284668E+08,-1.05045E+02
3.454589844E+08,-1.05905E+02
3.454895020E+08,-1.06545E+02
3.455200195E+08,-1.06825E+02
3.455505371E+08,-1.16605E+02
3.455810547E+08,-1.04425E+02
3.456115723E+08,-1.04385E+02
3.456420898E+08,-1.07625E+02
3.456726074E+08,-1.04945E+02
3.457031250E+08,-1.08745E+02
3.457336426E+08,-1.07165E+02
3.457641602E+08,-1.04585E+02
3.457946777E+08,-1.07025E+02
3.458251953E+08,-1.03825E+02
3.458557129E+08,-1.04185E+02
3.458862305E+08,-1.11505E+02
3.459167480E+08,-1.10045E+02
3.459472656E+08,-1.08625E+02
3.459777832E+08,-1.08345E+02
3.460083008E+08,-1.10645E+02
3.460388184E+08,-1.19125E+02
3.460693359E+08,-1.10085E+02
3.460998535E+08,-1.12305E+02
3.461303711E+08,-1.13185E+02
3.461608887E+08,-1.12665E+02
3.461914062E+08,-1.18405E+02
3.462219238E+08,-1.09505E+02
3.462524414E+08,-1.08905E+02
3.462829590E+08,-1.16485E+02
3.463134766E+08,-1.04325E+02
3.463439941E+08,-1.05045E+02
3.463745117E+08,-1.10585E+02
3.464050293E+08,-1.13145E+02
3.464355469E+08,-1.02085E+02
3.464660645E+08,-1.00685E+02
3.464965820E+08,-1.03565E+02
3.465270996E+08,-1.07145E+02
3.465576172E+08,-1.10125E+02
3.465881348E+08,-1.09065E+02
3.466186523E+08,-1.14385E+02
3.466491699E+08,-1.07025E+02
3.466796875E+08,-1.07785E+02
3.467102051E+08,-1.09305E+02
3.467407227E+08,-1.09405E+02
3.467712402E+08,-1.06745E+02
3.468017578E+08,-1.04665E+02
3.468322754E+08,-1.09585E+02
3.468627930E+08,-1.12845E+02
3.468933105E+08,-1.03285E+02
3.469238281E+08,-1.03045E+02
3.469543457E+08,-1.04705E+02
3.469848633E+08,-1.07605E+02
3.470153809E+08,-1.12065E+02
3.470458984E+08,-1.09705E+02
3.470764160E+08,-1.04305E+02
3.471069336E+08,-1.09065E+02
3.471374512E+08,-1.12885E+02
3.471679688E+08,-1.19365E+02
3.471984863E+08,-1.18805E+02
3.472290039E+08,-1.12985E+02
3.472595215E+08,-1.09125E+02
3.472900391E+08,-1.04345E+02
3.473205566E+08,-1.05965E+02
3.473510742E+08,-1.04265E+02
3.473815918E+08,-1.03945E+02
3.474121094E+08,-1.39625E+02
3.474426270E+08,-1.01825E+02
3.474731445E+08,-1.01725E+02
3.475036621E+08,-1.09345E+02
3.475341797E+08,-1.06205E+02
3.475646973E+08,-1.05125E+02
3.475952148E+08,-1.04425E+02
3.476257324E+08,-1.09225E+02
3.476562500E+08,-1.06065E+02
3.476867676E+08,-1.10725E+02
3.477172852E+08,-1.03485E+02
3.477478027E+08,-1.09345E+02
3.477783203E+08,-1.16725E+02
3.478088379E+08,-1.05685E+02
3.478393555E+08,-1.05565E+02
3.478698730E+08,-1.07865E+02
3.479003906E+08,-1.14945E+02
3.479309082E+08,-1.13065E+02
3.479614258E+08,-1.02805E+02
3.479919434E+08,-1.12525E+02
3.480224609E+08,-1.14005E+02
3.480529785E+08,-1.05425E+02
3.480834961E+08,-1.11985E+02
3.481140137E+08,-1.09125E+02
3.481445312E+08,-1.05125E+02
3.481750488E+08,-1.21485E+02
3.482055664E+08,-1.02965E+02
3.482360840E+08,-1.07285E+02
3.482666016E+08,-1.05605E+02
3.482971191E+08,-1.06585E+02
3.483276367E+08,-1.09745E+02
3.483581543E+08,-1.08485E+02
3.483886719E+08,-1.07065E+02
3.484191895E+08,-1.23465E+02
3.484497070E+08,-1.04445E+02
3.484802246E+08,-1.02545E+02
3.485107422E+08,-1.06365E+02
3.485412598E+08,-1.12205E+02
3.485717773E+08,-1.09745E+02
3.486022949E+08,-1.04685E+02
3.486328125E+08,-1.01025E+02
3.486633301E+08,-1.01045E+02
3.486938477E+08,-1.09405E+02
3.487243652E+08,-1.08525E+02
3.487548828E+08,-1.02965E+02
3.487854004E+08,-1.05285E+02
3.488159180E+08,-1.06945E+02
3.488464355E+08,-1.05125E+02
3.488769531E+08,-1.02445E+02
3.489074707E+08,-1.08605E+02
3.489379883E+08,-1.09805E+02
3.489685059E+08,-1.04025E+02
3.489990234E+08,-1.05325E+02
3.490295410E+08,-1.06565E+02
3.490600586E+08,-1.02845E+02
3.490905762E+08,-1.06025E+02
3.491210938E+08,-1.09965E+02
3.491516113E+08,-1.11605E+02
3.491821289E+08,-1.09845E+02
3.492126465E+08,-1.12585E+02
3.492431641E+08,-1.11665E+02
3.492736816E+08,-1.09665E+02
3.493041992E+08,-1.24985E+02
3.493347168E+08,-1.18525E+02
3.493652344E+08,-1.06805E+02
3.493957520E+08,-1.01865E+02
3.494262695E+08,-1.08245E+02
3.494567871E+08,-1.02565E+02
3.494873047E+08,-9.85254E+01
3.495178223E+08,-1.02325E+02
3.495483398E+08,-1.20305E+02
3.495788574E+08,-1.18045E+02
3.496093750E+08,-1.07245E+02
3.496398926E+08,-1.04705E+02
3.496704102E+08,-1.04685E+02
3.497009277E+08,-1.03985E+02
3.497314453E+08,-1.03725E+02
3.497619629E+08,-1.01165E+02
3.497924805E+08,-1.01145E+02
3.498229980E+08,-1.03465E+02
3.498535156E+08,-1.04785E+02
3.498840332E+08,-1.07665E+02
3.499145508E+08,-1.10265E+02
3.499450684E+08,-1.12885E+02
3.499755859E+08,-1.12885E+02
3.500061035E+08,-1.07265E+02
3.500366211E+08,-1.06685E+02
3.500671387E+08,-1.11265E+02
3.500976562E+08,-1.04665E+02
3.501281738E+08,-1.13685E+02
3.501586914E+08,-1.08565E+02
3.501892090E+08,-1.06545E+02
3.502197266E+08,-1.11645E+02
3.502502441E+08,-1.09445E+02
3.502807617E+08,-1.05665E+02
3.503112793E+08,-1.07845E+02
3.503417969E+08,-1.08025E+02
3.503723145E+08,-1.03545E+02
3.504028320E+08,-1.02725E+02
3.504333496E+08,-1.18605E+02
3.504638672E+08,-1.07545E+02
3.504943848E+08,-1.03425E+02
3.505249023E+08,-1.01145E+02
3.505554199E+08,-1.05765E+02
3.505859375E+08,-1.09165E+02
3.506164551E+08,-1.08865E+02
3.506469727E+08,-1.16625E+02
3.506774902E+08,-1.17325E+02
3.507080078E+08,-1.02305E+02
3.507385254E+08,-9.78454E+01
3.507690430E+08,-1.01085E+02
3.507995605E+08,-1.09165E+02
3.508300781E+08,-1.12405E+02
3.508605957E+08,-1.04945E+02
3.508911133E+08,-1.04725E+02
3.509216309E+08,-1.10565E+02
3.509521484E+08,-1.09405E+02
3.509826660E+08,-1.10505E+02
3.510131836E+08,-1.15085E+02
3.510437012E+08,-1.07005E+02
3.510742188E+08,-1.04485E+02
3.511047363E+08,-1.05565E+02
3.511352539E+08,-1.05705E+02
3.511657715E+08,-1.07445E+02
3.511962891E+08,-1.09485E+02
3.512268066E+08,-1.11645E+02
3.512573242E+08,-1.13405E+02
3.512878418E+08,-1.12145E+02
3.513183594E+08,-1.10385E+02
3.513488770E+08,-1.11365E+02
3.513793945E+08,-1.02905E+02
3.514099121E+08,-9.94854E+01
3.514404297E+08,-1.07105E+02
3.514709473E+08,-1.05065E+02
3.515014648E+08,-1.02845E+02
3.515319824E+08,-1.08805E+02
3.515625000E+08,-1.21965E+02
3.515930176E+08,-1.10765E+02
3.516235352E+08,-1.10725E+02
3.516540527E+08,-1.18205E+02
3.516845703E+08,-1.19105E+02
3.517150879E+08,-1.11605E+02
3.517456055E+08,-1.29805E+02
3.517761230E+08,-1.13065E+02
3.518066406E+08,-1.05585E+02
3.518371582E+08,-1.08325E+02
3.518676758E+08,-1.06585E+02
3.518981934E+08,-1.03565E+02
3.519287109E+08,-1.07245E+02
3.519592285E+08,-1.05725E+02
3.519897461E+08,-1.07445E+02
3.520202637E+08,-1.07485E+02
3.520507812E+08,-1.08565E+02
3.520812988E+08,-1.06185E+02
3.521118164E+08,-1.10585E+02
3.521423340E+08,-1.07145E+02
3.521728516E+08,-1.06385E+02
3.522033691E+08,-1.09745E+02
3.522338867E+08,-1.10905E+02
3.522644043E+08,-1.13785E+02
3.522949219E+08,-1.05165E+02
3.523254395E+08,-1.06385E+02
3.523559570E+08,-1.13405E+02
3.523864746E+08,-1.03065E+02
3.524169922E+08,-1.08325E+02
3.524475098E+08,-1.14985E+02
3.524780273E+08,-1.06185E+02
3.525085449E+08,-1.10685E+02
3.525390625E+08,-1.06805E+02
3.525695801E+08,-1.01705E+02
3.526000977E+08,-1.05105E+02
3.526306152E+08,-1.11345E+02
3.526611328E+08,-1.08245E+02
3.526916504E+08,-1.09025E+02
3.527221680E+08,-1.05545E+02
3.527526855E+08,-1.08545E+02
3.527832031E+08,-1.13045E+02
3.528137207E+08,-1.13045E+02
3.528442383E+08,-1.09965E+02
3.528747559E+08,-1.06245E+02
3.529052734E+08,-1.11685E+02
3.529357910E+08,-1.08405E+02
3.529663086E+08,-1.09365E+02
3.529968262E+08,-1.09485E+02
3.530273438E+08,-1.03565E+02
3.530578613E+08,-1.05985E+02
3.530883789E+08,-1.07125E+02
3.531188965E+08,-1.14645E+02
3.531494141E+08,-1.17925E+02
3.531799316E+08,-1.09065E+02
3.532104492E+08,-1.19665E+02
3.532409668E+08,-1.02885E+02
3.532714844E+08,-1.03325E+02
3.533020020E+08,-1.07905E+02
3.533325195E+08,-1.13925E+02
3.533630371E+08,-1.10465E+02
3.533935547E+08,-1.03025E+02
3.534240723E+08,-1.03605E+02
3.534545898E+08,-1.10125E+02
3.534851074E+08,-1.08245E+02
3.535156250E+08,-1.05025E+02
3.535461426E+08,-1.08125E+02
3.535766602E+08,-1.09225E+02
3.536071777E+08,-1.12605E+02
3.536376953E+08,-1.08525E+02
3.536682129E+08,-1.01545E+02
3.536987305E+08,-1.00645E+02
3.537292480E+08,-1.06805E+02
3.537597656E+08,-1.27825E+02
3.537902832E+08,-1.14925E+02
3.538208008E+08,-1.13345E+02
3.538513184E+08,-1.06285E+02
3.538818359E+08,-1.02485E+02
3.539123535E+08,-1.02225E+02
3.539428711E+08,-1.05325E+02
3.539733887E+08,-1.21125E+02
3.540039062E+08,-1.14485E+02
3.540344238E+08,-1.09125E+02
3.540649414E+08,-1.10925E+02
3.540954590E+08,-1.02825E+02
3.541259766E+08,-1.04565E+02
3.541564941E+08,-1.09505E+02
3.541870117E+08,-1.11045E+02
3.542175293E+08,-1.12565E+02
3.542480469E+08,-1.06605E+02
3.542785645E+08,-1.06725E+02
3.543090820E+08,-1.07225E+02
3.543395996E+08,-1.00345E+02
3.543701172E+08,-1.05645E+02
3.544006348E+08,-1.17325E+02
3.544311523E+08,-1.13845E+02
3.544616699E+08,-1.06485E+02
3.544921875E+08,-1.12345E+02
3.545227051E+08,-1.04885E+02
3.545532227E+08,-1.27245E+02
3.545837402E+08,-1.03545E+02
3.546142578E+08,-1.11865E+02
3.546447754E+08,-1.12485E+02
3.546752930E+08,-1.11425E+02
3.547058105E+08,-1.07945E+02
3.547363281E+08,-1.06005E+02
3.547668457E+08,-1.06165E+02
3.547973633E+08,-1.05685E+02
3.548278809E+08,-1.02965E+02
3.548583984E+08,-1.01965E+02
3.548889160E+08,-1.08525E+02
3.549194336E+08,-1.05985E+02
3.549499512E+08,-1.07785E+02
3.549804688E+08,-1.12325E+02
3.550109863E+08,-1.07325E+02
3.550415039E+08,-1.05765E+02
3.550720215E+08,-1.11305E+02
3.551025391E+08,-1.09365E+02
3.551330566E+08,-1.08185E+02
3.551635742E+08,-1.03505E+02
3.551940918E+08,-1.06405E+02
3.552246094E+08,-1.10885E+02
3.552551270E+08,-1.18865E+02
3.552856445E+08,-1.05285E+02
3.553161621E+08,-1.08185E+02
3.553466797E+08,-1.10645E+02
3.553771973E+08,-1.06385E+02
3.554077148E+08,-1.05805E+02
3.554382324E+08,-1.06885E+02
3.554687500E+08,-1.11805E+02
3.554992676E+08,-1.05145E+02
3.555297852E+08,-1.03145E+02
3.555603027E+08,-1.08105E+02
3.555908203E+08,-1.31065E+02
3.556213379E+08,-1.06745E+02
3.556518555E+08,-1.01865E+02
3.556823730E+08,-1.01425E+02
3.557128906E+08,-1.02865E+02
3.557434082E+08,-1.05385E+02
3.557739258E+08,-1.09745E+02
3.558044434E+08,-1.16765E+02
3.558349609E+08,-1.13385E+02
3.558654785E+08,-1.09765E+02
3.558959961E+08,-1.05485E+02
3.559265137E+08,-1.00445E+02
3.559570312E+08,-9.87854E+01
3.559875488E+08,-1.00265E+02
3.560180664E+08,-1.06145E+02
3.560485840E+08,-1.09765E+02
3.560791016E+08,-1.06485E+02
3.561096191E+08,-1.07785E+02
3.561401367E+08,-1.09665E+02
3.561706543E+08,-1.20665E+02
3.562011719E+08,-1.14725E+02
3.562316895E+08,-1.15345E+02
3.562622070E+08,-1.10805E+02
3.562927246E+08,-1.10265E+02
3.563232422E+08,-1.14665E+02
3.563537598E+08,-1.07025E+02
3.563842773E+08,-1.02085E+02
3.564147949E+08,-9.99254E+01
3.564453125E+08,-1.02745E+02
3.564758301E+08,-1.13565E+02
3.565063477E+08,-1.14565E+02
3.565368652E+08,-1.08085E+02
3.565673828E+08,-1.19625E+02
3.565979004E+08,-1.07945E+02
3.566284180E+08,-1.08525E+02
3.566589355E+08,-1.19665E+02
3.566894531E+08,-1.17065E+02
3.567199707E+08,-1.07365E+02
3.567504883E+08,-1.03765E+02
3.567810059E+08,-1.06305E+02
3.568115234E+08,-1.09765E+02
3.568420410E+08,-1.15585E+02
3.568725586E+08,-1.12725E+02
3.569030762E+08,-1.08565E+02
3.569335938E+08,-1.04845E+02
3.569641113E+08,-1.01265E+02
3.569946289E+08,-9.92254E+01
3.570251465E+08,-1.01625E+02
3.570556641E+08,-1.07785E+02
3.570861816E+08,-1.04545E+02
3.571166992E+08,-1.04745E+02
3.571472168E+08,-1.11905E+02
3.571777344E+08,-1.12705E+02
3.572082520E+08,-1.03705E+02
3.572387695E+08,-1.02985E+02
3.572692871E+08,-1.04045E+02
3.572998047E+08,-1.18745E+02
3.573303223E+08,-1.09965E+02
3.573608398E+08,-1.13825E+02
3.573913574E+08,-1.07425E+02
3.574218750E+08,-1.01305E+02
3.574523926E+08,-1.00185E+02
3.574829102E+08,-1.02265E+02
3.575134277E+08,-1.04505E+02
3.575439453E+08,-1.03345E+02
3.575744629E+08,-1.04425E+02
3.576049805E+08,-1.04025E+02
3.576354980E+08,-1.06345E+02
3.576660156E+08,-1.17465E+02
3.576965332E+08,-1.11365E+02
3.577270508E+08,-1.05585E+02
3.577575684E+08,-1.06945E+02
3.577880859E+08,-1.09805E+02
3.578186035E+08,-1.07605E+02
3.578491211E+08,-1.01945E+02
3.578796387E+08,-1.01905E+02
3.579101562E+08,-1.05465E+02
3.579406738E+08,-1.05905E+02
3.579711914E+08,-1.08625E+02
3.580017090E+08,-1.05485E+02
3.580322266E+08,-1.04685E+02
3.580627441E+08,-1.03645E+02
3.580932617E+08,-1.09345E+02
3.581237793E+08,-1.04185E+02
3.581542969E+08,-9.94454E+01
3.581848145E+08,-1.00905E+02
3.582153320E+08,-1.07165E+02
3.582458496E+08,-1.14845E+02
3.582763672E+08,-1.11325E+02
3.583068848E+08,-1.12745E+02
3.583374023E+08,-1.08325E+02
3.583679199E+08,-1.08845E+02
3.583984375E+08,-1.06165E+02
3.584289551E+08,-1.01785E+02
3.584594727E+08,-1.07465E+02
3.584899902E+08,-1.12065E+02
3.585205078E+08,-1.09025E+02
3.585510254E+08,-1.08405E+02
3.585815430E+08,-1.06705E+02
3.586120605E+08,-1.07085E+02
3.586425781E+08,-1.09005E+02
3.586730957E+08,-1.06505E+02
3.587036133E+08,-1.04825E+02
3.587341309E+08,-1.06625E+02
3.587646484E+08,-1.11425E+02
3.587951660E+08,-1.04025E+02
3.588256836E+08,-1.07205E+02
3.588562012E+08,-1.06205E+02
3.588867188E+08,-1.06225E+02
3.589172363E+08,-1.19765E+02
3.589477539E+08,-1.02945E+02
3.589782715E+08,-1.05685E+02
3.590087891E+08,-1.10865E+02
3.590393066E+08,-1.02525E+02
3.590698242E+08,-1.03805E+02
3.591003418E+08,-1.11645E+02
3.591308594E+08,-1.17245E+02
3.591613770E+08,-1.12565E+02
3.591918945E+08,-1.05025E+02
3.592224121E+08,-1.06965E+02
3.592529297E+08,-1.09885E+02
3.592834473E+08,-1.09005E+02
3.593139648E+08,-1.16565E+02
3.593444824E+08,-1.20545E+02
3.593750000E+08,-1.10885E+02
3.594055176E+08,-1.03765E+02
3.594360352E+08,-1.01745E+02
3.594665527E+08,-1.05325E+02
3.594970703E+08,-1.09965E+02
3.595275879E+08,-1.24325E+02
3.595581055E+08,-1.21845E+02
3.595886230E+08,-1.17385E+02
3.596191406E+08,-1.21805E+02
3.596496582E+08,-1.10885E+02
3.596801758E+08,-1.10585E+02
3.597106934E+08,-1.05385E+02
3.597412109E+08,-1.05085E+02
3.597717285E+08,-1.14645E+02
3.598022461E+08,-1.08085E+02
3.598327637E+08,-1.05585E+02
3.598632812E+08,-1.05045E+02
3.598937988E+08,-1.05065E+02
3.599243164E+08,-1.05145E+02
3.599548340E+08,-1.05885E+02
3.599853516E+08,-1.07445E+02
3.600158691E+08,-1.03905E+02
3.600463867E+08,-1.04365E+02
3.600769043E+08,-1.07285E+02
3.601074219E+08,-1.09885E+02
3.601379395E+08,-1.04325E+02
3.601684570E+08,-1.04665E+02
3.601989746E+08,-1.23645E+02
3.602294922E+08,-1.11005E+02
3.602600098E+08,-1.08785E+02
3.602905273E+08,-1.09105E+02
3.603210449E+08,-1.08625E+02
3.603515625E+08,-1.05085E+02
3.603820801E+08,-1.07325E+02
3.604125977E+08,-1.09445E+02
3.604431152E+08,-1.16625E+02
3.604736328E+08,-1.08665E+02
3.605041504E+08,-1.07285E+02
3.605346680E+08,-1.07905E+02
3.605651855E+08,-1.06245E+02
3.605957031E+08,-1.02405E+02
3.606262207E+08,-1.00425E+02
3.606567383E+08,-1.03625E+02
3.606872559E+08,-1.33325E+02
3.607177734E+08,-1.17625E+02
3.607482910E+08,-1.08625E+02
3.607788086E+08,-1.06405E+02
3.608093262E+08,-1.11145E+02
3.608398438E+08,-1.12105E+02
3.608703613E+08,-1.11185E+02
3.609008789E+08,-1.04825E+02
3.609313965E+08,-1.05665E+02
3.609619141E+08,-1.15045E+02
3.609924316E+08,-1.08105E+02
3.610229492E+08,-1.00845E+02
3.610534668E+08,-1.00605E+02
3.610839844E+08,-1.06165E+02
3.611145020E+08,-1.08905E+02
3.611450195E+08,-1.11205E+02
3.611755371E+08,-1.15085E+02
3.612060547E+08,-1.09845E+02
3.612365723E+08,-1.18365E+02
3.612670898E+08,-1.02565E+02
3.612976074E+08,-1.03885E+02
3.613281250E+08,-1.12185E+02
3.613586426E+08,-1.05685E+02
3.613891602E+08,-1.01325E+02
3.614196777E+08,-1.10885E+02
3.614501953E+08,-1.04425E+02
3.614807129E+08,-1.03665E+02
3.615112305E+08,-1.02285E+02
3.615417480E+08,-1.10125E+02
3.615722656E+08,-1.07345E+02
3.616027832E+08,-1.06585E+02
3.616333008E+08,-1.06285E+02
3.616638184E+08,-1.04345E+02
3.616943359E+08,-1.11745E+02
3.617248535E+08,-1.10085E+02
3.617553711E+08,-1.07205E+02
3.617858887E+08,-1.04085E+02
3.618164062E+08,-1.02685E+02
3.618469238E+08,-1.05285E+02
3.618774414E+08,-1.17125E+02
3.619079590E+08,-1.11865E+02
3.619384766E+08,-1.04105E+02
3.619689941E+08,-1.03965E+02
3.619995117E+08,-1.13445E+02
3.620300293E+08,-1.12705E+02
3.620605469E+08,-1.16425E+02
3.620910645E+08,-1.17985E+02
3.621215820E+08,-1.06165E+02
3.621520996E+08,-1.05805E+02
3.621826172E+08,-1.24285E+02
3.622131348E+08,-1.16065E+02
3.622436523E+08,-1.13545E+02
3.622741699E+08,-1.12785E+02
3.623046875E+08,-1.09065E+02
3.623352051E+08,-1.03585E+02
3.623657227E+08,-1.01265E+02
3.623962402E+08,-1.01025E+02
3.624267578E+08,-1.02285E+02
3.624572754E+08,-1.09025E+02
3.624877930E+08,-1.05665E+02
3.625183105E+08,-1.08665E+02
3.625488281E+08,-1.17545E+02
3.625793457E+08,-1.08605E+02
3.626098633E+08,-1.04465E+02
3.626403809E+08,-1.12805E+02
3.626708984E+08,-1.11545E+02
3.627014160E+08,-1.04825E+02
3.627319336E+08,-1.08485E+02
3.627624512E+08,-1.14945E+02
3.627929688E+08,-1.20545E+02
3.628234863E+08,-1.12605E+02
3.628540039E+08,-1.13905E+02
3.628845215E+08,-1.09925E+02
3.629150391E+08,-1.13625E+02
3.629455566E+08,-1.02565E+02
3.629760742E+08,-1.10125E+02
3.630065918E+08,-1.06685E+02
3.630371094E+08,-1.05945E+02
3.630676270E+08,-1.04085E+02
3.630981445E+08,-1.05465E+02
3.631286621E+08,-1.05765E+02
3.631591797E+08,-1.04585E+02
3.631896973E+08,-1.06705E+02
3.632202148E+08,-1.19065E+02
3.632507324E+08,-1.17985E+02
3.632812500E+08,-1.09485E+02
3.633117676E+08,-1.09265E+02
3.633422852E+08,-1.06385E+02
3.633728027E+08,-1.08665E+02
3.634033203E+08,-1.13705E+02
3.634338379E+08,-1.08685E+02
3.634643555E+08,-1.13325E+02
3.634948730E+08,-1.16625E+02
3.635253906E+08,-1.11505E+02
3.635559082E+08,-1.06965E+02
3.635864258E+08,-1.16705E+02
3.636169434E+08,-1.20185E+02
3.636474609E+08,-1.05425E+02
3.636779785E+08,-1.07285E+02
3.637084961E+08,-1.07945E+02
3.637390137E+08,-1.04425E+02
3.637695312E+08,-1.17025E+02
3.638000488E+08,-1.07725E+02
3.638305664E+08,-1.11925E+02
3.638610840E+08,-1.16285E+02
3.638916016E+08,-1.13605E+02
3.639221191E+08,-1.02545E+02
3.639526367E+08,-1.00705E+02
3.639831543E+08,-1.09345E+02
3.640136719E+08,-1.08665E+02
3.640441895E+08,-1.06585E+02
3.640747070E+08,-1.05385E+02
3.641052246E+08,-1.02105E+02
3.641357422E+08,-1.03925E+02
3.641662598E+08,-1.04625E+02
3.641967773E+08,-1.07125E+02
3.642272949E+08,-1.16905E+02
3.642578125E+08,-1.06005E+02
3.642883301E+08,-1.01505E+02
3.643188477E+08,-1.04045E+02
3.643493652E+08,-1.08865E+02
3.643798828E+08,-1.14665E+02
3.644104004E+08,-1.10545E+02
3.644409180E+08,-1.10845E+02
3.644714355E+08,-1.19505E+02
3.645019531E+08,-1.15385E+02
3.645324707E+08,-1.15745E+02
3.645629883E+08,-1.07225E+02
3.645935059E+08,-1.13245E+02
3.646240234E+08,-1.08965E+02
3.646545410E+08,-1.06645E+02
3.646850586E+08,-1.13705E+02
3.647155762E+08,-1.11245E+02
3.647460938E+08,-1.01565E+02
3.647766113E+08,-1.00845E+02
3.648071289E+08,-1.07565E+02
3.648376465E+08,-1.11985E+02
3.648681641E+08,-1.06585E+02
3.648986816E+08,-1.10265E+02
3.649291992E+08,-1.09225E+02
3.649597168E+08,-1.09665E+02
3.649902344E+08,-1.02425E+02
3.650207520E+08,-1.05445E+02
3.650512695E+08,-1.08025E+02
3.650817871E+08,-1.15385E+02
3.651123047E+08,-1.12405E+02
3.651428223E+08,-1.09025E+02
3.651733398E+08,-1.04245E+02
3.652038574E+08,-1.03685E+02
3.652343750E+08,-1.06365E+02
3.652648926E+08,-1.13865E+02
3.652954102E+08,-1.11685E+02
3.653259277E+08,-1.07865E+02
3.653564453E+08,-1.06005E+02
3.653869629E+08,-1.03505E+02
3.654174805E+08,-1.06465E+02
3.654479980E+08,-1.11425E+02
3.654785156E+08,-1.04085E+02
3.655090332E+08,-1.07605E+02
3.655395508E+08,-1.11305E+02
3.655700684E+08,-1.03505E+02
3.656005859E+08,-1.01605E+02
3.656311035E+08,-1.08665E+02
3.656616211E+08,-1.15965E+02
3.656921387E+08,-1.06305E+02
3.657226562E+08,-1.02365E+02
3.657531738E+08,-1.03725E+02
3.657836914E+08,-1.11305E+02
3.658142090E+08,-1.06025E+02
3.658447266E+08,-1.10005E+02
3.658752441E+08,-1.08265E+02
3.659057617E+08,-1.01385E+02
3.659362793E+08,-1.04445E+02
3.659667969E+08,-1.05285E+02
3.659973145E+08,-1.03505E+02
3.660278320E+08,-1.05485E+02
3.660583496E+08,-1.07105E+02
3.660888672E+08,-1.07125E+02
3.661193848E+08,-1.08365E+02
3.661499023E+08,-1.04045E+02
3.661804199E+08,-1.02445E+02
3.662109375E+08,-1.06405E+02
3.662414551E+08,-1.09505E+02
3.662719727E+08,-1.10705E+02
3.663024902E+08,-1.08125E+02
3.663330078E+08,-1.30925E+02
3.663635254E+08,-1.10325E+02
3.663940430E+08,-1.06505E+02
3.664245605E+08,-1.06905E+02
3.664550781E+08,-1.01165E+02
3.664855957E+08,-1.02045E+02
3.665161133E+08,-1.04885E+02
3.665466309E+08,-1.06405E+02
3.665771484E+08,-1.14825E+02
3.666076660E+08,-1.16185E+02
3.666381836E+08,-1.07905E+02
3.666687012E+08,-1.04665E+02
3.666992188E+08,-1.03545E+02
3.667297363E+08,-1.11145E+02
3.667602539E+08,-1.14745E+02
3.667907715E+08,-1.12525E+02
3.668212891E+08,-1.14425E+02
3.668518066E+08,-1.12565E+02
3.668823242E+08,-1.05425E+02
3.669128418E+08,-1.06665E+02
3.669433594E+08,-1.19705E+02
3.669738770E+08,-1.08105E+02
3.670043945E+08,-1.02085E+02
3.670349121E+08,-1.04805E+02
3.670654297E+08,-1.07485E+02
3.670959473E+08,-1.08165E+02
3.671264648E+08,-1.17405E+02
3.671569824E+08,-1.09845E+02
3.671875000E+08,-1.11485E+02
3.672180176E+08,-1.22665E+02
3.672485352E+08,-1.09305E+02
3.672790527E+08,-1.05325E+02
3.673095703E+08,-1.04525E+02
3.673400879E+08,-1.07345E+02
3.673706055E+08,-1.09505E+02
3.674011230E+08,-1.05585E+02
3.674316406E+08,-1.05605E+02
3.674621582E+08,-1.05345E+02
3.674926758E+08,-1.07045E+02
3.675231934E+08,-1.13305E+02
3.675537109E+08,-1.16085E+02
3.675842285E+08,-1.17525E+02
3.676147461E+08,-1.07365E+02
3.676452637E+08,-1.04805E+02
3.676757812E+08,-1.04685E+02
3.677062988E+08,-1.07365E+02
3.677368164E+08,-1.07585E+02
3.677673340E+08,-1.08185E+02
3.677978516E+08,-1.04505E+02
3.678283691E+08,-1.05965E+02
3.678588867E+08,-1.10125E+02
3.678894043E+08,-1.04225E+02
3.679199219E+08,-1.07665E+02
3.679504395E+08,-1.23645E+02
3.679809570E+08,-1.12825E+02
3.680114746E+08,-1.03425E+02
3.680419922E+08,-1.04245E+02
3.680725098E+08,-1.10225E+02
3.681030273E+08,-1.04805E+02
3.681335449E+08,-1.07705E+02
3.681640625E+08,-1.05905E+02
3.681945801E+08,-1.07945E+02
3.682250977E+08,-1.16385E+02
3.682556152E+08,-1.07345E+02
3.682861328E+08,-1.04045E+02
3.683166504E+08,-1.12525E+02
3.683471680E+08,-1.11945E+02
3.683776855E+08,-1.01885E+02
3.684082031E+08,-1.04025E+02
3.684387207E+08,-1.08085E+02
3.684692383E+08,-1.09505E+02
3.684997559E+08,-1.02185E+02
3.685302734E+08,-1.01425E+02
3.685607910E+08,-1.10225E+02
3.685913086E+08,-1.11285E+02
3.686218262E+08,-1.09505E+02
3.686523438E+08,-1.12905E+02
3.686828613E+08,-1.14805E+02
3.687133789E+08,-1.27105E+02
3.687438965E+08,-1.09365E+02
3.687744141E+08,-1.09505E+02
3.688049316E+08,-1.16005E+02
3.688354492E+08,-1.15465E+02
3.688659668E+08,-1.04585E+02
3.688964844E+08,-1.02465E+02
3.689270020E+08,-1.03385E+02
3.689575195E+08,-1.04265E+02
3.689880371E+08,-1.07745E+02
3.690185547E+08,-1.11385E+02
3.690490723E+08,-1.06645E+02
3.690795898E+08,-1.02185E+02
3.691101074E+08,-1.04105E+02
3.691406250E+08,-1.07185E+02
3.691711426E+08,-1.04345E+02
3.692016602E+08,-1.03325E+02
3.692321777E+08,-1.04625E+02
3.692626953E+08,-1.06665E+02
3.692932129E+08,-1.02425E+02
3.693237305E+08,-1.06065E+02
3.693542480E+08,-1.13165E+02
3.693847656E+08,-1.17485E+02
3.694152832E+08,-1.13565E+02
3.694458008E+08,-1.05825E+02
3.694763184E+08,-1.17005E+02
3.695068359E+08,-1.21845E+02
3.695373535E+08,-1.07265E+02
3.695678711E+08,-1.06625E+02
3.695983887E+08,-1.21165E+02
3.696289062E+08,-1.11505E+02
3.696594238E+08,-1.18045E+02
3.696899414E+08,-1.15585E+02
3.697204590E+08,-1.10725E+02
3.697509766E+08,-1.04625E+02
3.697814941E+08,-1.06525E+02
3.698120117E+08,-1.13585E+02
3.698425293E+08,-1.08245E+02
3.698730469E+08,-1.12225E+02
3.699035645E+08,-1.24145E+02
3.699340820E+08,-1.12365E+02
3.699645996E+08,-1.06805E+02
3.699951172E+08,-1.07685E+02
3.700256348E+08,-1.03925E+02
3.700561523E+08,-1.02265E+02
3.700866699E+08,-1.08105E+02
3.701171875E+08,-1.09345E+02
3.701477051E+08,-1.01425E+02
3.701782227E+08,-1.00185E+02
3.702087402E+08,-1.01705E+02
3.702392578E+08,-1.03285E+02
3.702697754E+08,-1.11385E+02
3.703002930E+08,-1.12465E+02
3.703308105E+08,-1.07685E+02
3.703613281E+08,-1.13305E+02
3.703918457E+08,-1.10345E+02
3.704223633E+08,-1.07265E+02
3.704528809E+08,-1.26665E+02
3.704833984E+08,-1.11685E+02
3.705139160E+08,-1.02905E+02
3.705444336E+08,-1.04705E+02
3.705749512E+08,-1.19625E+02
3.706054688E+08,-1.12345E+02
3.706359863E+08,-1.22525E+02
3.706665039E+08,-1.11545E+02
3.706970215E+08,-1.09065E+02
3.707275391E+08,-1.29625E+02
3.707580566E+08,-1.15805E+02
3.707885742E+08,-1.16805E+02
3.708190918E+08,-1.12305E+02
3.708496094E+08,-1.12085E+02
3.708801270E+08,-1.22625E+02
3.709106445E+08,-1.13505E+02
3.709411621E+08,-1.32625E+02
3.709716797E+08,-1.11145E+02
3.710021973E+08,-1.03045E+02
3.710327148E+08,-1.01665E+02
3.710632324E+08,-1.05205E+02
3.710937500E+08,-1.00705E+02
3.711242676E+08,-1.03585E+02
3.711547852E+08,-1.24185E+02
3.711853027E+08,-1.12765E+02
3.712158203E+08,-1.05225E+02
3.712463379E+08,-1.00425E+02
3.712768555E+08,-1.20805E+02
3.713073730E+08,-1.03285E+02
3.713378906E+08,-1.05185E+02
3.713684082E+08,-1.06285E+02
3.713989258E+08,-1.07525E+02
3.714294434E+08,-1.09025E+02
3.714599609E+08,-1.18365E+02
3.714904785E+08,-1.07445E+02
3.715209961E+08,-1.03885E+02
3.715515137E+08,-1.10185E+02
3.715820312E+08,-1.08965E+02
3.716125488E+08,-1.06925E+02
3.716430664E+08,-1.04805E+02
3.716735840E+08,-1.00945E+02
3.717041016E+08,-1.03185E+02
3.717346191E+08,-1.14965E+02
3.717651367E+08,-1.15045E+02
3.717956543E+08,-1.11585E+02
3.718261719E+08,-1.06265E+02
3.718566895E+08,-1.03865E+02
3.718872070E+08,-1.03085E+02
3.719177246E+08,-1.06165E+02
3.719482422E+08,-1.09065E+02
3.719787598E+08,-1.11305E+02
3.720092773E+08,-1.32425E+02
3.720397949E+08,-1.13765E+02
3.720703125E+08,-1.05645E+02
3.721008301E+08,-1.03525E+02
3.721313477E+08,-1.10585E+02
3.721618652E+08,-1.09125E+02
3.721923828E+08,-1.01805E+02
3.722229004E+08,-1.05085E+02
3.722534180E+08,-1.06505E+02
3.722839355E+08,-1.15445E+02
3.723144531E+08,-1.09105E+02
3.723449707E+08,-1.06925E+02
3.723754883E+08,-1.04885E+02
3.724060059E+08,-1.08525E+02
3.724365234E+08,-1.13365E+02
3.724670410E+08,-1.06265E+02
3.724975586E+08,-1.03185E+02
3.725280762E+08,-1.01885E+02
3.725585938E+08,-1.05425E+02
3.725891113E+08,-1.10565E+02
3.726196289E+08,-1.11245E+02
3.726501465E+08,-1.04345E+02
3.726806641E+08,-1.10585E+02
3.727111816E+08,-1.09205E+02
3.727416992E+08,-1.11645E+02
3.727722168E+08,-1.11265E+02
3.728027344E+08,-1.10305E+02
3.728332520E+08,-1.06725E+02
3.728637695E+08,-1.06405E+02
3.728942871E+08,-1.05725E+02
3.729248047E+08,-1.12165E+02
3.729553223E+08,-1.12905E+02
3.729858398E+08,-1.04085E+02
3.730163574E+08,-1.04005E+02
3.730468750E+08,-1.06585E+02
3.730773926E+08,-1.05965E+02
3.731079102E+08,-1.02905E+02
3.731384277E+08,-1.07105E+02
3.731689453E+08,-1.19885E+02
3.731994629E+08,-1.11305E+02
3.732299805E+08,-1.07385E+02
3.732604980E+08,-1.07625E+02
3.732910156E+08,-1.13225E+02
3.733215332E+08,-1.04925E+02
3.733520508E+08,-1.10005E+02
3.733825684E+08,-1.25605E+02
3.734130859E+08,-1.12765E+02
3.734436035E+08,-1.07705E+02
3.734741211E+08,-1.10925E+02
3.735046387E+08,-1.11785E+02
3.735351562E+08,-1.06705E+02
3.735656738E+08,-1.06885E+02
3.735961914E+08,-1.21965E+02
3.736267090E+08,-1.11545E+02
3.736572266E+08,-1.06665E+02
3.736877441E+08,-1.02425E+02
3.737182617E+08,-1.00225E+02
3.737487793E+08,-1.01085E+02
3.737792969E+08,-1.09405E+02
3.738098145E+08,-1.07805E+02
3.738403320E+08,-1.07665E+02
3.738708496E+08,-1.16325E+02
3.739013672E+08,-1.06625E+02
3.739318848E+08,-1.21205E+02
3.739624023E+08,-1.03925E+02
3.739929199E+08,-1.03005E+02
3.740234375E+08,-1.08005E+02
3.740539551E+08,-1.10805E+02
3.740844727E+08,-1.03665E+02
3.741149902E+08,-1.07785E+02
3.741455078E+08,-1.07025E+02
3.741760254E+08,-1.08045E+02
3.742065430E+08,-1.19885E+02
3.742370605E+08,-1.16405E+02
3.742675781E+08,-1.14165E+02
3.742980957E+08,-1.24265E+02
3.743286133E+08,-1.05425E+02
3.743591309E+08,-1.03145E+02
3.743896484E+08,-1.07365E+02
3.744201660E+08,-1.10605E+02
3.744506836E+08,-1.07845E+02
3.744812012E+08,-1.10905E+02
3.745117188E+08,-1.03965E+02
3.745422363E+08,-1.11585E+02
3.745727539E+08,-1.09205E+02
3.746032715E+08,-1.04345E+02
3.746337891E+08,-1.06485E+02
3.746643066E+08,-1.09305E+02
3.746948242E+08,-1.07805E+02
3.747253418E+08,-1.10325E+02
3.747558594E+08,-1.12665E+02
3.747863770E+08,-1.06285E+02
3.748168945E+08,-1.05525E+02
3.748474121E+08,-1.02805E+02
3.748779297E+08,-1.04225E+02
3.749084473E+08,-1.10685E+02
3.749389648E+08,-1.00545E+02
3.749694824E+08,-9.92654E+01
3.750000000E+08,-9.78054E+01
3.750305176E+08,-1.09365E+02
3.750610352E+08,-1.08945E+02
3.750915527E+08,-1.22625E+02
3.751220703E+08,-1.08165E+02
3.751525879E+08,-1.05185E+02
3.751831055E+08,-1.03205E+02
3.752136230E+08,-1.08085E+02
3.752441406E+08,-1.14965E+02
3.752746582E+08,-1.16945E+02
3.753051758E+08,-1.06285E+02
3.753356934E+08,-1.00505E+02
3.753662109E+08,-1.03185E+02
3.753967285E+08,-1.08245E+02
3.754272461E+08,-1.01285E+02
3.754577637E+08,-9.98054E+01
3.754882812E+08,-1.03365E+02
3.755187988E+08,-1.06165E+02
3.755493164E+08,-1.06145E+02
3.755798340E+08,-1.08525E+02
3.756103516E+08,-1.06045E+02
3.756408691E+08,-1.03265E+02
3.756713867E+08,-1.07185E+02
3.757019043E+08,-1.12625E+02
3.757324219E+08,-1.10005E+02
3.757629395E+08,-1.12245E+02
3.757934570E+08,-1.17285E+02
3.758239746E+08,-1.07805E+02
3.758544922E+08,-1.09025E+02
3.758850098E+08,-1.09885E+02
3.759155273E+08,-1.12605E+02
3.759460449E+08,-1.07465E+02
3.759765625E+08,-1.06185E+02
3.760070801E+08,-1.09445E+02
3.760375977E+08,-1.09665E+02
3.760681152E+08,-1.10525E+02
3.760986328E+08,-1.16485E+02
3.761291504E+08,-1.09205E+02
3.761596680E+08,-1.07265E+02
3.761901855E+08,-1.10785E+02
3.762207031E+08,-1.12065E+02
3.762512207E+08,-1.18325E+02
3.762817383E+08,-1.09585E+02
3.763122559E+08,-1.10225E+02
3.763427734E+08,-1.07685E+02
3.763732910E+08,-1.05685E+02
3.764038086E+08,-1.04805E+02
3.764343262E+08,-1.08725E+02
3.764648438E+08,-1.13365E+02
3.764953613E+08,-1.02925E+02
3.765258789E+08,-1.01165E+02
3.765563965E+08,-1.02505E+02
3.765869141E+08,-1.03425E+02
3.766174316E+08,-1.06465E+02
3.766479492E+08,-1.01405E+02
3.766784668E+08,-1.03825E+02
3.767089844E+08,-1.10345E+02
3.767395020E+08,-1.08005E+02
3.767700195E+08,-1.07845E+02
3.768005371E+08,-1.04945E+02
3.768310547E+08,-1.06505E+02
3.768615723E+08,-1.00505E+02
3.768920898E+08,-1.01185E+02
3.769226074E+08,-1.01905E+02
3.769531250E+08,-1.03805E+02
3.769836426E+08,-1.07465E+02
3.770141602E+08,-1.08485E+02
3.770446777E+08,-1.17745E+02
3.770751953E+08,-1.13225E+02
3.771057129E+08,-1.11125E+02
3.771362305E+08,-1.09345E+02
3.771667480E+08,-1.04265E+02
3.771972656E+08,-1.09545E+02
3.772277832E+08,-1.13125E+02
3.772583008E+08,-1.06005E+02
3.772888184E+08,-1.12465E+02
3.773193359E+08,-1.09505E+02
3.773498535E+08,-1.03945E+02
3.773803711E+08,-1.09505E+02
3.774108887E+08,-1.09505E+02
3.774414062E+08,-1.10225E+02
3.774719238E+08,-1.07105E+02
3.775024414E+08,-1.11065E+02
3.775329590E+08,-1.07005E+02
3.775634766E+08,-1.05245E+02
3.775939941E+08,-1.06605E+02
3.776245117E+08,-1.12705E+02
3.776550293E+08,-1.12545E+02
3.776855469E+08,-1.09485E+02
3.777160645E+08,-1.07565E+02
3.777465820E+08,-1.17245E+02
3.777770996E+08,-1.17685E+02
3.778076172E+08,-1.21145E+02
3.778381348E+08,-1.13505E+02
3.778686523E+08,-1.09005E+02
3.778991699E+08,-1.03245E+02
3.779296875E+08,-1.06265E+02
3.779602051E+08,-1.03345E+02
3.779907227E+08,-1.05685E+02
3.780212402E+08,-1.04965E+02
3.780517578E+08,-1.08665E+02
3.780822754E+08,-1.05225E+02
3.781127930E+08,-1.03105E+02
3.781433105E+08,-1.06245E+02
3.781738281E+08,-1.07325E+02
3.782043457E+08,-1.09205E+02
3.782348633E+08,-1.11085E+02
3.782653809E+08,-1.22005E+02
3.782958984E+08,-1.11925E+02
3.783264160E+08,-1.06865E+02
3.783569336E+08,-1.02365E+02
3.783874512E+08,-1.03305E+02
3.784179688E+08,-1.07485E+02
3.784484863E+08,-1.13425E+02
3.784790039E+08,-1.06585E+02
3.785095215E+08,-1.11685E+02
3.785400391E+08,-1.13045E+02
3.785705566E+08,-1.05565E+02
3.786010742E+08,-1.08665E+02
3.786315918E+08,-1.14725E+02
3.786621094E+08,-1.14025E+02
3.786926270E+08,-1.04465E+02
3.787231445E+08,-1.06545E+02
3.787536621E+08,-1.07045E+02
3.787841797E+08,-1.04265E+02
3.788146973E+08,-1.04665E+02
3.788452148E+08,-1.03905E+02
3.788757324E+08,-1.07605E+02
3.789062500E+08,-1.11225E+02
3.789367676E+08,-1.07245E+02
3.789672852E+08,-1.07825E+02
3.789978027E+08,-1.09125E+02
3.790283203E+08,-1.09965E+02
3.790588379E+08,-1.09805E+02
3.790893555E+08,-1.14005E+02
3.791198730E+08,-1.12645E+02
3.791503906E+08,-1.04845E+02
3.791809082E+08,-1.02985E+02
3.792114258E+08,-1.02085E+02
3.792419434E+08,-1.18945E+02
3.792724609E+08,-1.02565E+02
3.793029785E+08,-1.02145E+02
3.793334961E+08,-1.03105E+02
3.793640137E+08,-1.04345E+02
3.793945312E+08,-1.15805E+02
3.794250488E+08,-1.06965E+02
3.794555664E+08,-1.01705E+02
3.794860840E+08,-9.98054E+01
3.795166016E+08,-1.10325E+02
3.795471191E+08,-1.03565E+02
3.795776367E+08,-1.10005E+02
3.796081543E+08,-1.14245E+02
3.796386719E+08,-1.13725E+02
3.796691895E+08,-1.14365E+02
3.796997070E+08,-1.07085E+02
3.797302246E+08,-1.01765E+02
3.797607422E+08,-1.01825E+02
3.797912598E+08,-1.07245E+02
3.798217773E+08,-1.08025E+02
3.798522949E+08,-1.12265E+02
3.798828125E+08,-1.10865E+02
3.799133301E+08,-1.16145E+02
3.799438477E+08,-1.14705E+02
3.799743652E+08,-1.06425E+02
3.800048828E+08,-1.15825E+02
3.800354004E+08,-1.20005E+02
3.800659180E+08,-1.16425E+02
3.800964355E+08,-1.07785E+02
3.801269531E+08,-9.88454E+01
3.801574707E+08,-9.80454E+01
3.801879883E+08,-1.02145E+02
3.802185059E+08,-1.07285E+02
3.802490234E+08,-1.04945E+02
3.802795410E+08,-1.06165E+02
3.803100586E+08,-1.12365E+02
3.803405762E+08,-1.03685E+02
3.803710938E+08,-1.03505E+02
3.804016113E+08,-1.06705E+02
3.804321289E+08,-1.16605E+02
3.804626465E+08,-1.08945E+02
3.804931641E+08,-1.03585E+02
3.805236816E+08,-1.14585E+02
3.805541992E+08,-1.08945E+02
3.805847168E+08,-1.08005E+02
3.806152344E+08,-1.04585E+02
3.806457520E+08,-1.01245E+02
3.806762695E+08,-1.02265E+02
3.807067871E+08,-1.06265E+02
3.807373047E+08,-1.10845E+02
3.807678223E+08,-1.20225E+02
3.807983398E+08,-1.12725E+02
3.808288574E+08,-1.09665E+02
3.808593750E+08,-1.06265E+02
3.808898926E+08,-1.07945E+02
3.809204102E+08,-1.13385E+02
3.809509277E+08,-1.12585E+02
3.809814453E+08,-1.00425E+02
3.810119629E+08,-1.04765E+02
3.810424805E+08,-1.12925E+02
3.810729980E+08,-1.09205E+02
3.811035156E+08,-1.03565E+02
3.811340332E+08,-1.06885E+02
3.811645508E+08,-1.14725E+02
3.811950684E+08,-1.08405E+02
3.812255859E+08,-1.06085E+02
3.812561035E+08,-1.07865E+02
3.812866211E+08,-1.10985E+02
3.813171387E+08,-1.02085E+02
3.813476562E+08,-9.87254E+01
3.813781738E+08,-1.05585E+02
3.814086914E+08,-1.19745E+02
3.814392090E+08,-1.11205E+02
3.814697266E+08,-1.08265E+02
3.815002441E+08,-1.09005E+02
3.815307617E+08,-1.16905E+02
3.815612793E+08,-1.10125E+02
3.815917969E+08,-1.07085E+02
3.816223145E+08,-1.05405E+02
3.816528320E+08,-1.09165E+02
3.816833496E+08,-1.14805E+02
3.817138672E+08,-1.07325E+02
3.817443848E+08,-1.07425E+02
3.817749023E+08,-1.14565E+02
3.818054199E+08,-1.04845E+02
3.818359375E+08,-1.03825E+02
3.818664551E+08,-1.00265E+02
3.818969727E+08,-1.04505E+02
3.819274902E+08,-1.14205E+02
3.819580078E+08,-1.02165E+02
3.819885254E+08,-9.86254E+01
3.820190430E+08,-1.01585E+02
3.820495605E+08,-1.05045E+02
3.820800781E+08,-1.11545E+02
3.821105957E+08,-1.12385E+02
3.821411133E+08,-1.06885E+02
3.821716309E+08,-1.19965E+02
3.822021484E+08,-1.09345E+02
3.822326660E+08,-1.02105E+02
3.822631836E+08,-1.00765E+02
3.822937012E+08,-1.00725E+02
3.823242188E+08,-1.01905E+02
3.823547363E+08,-1.13285E+02
3.823852539E+08,-1.04885E+02
3.824157715E+08,-1.08345E+02
3.824462891E+08,-1.09305E+02
3.824768066E+08,-1.08565E+02
3.825073242E+08,-1.09165E+02
3.825378418E+08,-1.14185E+02
3.825683594E+08,-1.05445E+02
3.825988770E+08,-1.15785E+02
3.826293945E+08,-1.10505E+02
3.826599121E+08,-1.09505E+02
3.826904297E+08,-1.02425E+02
3.827209473E+08,-9.96254E+01
3.827514648E+08,-1.03325E+02
3.827819824E+08,-1.04845E+02
3.828125000E+08,-1.18165E+02
3.828430176E+08,-1.01245E+02
3.828735352E+08,-1.02685E+02
3.829040527E+08,-1.09665E+02
3.829345703E+08,-1.20005E+02
3.829650879E+08,-1.11245E+02
3.829956055E+08,-1.05545E+02
3.830261230E+08,-1.07205E+02
3.830566406E+08,-1.07465E+02
3.830871582E+08,-1.05585E+02
3.831176758E+08,-1.05405E+02
3.831481934E+08,-1.07945E+02
3.831787109E+08,-1.06065E+02
3.832092285E+08,-1.07085E+02
3.832397461E+08,-1.11325E+02
3.832702637E+08,-1.04785E+02
3.833007812E+08,-1.03765E+02
3.833312988E+08,-1.04245E+02
3.833618164E+08,-1.18525E+02
3.833923340E+08,-1.04345E+02
3.834228516E+08,-1.00705E+02
3.834533691E+08,-1.04065E+02
3.834838867E+08,-1.06265E+02
3.835144043E+08,-1.16005E+02
3.835449219E+08,-1.13445E+02
3.835754395E+08,-1.05285E+02
3.836059570E+08,-1.09545E+02
3.836364746E+08,-1.11805E+02
3.836669922E+08,-1.02825E+02
3.836975098E+08,-1.02265E+02
3.837280273E+08,-1.04005E+02
3.837585449E+08,-1.02645E+02
3.837890625E+08,-1.02125E+02
3.838195801E+08,-1.02345E+02
3.838500977E+08,-1.11665E+02
3.838806152E+08,-1.04205E+02
3.839111328E+08,-1.06785E+02
3.839416504E+08,-1.16545E+02
3.839721680E+08,-1.08745E+02
3.840026855E+08,-1.05185E+02
3.840332031E+08,-1.05925E+02
3.840637207E+08,-1.03065E+02
3.840942383E+08,-1.01985E+02
3.841247559E+08,-1.04905E+02
3.841552734E+08,-1.17665E+02
3.841857910E+08,-1.04725E+02
3.842163086E+08,-1.08345E+02
3.842468262E+08,-1.07145E+02
3.842773438E+08,-1.00945E+02
3.843078613E+08,-1.06305E+02
3.843383789E+08,-1.10505E+02
3.843688965E+08,-1.02625E+02
3.843994141E+08,-1.02625E+02
3.844299316E+08,-1.16485E+02
3.844604492E+08,-1.11325E+02
3.844909668E+08,-1.22725E+02
3.845214844E+08,-1.06685E+02
3.845520020E+08,-1.05645E+02
3.845825195E+08,-1.08365E+02
3.846130371E+08,-1.03265E+02
3.846435547E+08,-1.19005E+02
3.846740723E+08,-1.10725E+02
3.847045898E+08,-1.10405E+02
3.847351074E+08,-1.14965E+02
3.847656250E+08,-1.11245E+02
3.847961426E+08,-1.25645E+02
3.848266602E+08,-1.11725E+02
3.848571777E+08,-1.09165E+02
3.848876953E+08,-1.08785E+02
3.849182129E+08,-1.16845E+02
3.849487305E+08,-1.04365E+02
3.849792480E+08,-1.00805E+02
3.850097656E+08,-1.02265E+02
3.850402832E+08,-1.07805E+02
3.850708008E+08,-1.10745E+02
3.851013184E+08,-1.07165E+02
3.851318359E+08,-1.08605E+02
3.851623535E+08,-1.23325E+02
3.851928711E+08,-1.07265E+02
3.852233887E+08,-1.07585E+02
3.852539062E+08,-1.02205E+02
3.852844238E+08,-9.95854E+01
3.853149414E+08,-1.07945E+02
3.853454590E+08,-1.07545E+02
3.853759766E+08,-1.03265E+02
3.854064941E+08,-1.05265E+02
3.854370117E+08,-1.11105E+02
3.854675293E+08,-1.13205E+02
3.854980469E+08,-1.08425E+02
3.855285645E+08,-1.08665E+02
3.855590820E+08,-1.05105E+02
3.855895996E+08,-1.03105E+02
3.856201172E+08,-1.10005E+02
3.856506348E+08,-1.09665E+02
3.856811523E+08,-1.03145E+02
3.857116699E+08,-1.03945E+02
3.857421875E+08,-1.15745E+02
3.857727051E+08,-1.11165E+02
3.858032227E+08,-1.14125E+02
3.858337402E+08,-1.17665E+02
3.858642578E+08,-1.09925E+02
3.858947754E+08,-1.13965E+02
3.859252930E+08,-1.31425E+02
3.859558105E+08,-1.08185E+02
3.859863281E+08,-1.03325E+02
3.860168457E+08,-1.01705E+02
3.860473633E+08,-1.04225E+02
3.860778809E+08,-1.06685E+02
3.861083984E+08,-1.08165E+02
3.861389160E+08,-1.05585E+02
3.861694336E+08,-1.03705E+02
3.861999512E+08,-1.11285E+02
3.862304688E+08,-1.16405E+02
3.862609863E+08,-1.02305E+02
3.862915039E+08,-1.02285E+02
3.863220215E+08,-1.08665E+02
3.863525391E+08,-1.10945E+02
3.863830566E+08,-1.06665E+02
3.864135742E+08,-1.02885E+02
3.864440918E+08,-1.18605E+02
3.864746094E+08,-1.03185E+02
3.865051270E+08,-1.09665E+02
3.865356445E+08,-1.29405E+02
3.865661621E+08,-1.07825E+02
3.865966797E+08,-1.07365E+02
3.866271973E+08,-1.09965E+02
3.866577148E+08,-1.03445E+02
3.866882324E+08,-1.09225E+02
3.867187500E+08,-1.05085E+02
3.867492676E+08,-1.05125E+02
3.867797852E+08,-1.12605E+02
3.868103027E+08,-1.07545E+02
3.868408203E+08,-1.12125E+02
3.868713379E+08,-1.03305E+02
3.869018555E+08,-1.01885E+02
3.869323730E+08,-1.06425E+02
3.869628906E+08,-1.12945E+02
3.869934082E+08,-1.11285E+02
3.870239258E+08,-1.09305E+02
3.870544434E+08,-1.13005E+02
3.870849609E+08,-1.04065E+02
3.871154785E+08,-1.07445E+02
3.871459961E+08,-1.10705E+02
3.871765137E+08,-1.05525E+02
3.872070312E+08,-1.09165E+02
3.872375488E+08,-1.11365E+02
3.872680664E+08,-1.19705E+02
3.872985840E+08,-1.07845E+02
3.873291016E+08,-1.12165E+02
3.873596191E+08,-1.05705E+02
3.873901367E+08,-1.04305E+02
3.874206543E+08,-1.01565E+02
3.874511719E+08,-9.86054E+01
3.874816895E+08,-1.02105E+02
3.875122070E+08,-1.07025E+02
3.875427246E+08,-1.04505E+02
3.875732422E+08,-1.02865E+02
3.876037598E+08,-1.05205E+02
3.876342773E+08,-1.07405E+02
3.876647949E+08,-1.10805E+02
3.876953125E+08,-1.06585E+02
3.877258301E+08,-1.21505E+02
3.877563477E+08,-1.27245E+02
3.877868652E+08,-1.10585E+02
3.878173828E+08,-1.08325E+02
3.878479004E+08,-1.03285E+02
3.878784180E+08,-1.06685E+02
3.879089355E+08,-1.00565E+02
3.879394531E+08,-1.05365E+02
3.879699707E+08,-1.15005E+02
3.880004883E+08,-1.04745E+02
3.880310059E+08,-1.08005E+02
3.880615234E+08,-1.04325E+02
3.880920410E+08,-1.03145E+02
3.881225586E+08,-1.09105E+02
3.881530762E+08,-1.17545E+02
3.881835938E+08,-1.11705E+02
3.882141113E+08,-1.08345E+02
3.882446289E+08,-1.13925E+02
3.882751465E+08,-1.12765E+02
3.883056641E+08,-1.11545E+02
3.883361816E+08,-1.09845E+02
3.883666992E+08,-1.04885E+02
3.883972168E+08,-1.07285E+02
3.884277344E+08,-1.07065E+02
3.884582520E+08,-1.12305E+02
3.884887695E+08,-1.15165E+02
3.885192871E+08,-1.10645E+02
3.885498047E+08,-1.03105E+02
3.885803223E+08,-1.02905E+02
3.886108398E+08,-1.06925E+02
3.886413574E+08,-1.10125E+02
3.886718750E+08,-1.09765E+02
3.887023926E+08,-1.05445E+02
3.887329102E+08,-1.03425E+02
3.887634277E+08,-1.10185E+02
3.887939453E+08,-1.22805E+02
3.888244629E+08,-1.08485E+02
3.888549805E+08,-1.07245E+02
3.888854980E+08,-1.11785E+02
3.889160156E+08,-1.05765E+02
3.889465332E+08,-1.01285E+02
3.889770508E+08,-1.03705E+02
3.890075684E+08,-1.06405E+02
3.890380859E+08,-1.02185E+02
3.890686035E+08,-1.05845E+02
3.890991211E+08,-1.10725E+02
3.891296387E+08,-1.17585E+02
3.891601562E+08,-1.07285E+02
3.891906738E+08,-1.06525E+02
3.892211914E+08,-1.18105E+02
3.892517090E+08,-1.07685E+02
3.892822266E+08,-1.05385E+02
3.893127441E+08,-1.06945E+02
3.893432617E+08,-1.10085E+02
3.893737793E+08,-1.12325E+02
3.894042969E+08,-1.04205E+02
3.894348145E+08,-1.07545E+02
3.894653320E+08,-1.08265E+02
3.894958496E+08,-1.13345E+02
3.895263672E+08,-1.11345E+02
3.895568848E+08,-1.26705E+02
3.895874023E+08,-1.21485E+02
3.896179199E+08,-1.08165E+02
3.896484375E+08,-1.11365E+02
3.896789551E+08,-1.18085E+02
3.897094727E+08,-1.16665E+02
3.897399902E+08,-1.09545E+02
3.897705078E+08,-1.05625E+02
3.898010254E+08,-1.05165E+02
3.898315430E+08,-1.13685E+02
3.898620605E+08,-1.20045E+02
3.898925781E+08,-1.21365E+02
3.899230957E+08,-1.10485E+02
3.899536133E+08,-1.11025E+02
3.899841309E+08,-1.40305E+02
3.900146484E+08,-1.15485E+02
3.900451660E+08,-1.10585E+02
3.900756836E+08,-1.01385E+02
3.901062012E+08,-1.00265E+02
3.901367188E+08,-1.07025E+02
3.901672363E+08,-1.09065E+02
3.901977539E+08,-1.06645E+02
3.902282715E+08,-1.08265E+02
3.902587891E+08,-1.06445E+02
3.902893066E+08,-1.04565E+02
3.903198242E+08,-1.08565E+02
3.903503418E+08,-1.06625E+02
3.903808594E+08,-1.11885E+02
3.904113770E+08,-1.16245E+02
3.904418945E+08,-1.11645E+02
3.904724121E+08,-1.02965E+02
3.905029297E+08,-1.03565E+02
3.905334473E+08,-1.10625E+02
3.905639648E+08,-1.03485E+02
3.905944824E+08,-1.08945E+02
3.906250000E+08,-1.04065E+02
3.906555176E+08,-1.01245E+02
3.906860352E+08,-1.03825E+02
3.907165527E+08,-1.08745E+02
3.907470703E+08,-1.03405E+02
3.907775879E+08,-1.00825E+02
3.908081055E+08,-1.03685E+02
3.908386230E+08,-1.16885E+02
3.908691406E+08,-1.11705E+02
3.908996582E+08,-1.10085E+02
3.909301758E+08,-1.06325E+02
3.909606934E+08,-1.04425E+02
3.909912109E+08,-1.04265E+02
3.910217285E+08,-1.03485E+02
3.910522461E+08,-1.26145E+02
3.910827637E+08,-1.05485E+02
3.911132812E+08,-1.12545E+02
3.911437988E+08,-1.02485E+02
3.911743164E+08,-1.05305E+02
3.912048340E+08,-1.05925E+02
3.912353516E+08,-1.03125E+02
3.912658691E+08,-1.04945E+02
3.912963867E+08,-1.05025E+02
3.913269043E+08,-1.13225E+02
3.913574219E+08,-1.12445E+02
3.913879395E+08,-1.12045E+02
3.914184570E+08,-1.03465E+02
3.914489746E+08,-1.07625E+02
3.914794922E+08,-1.10085E+02
3.915100098E+08,-1.02245E+02
3.915405273E+08,-1.02145E+02
3.915710449E+08,-1.05045E+02
3.916015625E+08,-1.06845E+02
3.916320801E+08,-1.04765E+02
3.916625977E+08,-1.04885E+02
3.916931152E+08,-1.07065E+02
3.917236328E+08,-1.07725E+02
3.917541504E+08,-1.12425E+02
3.917846680E+08,-1.14945E+02
3.918151855E+08,-1.03145E+02
3.918457031E+08,-1.11085E+02
3.918762207E+08,-1.08525E+02
3.919067383E+08,-1.09965E+02
3.919372559E+08,-1.10765E+02
3.919677734E+08,-1.16285E+02
3.919982910E+08,-1.15585E+02
3.920288086E+08,-1.11885E+02
3.920593262E+08,-1.08185E+02
3.920898438E+08,-1.12045E+02
3.921203613E+08,-1.08665E+02
3.921508789E+08,-1.02025E+02
3.921813965E+08,-1.02625E+02
3.922119141E+08,-1.06165E+02
3.922424316E+08,-1.06945E+02
3.922729492E+08,-1.03945E+02
3.923034668E+08,-1.05465E+02
3.923339844E+08,-1.12445E+02
3.923645020E+08,-1.12545E+02
3.923950195E+08,-1.11845E+02
3.924255371E+08,-1.12445E+02
3.924560547E+08,-1.03565E+02
3.924865723E+08,-1.02465E+02
3.925170898E+08,-1.04785E+02
3.925476074E+08,-1.04905E+02
3.925781250E+08,-1.04945E+02
3.926086426E+08,-1.20125E+02
3.926391602E+08,-1.06585E+02
3.926696777E+08,-1.12045E+02
3.927001953E+08,-1.02565E+02
3.927307129E+08,-1.04085E+02
3.927612305E+08,-1.08125E+02
3.927917480E+08,-1.09885E+02
3.928222656E+08,-1.07405E+02
3.928527832E+08,-1.01045E+02
3.928833008E+08,-1.03945E+02
3.929138184E+08,-1.20305E+02
3.929443359E+08,-1.06585E+02
3.929748535E+08,-9.98054E+01
3.930053711E+08,-1.03325E+02
3.930358887E+08,-1.19705E+02
3.930664062E+08,-1.14125E+02
3.930969238E+08,-1.15345E+02
3.931274414E+08,-1.11185E+02
3.931579590E+08,-1.08485E+02
3.931884766E+08,-1.11325E+02
3.932189941E+08,-1.09445E+02
3.932495117E+08,-1.18865E+02
3.932800293E+08,-1.09005E+02
3.933105469E+08,-1.06525E+02
3.933410645E+08,-1.07045E+02
3.933715820E+08,-1.10045E+02
3.934020996E+08,-1.17085E+02
3.934326172E+08,-1.07205E+02
3.934631348E+08,-1.11905E+02
3.934936523E+08,-1.04745E+02
3.935241699E+08,-1.10445E+02
3.935546875E+08,-1.09225E+02
3.935852051E+08,-1.15905E+02
3.936157227E+08,-1.03245E+02
3.936462402E+08,-1.08185E+02
3.936767578E+08,-1.07125E+02
3.937072754E+08,-1.02065E+02
3.937377930E+08,-1.03945E+02
3.937683105E+08,-1.19965E+02
3.937988281E+08,-1.08905E+02
3.938293457E+08,-1.09105E+02
3.938598633E+08,-1.10265E+02
3.938903809E+08,-1.05005E+02
3.939208984E+08,-1.04845E+02
3.939514160E+08,-1.04625E+02
3.939819336E+08,-1.02725E+02
3.940124512E+08,-1.05985E+02
3.940429688E+08,-1.06585E+02
3.940734863E+08,-1.07465E+02
3.941040039E+08,-1.15645E+02
3.941345215E+08,-1.11205E+02
3.941650391E+08,-1.08085E+02
3.941955566E+08,-1.06845E+02
3.942260742E+08,-1.05405E+02
3.942565918E+08,-1.08545E+02
3.942871094E+08,-1.09445E+02
3.943176270E+08,-1.05985E+02
3.943481445E+08,-1.27685E+02
3.943786621E+08,-1.12105E+02
3.944091797E+08,-1.11045E+02
3.944396973E+08,-1.03745E+02
3.944702148E+08,-1.04445E+02
3.945007324E+08,-1.04065E+02
3.945312500E+08,-1.07325E+02
3.945617676E+08,-1.14025E+02
3.945922852E+08,-1.20625E+02
3.946228027E+08,-1.12745E+02
3.946533203E+08,-1.03325E+02
3.946838379E+08,-1.08625E+02
3.947143555E+08,-1.06925E+02
3.947448730E+08,-1.03685E+02
3.947753906E+08,-1.03225E+02
3.948059082E+08,-1.04345E+02
3.948364258E+08,-1.03885E+02
3.948669434E+08,-1.04645E+02
3.948974609E+08,-1.20645E+02
3.949279785E+08,-1.09265E+02
3.949584961E+08,-1.12725E+02
3.949890137E+08,-1.14285E+02
3.950195312E+08,-1.14045E+02
3.950500488E+08,-1.01725E+02
3.950805664E+08,-1.03505E+02
3.951110840E+08,-1.09205E+02
3.951416016E+08,-1.18785E+02
3.951721191E+08,-1.13485E+02
3.952026367E+08,-1.10305E+02
3.952331543E+08,-1.02385E+02
3.952636719E+08,-1.01525E+02
3.952941895E+08,-1.07125E+02
3.953247070E+08,-1.14225E+02
3.953552246E+08,-1.04545E+02
3.953857422E+08,-1.05605E+02
3.954162598E+08,-1.07565E+02
3.954467773E+08,-1.05825E+02
3.954772949E+08,-1.06965E+02
3.955078125E+08,-1.08205E+02
3.955383301E+08,-1.06405E+02
3.955688477E+08,-1.10645E+02
3.955993652E+08,-1.11085E+02
3.956298828E+08,-1.09925E+02
3.956604004E+08,-1.10805E+02
3.956909180E+08,-1.07145E+02
3.957214355E+08,-1.08685E+02
3.957519531E+08,-1.25545E+02
3.957824707E+08,-1.19445E+02
3.958129883E+08,-1.06705E+02
3.958435059E+08,-1.02825E+02
3.958740234E+08,-1.01965E+02
3.959045410E+08,-1.05865E+02
3.959350586E+08,-1.17665E+02
3.959655762E+08,-1.12925E+02
3.959960938E+08,-1.14705E+02
3.960266113E+08,-1.06465E+02
3.960571289E+08,-1.04905E+02
3.960876465E+08,-1.02625E+02
3.961181641E+08,-1.07705E+02
3.961486816E+08,-1.08725E+02
3.961791992E+08,-1.05065E+02
3.962097168E+08,-1.05725E+02
3.962402344E+08,-1.08725E+02
3.962707520E+08,-1.08485E+02
3.963012695E+08,-1.03165E+02
3.963317871E+08,-1.04945E+02
3.963623047E+08,-1.07025E+02
3.963928223E+08,-1.07865E+02
3.964233398E+08,-1.06345E+02
3.964538574E+08,-1.08265E+02
3.964843750E+08,-1.17125E+02
3.965148926E+08,-1.14625E+02
3.965454102E+08,-1.20185E+02
3.965759277E+08,-1.11625E+02
3.966064453E+08,-1.03725E+02
3.966369629E+08,-1.03485E+02
3.966674805E+08,-1.05125E+02
3.966979980E+08,-1.02925E+02
3.967285156E+08,-1.07085E+02
3.967590332E+08,-1.11605E+02
3.967895508E+08,-1.06265E+02
3.968200684E+08,-1.08205E+02
3.968505859E+08,-1.05225E+02
3.968811035E+08,-1.00545E+02
3.969116211E+08,-1.02445E+02
3.969421387E+08,-1.03085E+02
3.969726562E+08,-1.18625E+02
3.970031738E+08,-1.04525E+02
3.970336914E+08,-1.03665E+02
3.970642090E+08,-1.07865E+02
3.970947266E+08,-1.14085E+02
3.971252441E+08,-1.15925E+02
3.971557617E+08,-1.15585E+02
3.971862793E+08,-1.10305E+02
3.972167969E+08,-1.05805E+02
3.972473145E+08,-1.05525E+02
3.972778320E+08,-1.13365E+02
3.973083496E+08,-1.21485E+02
3.973388672E+08,-1.24545E+02
3.973693848E+08,-1.13765E+02
3.973999023E+08,-1.12025E+02
3.974304199E+08,-1.09445E+02
3.974609375E+08,-1.09405E+02
3.974914551E+08,-1.11645E+02
3.975219727E+08,-1.11885E+02
3.975524902E+08,-1.07625E+02
3.975830078E+08,-1.07045E+02
3.976135254E+08,-1.12905E+02
3.976440430E+08,-1.16385E+02
3.976745605E+08,-1.10365E+02
3.977050781E+08,-1.07245E+02
3.977355957E+08,-1.07345E+02
3.977661133E+08,-1.12665E+02
3.977966309E+08,-1.15425E+02
3.978271484E+08,-1.06785E+02
3.978576660E+08,-1.04525E+02
3.978881836E+08,-1.07825E+02
3.979187012E+08,-1.04925E+02
3.979492188E+08,-1.15345E+02
3.979797363E+08,-1.05725E+02
3.980102539E+08,-1.08725E+02
3.980407715E+08,-1.14505E+02
3.980712891E+08,-1.08845E+02
3.981018066E+08,-1.09365E+02
3.981323242E+08,-1.03565E+02
3.981628418E+08,-1.03685E+02
3.981933594E+08,-1.08745E+02
3.982238770E+08,-1.09925E+02
3.982543945E+08,-1.04405E+02
3.982849121E+08,-1.03105E+02
3.983154297E+08,-1.11585E+02
3.983459473E+08,-1.09885E+02
3.983764648E+08,-1.08025E+02
3.984069824E+08,-1.11185E+02
3.984375000E+08,-1.13605E+02
3.984680176E+08,-1.19765E+02
3.984985352E+08,-1.05185E+02
3.985290527E+08,-1.02685E+02
3.985595703E+08,-1.07945E+02
3.985900879E+08,-1.15745E+02
3.986206055E+08,-1.05205E+02
3.986511230E+08,-1.03845E+02
3.986816406E+08,-1.10565E+02
3.987121582E+08,-1.10445E+02
3.987426758E+08,-1.11925E+02
3.987731934E+08,-1.08905E+02
3.988037109E+08,-1.05685E+02
3.988342285E+08,-1.09485E+02
3.988647461E+08,-1.02605E+02
3.988952637E+08,-1.04645E+02
3.989257812E+08,-1.07265E+02
3.989562988E+08,-1.11505E+02
3.989868164E+08,-1.06625E+02
3.990173340E+08,-1.05385E+02
3.990478516E+08,-1.12765E+02
3.990783691E+08,-1.11365E+02
3.991088867E+08,-1.12345E+02
3.991394043E+08,-1.10265E+02
3.991699219E+08,-1.09805E+02
3.992004395E+08,-1.07365E+02
3.992309570E+08,-1.07925E+02
3.992614746E+08,-1.05645E+02
3.992919922E+08,-1.02485E+02
3.993225098E+08,-1.01665E+02
3.993530273E+08,-1.02445E+02
3.993835449E+08,-1.00225E+02
3.994140625E+08,-1.01805E+02
3.994445801E+08,-1.03905E+02
3.994750977E+08,-1.03105E+02
3.995056152E+08,-1.09105E+02
3.995361328E+08,-1.18205E+02
3.995666504E+08,-1.03845E+02
3.995971680E+08,-1.00965E+02
3.996276855E+08,-1.04425E+02
3.996582031E+08,-1.14625E+02
3.996887207E+08,-1.15725E+02
3.997192383E+08,-1.06925E+02
3.997497559E+08,-1.06725E+02
3.997802734E+08,-1.10125E+02
3.998107910E+08,-1.09305E+02
3.998413086E+08,-1.08625E+02
3.998718262E+08,-1.19125E+02
3.999023438E+08,-1.18245E+02
3.999328613E+08,-1.15605E+02
3.999633789E+08,-1.11685E+02
3.999938965E+08,-1.10045E+02
4.000244141E+08,-1.09845E+02
4.000549316E+08,-1.05745E+02
4.000854492E+08,-1.05565E+02
4.001159668E+08,-1.09205E+02
4.001464844E+08,-1.12085E+02
4.001770020E+08,-1.05985E+02
4.002075195E+08,-1.06725E+02
4.002380371E+08,-1.11505E+02
4.002685547E+08,-1.07125E+02
4.002990723E+08,-1.02385E+02
4.003295898E+08,-9.85254E+01
4.003601074E+08,-1.02225E+02
4.003906250E+08,-1.13285E+02
4.004211426E+08,-1.04905E+02
4.004516602E+08,-1.03945E+02
4.004821777E+08,-1.09885E+02
4.005126953E+08,-1.16805E+02
4.005432129E+08,-1.08625E+02
4.005737305E+08,-1.03325E+02
4.006042480E+08,-1.05525E+02
4.006347656E+08,-1.06185E+02
4.006652832E+08,-1.04605E+02
4.006958008E+08,-1.06265E+02
4.007263184E+08,-1.13385E+02
4.007568359E+08,-1.06425E+02
4.007873535E+08,-1.02865E+02
4.008178711E+08,-1.00985E+02
4.008483887E+08,-1.03205E+02
4.008789062E+08,-1.06865E+02
4.009094238E+08,-1.10905E+02
4.009399414E+08,-1.14385E+02
4.009704590E+08,-1.14205E+02
4.010009766E+08,-1.18545E+02
4.010314941E+08,-1.08665E+02
4.010620117E+08,-1.06125E+02
4.010925293E+08,-1.03725E+02
4.011230469E+08,-1.00185E+02
4.011535645E+08,-1.03125E+02
4.011840820E+08,-1.21205E+02
4.012145996E+08,-1.12605E+02
4.012451172E+08,-1.13305E+02
4.012756348E+08,-1.09745E+02
4.013061523E+08,-1.16605E+02
4.013366699E+08,-1.04065E+02
4.013671875E+08,-1.02845E+02
4.013977051E+08,-1.13065E+02
4.014282227E+08,-1.05405E+02
4.014587402E+08,-1.08285E+02
4.014892578E+08,-1.11585E+02
4.015197754E+08,-1.19625E+02
4.015502930E+08,-1.05325E+02
4.015808105E+08,-1.04805E+02
4.016113281E+08,-1.10625E+02
4.016418457E+08,-1.30765E+02
4.016723633E+08,-1.10565E+02
4.017028809E+08,-1.02745E+02
4.017333984E+08,-1.03965E+02
4.017639160E+08,-1.07725E+02
4.017944336E+08,-1.03825E+02
4.018249512E+08,-1.03045E+02
4.018554688E+08,-1.05285E+02
4.018859863E+08,-1.06165E+02
4.019165039E+08,-1.17705E+02
4.019470215E+08,-1.14545E+02
4.019775391E+08,-1.10405E+02
4.020080566E+08,-1.11725E+02
4.020385742E+08,-1.10925E+02
4.020690918E+08,-1.10005E+02
4.020996094E+08,-1.09665E+02
4.021301270E+08,-1.04445E+02
4.021606445E+08,-1.04565E+02
4.021911621E+08,-1.23465E+02
4.022216797E+08,-1.12405E+02
4.022521973E+08,-1.12125E+02
4.022827148E+08,-1.10445E+02
4.023132324E+08,-1.03905E+02
4.023437500E+08,-1.05265E+02
4.023742676E+08,-1.04265E+02
4.024047852E+08,-1.04125E+02
4.024353027E+08,-1.15945E+02
4.024658203E+08,-1.08345E+02
4.024963379E+08,-1.07665E+02
4.025268555E+08,-1.16365E+02
4.025573730E+08,-1.15485E+02
4.025878906E+08,-1.12565E+02
4.026184082E+08,-1.05485E+02
4.026489258E+08,-1.10005E+02
4.026794434E+08,-1.08625E+02
4.027099609E+08,-1.02345E+02
4.027404785E+08,-1.00045E+02
4.027709961E+08,-1.03925E+02
4.028015137E+08,-1.06685E+02
4.028320312E+08,-1.01545E+02
4.028625488E+08,-1.02325E+02
4.028930664E+08,-1.08345E+02
4.029235840E+08,-1.15485E+02
4.029541016E+08,-1.04925E+02
4.029846191E+08,-1.03305E+02
4.030151367E+08,-1.02985E+02
4.030456543E+08,-1.03205E+02
4.030761719E+08,-1.01325E+02
4.031066895E+08,-1.10685E+02
4.031372070E+08,-1.09405E+02
4.031677246E+08,-1.14985E+02
4.031982422E+08,-1.04125E+02
4.032287598E+08,-1.08325E+02
4.032592773E+08,-1.11065E+02
4.032897949E+08,-1.08105E+02
4.033203125E+08,-1.06905E+02
4.033508301E+08,-1.09665E+02
4.033813477E+08,-1.12045E+02
4.034118652E+08,-1.10645E+02
4.034423828E+08,-1.07585E+02
4.034729004E+08,-1.07685E+02
4.035034180E+08,-1.14385E+02
4.035339355E+08,-1.08465E+02
4.035644531E+08,-1.14265E+02
4.035949707E+08,-1.04345E+02
4.036254883E+08,-1.07285E+02
4.036560059E+08,-1.11425E+02
4.036865234E+08,-1.05205E+02
4.037170410E+08,-1.05525E+02
4.037475586E+08,-1.07285E+02
4.037780762E+08,-1.11865E+02
4.038085938E+08,-1.11965E+02
4.038391113E+08,-1.07445E+02
4.038696289E+08,-1.10525E+02
4.039001465E+08,-1.10125E+02
4.039306641E+08,-1.13565E+02
4.039611816E+08,-1.04065E+02
4.039916992E+08,-1.08425E+02
4.040222168E+08,-1.03965E+02
4.040527344E+08,-1.02485E+02
4.040832520E+08,-1.11325E+02
4.041137695E+08,-1.13245E+02
4.041442871E+08,-1.10005E+02
4.041748047E+08,-1.17605E+02
4.042053223E+08,-1.09065E+02
4.042358398E+08,-1.08045E+02
4.042663574E+08,-1.15665E+02
4.042968750E+08,-1.09765E+02
4.043273926E+08,-1.03885E+02
4.043579102E+08,-1.13645E+02
4.043884277E+08,-1.10225E+02
4.044189453E+08,-1.21665E+02
4.044494629E+08,-1.11505E+02
4.044799805E+08,-1.08845E+02
4.045104980E+08,-1.17945E+02
4.045410156E+08,-1.13245E+02
4.045715332E+08,-1.13325E+02
4.046020508E+08,-1.04065E+02
4.046325684E+08,-1.14085E+02
4.046630859E+08,-1.18405E+02
4.046936035E+08,-1.09545E+02
4.047241211E+08,-1.05345E+02
4.047546387E+08,-1.05445E+02
4.047851562E+08,-1.07445E+02
4.048156738E+08,-1.14945E+02
4.048461914E+08,-1.10265E+02
4.048767090E+08,-1.09765E+02
4.049072266E+08,-1.13325E+02
4.049377441E+08,-1.15385E+02
4.049682617E+08,-1.20625E+02
4.049987793E+08,-1.14525E+02
4.050292969E+08,-1.11405E+02
4.050598145E+08,-1.13705E+02
4.050903320E+08,-1.05965E+02
4.051208496E+08,-1.22225E+02
4.051513672E+08,-1.03685E+02
4.051818848E+08,-1.07025E+02
4.052124023E+08,-1.06385E+02
4.052429199E+08,-1.05625E+02
4.052734375E+08,-1.07265E+02
4.053039551E+08,-1.03025E+02
4.053344727E+08,-1.03865E+02
4.053649902E+08,-1.07525E+02
4.053955078E+08,-1.11025E+02
4.054260254E+08,-1.17545E+02
4.054565430E+08,-1.06765E+02
4.054870605E+08,-1.06545E+02
4.055175781E+08,-1.01725E+02
4.055480957E+08,-1.01125E+02
4.055786133E+08,-1.05345E+02
4.056091309E+08,-1.05245E+02
4.056396484E+08,-1.06265E+02
4.056701660E+08,-1.07325E+02
4.057006836E+08,-1.12625E+02
4.057312012E+08,-1.09485E+02
4.057617188E+08,-1.07845E+02
4.057922363E+08,-1.08945E+02
4.058227539E+08,-1.07165E+02
4.058532715E+08,-1.18465E+02
4.058837891E+08,-1.08025E+02
4.059143066E+08,-1.05165E+02
4.059448242E+08,-1.05185E+02
4.059753418E+08,-1.05325E+02
4.060058594E+08,-1.07225E+02
4.060363770E+08,-1.15905E+02
4.060668945E+08,-1.20385E+02
4.060974121E+08,-1.16185E+02
4.061279297E+08,-1.08085E+02
4.061584473E+08,-1.05925E+02
4.061889648E+08,-1.03825E+02
4.062194824E+08,-1.18525E+02
4.062500000E+08,-1.00985E+02
4.062805176E+08,-9.79454E+01
4.063110352E+08,-1.01305E+02
4.063415527E+08,-1.03685E+02
4.063720703E+08,-1.08125E+02
4.064025879E+08,-1.08785E+02
4.064331055E+08,-1.05085E+02
4.064636230E+08,-1.08725E+02
4.064941406E+08,-1.10365E+02
4.065246582E+08,-1.07065E+02
4.065551758E+08,-1.02805E+02
4.065856934E+08,-1.12925E+02
4.066162109E+08,-1.11125E+02
4.066467285E+08,-1.12845E+02
4.066772461E+08,-1.03625E+02
4.067077637E+08,-1.05225E+02
4.067382812E+08,-1.04285E+02
4.067687988E+08,-1.08945E+02
4.067993164E+08,-1.09005E+02
4.068298340E+08,-1.07285E+02
4.068603516E+08,-1.07085E+02
4.068908691E+08,-1.12225E+02
4.069213867E+08,-1.09405E+02
4.069519043E+08,-1.11205E+02
4.069824219E+08,-1.22145E+02
4.070129395E+08,-1.16325E+02
4.070434570E+08,-1.11425E+02
4.070739746E+08,-1.17785E+02
4.071044922E+08,-1.17445E+02
4.071350098E+08,-1.13145E+02
4.071655273E+08,-1.11765E+02
4.071960449E+08,-1.17345E+02
4.072265625E+08,-1.08625E+02
4.072570801E+08,-1.11965E+02
4.072875977E+08,-1.06225E+02
4.073181152E+08,-1.09885E+02
4.073486328E+08,-1.03685E+02
4.073791504E+08,-9.97654E+01
4.074096680E+08,-1.07265E+02
4.074401855E+08,-1.07165E+02
4.074707031E+08,-1.10445E+02
4.075012207E+08,-1.19005E+02
4.075317383E+08,-1.19205E+02
4.075622559E+08,-1.08905E+02
4.075927734E+08,-1.05545E+02
4.076232910E+08,-1.09225E+02
4.076538086E+08,-1.35345E+02
4.076843262E+08,-1.11505E+02
4.077148438E+08,-1.09885E+02
4.077453613E+08,-1.07665E+02
4.077758789E+08,-1.07545E+02
4.078063965E+08,-1.09885E+02
4.078369141E+08,-1.05385E+02
4.078674316E+08,-1.01705E+02
4.078979492E+08,-1.01765E+02
4.079284668E+08,-1.05365E+02
4.079589844E+08,-1.13365E+02
4.079895020E+08,-1.11285E+02
4.080200195E+08,-1.07785E+02
4.080505371E+08,-1.03245E+02
4.080810547E+08,-1.02165E+02
4.081115723E+08,-1.07245E+02
4.081420898E+08,-1.17685E+02
4.081726074E+08,-1.05525E+02
4.082031250E+08,-1.04085E+02
4.082336426E+08,-1.16105E+02
4.082641602E+08,-1.22085E+02
4.082946777E+08,-1.13265E+02
4.083251953E+08,-1.08785E+02
4.083557129E+08,-1.13625E+02
4.083862305E+08,-1.06325E+02
4.084167480E+08,-1.05625E+02
4.084472656E+08,-1.04025E+02
4.084777832E+08,-1.04845E+02
4.085083008E+08,-1.08945E+02
4.085388184E+08,-1.01425E+02
4.085693359E+08,-1.01145E+02
4.085998535E+08,-1.07185E+02
4.086303711E+08,-1.14665E+02
4.086608887E+08,-1.10965E+02
4.086914062E+08,-1.07405E+02
4.087219238E+08,-1.08605E+02
4.087524414E+08,-1.12625E+02
4.087829590E+08,-1.12305E+02
4.088134766E+08,-1.26145E+02
4.088439941E+08,-1.17805E+02
4.088745117E+08,-1.07245E+02
4.089050293E+08,-1.06065E+02
4.089355469E+08,-1.33705E+02
4.089660645E+08,-1.24365E+02
4.089965820E+08,-1.12445E+02
4.090270996E+08,-1.16645E+02
4.090576172E+08,-1.06945E+02
4.090881348E+08,-1.09445E+02
4.091186523E+08,-1.13865E+02
4.091491699E+08,-1.09125E+02
4.091796875E+08,-1.06725E+02
4.092102051E+08,-1.15125E+02
4.092407227E+08,-1.01765E+02
4.092712402E+08,-9.87254E+01
4.093017578E+08,-1.01545E+02
4.093322754E+08,-1.02745E+02
4.093627930E+08,-1.03185E+02
4.093933105E+08,-1.05825E+02
4.094238281E+08,-1.09925E+02
4.094543457E+08,-1.06105E+02
4.094848633E+08,-1.06645E+02
4.095153809E+08,-1.10705E+02
4.095458984E+08,-1.33065E+02
4.095764160E+08,-1.12725E+02
4.096069336E+08,-1.18945E+02
4.096374512E+08,-1.08785E+02
4.096679688E+08,-1.08965E+02
4.096984863E+08,-1.10725E+02
4.097290039E+08,-1.10465E+02
4.097595215E+08,-1.05025E+02
4.097900391E+08,-1.03705E+02
4.098205566E+08,-1.14085E+02
4.098510742E+08,-1.18165E+02
4.098815918E+08,-1.04265E+02
4.099121094E+08,-1.05245E+02
4.099426270E+08,-1.01225E+02
4.099731445E+08,-9.92054E+01
4.100036621E+08,-1.00185E+02
4.100341797E+08,-1.05345E+02
4.100646973E+08,-1.05165E+02
4.100952148E+08,-1.11465E+02
4.101257324E+08,-1.09105E+02
4.101562500E+08,-1.10265E+02
4.101867676E+08,-1.29925E+02
4.102172852E+08,-1.17105E+02
4.102478027E+08,-1.12245E+02
4.102783203E+08,-1.13625E+02
4.103088379E+08,-1.21805E+02
4.103393555E+08,-1.18525E+02
4.103698730E+08,-1.06665E+02
4.104003906E+08,-1.04765E+02
4.104309082E+08,-1.11825E+02
4.104614258E+08,-1.02905E+02
4.104919434E+08,-1.01765E+02
4.105224609E+08,-1.07385E+02
4.105529785E+08,-1.23405E+02
4.105834961E+08,-1.17985E+02
4.106140137E+08,-1.08905E+02
4.106445312E+08,-1.10005E+02
4.106750488E+08,-1.08525E+02
4.107055664E+08,-1.10045E+02
4.107360840E+08,-1.14685E+02
4.107666016E+08,-1.13745E+02
4.107971191E+08,-1.04225E+02
4.108276367E+08,-1.04505E+02
4.108581543E+08,-1.06665E+02
4.108886719E+08,-1.05205E+02
4.109191895E+08,-1.04745E+02
4.109497070E+08,-1.14625E+02
4.109802246E+08,-1.03425E+02
4.110107422E+08,-1.09005E+02
4.110412598E+08,-1.16825E+02
4.110717773E+08,-1.13565E+02
4.111022949E+08,-1.15285E+02
4.111328125E+08,-1.09505E+02
4.111633301E+08,-1.18545E+02
4.111938477E+08,-1.11225E+02
4.112243652E+08,-1.20705E+02
4.112548828E+08,-1.03545E+02
4.112854004E+08,-1.05425E+02
4.113159180E+08,-1.06885E+02
4.113464355E+08,-1.04565E+02
4.113769531E+08,-1.04745E+02
4.114074707E+08,-1.03845E+02
4.114379883E+08,-1.01365E+02
4.114685059E+08,-1.02045E+02
4.114990234E+08,-1.04865E+02
4.115295410E+08,-1.12785E+02
4.115600586E+08,-1.16545E+02
4.115905762E+08,-1.09745E+02
4.116210938E+08,-1.11825E+02
4.116516113E+08,-1.04125E+02
4.116821289E+08,-1.03505E+02
4.117126465E+08,-1.03585E+02
4.117431641E+08,-1.06665E+02
4.117736816E+08,-1.17845E+02
4.118041992E+08,-1.28685E+02
4.118347168E+08,-1.17365E+02
4.118652344E+08,-1.04505E+02
4.118957520E+08,-1.00465E+02
4.119262695E+08,-1.05945E+02
4.119567871E+08,-1.09405E+02
4.119873047E+08,-1.11005E+02
4.120178223E+08,-1.14225E+02
4.120483398E+08,-1.13185E+02
4.120788574E+08,-1.08485E+02
4.121093750E+08,-1.11845E+02
4.121398926E+08,-1.11945E+02
4.121704102E+08,-1.10225E+02
4.122009277E+08,-1.25845E+02
4.122314453E+08,-1.04125E+02
4.122619629E+08,-1.00965E+02
4.122924805E+08,-1.04605E+02
4.123229980E+08,-1.18605E+02
4.123535156E+08,-1.10845E+02
4.123840332E+08,-1.22425E+02
4.124145508E+08,-1.07325E+02
4.124450684E+08,-1.00765E+02
4.124755859E+08,-1.02485E+02
4.125061035E+08,-1.05425E+02
4.125366211E+08,-1.19505E+02
4.125671387E+08,-1.10125E+02
4.125976562E+08,-1.17625E+02
4.126281738E+08,-1.28685E+02
4.126586914E+08,-1.16885E+02
4.126892090E+08,-1.09745E+02
4.127197266E+08,-1.09305E+02
4.127502441E+08,-1.05545E+02
4.127807617E+08,-1.01765E+02
4.128112793E+08,-1.04365E+02
4.128417969E+08,-1.12425E+02
4.128723145E+08,-1.03145E+02
4.129028320E+08,-1.05945E+02
4.129333496E+08,-1.08125E+02
4.129638672E+08,-1.17145E+02
4.129943848E+08,-1.10905E+02
4.130249023E+08,-1.04465E+02
4.130554199E+08,-1.11745E+02
4.130859375E+08,-1.16645E+02
4.131164551E+08,-1.06425E+02
4.131469727E+08,-1.15725E+02
4.131774902E+08,-1.09205E+02
4.132080078E+08,-1.16825E+02
4.132385254E+08,-1.16825E+02
4.132690430E+08,-1.15705E+02
4.132995605E+08,-1.03685E+02
4.133300781E+08,-1.00825E+02
4.133605957E+08,-1.05805E+02
4.133911133E+08,-1.11265E+02
4.134216309E+08,-1.05465E+02
4.134521484E+08,-1.14605E+02
4.134826660E+08,-1.13065E+02
4.135131836E+08,-1.16845E+02
4.135437012E+08,-1.18425E+02
4.135742188E+08,-1.05825E+02
4.136047363E+08,-1.03945E+02
4.136352539E+08,-1.09545E+02
4.136657715E+08,-1.08325E+02
4.136962891E+08,-1.05765E+02
4.137268066E+08,-1.07285E+02
4.137573242E+08,-1.02785E+02
4.137878418E+08,-1.01045E+02
4.138183594E+08,-1.03085E+02
4.138488770E+08,-1.06385E+02
4.138793945E+08,-1.06025E+02
4.139099121E+08,-1.03505E+02
4.139404297E+08,-1.08185E+02
4.139709473E+08,-1.16885E+02
4.140014648E+08,-1.16345E+02
4.140319824E+08,-1.07205E+02
4.140625000E+08,-1.02885E+02
4.140930176E+08,-1.03305E+02
4.141235352E+08,-1.09205E+02
4.141540527E+08,-1.09065E+02
4.141845703E+08,-1.06405E+02
4.142150879E+08,-1.07685E+02
4.142456055E+08,-1.09405E+02
4.142761230E+08,-1.07945E+02
4.143066406E+08,-1.15005E+02
4.143371582E+08,-1.17685E+02
4.143676758E+08,-1.15125E+02
4.143981934E+08,-1.16385E+02
4.144287109E+08,-1.12425E+02
4.144592285E+08,-1.03025E+02
4.144897461E+08,-1.06165E+02
4.145202637E+08,-1.11785E+02
4.145507812E+08,-1.00705E+02
4.145812988E+08,-9.92654E+01
4.146118164E+08,-1.06965E+02
4.146423340E+08,-1.00005E+02
4.146728516E+08,-1.01285E+02
4.147033691E+08,-1.05705E+02
4.147338867E+08,-1.01005E+02
4.147644043E+08,-1.03685E+02
4.147949219E+08,-1.08285E+02
4.148254395E+08,-1.17605E+02
4.148559570E+08,-1.21505E+02
4.148864746E+08,-1.12825E+02
4.149169922E+08,-1.08845E+02
4.149475098E+08,-1.08245E+02
4.149780273E+08,-1.09065E+02
4.150085449E+08,-1.06065E+02
4.150390625E+08,-1.00825E+02
4.150695801E+08,-1.00085E+02
4.151000977E+08,-9.84054E+01
4.151306152E+08,-1.00505E+02
4.151611328E+08,-1.08285E+02
4.151916504E+08,-1.10125E+02
4.152221680E+08,-1.07105E+02
4.152526855E+08,-1.11625E+02
4.152832031E+08,-1.01805E+02
4.153137207E+08,-1.07525E+02
4.153442383E+08,-1.10445E+02
4.153747559E+08,-1.10765E+02
4.154052734E+08,-1.16825E+02
4.154357910E+08,-1.02885E+02
4.154663086E+08,-1.01205E+02
4.154968262E+08,-1.07285E+02
4.155273438E+08,-1.15765E+02
4.155578613E+08,-1.21225E+02
4.155883789E+08,-1.09005E+02
4.156188965E+08,-1.07105E+02
4.156494141E+08,-1.03345E+02
4.156799316E+08,-1.04925E+02
4.157104492E+08,-1.07725E+02
4.157409668E+08,-1.05705E+02
4.157714844E+08,-1.07185E+02
4.158020020E+08,-1.09545E+02
4.158325195E+08,-1.08745E+02
4.158630371E+08,-1.09485E+02
4.158935547E+08,-1.08365E+02
4.159240723E+08,-1.04725E+02
4.159545898E+08,-1.04065E+02
4.159851074E+08,-1.16845E+02
4.160156250E+08,-1.06325E+02
4.160461426E+08,-1.03985E+02
4.160766602E+08,-1.08285E+02
4.161071777E+08,-1.06265E+02
4.161376953E+08,-1.05445E+02
4.161682129E+08,-1.16325E+02
4.161987305E+08,-1.09705E+02
4.162292480E+08,-1.10265E+02
4.162597656E+08,-1.10045E+02
4.162902832E+08,-1.07725E+02
4.163208008E+08,-1.08745E+02
4.163513184E+08,-1.18185E+02
4.163818359E+08,-1.09025E+02
4.164123535E+08,-1.03025E+02
4.164428711E+08,-1.02345E+02
4.164733887E+08,-1.03545E+02
4.165039062E+08,-1.14645E+02
4.165344238E+08,-1.11085E+02
4.165649414E+08,-1.07105E+02
4.165954590E+08,-1.17625E+02
4.166259766E+08,-1.13845E+02
4.166564941E+08,-1.15585E+02
4.166870117E+08,-1.16905E+02
4.167175293E+08,-1.14045E+02
4.167480469E+08,-1.03885E+02
4.167785645E+08,-1.03725E+02
4.168090820E+08,-1.05905E+02
4.168395996E+08,-1.08125E+02
4.168701172E+08,-1.05225E+02
4.169006348E+08,-1.04885E+02
4.169311523E+08,-1.05025E+02
4.169616699E+08,-1.05705E+02
4.169921875E+08,-1.04945E+02
4.170227051E+08,-1.02365E+02
4.170532227E+08,-1.04585E+02
4.170837402E+08,-1.09845E+02
4.171142578E+08,-1.05425E+02
4.171447754E+08,-1.21065E+02
4.171752930E+08,-1.16965E+02
4.172058105E+08,-1.13925E+02
4.172363281E+08,-1.15265E+02
4.172668457E+08,-1.02925E+02
4.172973633E+08,-1.01205E+02
4.173278809E+08,-1.10085E+02
4.173583984E+08,-1.07145E+02
4.173889160E+08,-1.00725E+02
4.174194336E+08,-1.02625E+02
4.174499512E+08,-1.09125E+02
4.174804688E+08,-1.11925E+02
4.175109863E+08,-1.06705E+02
4.175415039E+08,-1.00045E+02
4.175720215E+08,-1.02925E+02
4.176025391E+08,-1.17565E+02
4.176330566E+08,-1.09505E+02
4.176635742E+08,-1.09225E+02
4.176940918E+08,-1.06265E+02
4.177246094E+08,-1.03885E+02
4.177551270E+08,-1.03425E+02
4.177856445E+08,-1.02565E+02
4.178161621E+08,-1.06225E+02
4.178466797E+08,-1.23925E+02
4.178771973E+08,-1.13585E+02
4.179077148E+08,-1.11725E+02
4.179382324E+08,-1.11065E+02
4.179687500E+08,-1.11985E+02
4.179992676E+08,-1.09585E+02
4.180297852E+08,-1.04265E+02
4.180603027E+08,-1.05425E+02
4.180908203E+08,-1.13005E+02
4.181213379E+08,-1.11205E+02
4.181518555E+08,-1.12565E+02
4.181823730E+08,-1.03185E+02
4.182128906E+08,-1.03705E+02
4.182434082E+08,-1.09265E+02
4.182739258E+08,-1.05205E+02
4.183044434E+08,-1.06625E+02
4.183349609E+08,-1.11325E+02
4.183654785E+08,-1.05745E+02
4.183959961E+08,-1.08805E+02
4.184265137E+08,-1.06845E+02
4.184570312E+08,-1.06805E+02
4.184875488E+08,-1.02105E+02
4.185180664E+08,-1.01165E+02
4.185485840E+08,-1.09885E+02
4.185791016E+08,-1.12305E+02
4.186096191E+08,-1.16305E+02
4.186401367E+08,-1.14165E+02
4.186706543E+08,-1.06185E+02
4.187011719E+08,-1.08045E+02
4.187316895E+08,-1.02445E+02
4.187622070E+08,-1.02825E+02
4.187927246E+08,-1.06205E+02
4.188232422E+08,-1.09025E+02
4.188537598E+08,-1.01085E+02
4.188842773E+08,-1.08185E+02
4.189147949E+08,-1.09965E+02
4.189453125E+08,-1.07185E+02
4.189758301E+08,-1.17525E+02
4.190063477E+08,-1.05425E+02
4.190368652E+08,-1.08265E+02
4.190673828E+08,-1.04905E+02
4.190979004E+08,-1.08205E+02
4.191284180E+08,-1.04985E+02
4.191589355E+08,-1.12785E+02
4.191894531E+08,-1.08285E+02
4.192199707E+08,-1.09505E+02
4.192504883E+08,-1.06865E+02
4.192810059E+08,-1.07585E+02
4.193115234E+08,-1.12325E+02
4.193420410E+08,-1.12305E+02
4.193725586E+08,-1.14865E+02
4.194030762E+08,-1.11065E+02
4.194335938E+08,-1.15905E+02
4.194641113E+08,-1.12485E+02
4.194946289E+08,-1.03005E+02
4.195251465E+08,-1.00765E+02
4.195556641E+08,-1.06965E+02
4.195861816E+08,-1.12265E+02
4.196166992E+08,-1.04185E+02
4.196472168E+08,-1.04865E+02
4.196777344E+08,-1.18285E+02
4.197082520E+08,-1.02985E+02
4.197387695E+08,-1.01705E+02
4.197692871E+08,-1.10885E+02
4.197998047E+08,-1.04665E+02
4.198303223E+08,-1.06725E+02
4.198608398E+08,-1.12725E+02
4.198913574E+08,-1.19805E+02
4.199218750E+08,-1.07245E+02
4.199523926E+08,-1.11365E+02
4.199829102E+08,-1.17845E+02
4.200134277E+08,-1.07245E+02
4.200439453E+08,-1.02685E+02
4.200744629E+08,-1.01585E+02
4.201049805E+08,-1.01745E+02
4.201354980E+08,-1.02465E+02
4.201660156E+08,-1.08405E+02
4.201965332E+08,-1.12485E+02
4.202270508E+08,-1.09005E+02
4.202575684E+08,-1.05965E+02
4.202880859E+08,-1.07825E+02
4.203186035E+08,-1.04725E+02
4.203491211E+08,-1.09845E+02
4.203796387E+08,-1.12465E+02
4.204101562E+08,-1.15345E+02
4.204406738E+08,-1.11465E+02
4.204711914E+08,-1.13025E+02
4.205017090E+08,-1.13965E+02
4.205322266E+08,-1.11905E+02
4.205627441E+08,-1.08405E+02
4.205932617E+08,-1.04465E+02
4.206237793E+08,-1.01245E+02
4.206542969E+08,-1.04445E+02
4.206848145E+08,-1.10265E+02
4.207153320E+08,-1.09885E+02
4.207458496E+08,-1.07225E+02
4.207763672E+08,-1.05085E+02
4.208068848E+08,-1.11105E+02
4.208374023E+08,-1.06905E+02
4.208679199E+08,-1.06165E+02
4.208984375E+08,-1.08685E+02
4.209289551E+08,-1.25045E+02
4.209594727E+08,-1.13245E+02
4.209899902E+08,-1.05565E+02
4.210205078E+08,-1.07685E+02
4.210510254E+08,-1.16145E+02
4.210815430E+08,-1.18245E+02
4.211120605E+08,-1.02045E+02
4.211425781E+08,-1.01965E+02
4.211730957E+08,-1.06385E+02
4.212036133E+08,-1.04445E+02
4.212341309E+08,-1.03545E+02
4.212646484E+08,-1.08565E+02
4.212951660E+08,-1.11065E+02
4.213256836E+08,-1.12425E+02
4.213562012E+08,-1.09845E+02
4.213867188E+08,-1.09405E+02
4.214172363E+08,-1.02465E+02
4.214477539E+08,-1.06405E+02
4.214782715E+08,-1.00965E+02
4.215087891E+08,-1.01365E+02
4.215393066E+08,-1.02185E+02
4.215698242E+08,-1.10585E+02
4.216003418E+08,-1.07985E+02
4.216308594E+08,-1.09405E+02
4.216613770E+08,-1.09505E+02
4.216918945E+08,-1.04965E+02
4.217224121E+08,-1.24425E+02
4.217529297E+08,-1.18105E+02
4.217834473E+08,-1.23265E+02
4.218139648E+08,-1.22645E+02
4.218444824E+08,-1.13765E+02
4.218750000E+08,-1.17365E+02
4.219055176E+08,-1.08005E+02
4.219360352E+08,-1.12625E+02
4.219665527E+08,-1.17385E+02
4.219970703E+08,-1.12365E+02
4.220275879E+08,-1.11985E+02
4.220581055E+08,-1.24525E+02
4.220886230E+08,-1.09105E+02
4.221191406E+08,-1.04585E+02
4.221496582E+08,-1.11265E+02
4.221801758E+08,-1.02885E+02
4.222106934E+08,-1.02845E+02
4.222412109E+08,-1.16685E+02
4.222717285E+08,-1.12065E+02
4.223022461E+08,-1.06965E+02
4.223327637E+08,-1.12765E+02
4.223632812E+08,-1.03565E+02
4.223937988E+08,-1.01785E+02
4.224243164E+08,-1.07105E+02
4.224548340E+08,-1.03465E+02
4.224853516E+08,-1.04225E+02
4.225158691E+08,-1.11525E+02
4.225463867E+08,-1.09485E+02
4.225769043E+08,-1.07845E+02
4.226074219E+08,-1.08785E+02
4.226379395E+08,-1.06865E+02
4.226684570E+08,-1.08545E+02
4.226989746E+08,-1.08325E+02
4.227294922E+08,-1.06225E+02
4.227600098E+08,-1.12565E+02
4.227905273E+08,-1.08005E+02
4.228210449E+08,-1.15925E+02
4.228515625E+08,-1.16405E+02
4.228820801E+08,-1.36785E+02
4.229125977E+08,-1.12105E+02
4.229431152E+08,-1.10985E+02
4.229736328E+08,-1.04945E+02
4.230041504E+08,-1.05065E+02
4.230346680E+08,-1.06745E+02
4.230651855E+08,-1.12425E+02
4.230957031E+08,-1.08465E+02
4.231262207E+08,-1.05725E+02
4.231567383E+08,-1.10905E+02
4.231872559E+08,-1.09845E+02
4.232177734E+08,-1.10465E+02
4.232482910E+08,-1.05745E+02
4.232788086E+08,-1.07745E+02
4.233093262E+08,-1.08605E+02
4.233398438E+08,-1.14885E+02
4.233703613E+08,-1.04065E+02
4.234008789E+08,-1.03465E+02
4.234313965E+08,-1.04945E+02
4.234619141E+08,-1.17085E+02
4.234924316E+08,-1.03345E+02
4.235229492E+08,-1.10565E+02
4.235534668E+08,-1.06725E+02
4.235839844E+08,-1.09665E+02
4.236145020E+08,-1.06845E+02
4.236450195E+08,-1.11925E+02
4.236755371E+08,-1.11745E+02
4.237060547E+08,-1.15165E+02
4.237365723E+08,-1.14045E+02
4.237670898E+08,-1.15325E+02
4.237976074E+08,-1.18605E+02
4.238281250E+08,-1.12165E+02
4.238586426E+08,-1.14125E+02
4.238891602E+08,-1.09665E+02
4.239196777E+08,-1.11005E+02
4.239501953E+08,-1.13905E+02
4.239807129E+08,-1.04165E+02
4.240112305E+08,-1.12845E+02
4.240417480E+08,-1.18865E+02
4.240722656E+08,-1.13945E+02
4.241027832E+08,-1.20045E+02
4.241333008E+08,-1.11265E+02
4.241638184E+08,-1.11365E+02
4.241943359E+08,-1.12985E+02
4.242248535E+08,-1.16525E+02
4.242553711E+08,-1.07745E+02
4.242858887E+08,-1.07745E+02
4.243164062E+08,-1.08325E+02
4.243469238E+08,-1.02285E+02
4.243774414E+08,-1.10625E+02
4.244079590E+08,-1.13365E+02
4.244384766E+08,-1.07265E+02
4.244689941E+08,-1.00605E+02
4.244995117E+08,-1.03765E+02
4.245300293E+08,-1.04925E+02
4.245605469E+08,-1.00125E+02
4.245910645E+08,-1.00385E+02
4.246215820E+08,-1.09005E+02
4.246520996E+08,-1.09665E+02
4.246826172E+08,-1.04725E+02
4.247131348E+08,-1.03665E+02
4.247436523E+08,-1.02785E+02
4.247741699E+08,-1.04625E+02
4.248046875E+08,-1.12845E+02
4.248352051E+08,-1.05045E+02
4.248657227E+08,-1.07805E+02
4.248962402E+08,-1.07745E+02
4.249267578E+08,-1.07865E+02
4.249572754E+08,-1.18605E+02
4.249877930E+08,-1.14605E+02
4.250183105E+08,-1.10985E+02
4.250488281E+08,-1.10685E+02
4.250793457E+08,-1.07125E+02
4.251098633E+08,-1.05625E+02
4.251403809E+08,-1.03165E+02
4.251708984E+08,-1.00865E+02
4.252014160E+08,-1.04385E+02
4.252319336E+08,-1.13025E+02
4.252624512E+08,-1.18605E+02
4.252929688E+08,-1.11225E+02
4.253234863E+08,-1.06865E+02
4.253540039E+08,-1.10865E+02
4.253845215E+08,-1.09025E+02
4.254150391E+08,-1.05005E+02
4.254455566E+08,-1.03205E+02
4.254760742E+08,-1.12445E+02
4.255065918E+08,-1.13845E+02
4.255371094E+08,-1.07385E+02
4.255676270E+08,-1.06425E+02
4.255981445E+08,-1.09345E+02
4.256286621E+08,-1.05645E+02
4.256591797E+08,-1.08005E+02
4.256896973E+08,-1.13885E+02
4.257202148E+08,-1.06345E+02
4.257507324E+08,-1.17025E+02
4.257812500E+08,-1.12545E+02
4.258117676E+08,-1.25005E+02
4.258422852E+08,-1.09365E+02
4.258728027E+08,-1.09885E+02
4.259033203E+08,-1.06085E+02
4.259338379E+08,-1.00585E+02
4.259643555E+08,-1.02105E+02
4.259948730E+08,-1.05065E+02
4.260253906E+08,-1.00645E+02
4.260559082E+08,-1.01025E+02
4.260864258E+08,-1.07265E+02
4.261169434E+08,-1.02145E+02
4.261474609E+08,-1.01405E+02
4.261779785E+08,-1.02605E+02
4.262084961E+08,-1.02025E+02
4.262390137E+08,-1.07585E+02
4.262695312E+08,-1.07585E+02
4.263000488E+08,-1.10085E+02
4.263305664E+08,-1.18365E+02
4.263610840E+08,-1.16165E+02
4.263916016E+08,-1.07465E+02
4.264221191E+08,-1.06465E+02
4.264526367E+08,-1.02365E+02
4.264831543E+08,-1.05365E+02
4.265136719E+08,-1.11885E+02
4.265441895E+08,-1.15405E+02
4.265747070E+08,-1.03805E+02
4.266052246E+08,-1.02145E+02
4.266357422E+08,-1.10265E+02
4.266662598E+08,-1.14225E+02
4.266967773E+08,-1.12165E+02
4.267272949E+08,-1.14365E+02
4.267578125E+08,-1.09745E+02
4.267883301E+08,-1.05425E+02
4.268188477E+08,-1.03705E+02
4.268493652E+08,-1.05765E+02
4.268798828E+08,-1.19025E+02
4.269104004E+08,-1.17245E+02
4.269409180E+08,-1.10305E+02
4.269714355E+08,-1.09205E+02
4.270019531E+08,-1.08105E+02
4.270324707E+08,-1.30885E+02
4.270629883E+08,-1.13905E+02
4.270935059E+08,-1.18545E+02
4.271240234E+08,-1.13465E+02
4.271545410E+08,-1.14305E+02
4.271850586E+08,-1.03105E+02
4.272155762E+08,-9.95454E+01
4.272460938E+08,-1.01445E+02
4.272766113E+08,-1.02825E+02
4.273071289E+08,-1.00745E+02
4.273376465E+08,-1.01185E+02
4.273681641E+08,-1.03725E+02
4.273986816E+08,-1.12725E+02
4.274291992E+08,-1.09965E+02
4.274597168E+08,-1.02685E+02
4.274902344E+08,-1.04565E+02
4.275207520E+08,-1.05065E+02
4.275512695E+08,-1.07925E+02
4.275817871E+08,-1.07065E+02
4.276123047E+08,-1.01145E+02
4.276428223E+08,-1.09845E+02
4.276733398E+08,-1.15825E+02
4.277038574E+08,-1.08525E+02
4.277343750E+08,-1.07985E+02
4.277648926E+08,-1.05825E+02
4.277954102E+08,-1.07665E+02
4.278259277E+08,-1.10005E+02
4.278564453E+08,-1.06805E+02
4.278869629E+08,-1.15405E+02
4.279174805E+08,-1.11285E+02
4.279479980E+08,-1.16245E+02
4.279785156E+08,-1.12705E+02
4.280090332E+08,-1.18965E+02
4.280395508E+08,-1.10905E+02
4.280700684E+08,-1.17545E+02
4.281005859E+08,-1.06685E+02
4.281311035E+08,-1.02185E+02
4.281616211E+08,-1.12425E+02
4.281921387E+08,-1.12185E+02
4.282226562E+08,-1.17265E+02
4.282531738E+08,-1.09485E+02
4.282836914E+08,-1.08165E+02
4.283142090E+08,-1.16505E+02
4.283447266E+08,-1.16225E+02
4.283752441E+08,-1.07345E+02
4.284057617E+08,-1.07365E+02
4.284362793E+08,-1.05585E+02
4.284667969E+08,-1.05625E+02
4.284973145E+08,-1.06505E+02
4.285278320E+08,-1.11185E+02
4.285583496E+08,-1.12965E+02
4.285888672E+08,-1.10985E+02
4.286193848E+08,-1.07185E+02
4.286499023E+08,-1.02925E+02
4.286804199E+08,-1.22065E+02
4.287109375E+08,-1.10905E+02
4.287414551E+08,-1.14745E+02
4.287719727E+08,-1.11505E+02
4.288024902E+08,-1.02685E+02
4.288330078E+08,-1.00625E+02
4.288635254E+08,-1.03805E+02
4.288940430E+08,-1.04705E+02
4.289245605E+08,-1.03945E+02
4.289550781E+08,-1.07065E+02
4.289855957E+08,-1.11085E+02
4.290161133E+08,-1.15645E+02
4.290466309E+08,-1.10385E+02
4.290771484E+08,-1.20905E+02
4.291076660E+08,-1.10305E+02
4.291381836E+08,-1.09345E+02
4.291687012E+08,-1.15085E+02
4.291992188E+08,-1.07325E+02
4.292297363E+08,-1.05265E+02
4.292602539E+08,-1.08865E+02
4.292907715E+08,-1.19545E+02
4.293212891E+08,-1.10045E+02
4.293518066E+08,-1.04785E+02
4.293823242E+08,-1.07165E+02
4.294128418E+08,-1.08185E+02
4.294433594E+08,-1.08685E+02
4.294738770E+08,-1.06965E+02
4.295043945E+08,-1.06925E+02
4.295349121E+08,-1.05805E+02
4.295654297E+08,-1.14245E+02
4.295959473E+08,-1.10505E+02
4.296264648E+08,-1.07285E+02
4.296569824E+08,-1.05005E+02
4.296875000E+08,-1.02065E+02
4.297180176E+08,-1.04865E+02
4.297485352E+08,-1.17425E+02
4.297790527E+08,-1.15645E+02
4.298095703E+08,-1.12665E+02
4.298400879E+08,-1.26065E+02
4.298706055E+08,-1.09845E+02
4.299011230E+08,-1.05525E+02
4.299316406E+08,-1.03725E+02
4.299621582E+08,-1.04225E+02
4.299926758E+08,-1.07005E+02
4.300231934E+08,-1.08365E+02
4.300537109E+08,-1.11985E+02
4.300842285E+08,-1.05705E+02
4.301147461E+08,-1.07805E+02
4.301452637E+08,-1.12265E+02
4.301757812E+08,-1.06685E+02
4.302062988E+08,-1.23645E+02
4.302368164E+08,-1.07465E+02
4.302673340E+08,-1.10005E+02
4.302978516E+08,-1.21645E+02
4.303283691E+08,-1.20045E+02
4.303588867E+08,-1.13385E+02
4.303894043E+08,-1.08945E+02
4.304199219E+08,-1.11025E+02
4.304504395E+08,-1.09485E+02
4.304809570E+08,-1.05225E+02
4.305114746E+08,-1.04465E+02
4.305419922E+08,-1.04525E+02
4.305725098E+08,-1.03505E+02
4.306030273E+08,-9.98454E+01
4.306335449E+08,-1.02165E+02
4.306640625E+08,-1.11045E+02
4.306945801E+08,-1.14005E+02
4.307250977E+08,-1.05325E+02
4.307556152E+08,-1.03465E+02
4.307861328E+08,-1.04105E+02
4.308166504E+08,-1.06705E+02
4.308471680E+08,-1.12105E+02
4.308776855E+08,-1.11305E+02
4.309082031E+08,-1.08465E+02
4.309387207E+08,-1.26945E+02
4.309692383E+08,-1.07405E+02
4.309997559E+08,-1.06965E+02
4.310302734E+08,-1.09805E+02
4.310607910E+08,-1.10565E+02
4.310913086E+08,-1.11785E+02
4.311218262E+08,-1.03265E+02
4.311523438E+08,-1.07605E+02
4.311828613E+08,-1.02105E+02
4.312133789E+08,-1.01925E+02
4.312438965E+08,-1.02425E+02
4.312744141E+08,-1.07225E+02
4.313049316E+08,-1.16905E+02
4.313354492E+08,-1.13325E+02
4.313659668E+08,-1.08025E+02
4.313964844E+08,-1.13725E+02
4.314270020E+08,-1.05085E+02
4.314575195E+08,-1.01865E+02
4.314880371E+08,-1.02405E+02
4.315185547E+08,-1.05805E+02
4.315490723E+08,-1.05785E+02
4.315795898E+08,-1.12305E+02
4.316101074E+08,-1.08625E+02
4.316406250E+08,-1.01085E+02
4.316711426E+08,-1.05245E+02
4.317016602E+08,-1.08265E+02
4.317321777E+08,-1.06265E+02
4.317626953E+08,-1.12205E+02
4.317932129E+08,-1.03905E+02
4.318237305E+08,-1.03985E+02
4.318542480E+08,-1.09025E+02
4.318847656E+08,-1.07025E+02
4.319152832E+08,-1.04565E+02
4.319458008E+08,-1.10125E+02
4.319763184E+08,-1.10045E+02
4.320068359E+08,-1.07285E+02
4.320373535E+08,-1.06165E+02
4.320678711E+08,-1.15985E+02
4.320983887E+08,-1.11345E+02
4.321289062E+08,-1.07545E+02
4.321594238E+08,-1.12225E+02
4.321899414E+08,-1.01865E+02
4.322204590E+08,-1.10525E+02
4.322509766E+08,-1.06525E+02
4.322814941E+08,-1.01845E+02
4.323120117E+08,-1.07665E+02
4.323425293E+08,-1.08845E+02
4.323730469E+08,-1.05585E+02
4.324035645E+08,-1.06585E+02
4.324340820E+08,-1.06665E+02
4.324645996E+08,-1.09625E+02
4.324951172E+08,-1.13045E+02
4.325256348E+08,-1.13165E+02
4.325561523E+08,-1.21945E+02
4.325866699E+08,-1.21885E+02
4.326171875E+08,-1.05685E+02
4.326477051E+08,-1.05485E+02
4.326782227E+08,-1.10425E+02
4.327087402E+08,-1.11445E+02
4.327392578E+08,-1.20045E+02
4.327697754E+08,-1.07445E+02
4.328002930E+08,-1.05765E+02
4.328308105E+08,-1.06505E+02
4.328613281E+08,-1.07685E+02
4.328918457E+08,-1.04425E+02
4.329223633E+08,-1.05325E+02
4.329528809E+08,-1.05745E+02
4.329833984E+08,-1.02105E+02
4.330139160E+08,-1.05525E+02
4.330444336E+08,-1.08745E+02
4.330749512E+08,-1.05705E+02
4.331054688E+08,-1.08465E+02
4.331359863E+08,-1.04385E+02
4.331665039E+08,-1.12065E+02
4.331970215E+08,-1.08045E+02
4.332275391E+08,-1.07005E+02
4.332580566E+08,-1.12485E+02
4.332885742E+08,-1.06725E+02
4.333190918E+08,-9.77454E+01
4.333496094E+08,-9.82854E+01
4.333801270E+08,-1.05465E+02
4.334106445E+08,-1.04545E+02
4.334411621E+08,-1.04745E+02
4.334716797E+08,-1.03945E+02
4.335021973E+08,-1.07525E+02
4.335327148E+08,-1.02845E+02
4.335632324E+08,-1.04625E+02
4.335937500E+08,-1.07945E+02
4.336242676E+08,-1.17025E+02
4.336547852E+08,-1.10665E+02
4.336853027E+08,-1.04545E+02
4.337158203E+08,-1.09625E+02
4.337463379E+08,-1.20305E+02
4.337768555E+08,-1.11145E+02
4.338073730E+08,-1.02925E+02
4.338378906E+08,-1.02505E+02
4.338684082E+08,-1.08565E+02
4.338989258E+08,-1.07685E+02
4.339294434E+08,-1.00485E+02
4.339599609E+08,-1.01565E+02
4.339904785E+08,-1.09105E+02
4.340209961E+08,-1.11145E+02
4.340515137E+08,-1.08485E+02
4.340820312E+08,-1.09345E+02
4.341125488E+08,-1.05625E+02
4.341430664E+08,-1.05105E+02
4.341735840E+08,-1.04905E+02
4.342041016E+08,-1.10905E+02
4.342346191E+08,-1.04485E+02
4.342651367E+08,-1.06525E+02
4.342956543E+08,-1.13385E+02
4.343261719E+08,-1.05505E+02
4.343566895E+08,-1.05765E+02
4.343872070E+08,-1.06525E+02
4.344177246E+08,-1.01565E+02
4.344482422E+08,-1.10345E+02
4.344787598E+08,-1.08405E+02
4.345092773E+08,-1.16745E+02
4.345397949E+08,-1.06405E+02
4.345703125E+08,-1.13245E+02
4.346008301E+08,-1.17785E+02
4.346313477E+08,-1.13225E+02
4.346618652E+08,-1.11225E+02
4.346923828E+08,-1.02725E+02
4.347229004E+08,-1.01825E+02
4.347534180E+08,-1.02265E+02
4.347839355E+08,-1.02985E+02
4.348144531E+08,-1.08605E+02
4.348449707E+08,-1.14905E+02
4.348754883E+08,-1.13365E+02
4.349060059E+08,-1.17225E+02
4.349365234E+08,-1.22125E+02
4.349670410E+08,-1.09845E+02
4.349975586E+08,-1.02465E+02
4.350280762E+08,-1.07285E+02
4.350585938E+08,-1.10125E+02
4.350891113E+08,-1.10625E+02
4.351196289E+08,-1.24005E+02
4.351501465E+08,-1.07445E+02
4.351806641E+08,-1.02785E+02
4.352111816E+08,-1.01585E+02
4.352416992E+08,-1.09545E+02
4.352722168E+08,-1.46325E+02
4.353027344E+08,-1.12685E+02
4.353332520E+08,-1.03685E+02
4.353637695E+08,-1.13425E+02
4.353942871E+08,-1.04805E+02
4.354248047E+08,-1.05285E+02
4.354553223E+08,-1.06085E+02
4.354858398E+08,-1.05385E+02
4.355163574E+08,-1.04665E+02
4.355468750E+08,-1.01985E+02
4.355773926E+08,-1.06025E+02
4.356079102E+08,-1.04005E+02
4.356384277E+08,-1.04585E+02
4.356689453E+08,-1.03945E+02
4.356994629E+08,-1.06485E+02
4.357299805E+08,-1.03585E+02
4.357604980E+08,-1.04045E+02
4.357910156E+08,-1.07785E+02
4.358215332E+08,-1.26005E+02
4.358520508E+08,-1.07365E+02
4.358825684E+08,-1.11645E+02
4.359130859E+08,-1.09125E+02
4.359436035E+08,-1.07065E+02
4.359741211E+08,-1.08165E+02
4.360046387E+08,-1.14165E+02
4.360351562E+08,-1.16705E+02
4.360656738E+08,-1.32945E+02
4.360961914E+08,-1.15985E+02
4.361267090E+08,-1.09765E+02
4.361572266E+08,-1.09405E+02
4.361877441E+08,-1.17985E+02
4.362182617E+08,-1.09065E+02
4.362487793E+08,-1.08045E+02
4.362792969E+08,-1.11205E+02
4.363098145E+08,-1.15365E+02
4.363403320E+08,-1.06105E+02
4.363708496E+08,-1.14885E+02
4.364013672E+08,-1.09545E+02
4.364318848E+08,-1.10545E+02
4.364624023E+08,-1.46165E+02
4.364929199E+08,-1.19405E+02
4.365234375E+08,-1.08085E+02
4.365539551E+08,-1.06665E+02
4.365844727E+08,-1.02185E+02
4.366149902E+08,-1.02385E+02
4.366455078E+08,-1.04065E+02
4.366760254E+08,-1.06445E+02
4.367065430E+08,-1.04325E+02
4.367370605E+08,-1.25505E+02
4.367675781E+08,-1.13985E+02
4.367980957E+08,-1.04905E+02
4.368286133E+08,-1.06305E+02
4.368591309E+08,-1.08265E+02
4.368896484E+08,-1.15165E+02
4.369201660E+08,-1.11965E+02
4.369506836E+08,-1.07445E+02
4.369812012E+08,-1.01825E+02
4.370117188E+08,-9.95054E+01
4.370422363E+08,-1.03245E+02
4.370727539E+08,-1.07365E+02
4.371032715E+08,-1.02105E+02
4.371337891E+08,-1.06145E+02
4.371643066E+08,-1.09505E+02
4.371948242E+08,-1.09105E+02
4.372253418E+08,-1.08425E+02
4.372558594E+08,-1.17145E+02
4.372863770E+08,-1.11785E+02
4.373168945E+08,-1.05825E+02
4.373474121E+08,-9.95854E+01
4.373779297E+08,-1.00565E+02
4.374084473E+08,-1.05565E+02
4.374389648E+08,-1.22125E+02
4.374694824E+08,-9.85454E+01
4.375000000E+08,-9.58654E+01
4.375305176E+08,-1.04605E+02
4.375610352E+08,-1.07925E+02
4.375915527E+08,-1.04165E+02
4.376220703E+08,-1.04845E+02
4.376525879E+08,-1.17925E+02
4.376831055E+08,-1.04705E+02
4.377136230E+08,-1.08485E+02
4.377441406E+08,-1.14305E+02
4.377746582E+08,-1.08525E+02
4.378051758E+08,-1.04125E+02
4.378356934E+08,-1.03365E+02
4.378662109E+08,-1.04745E+02
4.378967285E+08,-1.09485E+02
4.379272461E+08,-1.14465E+02
4.379577637E+08,-1.03205E+02
4.379882812E+08,-1.02725E+02
4.380187988E+08,-1.18105E+02
4.380493164E+08,-1.16305E+02
4.380798340E+08,-1.14565E+02
4.381103516E+08,-1.06245E+02
4.381408691E+08,-1.11845E+02
4.381713867E+08,-1.03205E+02
4.382019043E+08,-1.06565E+02
4.382324219E+08,-1.12665E+02
4.382629395E+08,-1.16845E+02
4.382934570E+08,-1.06405E+02
4.383239746E+08,-1.09745E+02
4.383544922E+08,-1.20085E+02
4.383850098E+08,-1.18685E+02
4.384155273E+08,-1.24425E+02
4.384460449E+08,-1.04965E+02
4.384765625E+08,-1.02785E+02
4.385070801E+08,-1.11225E+02
4.385375977E+08,-1.06805E+02
4.385681152E+08,-1.13425E+02
4.385986328E+08,-1.04005E+02
4.386291504E+08,-1.03125E+02
4.386596680E+08,-1.12425E+02
4.386901855E+08,-1.10125E+02
4.387207031E+08,-1.08525E+02
4.387512207E+08,-1.12685E+02
4.387817383E+08,-1.11685E+02
4.388122559E+08,-1.10225E+02
4.388427734E+08,-1.19585E+02
4.388732910E+08,-1.10585E+02
4.389038086E+08,-1.11665E+02
4.389343262E+08,-1.06985E+02
4.389648438E+08,-1.08265E+02
4.389953613E+08,-1.05265E+02
4.390258789E+08,-1.08685E+02
4.390563965E+08,-1.08745E+02
4.390869141E+08,-1.03025E+02
4.391174316E+08,-1.05685E+02
4.391479492E+08,-1.04025E+02
4.391784668E+08,-1.03985E+02
4.392089844E+08,-1.09805E+02
4.392395020E+08,-1.10645E+02
4.392700195E+08,-1.08045E+02
4.393005371E+08,-1.16845E+02
4.393310547E+08,-1.07725E+02
4.393615723E+08,-1.14845E+02
4.393920898E+08,-1.06205E+02
4.394226074E+08,-1.02285E+02
4.394531250E+08,-1.06705E+02
4.394836426E+08,-1.09505E+02
4.395141602E+08,-1.05645E+02
4.395446777E+08,-1.23225E+02
4.395751953E+08,-1.06425E+02
4.396057129E+08,-1.05825E+02
4.396362305E+08,-1.09765E+02
4.396667480E+08,-1.08165E+02
4.396972656E+08,-1.13045E+02
4.397277832E+08,-1.08105E+02
4.397583008E+08,-1.08325E+02
4.397888184E+08,-1.05465E+02
4.398193359E+08,-1.04505E+02
4.398498535E+08,-1.08685E+02
4.398803711E+08,-1.08605E+02
4.399108887E+08,-1.14105E+02
4.399414062E+08,-1.18845E+02
4.399719238E+08,-1.25585E+02
4.400024414E+08,-1.17745E+02
4.400329590E+08,-1.20585E+02
4.400634766E+08,-1.09705E+02
4.400939941E+08,-1.06125E+02
4.401245117E+08,-1.14025E+02
4.401550293E+08,-1.16405E+02
4.401855469E+08,-1.12665E+02
4.402160645E+08,-1.28805E+02
4.402465820E+08,-1.16425E+02
4.402770996E+08,-1.14345E+02
4.403076172E+08,-1.06265E+02
4.403381348E+08,-1.02485E+02
4.403686523E+08,-1.00045E+02
4.403991699E+08,-1.11045E+02
4.404296875E+08,-1.10685E+02
4.404602051E+08,-1.11945E+02
4.404907227E+08,-1.07105E+02
4.405212402E+08,-1.08125E+02
4.405517578E+08,-1.16105E+02
4.405822754E+08,-1.12245E+02
4.406127930E+08,-1.04205E+02
4.406433105E+08,-1.04945E+02
4.406738281E+08,-1.13325E+02
4.407043457E+08,-1.08365E+02
4.407348633E+08,-1.05905E+02
4.407653809E+08,-1.01345E+02
4.407958984E+08,-1.06765E+02
4.408264160E+08,-1.04885E+02
4.408569336E+08,-1.04885E+02
4.408874512E+08,-1.09885E+02
4.409179688E+08,-1.06405E+02
4.409484863E+08,-1.09365E+02
4.409790039E+08,-1.07145E+02
4.410095215E+08,-1.06525E+02
4.410400391E+08,-1.08945E+02
4.410705566E+08,-1.03905E+02
4.411010742E+08,-1.04725E+02
4.411315918E+08,-1.05625E+02
4.411621094E+08,-1.05025E+02
4.411926270E+08,-1.00605E+02
4.412231445E+08,-1.02185E+02
4.412536621E+08,-1.15125E+02
4.412841797E+08,-1.04445E+02
4.413146973E+08,-1.05985E+02
4.413452148E+08,-1.06105E+02
4.413757324E+08,-1.03045E+02
4.414062500E+08,-1.03765E+02
4.414367676E+08,-1.07985E+02
4.414672852E+08,-1.12825E+02
4.414978027E+08,-1.11705E+02
4.415283203E+08,-1.13585E+02
4.415588379E+08,-1.17345E+02
4.415893555E+08,-1.08945E+02
4.416198730E+08,-1.20625E+02
4.416503906E+08,-1.11385E+02
4.416809082E+08,-1.16025E+02
4.417114258E+08,-1.09625E+02
4.417419434E+08,-1.19805E+02
4.417724609E+08,-1.13425E+02
4.418029785E+08,-1.12005E+02
4.418334961E+08,-1.03085E+02
4.418640137E+08,-1.01885E+02
4.418945312E+08,-1.01965E+02
4.419250488E+08,-1.02885E+02
4.419555664E+08,-1.06405E+02
4.419860840E+08,-1.24905E+02
4.420166016E+08,-1.10085E+02
4.420471191E+08,-1.07945E+02
4.420776367E+08,-1.01025E+02
4.421081543E+08,-1.03305E+02
4.421386719E+08,-1.06725E+02
4.421691895E+08,-1.05825E+02
4.421997070E+08,-1.13145E+02
4.422302246E+08,-1.04165E+02
4.422607422E+08,-1.01085E+02
4.422912598E+08,-1.10885E+02
4.423217773E+08,-1.19025E+02
4.423522949E+08,-1.26505E+02
4.423828125E+08,-1.05285E+02
4.424133301E+08,-1.01365E+02
4.424438477E+08,-1.07025E+02
4.424743652E+08,-1.10565E+02
4.425048828E+08,-1.06685E+02
4.425354004E+08,-1.01845E+02
4.425659180E+08,-1.01625E+02
4.425964355E+08,-1.05525E+02
4.426269531E+08,-1.18865E+02
4.426574707E+08,-1.13385E+02
4.426879883E+08,-1.22805E+02
4.427185059E+08,-1.06565E+02
4.427490234E+08,-1.08325E+02
4.427795410E+08,-1.25725E+02
4.428100586E+08,-1.14605E+02
4.428405762E+08,-1.19445E+02
4.428710938E+08,-1.21445E+02
4.429016113E+08,-1.08205E+02
4.429321289E+08,-1.02905E+02
4.429626465E+08,-1.12585E+02
4.429931641E+08,-1.10825E+02
4.430236816E+08,-1.04605E+02
4.430541992E+08,-1.07125E+02
4.430847168E+08,-1.13305E+02
4.431152344E+08,-1.06525E+02
4.431457520E+08,-1.03245E+02
4.431762695E+08,-1.01365E+02
4.432067871E+08,-1.01685E+02
4.432373047E+08,-1.04665E+02
4.432678223E+08,-1.08745E+02
4.432983398E+08,-1.19405E+02
4.433288574E+08,-1.11365E+02
4.433593750E+08,-1.11385E+02
4.433898926E+08,-1.03105E+02
4.434204102E+08,-1.07825E+02
4.434509277E+08,-1.09205E+02
4.434814453E+08,-1.20045E+02
4.435119629E+08,-1.10425E+02
4.435424805E+08,-1.09885E+02
4.435729980E+08,-1.06885E+02
4.436035156E+08,-1.09445E+02
4.436340332E+08,-1.26945E+02
4.436645508E+08,-1.06685E+02
4.436950684E+08,-1.14845E+02
4.437255859E+08,-1.10585E+02
4.437561035E+08,-1.09745E+02
4.437866211E+08,-1.23625E+02
4.438171387E+08,-1.09065E+02
4.438476562E+08,-1.05085E+02
4.438781738E+08,-1.09225E+02
4.439086914E+08,-1.12425E+02
4.439392090E+08,-1.10325E+02
4.439697266E+08,-1.06605E+02
4.440002441E+08,-1.00185E+02
4.440307617E+08,-1.03845E+02
4.440612793E+08,-1.07465E+02
4.440917969E+08,-1.02185E+02
4.441223145E+08,-1.03325E+02
4.441528320E+08,-1.14365E+02
4.441833496E+08,-1.08025E+02
4.442138672E+08,-1.16165E+02
4.442443848E+08,-1.07585E+02
4.442749023E+08,-1.05785E+02
4.443054199E+08,-1.04865E+02
4.443359375E+08,-1.08625E+02
4.443664551E+08,-1.09305E+02
4.443969727E+08,-1.09365E+02
4.444274902E+08,-1.06285E+02
4.444580078E+08,-1.12785E+02
4.444885254E+08,-1.10505E+02
4.445190430E+08,-1.10805E+02
4.445495605E+08,-1.11985E+02
4.445800781E+08,-1.08345E+02
4.446105957E+08,-1.10465E+02
4.446411133E+08,-1.02545E+02
4.446716309E+08,-1.01545E+02
4.447021484E+08,-1.01925E+02
4.447326660E+08,-1.03665E+02
4.447631836E+08,-1.07625E+02
4.447937012E+08,-1.09405E+02
4.448242188E+08,-1.08205E+02
4.448547363E+08,-1.04905E+02
4.448852539E+08,-1.02125E+02
4.449157715E+08,-1.06465E+02
4.449462891E+08,-1.11345E+02
4.449768066E+08,-1.10185E+02
4.450073242E+08,-1.03725E+02
4.450378418E+08,-1.04525E+02
4.450683594E+08,-1.31105E+02
4.450988770E+08,-1.20045E+02
4.451293945E+08,-1.07005E+02
4.451599121E+08,-1.32445E+02
4.451904297E+08,-1.04605E+02
4.452209473E+08,-1.05485E+02
4.452514648E+08,-1.08345E+02
4.452819824E+08,-1.08165E+02
4.453125000E+08,-1.08005E+02
4.453430176E+08,-1.08565E+02
4.453735352E+08,-1.13725E+02
4.454040527E+08,-1.10385E+02
4.454345703E+08,-1.10185E+02
4.454650879E+08,-1.16925E+02
4.454956055E+08,-1.13465E+02
4.455261230E+08,-1.14365E+02
4.455566406E+08,-1.03845E+02
4.455871582E+08,-1.03965E+02
4.456176758E+08,-1.06585E+02
4.456481934E+08,-1.05985E+02
4.456787109E+08,-1.05105E+02
4.457092285E+08,-1.08605E+02
4.457397461E+08,-1.15025E+02
4.457702637E+08,-1.03785E+02
4.458007812E+08,-1.00265E+02
4.458312988E+08,-1.01025E+02
4.458618164E+08,-1.02605E+02
4.458923340E+08,-1.12845E+02
4.459228516E+08,-1.04865E+02
4.459533691E+08,-1.03805E+02
4.459838867E+08,-1.19705E+02
4.460144043E+08,-1.07545E+02
4.460449219E+08,-1.08725E+02
4.460754395E+08,-1.09125E+02
4.461059570E+08,-1.10885E+02
4.461364746E+08,-1.10525E+02
4.461669922E+08,-1.02725E+02
4.461975098E+08,-1.01705E+02
4.462280273E+08,-1.04145E+02
4.462585449E+08,-1.04545E+02
4.462890625E+08,-1.08745E+02
4.463195801E+08,-1.11025E+02
4.463500977E+08,-1.04465E+02
4.463806152E+08,-1.08565E+02
4.464111328E+08,-1.38685E+02
4.464416504E+08,-1.20965E+02
4.464721680E+08,-1.10125E+02
4.465026855E+08,-1.04205E+02
4.465332031E+08,-1.03065E+02
4.465637207E+08,-1.08945E+02
4.465942383E+08,-1.08865E+02
4.466247559E+08,-1.02525E+02
4.466552734E+08,-1.03325E+02
4.466857910E+08,-1.12905E+02
4.467163086E+08,-1.13025E+02
4.467468262E+08,-1.08685E+02
4.467773438E+08,-1.06985E+02
4.468078613E+08,-1.05785E+02
4.468383789E+08,-1.11765E+02
4.468688965E+08,-1.12605E+02
4.468994141E+08,-1.12565E+02
4.469299316E+08,-1.05505E+02
4.469604492E+08,-1.03405E+02
4.469909668E+08,-1.13785E+02
4.470214844E+08,-1.07005E+02
4.470520020E+08,-1.04045E+02
4.470825195E+08,-1.05025E+02
4.471130371E+08,-1.04885E+02
4.471435547E+08,-1.07285E+02
4.471740723E+08,-1.08105E+02
4.472045898E+08,-1.14985E+02
4.472351074E+08,-1.10085E+02
4.472656250E+08,-1.08405E+02
4.472961426E+08,-1.05165E+02
4.473266602E+08,-1.03585E+02
4.473571777E+08,-1.01505E+02
4.473876953E+08,-1.00965E+02
4.474182129E+08,-1.09885E+02
4.474487305E+08,-1.05785E+02
4.474792480E+08,-1.03645E+02
4.475097656E+08,-1.05585E+02
4.475402832E+08,-1.17325E+02
4.475708008E+08,-1.07985E+02
4.476013184E+08,-1.15085E+02
4.476318359E+08,-1.14825E+02
4.476623535E+08,-1.11045E+02
4.476928711E+08,-1.16385E+02
4.477233887E+08,-1.16065E+02
4.477539062E+08,-1.11005E+02
4.477844238E+08,-1.09625E+02
4.478149414E+08,-1.10265E+02
4.478454590E+08,-1.03865E+02
4.478759766E+08,-9.99254E+01
4.479064941E+08,-1.03345E+02
4.479370117E+08,-1.05165E+02
4.479675293E+08,-1.03625E+02
4.479980469E+08,-1.05885E+02
4.480285645E+08,-1.08685E+02
4.480590820E+08,-1.20985E+02
4.480895996E+08,-1.07805E+02
4.481201172E+08,-1.10505E+02
4.481506348E+08,-1.08465E+02
4.481811523E+08,-1.04365E+02
4.482116699E+08,-1.06945E+02
4.482421875E+08,-1.04325E+02
4.482727051E+08,-1.00605E+02
4.483032227E+08,-1.01425E+02
4.483337402E+08,-1.04265E+02
4.483642578E+08,-1.06545E+02
4.483947754E+08,-1.03565E+02
4.484252930E+08,-1.04505E+02
4.484558105E+08,-1.16265E+02
4.484863281E+08,-1.19225E+02
4.485168457E+08,-1.08905E+02
4.485473633E+08,-1.13565E+02
4.485778809E+08,-1.03665E+02
4.486083984E+08,-1.06945E+02
4.486389160E+08,-1.15625E+02
4.486694336E+08,-1.08945E+02
4.486999512E+08,-1.10905E+02
4.487304688E+08,-1.13765E+02
4.487609863E+08,-1.08325E+02
4.487915039E+08,-1.11845E+02
4.488220215E+08,-1.09225E+02
4.488525391E+08,-1.08745E+02
4.488830566E+08,-1.10305E+02
4.489135742E+08,-1.06585E+02
4.489440918E+08,-1.10505E+02
4.489746094E+08,-1.13245E+02
4.490051270E+08,-1.15645E+02
4.490356445E+08,-1.05905E+02
4.490661621E+08,-9.85454E+01
4.490966797E+08,-1.02065E+02
4.491271973E+08,-1.39225E+02
4.491577148E+08,-1.11825E+02
4.491882324E+08,-1.05065E+02
4.492187500E+08,-1.07125E+02
4.492492676E+08,-1.18905E+02
4.492797852E+08,-1.15145E+02
4.493103027E+08,-1.06605E+02
4.493408203E+08,-1.05785E+02
4.493713379E+08,-1.09205E+02
4.494018555E+08,-1.11485E+02
4.494323730E+08,-1.12725E+02
4.494628906E+08,-1.06985E+02
4.494934082E+08,-1.02025E+02
4.495239258E+08,-1.02965E+02
4.495544434E+08,-1.12025E+02
4.495849609E+08,-1.03865E+02
4.496154785E+08,-1.03225E+02
4.496459961E+08,-1.10585E+02
4.496765137E+08,-1.06085E+02
4.497070312E+08,-1.06185E+02
4.497375488E+08,-1.04605E+02
4.497680664E+08,-1.00185E+02
4.497985840E+08,-1.01365E+02
4.498291016E+08,-1.08665E+02
4.498596191E+08,-1.05085E+02
4.498901367E+08,-1.18605E+02
4.499206543E+08,-1.15985E+02
4.499511719E+08,-1.02885E+02
4.499816895E+08,-9.87454E+01
4.500122070E+08,-1.02305E+02
4.500427246E+08,-1.04645E+02
4.500732422E+08,-1.14545E+02
4.501037598E+08,-1.05085E+02
4.501342773E+08,-1.05325E+02
4.501647949E+08,-1.06685E+02
4.501953125E+08,-1.12965E+02
4.502258301E+08,-1.54285E+02
4.502563477E+08,-1.13425E+02
4.502868652E+08,-1.14665E+02
4.503173828E+08,-1.11425E+02
4.503479004E+08,-1.10845E+02
4.503784180E+08,-1.11445E+02
4.504089355E+08,-1.03665E+02
4.504394531E+08,-1.04925E+02
4.504699707E+08,-1.11085E+02
4.505004883E+08,-1.15005E+02
4.505310059E+08,-1.09505E+02
4.505615234E+08,-1.12945E+02
4.505920410E+08,-1.07365E+02
4.506225586E+08,-1.08805E+02
4.506530762E+08,-1.04045E+02
4.506835938E+08,-1.00465E+02
4.507141113E+08,-9.88654E+01
4.507446289E+08,-1.00225E+02
4.507751465E+08,-1.05185E+02
4.508056641E+08,-1.07105E+02
4.508361816E+08,-1.09445E+02
4.508666992E+08,-1.04365E+02
4.508972168E+08,-1.05645E+02
4.509277344E+08,-1.11905E+02
4.509582520E+08,-1.07845E+02
4.509887695E+08,-1.03145E+02
4.510192871E+08,-1.11825E+02
4.510498047E+08,-1.14725E+02
4.510803223E+08,-1.20685E+02
4.511108398E+08,-1.06105E+02
4.511413574E+08,-1.10005E+02
4.511718750E+08,-1.18805E+02
4.512023926E+08,-1.16405E+02
4.512329102E+08,-1.22565E+02
4.512634277E+08,-1.10785E+02
4.512939453E+08,-1.00805E+02
4.513244629E+08,-9.99254E+01
4.513549805E+08,-1.01145E+02
4.513854980E+08,-1.01105E+02
4.514160156E+08,-1.04985E+02
4.514465332E+08,-1.09845E+02
4.514770508E+08,-1.09165E+02
4.515075684E+08,-1.16585E+02
4.515380859E+08,-1.12625E+02
4.515686035E+08,-1.08565E+02
4.515991211E+08,-1.09805E+02
4.516296387E+08,-1.00545E+02
4.516601562E+08,-1.01025E+02
4.516906738E+08,-1.09445E+02
4.517211914E+08,-1.06305E+02
4.517517090E+08,-1.05205E+02
4.517822266E+08,-1.15645E+02
4.518127441E+08,-1.20445E+02
4.518432617E+08,-1.26185E+02
4.518737793E+08,-1.14605E+02
4.519042969E+08,-1.06805E+02
4.519348145E+08,-1.20805E+02
4.519653320E+08,-1.12525E+02
4.519958496E+08,-1.05985E+02
4.520263672E+08,-1.09845E+02
4.520568848E+08,-1.01625E+02
4.520874023E+08,-1.00865E+02
4.521179199E+08,-1.05485E+02
4.521484375E+08,-1.03945E+02
4.521789551E+08,-1.02865E+02
4.522094727E+08,-1.05025E+02
4.522399902E+08,-1.16065E+02
4.522705078E+08,-1.10625E+02
4.523010254E+08,-1.29445E+02
4.523315430E+08,-1.06225E+02
4.523620605E+08,-1.15085E+02
4.523925781E+08,-1.05825E+02
4.524230957E+08,-1.05385E+02
4.524536133E+08,-1.08605E+02
4.524841309E+08,-1.09545E+02
4.525146484E+08,-1.16865E+02
4.525451660E+08,-1.08265E+02
4.525756836E+08,-1.08485E+02
4.526062012E+08,-1.09265E+02
4.526367188E+08,-1.04465E+02
4.526672363E+08,-1.01365E+02
4.526977539E+08,-1.06685E+02
4.527282715E+08,-1.25245E+02
4.527587891E+08,-1.19625E+02
4.527893066E+08,-1.06365E+02
4.528198242E+08,-1.01265E+02
4.528503418E+08,-1.06925E+02
4.528808594E+08,-1.14005E+02
4.529113770E+08,-1.09225E+02
4.529418945E+08,-1.11005E+02
4.529724121E+08,-1.13125E+02
4.530029297E+08,-1.03625E+02
4.530334473E+08,-1.01105E+02
4.530639648E+08,-1.12765E+02
4.530944824E+08,-1.09125E+02
4.531250000E+08,-1.07705E+02
4.531555176E+08,-1.04245E+02
4.531860352E+08,-1.04745E+02
4.532165527E+08,-1.11245E+02
4.532470703E+08,-1.22185E+02
4.532775879E+08,-1.09205E+02
4.533081055E+08,-1.05765E+02
4.533386230E+08,-1.03745E+02
4.533691406E+08,-9.95054E+01
4.533996582E+08,-9.77454E+01
4.534301758E+08,-1.01625E+02
4.534606934E+08,-1.04385E+02
4.534912109E+08,-1.06805E+02
4.535217285E+08,-1.18205E+02
4.535522461E+08,-1.20525E+02
4.535827637E+08,-1.10865E+02
4.536132812E+08,-1.11825E+02
4.536437988E+08,-1.11925E+02
4.536743164E+08,-1.11505E+02
4.537048340E+08,-1.13845E+02
4.537353516E+08,-1.07905E+02
4.537658691E+08,-1.05605E+02
4.537963867E+08,-1.12345E+02
4.538269043E+08,-1.05845E+02
4.538574219E+08,-1.04465E+02
4.538879395E+08,-1.03945E+02
4.539184570E+08,-1.05945E+02
4.539489746E+08,-1.09445E+02
4.539794922E+08,-1.07725E+02
4.540100098E+08,-1.09665E+02
4.540405273E+08,-1.09125E+02
4.540710449E+08,-1.17785E+02
4.541015625E+08,-1.08105E+02
4.541320801E+08,-1.06125E+02
4.541625977E+08,-1.17385E+02
4.541931152E+08,-1.06505E+02
4.542236328E+08,-1.17365E+02
4.542541504E+08,-1.10085E+02
4.542846680E+08,-1.12965E+02
4.543151855E+08,-1.19405E+02
4.543457031E+08,-1.15925E+02
4.543762207E+08,-1.13125E+02
4.544067383E+08,-1.06265E+02
4.544372559E+08,-1.08245E+02
4.544677734E+08,-1.17165E+02
4.544982910E+08,-1.22125E+02
4.545288086E+08,-1.07045E+02
4.545593262E+08,-1.00505E+02
4.545898438E+08,-1.04785E+02
4.546203613E+08,-1.14225E+02
4.546508789E+08,-1.05645E+02
4.546813965E+08,-1.17925E+02
4.547119141E+08,-1.08565E+02
4.547424316E+08,-1.06105E+02
4.547729492E+08,-1.10445E+02
4.548034668E+08,-1.12685E+02
4.548339844E+08,-1.04345E+02
4.548645020E+08,-1.02525E+02
4.548950195E+08,-1.03485E+02
4.549255371E+08,-1.04505E+02
4.549560547E+08,-1.06625E+02
4.549865723E+08,-1.09405E+02
4.550170898E+08,-1.09065E+02
4.550476074E+08,-1.06705E+02
4.550781250E+08,-1.06525E+02
4.551086426E+08,-1.09805E+02
4.551391602E+08,-1.20385E+02
4.551696777E+08,-1.09925E+02
4.552001953E+08,-1.13245E+02
4.552307129E+08,-1.14425E+02
4.552612305E+08,-1.08265E+02
4.552917480E+08,-1.07165E+02
4.553222656E+08,-1.13805E+02
4.553527832E+08,-1.11565E+02
4.553833008E+08,-1.13805E+02
4.554138184E+08,-1.11185E+02
4.554443359E+08,-1.06365E+02
4.554748535E+08,-1.12885E+02
4.555053711E+08,-1.11045E+02
4.555358887E+08,-1.03525E+02
4.555664062E+08,-1.01245E+02
4.555969238E+08,-1.03565E+02
4.556274414E+08,-1.03865E+02
4.556579590E+08,-1.12685E+02
4.556884766E+08,-1.10985E+02
4.557189941E+08,-1.12065E+02
4.557495117E+08,-1.15865E+02
4.557800293E+08,-1.10085E+02
4.558105469E+08,-1.05525E+02
4.558410645E+08,-1.13285E+02
4.558715820E+08,-1.10845E+02
4.559020996E+08,-1.16005E+02
4.559326172E+08,-1.12105E+02
4.559631348E+08,-1.20085E+02
4.559936523E+08,-1.08365E+02
4.560241699E+08,-1.10565E+02
4.560546875E+08,-1.11145E+02
4.560852051E+08,-1.15025E+02
4.561157227E+08,-1.06765E+02
4.561462402E+08,-1.02865E+02
4.561767578E+08,-1.09445E+02
4.562072754E+08,-1.08965E+02
4.562377930E+08,-1.08685E+02
4.562683105E+08,-1.16905E+02
4.562988281E+08,-1.11725E+02
4.563293457E+08,-1.12705E+02
4.563598633E+08,-1.13705E+02
4.563903809E+08,-1.07385E+02
4.564208984E+08,-1.10925E+02
4.564514160E+08,-1.09765E+02
4.564819336E+08,-1.07545E+02
4.565124512E+08,-1.08025E+02
4.565429688E+08,-1.09505E+02
4.565734863E+08,-1.01725E+02
4.566040039E+08,-9.96654E+01
4.566345215E+08,-1.04905E+02
4.566650391E+08,-1.17005E+02
4.566955566E+08,-1.06945E+02
4.567260742E+08,-1.07825E+02
4.567565918E+08,-1.18945E+02
4.567871094E+08,-1.11625E+02
4.568176270E+08,-1.11105E+02
4.568481445E+08,-1.06785E+02
4.568786621E+08,-1.03785E+02
4.569091797E+08,-1.02885E+02
4.569396973E+08,-1.07565E+02
4.569702148E+08,-1.17605E+02
4.570007324E+08,-1.12205E+02
4.570312500E+08,-1.11645E+02
4.570617676E+08,-1.09845E+02
4.570922852E+08,-1.04865E+02
4.571228027E+08,-1.01965E+02
4.571533203E+08,-1.08025E+02
4.571838379E+08,-1.09345E+02
4.572143555E+08,-1.07225E+02
4.572448730E+08,-1.05825E+02
4.572753906E+08,-1.06665E+02
4.573059082E+08,-1.06305E+02
4.573364258E+08,-1.04005E+02
4.573669434E+08,-1.02485E+02
4.573974609E+08,-1.04965E+02
4.574279785E+08,-1.02765E+02
4.574584961E+08,-1.00725E+02
4.574890137E+08,-1.00685E+02
4.575195312E+08,-1.04765E+02
4.575500488E+08,-1.05205E+02
4.575805664E+08,-1.12065E+02
4.576110840E+08,-1.12065E+02
4.576416016E+08,-1.15865E+02
4.576721191E+08,-1.13025E+02
4.577026367E+08,-1.06905E+02
4.577331543E+08,-1.11805E+02
4.577636719E+08,-1.06425E+02
4.577941895E+08,-1.03545E+02
4.578247070E+08,-1.07405E+02
4.578552246E+08,-1.05125E+02
4.578857422E+08,-1.01425E+02
4.579162598E+08,-1.02225E+02
4.579467773E+08,-1.08465E+02
4.579772949E+08,-1.18345E+02
4.580078125E+08,-1.18265E+02
4.580383301E+08,-1.06885E+02
4.580688477E+08,-1.04865E+02
4.580993652E+08,-1.09505E+02
4.581298828E+08,-1.20005E+02
4.581604004E+08,-1.12965E+02
4.581909180E+08,-1.10485E+02
4.582214355E+08,-1.15005E+02
4.582519531E+08,-1.08245E+02
4.582824707E+08,-1.06805E+02
4.583129883E+08,-1.04205E+02
4.583435059E+08,-1.05725E+02
4.583740234E+08,-1.01785E+02
4.584045410E+08,-1.11185E+02
4.584350586E+08,-1.08025E+02
4.584655762E+08,-1.09925E+02
4.584960938E+08,-1.06985E+02
4.585266113E+08,-1.02605E+02
4.585571289E+08,-1.03565E+02
4.585876465E+08,-1.05985E+02
4.586181641E+08,-1.03665E+02
4.586486816E+08,-1.12105E+02
4.586791992E+08,-1.17705E+02
4.587097168E+08,-1.07785E+02
4.587402344E+08,-1.23585E+02
4.587707520E+08,-1.04585E+02
4.588012695E+08,-1.07725E+02
4.588317871E+08,-1.09265E+02
4.588623047E+08,-1.13225E+02
4.588928223E+08,-1.00665E+02
4.589233398E+08,-9.95454E+01
4.589538574E+08,-1.07905E+02
4.589843750E+08,-1.20325E+02
4.590148926E+08,-1.07205E+02
4.590454102E+08,-1.04425E+02
4.590759277E+08,-1.08725E+02
4.591064453E+08,-1.06525E+02
4.591369629E+08,-1.04345E+02
4.591674805E+08,-1.07365E+02
4.591979980E+08,-1.17225E+02
4.592285156E+08,-1.08205E+02
4.592590332E+08,-1.09025E+02
4.592895508E+08,-1.21765E+02
4.593200684E+08,-1.11285E+02
4.593505859E+08,-1.11845E+02
4.593811035E+08,-1.13945E+02
4.594116211E+08,-1.05745E+02
4.594421387E+08,-1.07345E+02
4.594726562E+08,-1.16265E+02
4.595031738E+08,-1.13245E+02
4.595336914E+08,-1.08525E+02
4.595642090E+08,-1.25785E+02
4.595947266E+08,-1.15625E+02
4.596252441E+08,-1.21485E+02
4.596557617E+08,-1.11825E+02
4.596862793E+08,-1.07005E+02
4.597167969E+08,-1.05265E+02
4.597473145E+08,-1.02625E+02
4.597778320E+08,-9.85454E+01
4.598083496E+08,-1.00185E+02
4.598388672E+08,-1.13825E+02
4.598693848E+08,-1.02985E+02
4.598999023E+08,-1.01985E+02
4.599304199E+08,-1.06245E+02
4.599609375E+08,-1.14985E+02
4.599914551E+08,-1.08865E+02
4.600219727E+08,-1.09585E+02
4.600524902E+08,-1.07185E+02
4.600830078E+08,-1.17825E+02
4.601135254E+08,-1.18265E+02
4.601440430E+08,-1.09405E+02
4.601745605E+08,-1.04785E+02
4.602050781E+08,-1.03105E+02
4.602355957E+08,-1.04865E+02
4.602661133E+08,-1.18205E+02
4.602966309E+08,-1.11145E+02
4.603271484E+08,-1.06165E+02
4.603576660E+08,-1.17605E+02
4.603881836E+08,-1.06845E+02
4.604187012E+08,-1.14005E+02
4.604492188E+08,-1.01885E+02
4.604797363E+08,-9.84654E+01
4.605102539E+08,-1.01645E+02
4.605407715E+08,-1.10045E+02
4.605712891E+08,-1.08085E+02
4.606018066E+08,-1.08425E+02
4.606323242E+08,-1.03565E+02
4.606628418E+08,-1.00185E+02
4.606933594E+08,-1.02485E+02
4.607238770E+08,-1.03385E+02
4.607543945E+08,-1.08625E+02
4.607849121E+08,-1.08905E+02
4.608154297E+08,-1.09845E+02
4.608459473E+08,-1.05045E+02
4.608764648E+08,-1.06845E+02
4.609069824E+08,-1.04145E+02
4.609375000E+08,-1.05085E+02
4.609680176E+08,-1.09745E+02
4.609985352E+08,-1.13245E+02
4.610290527E+08,-1.05585E+02
4.610595703E+08,-1.08005E+02
4.610900879E+08,-1.10225E+02
4.611206055E+08,-1.04005E+02
4.611511230E+08,-1.02205E+02
4.611816406E+08,-1.05665E+02
4.612121582E+08,-1.09585E+02
4.612426758E+08,-1.20545E+02
4.612731934E+08,-1.11845E+02
4.613037109E+08,-1.05525E+02
4.613342285E+08,-1.08425E+02
4.613647461E+08,-1.16085E+02
4.613952637E+08,-1.22805E+02
4.614257812E+08,-1.07925E+02
4.614562988E+08,-1.13185E+02
4.614868164E+08,-1.13445E+02
4.615173340E+08,-1.08365E+02
4.615478516E+08,-1.05985E+02
4.615783691E+08,-1.02345E+02
4.616088867E+08,-1.07805E+02
4.616394043E+08,-1.08965E+02
4.616699219E+08,-1.07825E+02
4.617004395E+08,-1.09805E+02
4.617309570E+08,-1.08485E+02
4.617614746E+08,-1.20405E+02
4.617919922E+08,-1.09405E+02
4.618225098E+08,-1.07045E+02
4.618530273E+08,-1.04745E+02
4.618835449E+08,-1.10125E+02
4.619140625E+08,-1.09065E+02
4.619445801E+08,-1.03885E+02
4.619750977E+08,-1.07825E+02
4.620056152E+08,-1.04605E+02
4.620361328E+08,-1.15165E+02
4.620666504E+08,-1.09705E+02
4.620971680E+08,-1.12085E+02
4.621276855E+08,-1.08465E+02
4.621582031E+08,-1.07165E+02
4.621887207E+08,-1.08045E+02
4.622192383E+08,-1.10665E+02
4.622497559E+08,-1.15525E+02
4.622802734E+08,-1.17265E+02
4.623107910E+08,-1.05485E+02
4.623413086E+08,-1.04005E+02
4.623718262E+08,-1.11085E+02
4.624023438E+08,-1.10925E+02
4.624328613E+08,-1.12785E+02
4.624633789E+08,-1.08425E+02
4.624938965E+08,-1.08525E+02
4.625244141E+08,-1.08845E+02
4.625549316E+08,-1.09925E+02
4.625854492E+08,-1.13825E+02
4.626159668E+08,-1.01165E+02
4.626464844E+08,-1.01905E+02
4.626770020E+08,-1.08605E+02
4.627075195E+08,-1.05665E+02
4.627380371E+08,-1.07805E+02
4.627685547E+08,-1.14065E+02
4.627990723E+08,-1.20625E+02
4.628295898E+08,-1.14145E+02
4.628601074E+08,-1.17265E+02
4.628906250E+08,-1.29305E+02
4.629211426E+08,-1.15905E+02
4.629516602E+08,-1.09485E+02
4.629821777E+08,-1.13685E+02
4.630126953E+08,-1.17425E+02
4.630432129E+08,-1.17605E+02
4.630737305E+08,-1.34265E+02
4.631042480E+08,-1.05205E+02
4.631347656E+08,-1.00505E+02
4.631652832E+08,-1.07125E+02
4.631958008E+08,-1.10725E+02
4.632263184E+08,-1.09925E+02
4.632568359E+08,-1.12325E+02
4.632873535E+08,-1.12185E+02
4.633178711E+08,-1.04445E+02
4.633483887E+08,-1.07945E+02
4.633789062E+08,-1.16125E+02
4.634094238E+08,-1.08165E+02
4.634399414E+08,-1.03825E+02
4.634704590E+08,-1.06725E+02
4.635009766E+08,-1.10445E+02
4.635314941E+08,-1.05385E+02
4.635620117E+08,-1.08905E+02
4.635925293E+08,-1.10725E+02
4.636230469E+08,-1.13325E+02
4.636535645E+08,-1.09065E+02
4.636840820E+08,-1.09065E+02
4.637145996E+08,-1.13225E+02
4.637451172E+08,-1.12785E+02
4.637756348E+08,-1.04265E+02
4.638061523E+08,-1.05165E+02
4.638366699E+08,-1.11305E+02
4.638671875E+08,-1.17325E+02
4.638977051E+08,-1.08405E+02
4.639282227E+08,-1.10725E+02
4.639587402E+08,-1.05145E+02
4.639892578E+08,-1.00625E+02
4.640197754E+08,-1.02165E+02
4.640502930E+08,-1.09225E+02
4.640808105E+08,-1.08185E+02
4.641113281E+08,-1.09265E+02
4.641418457E+08,-1.03685E+02
4.641723633E+08,-1.10605E+02
4.642028809E+08,-1.10885E+02
4.642333984E+08,-1.04985E+02
4.642639160E+08,-1.04205E+02
4.642944336E+08,-1.20965E+02
4.643249512E+08,-1.11105E+02
4.643554688E+08,-1.12405E+02
4.643859863E+08,-1.09125E+02
4.644165039E+08,-1.05485E+02
4.644470215E+08,-1.04525E+02
4.644775391E+08,-1.02865E+02
4.645080566E+08,-1.11925E+02
4.645385742E+08,-1.02965E+02
4.645690918E+08,-1.06405E+02
4.645996094E+08,-1.13725E+02
4.646301270E+08,-1.05705E+02
4.646606445E+08,-1.04325E+02
4.646911621E+08,-1.03785E+02
4.647216797E+08,-1.08525E+02
4.647521973E+08,-1.08465E+02
4.647827148E+08,-1.09005E+02
4.648132324E+08,-1.07845E+02
4.648437500E+08,-1.11965E+02
4.648742676E+08,-1.08085E+02
4.649047852E+08,-1.05305E+02
4.649353027E+08,-1.04325E+02
4.649658203E+08,-1.17825E+02
4.649963379E+08,-1.17345E+02
4.650268555E+08,-1.17605E+02
4.650573730E+08,-1.10265E+02
4.650878906E+08,-1.05685E+02
4.651184082E+08,-1.09765E+02
4.651489258E+08,-1.12745E+02
4.651794434E+08,-1.15745E+02
4.652099609E+08,-1.10225E+02
4.652404785E+08,-1.08105E+02
4.652709961E+08,-1.12145E+02
4.653015137E+08,-1.08405E+02
4.653320312E+08,-1.08665E+02
4.653625488E+08,-1.02085E+02
4.653930664E+08,-1.08665E+02
4.654235840E+08,-1.06625E+02
4.654541016E+08,-1.00785E+02
4.654846191E+08,-1.11005E+02
4.655151367E+08,-1.03105E+02
4.655456543E+08,-1.02705E+02
4.655761719E+08,-1.06445E+02
4.656066895E+08,-1.05585E+02
4.656372070E+08,-1.08325E+02
4.656677246E+08,-1.13825E+02
4.656982422E+08,-1.10085E+02
4.657287598E+08,-1.06285E+02
4.657592773E+08,-1.04605E+02
4.657897949E+08,-1.09205E+02
4.658203125E+08,-1.09365E+02
4.658508301E+08,-1.12305E+02
4.658813477E+08,-1.05225E+02
4.659118652E+08,-1.10085E+02
4.659423828E+08,-1.07085E+02
4.659729004E+08,-1.02465E+02
4.660034180E+08,-1.02325E+02
4.660339355E+08,-1.10185E+02
4.660644531E+08,-1.03865E+02
4.660949707E+08,-1.00465E+02
4.661254883E+08,-1.03185E+02
4.661560059E+08,-1.07585E+02
4.661865234E+08,-1.08785E+02
4.662170410E+08,-1.02465E+02
4.662475586E+08,-1.05525E+02
4.662780762E+08,-1.15245E+02
4.663085938E+08,-1.04345E+02
4.663391113E+08,-1.07225E+02
4.663696289E+08,-1.11365E+02
4.664001465E+08,-1.03325E+02
4.664306641E+08,-1.03345E+02
4.664611816E+08,-1.08325E+02
4.664916992E+08,-1.18285E+02
4.665222168E+08,-1.02745E+02
4.665527344E+08,-1.03385E+02
4.665832520E+08,-1.18625E+02
4.666137695E+08,-1.04985E+02
4.666442871E+08,-1.02405E+02
4.666748047E+08,-1.06765E+02
4.667053223E+08,-1.06325E+02
4.667358398E+08,-1.07105E+02
4.667663574E+08,-1.05245E+02
4.667968750E+08,-1.05845E+02
4.668273926E+08,-1.03805E+02
4.668579102E+08,-1.03265E+02
4.668884277E+08,-1.10005E+02
4.669189453E+08,-1.07385E+02
4.669494629E+08,-1.05725E+02
4.669799805E+08,-1.06945E+02
4.670104980E+08,-1.16165E+02
4.670410156E+08,-1.15385E+02
4.670715332E+08,-1.09125E+02
4.671020508E+08,-1.07265E+02
4.671325684E+08,-1.12105E+02
4.671630859E+08,-1.07805E+02
4.671936035E+08,-1.08545E+02
4.672241211E+08,-1.14305E+02
4.672546387E+08,-1.02265E+02
4.672851562E+08,-9.87254E+01
4.673156738E+08,-1.02805E+02
4.673461914E+08,-1.19545E+02
4.673767090E+08,-1.09445E+02
4.674072266E+08,-1.10985E+02
4.674377441E+08,-1.16325E+02
4.674682617E+08,-1.11425E+02
4.674987793E+08,-1.02265E+02
4.675292969E+08,-1.03965E+02
4.675598145E+08,-1.09745E+02
4.675903320E+08,-1.11705E+02
4.676208496E+08,-1.08905E+02
4.676513672E+08,-1.05125E+02
4.676818848E+08,-1.10845E+02
4.677124023E+08,-1.14805E+02
4.677429199E+08,-1.06885E+02
4.677734375E+08,-1.03845E+02
4.678039551E+08,-1.09665E+02
4.678344727E+08,-1.11645E+02
4.678649902E+08,-1.09205E+02
4.678955078E+08,-1.14065E+02
4.679260254E+08,-1.15365E+02
4.679565430E+08,-1.09125E+02
4.679870605E+08,-1.06245E+02
4.680175781E+08,-1.07325E+02
4.680480957E+08,-1.12365E+02
4.680786133E+08,-1.06665E+02
4.681091309E+08,-1.07185E+02
4.681396484E+08,-1.04245E+02
4.681701660E+08,-1.04065E+02
4.682006836E+08,-1.02065E+02
4.682312012E+08,-1.00945E+02
4.682617188E+08,-1.01265E+02
4.682922363E+08,-1.01705E+02
4.683227539E+08,-1.03645E+02
4.683532715E+08,-1.04785E+02
4.683837891E+08,-1.05845E+02
4.684143066E+08,-1.08125E+02
4.684448242E+08,-1.12965E+02
4.684753418E+08,-1.16545E+02
4.685058594E+08,-1.07085E+02
4.685363770E+08,-1.03565E+02
4.685668945E+08,-1.09805E+02
4.685974121E+08,-1.07665E+02
4.686279297E+08,-1.04445E+02
4.686584473E+08,-1.10045E+02
4.686889648E+08,-1.04665E+02
4.687194824E+08,-1.03865E+02
4.687500000E+08,-1.07245E+02
4.687805176E+08,-1.06525E+02
4.688110352E+08,-1.07805E+02
4.688415527E+08,-1.06845E+02
4.688720703E+08,-1.08365E+02
4.689025879E+08,-1.15385E+02
4.689331055E+08,-1.15905E+02
4.689636230E+08,-1.06085E+02
4.689941406E+08,-1.06385E+02
4.690246582E+08,-1.13865E+02
4.690551758E+08,-1.16005E+02
4.690856934E+08,-1.03305E+02
4.691162109E+08,-1.01925E+02
4.691467285E+08,-1.03905E+02
4.691772461E+08,-1.05985E+02
4.692077637E+08,-1.17285E+02
4.692382812E+08,-1.01565E+02
4.692687988E+08,-1.05045E+02
4.692993164E+08,-1.16925E+02
4.693298340E+08,-1.11125E+02
4.693603516E+08,-1.06625E+02
4.693908691E+08,-1.04585E+02
4.694213867E+08,-1.10785E+02
4.694519043E+08,-1.18085E+02
4.694824219E+08,-1.15525E+02
4.695129395E+08,-1.11965E+02
4.695434570E+08,-1.14025E+02
4.695739746E+08,-1.08325E+02
4.696044922E+08,-1.09505E+02
4.696350098E+08,-1.03865E+02
4.696655273E+08,-1.04245E+02
4.696960449E+08,-1.13085E+02
4.697265625E+08,-1.16605E+02
4.697570801E+08,-1.11905E+02
4.697875977E+08,-1.03305E+02
4.698181152E+08,-1.05665E+02
4.698486328E+08,-1.02465E+02
4.698791504E+08,-1.11145E+02
4.699096680E+08,-1.15025E+02
4.699401855E+08,-1.05485E+02
4.699707031E+08,-1.03805E+02
4.700012207E+08,-1.10625E+02
4.700317383E+08,-1.06425E+02
4.700622559E+08,-1.01885E+02
4.700927734E+08,-1.06525E+02
4.701232910E+08,-1.06725E+02
4.701538086E+08,-1.08905E+02
4.701843262E+08,-1.17025E+02
4.702148438E+08,-1.09545E+02
4.702453613E+08,-1.05925E+02
4.702758789E+08,-1.08785E+02
4.703063965E+08,-1.11185E+02
4.703369141E+08,-1.20485E+02
4.703674316E+08,-1.03445E+02
4.703979492E+08,-1.07045E+02
4.704284668E+08,-1.02685E+02
4.704589844E+08,-1.03165E+02
4.704895020E+08,-1.03425E+02
4.705200195E+08,-1.04665E+02
4.705505371E+08,-1.07725E+02
4.705810547E+08,-1.10085E+02
4.706115723E+08,-1.19125E+02
4.706420898E+08,-1.07045E+02
4.706726074E+08,-1.07865E+02
4.707031250E+08,-1.03725E+02
4.707336426E+08,-1.06245E+02
4.707641602E+08,-1.09305E+02
4.707946777E+08,-1.03205E+02
4.708251953E+08,-1.00225E+02
4.708557129E+08,-1.00045E+02
4.708862305E+08,-1.07525E+02
4.709167480E+08,-1.04205E+02
4.709472656E+08,-1.04745E+02
4.709777832E+08,-1.04025E+02
4.710083008E+08,-1.09305E+02
4.710388184E+08,-1.04905E+02
4.710693359E+08,-1.00625E+02
4.710998535E+08,-1.08345E+02
4.711303711E+08,-1.09745E+02
4.711608887E+08,-1.10425E+02
4.711914062E+08,-1.22345E+02
4.712219238E+08,-1.11765E+02
4.712524414E+08,-1.08105E+02
4.712829590E+08,-1.06505E+02
4.713134766E+08,-1.16405E+02
4.713439941E+08,-1.08205E+02
4.713745117E+08,-1.24025E+02
4.714050293E+08,-1.12985E+02
4.714355469E+08,-1.16585E+02
4.714660645E+08,-1.14765E+02
4.714965820E+08,-1.07685E+02
4.715270996E+08,-1.07005E+02
4.715576172E+08,-1.15905E+02
4.715881348E+08,-1.04545E+02
4.716186523E+08,-1.04745E+02
4.716491699E+08,-1.03505E+02
4.716796875E+08,-1.04545E+02
4.717102051E+08,-1.12545E+02
4.717407227E+08,-1.09885E+02
4.717712402E+08,-1.05625E+02
4.718017578E+08,-1.08685E+02
4.718322754E+08,-1.08565E+02
4.718627930E+08,-1.05545E+02
4.718933105E+08,-1.04985E+02
4.719238281E+08,-1.10825E+02
4.719543457E+08,-1.21185E+02
4.719848633E+08,-1.12725E+02
4.720153809E+08,-1.14965E+02
4.720458984E+08,-1.13545E+02
4.720764160E+08,-1.13145E+02
4.721069336E+08,-1.13805E+02
4.721374512E+08,-1.10125E+02
4.721679688E+08,-1.08285E+02
4.721984863E+08,-1.07465E+02
4.722290039E+08,-1.01285E+02
4.722595215E+08,-1.05285E+02
4.722900391E+08,-1.13125E+02
4.723205566E+08,-1.12025E+02
4.723510742E+08,-1.12005E+02
4.723815918E+08,-1.13945E+02
4.724121094E+08,-1.06465E+02
4.724426270E+08,-1.06305E+02
4.724731445E+08,-1.14625E+02
4.725036621E+08,-1.09965E+02
4.725341797E+08,-1.14505E+02
4.725646973E+08,-1.14665E+02
4.725952148E+08,-1.14625E+02
4.726257324E+08,-1.10225E+02
4.726562500E+08,-1.09585E+02
4.726867676E+08,-1.10805E+02
4.727172852E+08,-1.12445E+02
4.727478027E+08,-1.13745E+02
4.727783203E+08,-1.11185E+02
4.728088379E+08,-1.16085E+02
4.728393555E+08,-1.12685E+02
4.728698730E+08,-1.05485E+02
4.729003906E+08,-1.05765E+02
4.729309082E+08,-9.81054E+01
4.729614258E+08,-1.01645E+02
4.729919434E+08,-1.09505E+02
4.730224609E+08,-1.10585E+02
4.730529785E+08,-1.03545E+02
4.730834961E+08,-1.05045E+02
4.731140137E+08,-1.04005E+02
4.731445312E+08,-1.06285E+02
4.731750488E+08,-1.02785E+02
4.732055664E+08,-1.00805E+02
4.732360840E+08,-1.04205E+02
4.732666016E+08,-1.03385E+02
4.732971191E+08,-1.04525E+02
4.733276367E+08,-1.20765E+02
4.733581543E+08,-1.01025E+02
4.733886719E+08,-1.05685E+02
4.734191895E+08,-1.04445E+02
4.734497070E+08,-1.03725E+02
4.734802246E+08,-1.09345E+02
4.735107422E+08,-1.05245E+02
4.735412598E+08,-1.06725E+02
4.735717773E+08,-1.10585E+02
4.736022949E+08,-1.07805E+02
4.736328125E+08,-1.07925E+02
4.736633301E+08,-1.11385E+02
4.736938477E+08,-1.08465E+02
4.737243652E+08,-1.06965E+02
4.737548828E+08,-1.10325E+02
4.737854004E+08,-1.15325E+02
4.738159180E+08,-1.10465E+02
4.738464355E+08,-1.13765E+02
4.738769531E+08,-1.22465E+02
4.739074707E+08,-1.11225E+02
4.739379883E+08,-1.06665E+02
4.739685059E+08,-1.02605E+02
4.739990234E+08,-1.01385E+02
4.740295410E+08,-1.03985E+02
4.740600586E+08,-1.24025E+02
4.740905762E+08,-1.03245E+02
4.741210938E+08,-1.11925E+02
4.741516113E+08,-1.07165E+02
4.741821289E+08,-1.05705E+02
4.742126465E+08,-1.10705E+02
4.742431641E+08,-1.08605E+02
4.742736816E+08,-1.14725E+02
4.743041992E+08,-1.16285E+02
4.743347168E+08,-1.18425E+02
4.743652344E+08,-1.12445E+02
4.743957520E+08,-1.01805E+02
4.744262695E+08,-1.03185E+02
4.744567871E+08,-1.11505E+02
4.744873047E+08,-1.08285E+02
4.745178223E+08,-1.05105E+02
4.745483398E+08,-1.11845E+02
4.745788574E+08,-1.04365E+02
4.746093750E+08,-1.03745E+02
4.746398926E+08,-1.08365E+02
4.746704102E+08,-1.12325E+02
4.747009277E+08,-1.03745E+02
4.747314453E+08,-1.05425E+02
4.747619629E+08,-1.06025E+02
4.747924805E+08,-1.15785E+02
4.748229980E+08,-1.06245E+02
4.748535156E+08,-1.12825E+02
4.748840332E+08,-1.09105E+02
4.749145508E+08,-1.03465E+02
4.749450684E+08,-1.03605E+02
4.749755859E+08,-1.07625E+02
4.750061035E+08,-1.02265E+02
4.750366211E+08,-1.06345E+02
4.750671387E+08,-1.24465E+02
4.750976562E+08,-1.12545E+02
4.751281738E+08,-1.09065E+02
4.751586914E+08,-1.07365E+02
4.751892090E+08,-1.10505E+02
4.752197266E+08,-1.13285E+02
4.752502441E+08,-1.08485E+02
4.752807617E+08,-1.05925E+02
4.753112793E+08,-1.12265E+02
4.753417969E+08,-1.14685E+02
4.753723145E+08,-1.08465E+02
4.754028320E+08,-1.08905E+02
4.754333496E+08,-1.11785E+02
4.754638672E+08,-1.05465E+02
4.754943848E+08,-1.07485E+02
4.755249023E+08,-1.06965E+02
4.755554199E+08,-1.08285E+02
4.755859375E+08,-1.06165E+02
4.756164551E+08,-1.15905E+02
4.756469727E+08,-1.24065E+02
4.756774902E+08,-1.14405E+02
4.757080078E+08,-1.07625E+02
4.757385254E+08,-1.09205E+02
4.757690430E+08,-1.16905E+02
4.757995605E+08,-1.08425E+02
4.758300781E+08,-1.05565E+02
4.758605957E+08,-1.07285E+02
4.758911133E+08,-1.04885E+02
4.759216309E+08,-1.08865E+02
4.759521484E+08,-1.18945E+02
4.759826660E+08,-1.18165E+02
4.760131836E+08,-1.11045E+02
4.760437012E+08,-1.03965E+02
4.760742188E+08,-1.00185E+02
4.761047363E+08,-1.00945E+02
4.761352539E+08,-1.02085E+02
4.761657715E+08,-1.00265E+02
4.761962891E+08,-1.02645E+02
4.762268066E+08,-1.15985E+02
4.762573242E+08,-1.14765E+02
4.762878418E+08,-1.06485E+02
4.763183594E+08,-1.02745E+02
4.763488770E+08,-1.04205E+02
4.763793945E+08,-1.07465E+02
4.764099121E+08,-1.01545E+02
4.764404297E+08,-1.04225E+02
4.764709473E+08,-1.03105E+02
4.765014648E+08,-1.07805E+02
4.765319824E+08,-1.05345E+02
4.765625000E+08,-1.05525E+02
4.765930176E+08,-1.12085E+02
4.766235352E+08,-1.14385E+02
4.766540527E+08,-1.05885E+02
4.766845703E+08,-1.05465E+02
4.767150879E+08,-1.12265E+02
4.767456055E+08,-1.03365E+02
4.767761230E+08,-1.01065E+02
4.768066406E+08,-1.06145E+02
4.768371582E+08,-1.09745E+02
4.768676758E+08,-1.08545E+02
4.768981934E+08,-1.03205E+02
4.769287109E+08,-1.05985E+02
4.769592285E+08,-1.10085E+02
4.769897461E+08,-1.12285E+02
4.770202637E+08,-1.16085E+02
4.770507812E+08,-1.28405E+02
4.770812988E+08,-1.13725E+02
4.771118164E+08,-1.21385E+02
4.771423340E+08,-1.09665E+02
4.771728516E+08,-1.07865E+02
4.772033691E+08,-1.05805E+02
4.772338867E+08,-1.03585E+02
4.772644043E+08,-1.03665E+02
4.772949219E+08,-1.10345E+02
4.773254395E+08,-1.30125E+02
4.773559570E+08,-1.18405E+02
4.773864746E+08,-1.18465E+02
4.774169922E+08,-1.12065E+02
4.774475098E+08,-1.05885E+02
4.774780273E+08,-1.04865E+02
4.775085449E+08,-1.06065E+02
4.775390625E+08,-1.13925E+02
4.775695801E+08,-1.07105E+02
4.776000977E+08,-1.08905E+02
4.776306152E+08,-1.27325E+02
4.776611328E+08,-1.08605E+02
4.776916504E+08,-1.04085E+02
4.777221680E+08,-1.07545E+02
4.777526855E+08,-1.16425E+02
4.777832031E+08,-1.10305E+02
4.778137207E+08,-1.09005E+02
4.778442383E+08,-1.12325E+02
4.778747559E+08,-1.07865E+02
4.779052734E+08,-1.14885E+02
4.779357910E+08,-1.07725E+02
4.779663086E+08,-1.11965E+02
4.779968262E+08,-1.16845E+02
4.780273438E+08,-1.09505E+02
4.780578613E+08,-1.16325E+02
4.780883789E+08,-1.11185E+02
4.781188965E+08,-1.12025E+02
4.781494141E+08,-1.11845E+02
4.781799316E+08,-1.17205E+02
4.782104492E+08,-1.12445E+02
4.782409668E+08,-1.08905E+02
4.782714844E+08,-1.05825E+02
4.783020020E+08,-1.03805E+02
4.783325195E+08,-1.07725E+02
4.783630371E+08,-1.05065E+02
4.783935547E+08,-1.00845E+02
4.784240723E+08,-9.95054E+01
4.784545898E+08,-1.00985E+02
4.784851074E+08,-1.11105E+02
4.785156250E+08,-1.07025E+02
4.785461426E+08,-1.04665E+02
4.785766602E+08,-1.27985E+02
4.786071777E+08,-1.05865E+02
4.786376953E+08,-1.03665E+02
4.786682129E+08,-1.05265E+02
4.786987305E+08,-1.17545E+02
4.787292480E+08,-1.07485E+02
4.787597656E+08,-1.14585E+02
4.787902832E+08,-1.13765E+02
4.788208008E+08,-1.10545E+02
4.788513184E+08,-1.08905E+02
4.788818359E+08,-1.11945E+02
4.789123535E+08,-1.17185E+02
4.789428711E+08,-1.25985E+02
4.789733887E+08,-1.03525E+02
4.790039062E+08,-1.01025E+02
4.790344238E+08,-1.00125E+02
4.790649414E+08,-1.00625E+02
4.790954590E+08,-1.06945E+02
4.791259766E+08,-1.06845E+02
4.791564941E+08,-1.11805E+02
4.791870117E+08,-1.04645E+02
4.792175293E+08,-1.06825E+02
4.792480469E+08,-1.09405E+02
4.792785645E+08,-1.11185E+02
4.793090820E+08,-1.07245E+02
4.793395996E+08,-1.09485E+02
4.793701172E+08,-1.13685E+02
4.794006348E+08,-1.07125E+02
4.794311523E+08,-1.05305E+02
4.794616699E+08,-1.08845E+02
4.794921875E+08,-1.25745E+02
4.795227051E+08,-1.17845E+02
4.795532227E+08,-1.10365E+02
4.795837402E+08,-1.06105E+02
4.796142578E+08,-1.13885E+02
4.796447754E+08,-1.09025E+02
4.796752930E+08,-1.08345E+02
4.797058105E+08,-1.17125E+02
4.797363281E+08,-1.08805E+02
4.797668457E+08,-1.07405E+02
4.797973633E+08,-1.12285E+02
4.798278809E+08,-1.08205E+02
4.798583984E+08,-1.04625E+02
4.798889160E+08,-1.09705E+02
4.799194336E+08,-1.19545E+02
4.799499512E+08,-1.07525E+02
4.799804688E+08,-1.02825E+02
4.800109863E+08,-1.03985E+02
4.800415039E+08,-1.01425E+02
4.800720215E+08,-1.01865E+02
4.801025391E+08,-1.05245E+02
4.801330566E+08,-1.04325E+02
4.801635742E+08,-1.04525E+02
4.801940918E+08,-1.04945E+02
4.802246094E+08,-1.06085E+02
4.802551270E+08,-1.08805E+02
4.802856445E+08,-1.03205E+02
4.803161621E+08,-1.07265E+02
4.803466797E+08,-1.08725E+02
4.803771973E+08,-1.11105E+02
4.804077148E+08,-1.07185E+02
4.804382324E+08,-1.09845E+02
4.804687500E+08,-1.08345E+02
4.804992676E+08,-1.05665E+02
4.805297852E+08,-1.04425E+02
4.805603027E+08,-1.02505E+02
4.805908203E+08,-1.03505E+02
4.806213379E+08,-1.10625E+02
4.806518555E+08,-1.09745E+02
4.806823730E+08,-1.04865E+02
4.807128906E+08,-1.16585E+02
4.807434082E+08,-1.06585E+02
4.807739258E+08,-1.02365E+02
4.808044434E+08,-1.05025E+02
4.808349609E+08,-1.11685E+02
4.808654785E+08,-1.12745E+02
4.808959961E+08,-1.21285E+02
4.809265137E+08,-1.09925E+02
4.809570312E+08,-1.12725E+02
4.809875488E+08,-1.25185E+02
4.810180664E+08,-1.18365E+02
4.810485840E+08,-1.07665E+02
4.810791016E+08,-1.10425E+02
4.811096191E+08,-1.04445E+02
4.811401367E+08,-1.06165E+02
4.811706543E+08,-1.22865E+02
4.812011719E+08,-1.14825E+02
4.812316895E+08,-1.07705E+02
4.812622070E+08,-1.03005E+02
4.812927246E+08,-1.17085E+02
4.813232422E+08,-1.07845E+02
4.813537598E+08,-1.12685E+02
4.813842773E+08,-1.07705E+02
4.814147949E+08,-1.08345E+02
4.814453125E+08,-1.08045E+02
4.814758301E+08,-1.14985E+02
4.815063477E+08,-1.09965E+02
4.815368652E+08,-1.06365E+02
4.815673828E+08,-1.08785E+02
4.815979004E+08,-1.09025E+02
4.816284180E+08,-1.01765E+02
4.816589355E+08,-1.05765E+02
4.816894531E+08,-1.06905E+02
4.817199707E+08,-1.03605E+02
4.817504883E+08,-1.02365E+02
4.817810059E+08,-1.00365E+02
4.818115234E+08,-1.00945E+02
4.818420410E+08,-1.01585E+02
4.818725586E+08,-1.02145E+02
4.819030762E+08,-1.05585E+02
4.819335938E+08,-1.12045E+02
4.819641113E+08,-1.12725E+02
4.819946289E+08,-1.18945E+02
4.820251465E+08,-1.12445E+02
4.820556641E+08,-1.03985E+02
4.820861816E+08,-1.04565E+02
4.821166992E+08,-1.14905E+02
4.821472168E+08,-1.04425E+02
4.821777344E+08,-1.08045E+02
4.822082520E+08,-1.26745E+02
4.822387695E+08,-1.15425E+02
4.822692871E+08,-1.11505E+02
4.822998047E+08,-1.08045E+02
4.823303223E+08,-1.12405E+02
4.823608398E+08,-1.08465E+02
4.823913574E+08,-1.04465E+02
4.824218750E+08,-1.04885E+02
4.824523926E+08,-1.05205E+02
4.824829102E+08,-1.04485E+02
4.825134277E+08,-1.04845E+02
4.825439453E+08,-1.13325E+02
4.825744629E+08,-1.07145E+02
4.826049805E+08,-1.08365E+02
4.826354980E+08,-1.05685E+02
4.826660156E+08,-1.04585E+02
4.826965332E+08,-1.12545E+02
4.827270508E+08,-1.14045E+02
4.827575684E+08,-1.23425E+02
4.827880859E+08,-1.07725E+02
4.828186035E+08,-1.09765E+02
4.828491211E+08,-1.06445E+02
4.828796387E+08,-1.06805E+02
4.829101562E+08,-1.10005E+02
4.829406738E+08,-1.23385E+02
4.829711914E+08,-1.07585E+02
4.830017090E+08,-1.05445E+02
4.830322266E+08,-1.04325E+02
4.830627441E+08,-1.07845E+02
4.830932617E+08,-1.05525E+02
4.831237793E+08,-1.06665E+02
4.831542969E+08,-1.20385E+02
4.831848145E+08,-1.16885E+02
4.832153320E+08,-1.08465E+02
4.832458496E+08,-1.02285E+02
4.832763672E+08,-1.11065E+02
4.833068848E+08,-1.09765E+02
4.833374023E+08,-1.12125E+02
4.833679199E+08,-1.11545E+02
4.833984375E+08,-1.13065E+02
4.834289551E+08,-1.13545E+02
4.834594727E+08,-1.06945E+02
4.834899902E+08,-1.21925E+02
4.835205078E+08,-1.06145E+02
4.835510254E+08,-1.06265E+02
4.835815430E+08,-1.04085E+02
4.836120605E+08,-1.04785E+02
4.836425781E+08,-1.05485E+02
4.836730957E+08,-1.03505E+02
4.837036133E+08,-1.03185E+02
4.837341309E+08,-1.10905E+02
4.837646484E+08,-1.05345E+02
4.837951660E+08,-1.02845E+02
4.838256836E+08,-1.05025E+02
4.838562012E+08,-1.03045E+02
4.838867188E+08,-1.02405E+02
4.839172363E+08,-1.04345E+02
4.839477539E+08,-1.11225E+02
4.839782715E+08,-1.08805E+02
4.840087891E+08,-1.12345E+02
4.840393066E+08,-1.09745E+02
4.840698242E+08,-1.02745E+02
4.841003418E+08,-1.08285E+02
4.841308594E+08,-1.00985E+02
4.841613770E+08,-1.00505E+02
4.841918945E+08,-1.09005E+02
4.842224121E+08,-1.11025E+02
4.842529297E+08,-1.07865E+02
4.842834473E+08,-1.08265E+02
4.843139648E+08,-1.05525E+02
4.843444824E+08,-1.03605E+02
4.843750000E+08,-1.01945E+02
4.844055176E+08,-1.02505E+02
4.844360352E+08,-1.07285E+02
4.844665527E+08,-1.11545E+02
4.844970703E+08,-1.07445E+02
4.845275879E+08,-1.04465E+02
4.845581055E+08,-1.05185E+02
4.845886230E+08,-1.09485E+02
4.846191406E+08,-1.04365E+02
4.846496582E+08,-1.01125E+02
4.846801758E+08,-1.06185E+02
4.847106934E+08,-1.09625E+02
4.847412109E+08,-1.21325E+02
4.847717285E+08,-1.13425E+02
4.848022461E+08,-1.17165E+02
4.848327637E+08,-1.12945E+02
4.848632812E+08,-1.21005E+02
4.848937988E+08,-1.25245E+02
4.849243164E+08,-1.13465E+02
4.849548340E+08,-1.13545E+02
4.849853516E+08,-1.06825E+02
4.850158691E+08,-1.14385E+02
4.850463867E+08,-1.06845E+02
4.850769043E+08,-1.05405E+02
4.851074219E+08,-1.05525E+02
4.851379395E+08,-1.07085E+02
4.851684570E+08,-1.06045E+02
4.851989746E+08,-1.10625E+02
4.852294922E+08,-1.08865E+02
4.852600098E+08,-1.07145E+02
4.852905273E+08,-1.15685E+02
4.853210449E+08,-1.28185E+02
4.853515625E+08,-1.16865E+02
4.853820801E+08,-1.24165E+02
4.854125977E+08,-1.07785E+02
4.854431152E+08,-1.01585E+02
4.854736328E+08,-1.02445E+02
4.855041504E+08,-1.08165E+02
4.855346680E+08,-1.16645E+02
4.855651855E+08,-1.06865E+02
4.855957031E+08,-1.08205E+02
4.856262207E+08,-1.06265E+02
4.856567383E+08,-1.05045E+02
4.856872559E+08,-1.02345E+02
4.857177734E+08,-1.04205E+02
4.857482910E+08,-1.00045E+02
4.857788086E+08,-1.00665E+02
4.858093262E+08,-1.09585E+02
4.858398438E+08,-1.12545E+02
4.858703613E+08,-1.05445E+02
4.859008789E+08,-1.10185E+02
4.859313965E+08,-1.05985E+02
4.859619141E+08,-1.07045E+02
4.859924316E+08,-1.15065E+02
4.860229492E+08,-1.18425E+02
4.860534668E+08,-1.09705E+02
4.860839844E+08,-1.18265E+02
4.861145020E+08,-1.11065E+02
4.861450195E+08,-1.08725E+02
4.861755371E+08,-1.07605E+02
4.862060547E+08,-1.10985E+02
4.862365723E+08,-1.04565E+02
4.862670898E+08,-1.09665E+02
4.862976074E+08,-1.19705E+02
4.863281250E+08,-1.09665E+02
4.863586426E+08,-1.04885E+02
4.863891602E+08,-1.04705E+02
4.864196777E+08,-1.10265E+02
4.864501953E+08,-1.07405E+02
4.864807129E+08,-1.09125E+02
4.865112305E+08,-1.09745E+02
4.865417480E+08,-1.10125E+02
4.865722656E+08,-1.07745E+02
4.866027832E+08,-1.07525E+02
4.866333008E+08,-1.05365E+02
4.866638184E+08,-1.10525E+02
4.866943359E+08,-1.05365E+02
4.867248535E+08,-1.11325E+02
4.867553711E+08,-1.08205E+02
4.867858887E+08,-1.05845E+02
4.868164062E+08,-1.13645E+02
4.868469238E+08,-1.11405E+02
4.868774414E+08,-1.18665E+02
4.869079590E+08,-1.20125E+02
4.869384766E+08,-1.05705E+02
4.869689941E+08,-1.07425E+02
4.869995117E+08,-1.15045E+02
4.870300293E+08,-1.05685E+02
4.870605469E+08,-1.07005E+02
4.870910645E+08,-1.06685E+02
4.871215820E+08,-1.07825E+02
4.871520996E+08,-1.05965E+02
4.871826172E+08,-1.06145E+02
4.872131348E+08,-1.03685E+02
4.872436523E+08,-1.05965E+02
4.872741699E+08,-1.15745E+02
4.873046875E+08,-1.16365E+02
4.873352051E+08,-1.04905E+02
4.873657227E+08,-1.00645E+02
4.873962402E+08,-1.06285E+02
4.874267578E+08,-1.05105E+02
4.874572754E+08,-1.04445E+02
4.874877930E+08,-1.03245E+02
4.875183105E+08,-1.00645E+02
4.875488281E+08,-1.01825E+02
4.875793457E+08,-9.87254E+01
4.876098633E+08,-1.00365E+02
4.876403809E+08,-1.05245E+02
4.876708984E+08,-1.17365E+02
4.877014160E+08,-1.06845E+02
4.877319336E+08,-1.06305E+02
4.877624512E+08,-1.04445E+02
4.877929688E+08,-1.07265E+02
4.878234863E+08,-1.15125E+02
4.878540039E+08,-1.06725E+02
4.878845215E+08,-1.09765E+02
4.879150391E+08,-1.05745E+02
4.879455566E+08,-1.07205E+02
4.879760742E+08,-1.07745E+02
4.880065918E+08,-1.06045E+02
4.880371094E+08,-1.08945E+02
4.880676270E+08,-1.15965E+02
4.880981445E+08,-1.15045E+02
4.881286621E+08,-1.09125E+02
4.881591797E+08,-1.06405E+02
4.881896973E+08,-1.07925E+02
4.882202148E+08,-1.10125E+02
4.882507324E+08,-1.11445E+02
4.882812500E+08,-1.07365E+02
4.883117676E+08,-1.03145E+02
4.883422852E+08,-1.07685E+02
4.883728027E+08,-1.04805E+02
4.884033203E+08,-1.08685E+02
4.884338379E+08,-1.11725E+02
4.884643555E+08,-1.14005E+02
4.884948730E+08,-1.01505E+02
4.885253906E+08,-1.01045E+02
4.885559082E+08,-1.05525E+02
4.885864258E+08,-1.11525E+02
4.886169434E+08,-1.09745E+02
4.886474609E+08,-1.18285E+02
4.886779785E+08,-1.10985E+02
4.887084961E+08,-1.10385E+02
4.887390137E+08,-1.14005E+02
4.887695312E+08,-1.09885E+02
4.888000488E+08,-1.25905E+02
4.888305664E+08,-1.04645E+02
4.888610840E+08,-1.09765E+02
4.888916016E+08,-1.12785E+02
4.889221191E+08,-1.16425E+02
4.889526367E+08,-1.12405E+02
4.889831543E+08,-1.11765E+02
4.890136719E+08,-1.11885E+02
4.890441895E+08,-1.14685E+02
4.890747070E+08,-1.11825E+02
4.891052246E+08,-1.10905E+02
4.891357422E+08,-1.11005E+02
4.891662598E+08,-1.20085E+02
4.891967773E+08,-1.15805E+02
4.892272949E+08,-1.09065E+02
4.892578125E+08,-1.03865E+02
4.892883301E+08,-1.06905E+02
4.893188477E+08,-1.00745E+02
4.893493652E+08,-1.09665E+02
4.893798828E+08,-1.04365E+02
4.894104004E+08,-1.09965E+02
4.894409180E+08,-1.05985E+02
4.894714355E+08,-1.12945E+02
4.895019531E+08,-1.08405E+02
4.895324707E+08,-1.04425E+02
4.895629883E+08,-1.08045E+02
4.895935059E+08,-1.17425E+02
4.896240234E+08,-1.20045E+02
4.896545410E+08,-1.23985E+02
4.896850586E+08,-1.05185E+02
4.897155762E+08,-1.08485E+02
4.897460938E+08,-1.11225E+02
4.897766113E+08,-1.13205E+02
4.898071289E+08,-1.05385E+02
4.898376465E+08,-1.03965E+02
4.898681641E+08,-1.05485E+02
4.898986816E+08,-1.02605E+02
4.899291992E+08,-1.01445E+02
4.899597168E+08,-1.05505E+02
4.899902344E+08,-1.14725E+02
4.900207520E+08,-1.11705E+02
4.900512695E+08,-1.06545E+02
4.900817871E+08,-1.04365E+02
4.901123047E+08,-1.04185E+02
4.901428223E+08,-1.09005E+02
4.901733398E+08,-1.18105E+02
4.902038574E+08,-1.11945E+02
4.902343750E+08,-1.10785E+02
4.902648926E+08,-1.20385E+02
4.902954102E+08,-1.08005E+02
4.903259277E+08,-1.11525E+02
4.903564453E+08,-1.19405E+02
4.903869629E+08,-1.13905E+02
4.904174805E+08,-1.06605E+02
4.904479980E+08,-1.12085E+02
4.904785156E+08,-1.10845E+02
4.905090332E+08,-1.11165E+02
4.905395508E+08,-1.10225E+02
4.905700684E+08,-1.22265E+02
4.906005859E+08,-1.12965E+02
4.906311035E+08,-1.07525E+02
4.906616211E+08,-1.04165E+02
4.906921387E+08,-1.04905E+02
4.907226562E+08,-1.14265E+02
4.907531738E+08,-1.09225E+02
4.907836914E+08,-1.11325E+02
4.908142090E+08,-1.06145E+02
4.908447266E+08,-1.07265E+02
4.908752441E+08,-1.09005E+02
4.909057617E+08,-1.04745E+02
4.909362793E+08,-1.03725E+02
4.909667969E+08,-1.10085E+02
4.909973145E+08,-1.14905E+02
4.910278320E+08,-1.10885E+02
4.910583496E+08,-1.08685E+02
4.910888672E+08,-1.04445E+02
4.911193848E+08,-1.08625E+02
4.911499023E+08,-1.05825E+02
4.911804199E+08,-1.13145E+02
4.912109375E+08,-1.12125E+02
4.912414551E+08,-1.18425E+02
4.912719727E+08,-1.08325E+02
4.913024902E+08,-1.05065E+02
4.913330078E+08,-1.07245E+02
4.913635254E+08,-1.12865E+02
4.913940430E+08,-1.07445E+02
4.914245605E+08,-1.05685E+02
4.914550781E+08,-1.17565E+02
4.914855957E+08,-1.06725E+02
4.915161133E+08,-1.07245E+02
4.915466309E+08,-1.12345E+02
4.915771484E+08,-1.24085E+02
4.916076660E+08,-1.18245E+02
4.916381836E+08,-1.08685E+02
4.916687012E+08,-1.06465E+02
4.916992188E+08,-1.06665E+02
4.917297363E+08,-1.06165E+02
4.917602539E+08,-1.40305E+02
4.917907715E+08,-1.19545E+02
4.918212891E+08,-1.05585E+02
4.918518066E+08,-1.03005E+02
4.918823242E+08,-1.07425E+02
4.919128418E+08,-1.12365E+02
4.919433594E+08,-1.05825E+02
4.919738770E+08,-1.04565E+02
4.920043945E+08,-1.07925E+02
4.920349121E+08,-1.09885E+02
4.920654297E+08,-1.10825E+02
4.920959473E+08,-1.08805E+02
4.921264648E+08,-1.17905E+02
4.921569824E+08,-1.04845E+02
4.921875000E+08,-1.02325E+02
4.922180176E+08,-1.04465E+02
4.922485352E+08,-1.09965E+02
4.922790527E+08,-1.12325E+02
4.923095703E+08,-1.17565E+02
4.923400879E+08,-1.07725E+02
4.923706055E+08,-1.02845E+02
4.924011230E+08,-1.02265E+02
4.924316406E+08,-1.02965E+02
4.924621582E+08,-1.02785E+02
4.924926758E+08,-1.14465E+02
4.925231934E+08,-1.07585E+02
4.925537109E+08,-1.10085E+02
4.925842285E+08,-1.12845E+02
4.926147461E+08,-1.09265E+02
4.926452637E+08,-1.05465E+02
4.926757812E+08,-1.02205E+02
4.927062988E+08,-1.02925E+02
4.927368164E+08,-1.09665E+02
4.927673340E+08,-1.04045E+02
4.927978516E+08,-1.01105E+02
4.928283691E+08,-1.04885E+02
4.928588867E+08,-1.09765E+02
4.928894043E+08,-1.05765E+02
4.929199219E+08,-1.12445E+02
4.929504395E+08,-1.12345E+02
4.929809570E+08,-1.07045E+02
4.930114746E+08,-1.07425E+02
4.930419922E+08,-1.05205E+02
4.930725098E+08,-1.01345E+02
4.931030273E+08,-1.03505E+02
4.931335449E+08,-1.10505E+02
4.931640625E+08,-1.10665E+02
4.931945801E+08,-1.11025E+02
4.932250977E+08,-1.14105E+02
4.932556152E+08,-1.15265E+02
4.932861328E+08,-1.09025E+02
4.933166504E+08,-1.07185E+02
4.933471680E+08,-1.12925E+02
4.933776855E+08,-1.17905E+02
4.934082031E+08,-1.08245E+02
4.934387207E+08,-1.07725E+02
4.934692383E+08,-1.17385E+02
4.934997559E+08,-1.14725E+02
4.935302734E+08,-1.03365E+02
4.935607910E+08,-1.00625E+02
4.935913086E+08,-1.05205E+02
4.936218262E+08,-1.16905E+02
4.936523438E+08,-1.05885E+02
4.936828613E+08,-1.05305E+02
4.937133789E+08,-1.04385E+02
4.937438965E+08,-1.04805E+02
4.937744141E+08,-1.08285E+02
4.938049316E+08,-1.05045E+02
4.938354492E+08,-1.00765E+02
4.938659668E+08,-1.03305E+02
4.938964844E+08,-1.04165E+02
4.939270020E+08,-1.04385E+02
4.939575195E+08,-1.01985E+02
4.939880371E+08,-1.05445E+02
4.940185547E+08,-1.11325E+02
4.940490723E+08,-1.13245E+02
4.940795898E+08,-1.04165E+02
4.941101074E+08,-1.02325E+02
4.941406250E+08,-1.02825E+02
4.941711426E+08,-1.00045E+02
4.942016602E+08,-1.06205E+02
4.942321777E+08,-1.11285E+02
4.942626953E+08,-1.12505E+02
4.942932129E+08,-1.11745E+02
4.943237305E+08,-1.05225E+02
4.943542480E+08,-1.05165E+02
4.943847656E+08,-1.08465E+02
4.944152832E+08,-1.07005E+02
4.944458008E+08,-1.08245E+02
4.944763184E+08,-1.18425E+02
4.945068359E+08,-1.06985E+02
4.945373535E+08,-1.11645E+02
4.945678711E+08,-1.09665E+02
4.945983887E+08,-1.06205E+02
4.946289062E+08,-1.12325E+02
4.946594238E+08,-1.24585E+02
4.946899414E+08,-1.05025E+02
4.947204590E+08,-1.04625E+02
4.947509766E+08,-1.12445E+02
4.947814941E+08,-1.03945E+02
4.948120117E+08,-1.00685E+02
4.948425293E+08,-1.03625E+02
4.948730469E+08,-1.04885E+02
4.949035645E+08,-1.06885E+02
4.949340820E+08,-1.07465E+02
4.949645996E+08,-1.11205E+02
4.949951172E+08,-1.04665E+02
4.950256348E+08,-1.00265E+02
4.950561523E+08,-1.04845E+02
4.950866699E+08,-1.10045E+02
4.951171875E+08,-1.07425E+02
4.951477051E+08,-1.22045E+02
4.951782227E+08,-1.09005E+02
4.952087402E+08,-1.14085E+02
4.952392578E+08,-1.04305E+02
4.952697754E+08,-1.02665E+02
4.953002930E+08,-1.09205E+02
4.953308105E+08,-1.12885E+02
4.953613281E+08,-1.13925E+02
4.953918457E+08,-1.08045E+02
4.954223633E+08,-1.08185E+02
4.954528809E+08,-1.09365E+02
4.954833984E+08,-1.08525E+02
4.955139160E+08,-1.08565E+02
4.955444336E+08,-1.08785E+02
4.955749512E+08,-1.04105E+02
4.956054688E+08,-1.01905E+02
4.956359863E+08,-1.09065E+02
4.956665039E+08,-1.16725E+02
4.956970215E+08,-1.23705E+02
4.957275391E+08,-1.16365E+02
4.957580566E+08,-1.14505E+02
4.957885742E+08,-1.11425E+02
4.958190918E+08,-1.09225E+02
4.958496094E+08,-1.11965E+02
4.958801270E+08,-1.13685E+02
4.959106445E+08,-1.04885E+02
4.959411621E+08,-1.06645E+02
4.959716797E+08,-1.17125E+02
4.960021973E+08,-1.19005E+02
4.960327148E+08,-1.20945E+02
4.960632324E+08,-1.11125E+02
4.960937500E+08,-1.09025E+02
4.961242676E+08,-1.05905E+02
4.961547852E+08,-1.06785E+02
4.961853027E+08,-1.16545E+02
4.962158203E+08,-1.12845E+02
4.962463379E+08,-1.07865E+02
4.962768555E+08,-1.10805E+02
4.963073730E+08,-1.12345E+02
4.963378906E+08,-1.04025E+02
4.963684082E+08,-1.04485E+02
4.963989258E+08,-1.08905E+02
4.964294434E+08,-1.11125E+02
4.964599609E+08,-1.06585E+02
4.964904785E+08,-1.01905E+02
4.965209961E+08,-1.10745E+02
4.965515137E+08,-1.06405E+02
4.965820312E+08,-1.08125E+02
4.966125488E+08,-1.12665E+02
4.966430664E+08,-1.16825E+02
4.966735840E+08,-1.10325E+02
4.967041016E+08,-1.11405E+02
4.967346191E+08,-1.12825E+02
4.967651367E+08,-1.10845E+02
4.967956543E+08,-1.15285E+02
4.968261719E+08,-1.16725E+02
4.968566895E+08,-1.08125E+02
4.968872070E+08,-1.08525E+02
4.969177246E+08,-1.21105E+02
4.969482422E+08,-1.04525E+02
4.969787598E+08,-1.04125E+02
4.970092773E+08,-1.09405E+02
4.970397949E+08,-1.05345E+02
4.970703125E+08,-1.02085E+02
4.971008301E+08,-1.00885E+02
4.971313477E+08,-1.05425E+02
4.971618652E+08,-1.13185E+02
4.971923828E+08,-1.04765E+02
4.972229004E+08,-1.06285E+02
4.972534180E+08,-1.07585E+02
4.972839355E+08,-1.19665E+02
4.973144531E+08,-1.10825E+02
4.973449707E+08,-1.06805E+02
4.973754883E+08,-1.05925E+02
4.974060059E+08,-1.03245E+02
4.974365234E+08,-1.01945E+02
4.974670410E+08,-1.04465E+02
4.974975586E+08,-1.10745E+02
4.975280762E+08,-1.15005E+02
4.975585938E+08,-1.11725E+02
4.975891113E+08,-1.17245E+02
4.976196289E+08,-1.08665E+02
4.976501465E+08,-1.04685E+02
4.976806641E+08,-1.01785E+02
4.977111816E+08,-1.05665E+02
4.977416992E+08,-1.12345E+02
4.977722168E+08,-1.16885E+02
4.978027344E+08,-1.13145E+02
4.978332520E+08,-1.08785E+02
4.978637695E+08,-1.07405E+02
4.978942871E+08,-1.08425E+02
4.979248047E+08,-1.08205E+02
4.979553223E+08,-1.15045E+02
4.979858398E+08,-1.14745E+02
4.980163574E+08,-1.06445E+02
4.980468750E+08,-9.94054E+01
4.980773926E+08,-1.01145E+02
4.981079102E+08,-1.06665E+02
4.981384277E+08,-1.07465E+02
4.981689453E+08,-1.16065E+02
4.981994629E+08,-1.06505E+02
4.982299805E+08,-1.09745E+02
4.982604980E+08,-1.10765E+02
4.982910156E+08,-1.16245E+02
4.983215332E+08,-1.11265E+02
4.983520508E+08,-1.25165E+02
4.983825684E+08,-1.10625E+02
4.984130859E+08,-1.13585E+02
4.984436035E+08,-1.12985E+02
4.984741211E+08,-1.15825E+02
4.985046387E+08,-1.11365E+02
4.985351562E+08,-1.13045E+02
4.985656738E+08,-1.20085E+02
4.985961914E+08,-1.20505E+02
4.986267090E+08,-1.25065E+02
4.986572266E+08,-1.09885E+02
4.986877441E+08,-1.08565E+02
4.987182617E+08,-1.15745E+02
4.987487793E+08,-1.09965E+02
4.987792969E+08,-1.14985E+02
4.988098145E+08,-1.04425E+02
4.988403320E+08,-1.02025E+02
4.988708496E+08,-1.04685E+02
4.989013672E+08,-1.23205E+02
4.989318848E+08,-1.11605E+02
4.989624023E+08,-1.08845E+02
4.989929199E+08,-1.06165E+02
4.990234375E+08,-1.07785E+02
4.990539551E+08,-1.04825E+02
4.990844727E+08,-1.02565E+02
4.991149902E+08,-1.04905E+02
4.991455078E+08,-1.07705E+02
4.991760254E+08,-1.08625E+02
4.992065430E+08,-1.15025E+02
4.992370605E+08,-1.10845E+02
4.992675781E+08,-1.09745E+02
4.992980957E+08,-1.10625E+02
4.993286133E+08,-1.06305E+02
4.993591309E+08,-1.09305E+02
4.993896484E+08,-1.09165E+02
4.994201660E+08,-1.09505E+02
4.994506836E+08,-1.07825E+02
4.994812012E+08,-1.02625E+02
4.995117188E+08,-1.10745E+02
4.995422363E+08,-1.05725E+02
4.995727539E+08,-1.08965E+02
4.996032715E+08,-1.07925E+02
4.996337891E+08,-1.05965E+02
4.996643066E+08,-1.03165E+02
4.996948242E+08,-1.04165E+02
4.997253418E+08,-1.09305E+02
4.997558594E+08,-1.02565E+02
4.997863770E+08,-1.00705E+02
4.998168945E+08,-1.10265E+02
4.998474121E+08,-1.11285E+02
4.998779297E+08,-1.09445E+02
4.999084473E+08,-1.13005E+02
4.999389648E+08,-1.06425E+02
4.999694824E+08,-9.77054E+01
5.000000000E+08,-9.45854E+01
5.000305176E+08,-9.97454E+01
5.000610352E+08,-1.12465E+02
5.000915527E+08,-1.22805E+02
5.001220703E+08,-1.13105E+02
5.001525879E+08,-1.11585E+02
5.001831055E+08,-1.07585E+02
5.002136230E+08,-1.06745E+02
5.002441406E+08,-1.11265E+02
5.002746582E+08,-1.10405E+02
5.003051758E+08,-1.04805E+02
5.003356934E+08,-1.02245E+02
5.003662109E+08,-1.04985E+02
5.003967285E+08,-1.26105E+02
5.004272461E+08,-1.16705E+02
5.004577637E+08,-1.09225E+02
5.004882812E+08,-1.11745E+02
5.005187988E+08,-1.11025E+02
5.005493164E+08,-1.20745E+02
5.005798340E+08,-1.12705E+02
5.006103516E+08,-1.11205E+02
5.006408691E+08,-1.06345E+02
5.006713867E+08,-1.04065E+02
5.007019043E+08,-1.08165E+02
5.007324219E+08,-1.09265E+02
5.007629395E+08,-1.08865E+02
5.007934570E+08,-1.05165E+02
5.008239746E+08,-1.09745E+02
5.008544922E+08,-1.15685E+02
5.008850098E+08,-1.17565E+02
5.009155273E+08,-1.13345E+02
5.009460449E+08,-1.09485E+02
5.009765625E+08,-1.09625E+02
5.010070801E+08,-1.12065E+02
5.010375977E+08,-1.35705E+02
5.010681152E+08,-1.13725E+02
5.010986328E+08,-1.06865E+02
5.011291504E+08,-1.16005E+02
5.011596680E+08,-1.07425E+02
5.011901855E+08,-1.18945E+02
5.012207031E+08,-1.07205E+02
5.012512207E+08,-1.23945E+02
5.012817383E+08,-1.09485E+02
5.013122559E+08,-1.03625E+02
5.013427734E+08,-1.02285E+02
5.013732910E+08,-1.13245E+02
5.014038086E+08,-1.09625E+02
5.014343262E+08,-1.06265E+02
5.014648438E+08,-1.01765E+02
5.014953613E+08,-1.07225E+02
5.015258789E+08,-1.12805E+02
5.015563965E+08,-1.22225E+02
5.015869141E+08,-1.08685E+02
5.016174316E+08,-1.02625E+02
5.016479492E+08,-1.03465E+02
5.016784668E+08,-1.00845E+02
5.017089844E+08,-1.00945E+02
5.017395020E+08,-1.07565E+02
5.017700195E+08,-1.08265E+02
5.018005371E+08,-1.04125E+02
5.018310547E+08,-1.08545E+02
5.018615723E+08,-1.03005E+02
5.018920898E+08,-1.05045E+02
5.019226074E+08,-1.10725E+02
5.019531250E+08,-1.11725E+02
5.019836426E+08,-1.03585E+02
5.020141602E+08,-1.00545E+02
5.020446777E+08,-1.03365E+02
5.020751953E+08,-1.10565E+02
5.021057129E+08,-1.07865E+02
5.021362305E+08,-1.04345E+02
5.021667480E+08,-1.04185E+02
5.021972656E+08,-1.29625E+02
5.022277832E+08,-1.03765E+02
5.022583008E+08,-1.04425E+02
5.022888184E+08,-1.10485E+02
5.023193359E+08,-1.10605E+02
5.023498535E+08,-1.08545E+02
5.023803711E+08,-1.18605E+02
5.024108887E+08,-1.04265E+02
5.024414062E+08,-1.04205E+02
5.024719238E+08,-1.02465E+02
5.025024414E+08,-1.04205E+02
5.025329590E+08,-1.10125E+02
5.025634766E+08,-1.15525E+02
5.025939941E+08,-1.05365E+02
5.026245117E+08,-1.05025E+02
5.026550293E+08,-1.18845E+02
5.026855469E+08,-1.04185E+02
5.027160645E+08,-1.08905E+02
5.027465820E+08,-1.14785E+02
5.027770996E+08,-1.08205E+02
5.028076172E+08,-1.08545E+02
5.028381348E+08,-1.18745E+02
5.028686523E+08,-1.19705E+02
5.028991699E+08,-1.03965E+02
5.029296875E+08,-9.99254E+01
5.029602051E+08,-1.03565E+02
5.029907227E+08,-1.06825E+02
5.030212402E+08,-1.07125E+02
5.030517578E+08,-1.02985E+02
5.030822754E+08,-1.03865E+02
5.031127930E+08,-1.14485E+02
5.031433105E+08,-1.09345E+02
5.031738281E+08,-1.16405E+02
5.032043457E+08,-1.08005E+02
5.032348633E+08,-1.08045E+02
5.032653809E+08,-1.16265E+02
5.032958984E+08,-1.09025E+02
5.033264160E+08,-1.05825E+02
5.033569336E+08,-1.16265E+02
5.033874512E+08,-1.20185E+02
5.034179688E+08,-1.11205E+02
5.034484863E+08,-1.11465E+02
5.034790039E+08,-1.14665E+02
5.035095215E+08,-1.19705E+02
5.035400391E+08,-1.17825E+02
5.035705566E+08,-1.09105E+02
5.036010742E+08,-1.11325E+02
5.036315918E+08,-1.20385E+02
5.036621094E+08,-1.08945E+02
5.036926270E+08,-1.19225E+02
5.037231445E+08,-1.03625E+02
5.037536621E+08,-9.98854E+01
5.037841797E+08,-1.01465E+02
5.038146973E+08,-1.08425E+02
5.038452148E+08,-1.07365E+02
5.038757324E+08,-1.13965E+02
5.039062500E+08,-1.12745E+02
5.039367676E+08,-1.12785E+02
5.039672852E+08,-1.16065E+02
5.039978027E+08,-1.06945E+02
5.040283203E+08,-1.03445E+02
5.040588379E+08,-1.01165E+02
5.040893555E+08,-1.09365E+02
5.041198730E+08,-1.14945E+02
5.041503906E+08,-1.13485E+02
5.041809082E+08,-1.08325E+02
5.042114258E+08,-1.08945E+02
5.042419434E+08,-1.16165E+02
5.042724609E+08,-1.07565E+02
5.043029785E+08,-1.12465E+02
5.043334961E+08,-1.08665E+02
5.043640137E+08,-1.10225E+02
5.043945312E+08,-1.11305E+02
5.044250488E+08,-1.19765E+02
5.044555664E+08,-1.05045E+02
5.044860840E+08,-1.02705E+02
5.045166016E+08,-1.09545E+02
5.045471191E+08,-1.06725E+02
5.045776367E+08,-1.10945E+02
5.046081543E+08,-1.05525E+02
5.046386719E+08,-1.05765E+02
5.046691895E+08,-1.11185E+02
5.046997070E+08,-1.04265E+02
5.047302246E+08,-1.02605E+02
5.047607422E+08,-1.05645E+02
5.047912598E+08,-1.08425E+02
5.048217773E+08,-1.12885E+02
5.048522949E+08,-1.13725E+02
5.048828125E+08,-1.05825E+02
5.049133301E+08,-1.10965E+02
5.049438477E+08,-1.07445E+02
5.049743652E+08,-1.15625E+02
5.050048828E+08,-1.13765E+02
5.050354004E+08,-1.19965E+02
5.050659180E+08,-1.16105E+02
5.050964355E+08,-1.07425E+02
5.051269531E+08,-1.17825E+02
5.051574707E+08,-1.09625E+02
5.051879883E+08,-1.07045E+02
5.052185059E+08,-1.05405E+02
5.052490234E+08,-1.16845E+02
5.052795410E+08,-1.07625E+02
5.053100586E+08,-1.04365E+02
5.053405762E+08,-1.07045E+02
5.053710938E+08,-1.04945E+02
5.054016113E+08,-1.20325E+02
5.054321289E+08,-1.02685E+02
5.054626465E+08,-1.02465E+02
5.054931641E+08,-1.15145E+02
5.055236816E+08,-1.10265E+02
5.055541992E+08,-1.11465E+02
5.055847168E+08,-1.13465E+02
5.056152344E+08,-1.11765E+02
5.056457520E+08,-1.14205E+02
5.056762695E+08,-1.16065E+02
5.057067871E+08,-1.15625E+02
5.057373047E+08,-1.06585E+02
5.057678223E+08,-1.08205E+02
5.057983398E+08,-1.06585E+02
5.058288574E+08,-1.10385E+02
5.058593750E+08,-1.11365E+02
5.058898926E+08,-1.10825E+02
5.059204102E+08,-1.04685E+02
5.059509277E+08,-1.06945E+02
5.059814453E+08,-1.06525E+02
5.060119629E+08,-1.07385E+02
5.060424805E+08,-1.06805E+02
5.060729980E+08,-1.04805E+02
5.061035156E+08,-1.05605E+02
5.061340332E+08,-1.04025E+02
5.061645508E+08,-1.08125E+02
5.061950684E+08,-1.14665E+02
5.062255859E+08,-1.07945E+02
5.062561035E+08,-1.04505E+02
5.062866211E+08,-1.06805E+02
5.063171387E+08,-1.06525E+02
5.063476562E+08,-1.03445E+02
5.063781738E+08,-1.05985E+02
5.064086914E+08,-1.17065E+02
5.064392090E+08,-1.08345E+02
5.064697266E+08,-1.10125E+02
5.065002441E+08,-1.07485E+02
5.065307617E+08,-1.04245E+02
5.065612793E+08,-1.04745E+02
5.065917969E+08,-1.07785E+02
5.066223145E+08,-1.07905E+02
5.066528320E+08,-1.15185E+02
5.066833496E+08,-1.05645E+02
5.067138672E+08,-1.07705E+02
5.067443848E+08,-1.04385E+02
5.067749023E+08,-1.09625E+02
5.068054199E+08,-1.17805E+02
5.068359375E+08,-1.10845E+02
5.068664551E+08,-1.12545E+02
5.068969727E+08,-1.03445E+02
5.069274902E+08,-1.00825E+02
5.069580078E+08,-1.02845E+02
5.069885254E+08,-1.14805E+02
5.070190430E+08,-1.07385E+02
5.070495605E+08,-1.13705E+02
5.070800781E+08,-1.14985E+02
5.071105957E+08,-1.12905E+02
5.071411133E+08,-1.05405E+02
5.071716309E+08,-1.10905E+02
5.072021484E+08,-1.22745E+02
5.072326660E+08,-1.15445E+02
5.072631836E+08,-1.08205E+02
5.072937012E+08,-1.00305E+02
5.073242188E+08,-9.93054E+01
5.073547363E+08,-9.84054E+01
5.073852539E+08,-1.03105E+02
5.074157715E+08,-1.11885E+02
5.074462891E+08,-1.08785E+02
5.074768066E+08,-1.05105E+02
5.075073242E+08,-1.03825E+02
5.075378418E+08,-1.06865E+02
5.075683594E+08,-1.09745E+02
5.075988770E+08,-1.11105E+02
5.076293945E+08,-1.07525E+02
5.076599121E+08,-1.06265E+02
5.076904297E+08,-1.11765E+02
5.077209473E+08,-1.09025E+02
5.077514648E+08,-1.05005E+02
5.077819824E+08,-1.04685E+02
5.078125000E+08,-1.20225E+02
5.078430176E+08,-1.04905E+02
5.078735352E+08,-1.05705E+02
5.079040527E+08,-1.09885E+02
5.079345703E+08,-1.13365E+02
5.079650879E+08,-1.12525E+02
5.079956055E+08,-1.14805E+02
5.080261230E+08,-1.03105E+02
5.080566406E+08,-1.06405E+02
5.080871582E+08,-1.11285E+02
5.081176758E+08,-1.16785E+02
5.081481934E+08,-1.07485E+02
5.081787109E+08,-1.10045E+02
5.082092285E+08,-1.07985E+02
5.082397461E+08,-1.04805E+02
5.082702637E+08,-1.04025E+02
5.083007812E+08,-1.07285E+02
5.083312988E+08,-1.06945E+02
5.083618164E+08,-1.06805E+02
5.083923340E+08,-1.22545E+02
5.084228516E+08,-1.07365E+02
5.084533691E+08,-1.09025E+02
5.084838867E+08,-1.08945E+02
5.085144043E+08,-1.29805E+02
5.085449219E+08,-1.08285E+02
5.085754395E+08,-1.04285E+02
5.086059570E+08,-1.03765E+02
5.086364746E+08,-1.03225E+02
5.086669922E+08,-1.07065E+02
5.086975098E+08,-1.17245E+02
5.087280273E+08,-1.12305E+02
5.087585449E+08,-1.24245E+02
5.087890625E+08,-1.11225E+02
5.088195801E+08,-1.07845E+02
5.088500977E+08,-1.06165E+02
5.088806152E+08,-1.09445E+02
5.089111328E+08,-1.10085E+02
5.089416504E+08,-1.01645E+02
5.089721680E+08,-1.07345E+02
5.090026855E+08,-1.07625E+02
5.090332031E+08,-1.09765E+02
5.090637207E+08,-1.11065E+02
5.090942383E+08,-1.13145E+02
5.091247559E+08,-1.10725E+02
5.091552734E+08,-1.09765E+02
5.091857910E+08,-1.14385E+02
5.092163086E+08,-1.18005E+02
5.092468262E+08,-1.08285E+02
5.092773438E+08,-1.13105E+02
5.093078613E+08,-1.06185E+02
5.093383789E+08,-1.00505E+02
5.093688965E+08,-1.01865E+02
5.093994141E+08,-1.06245E+02
5.094299316E+08,-1.06985E+02
5.094604492E+08,-1.02725E+02
5.094909668E+08,-1.06545E+02
5.095214844E+08,-1.10325E+02
5.095520020E+08,-1.05045E+02
5.095825195E+08,-1.04565E+02
5.096130371E+08,-1.06585E+02
5.096435547E+08,-1.05345E+02
5.096740723E+08,-9.98054E+01
5.097045898E+08,-1.01705E+02
5.097351074E+08,-1.06165E+02
5.097656250E+08,-1.06585E+02
5.097961426E+08,-1.07045E+02
5.098266602E+08,-1.08965E+02
5.098571777E+08,-1.22525E+02
5.098876953E+08,-1.08965E+02
5.099182129E+08,-1.10585E+02
5.099487305E+08,-1.14845E+02
5.099792480E+08,-1.05325E+02
5.100097656E+08,-1.06425E+02
5.100402832E+08,-1.10125E+02
5.100708008E+08,-1.17985E+02
5.101013184E+08,-1.16685E+02
5.101318359E+08,-1.06365E+02
5.101623535E+08,-1.04265E+02
5.101928711E+08,-1.02705E+02
5.102233887E+08,-1.03465E+02
5.102539062E+08,-1.03725E+02
5.102844238E+08,-1.03465E+02
5.103149414E+08,-1.02125E+02
5.103454590E+08,-1.01505E+02
5.103759766E+08,-1.03505E+02
5.104064941E+08,-1.01465E+02
5.104370117E+08,-1.04245E+02
5.104675293E+08,-1.12665E+02
5.104980469E+08,-1.06845E+02
5.105285645E+08,-1.05805E+02
5.105590820E+08,-1.09585E+02
5.105895996E+08,-1.15865E+02
5.106201172E+08,-1.13845E+02
5.106506348E+08,-1.07265E+02
5.106811523E+08,-1.04805E+02
5.107116699E+08,-1.09225E+02
5.107421875E+08,-1.09205E+02
5.107727051E+08,-1.12505E+02
5.108032227E+08,-1.12785E+02
5.108337402E+08,-1.06725E+02
5.108642578E+08,-1.15705E+02
5.108947754E+08,-1.14505E+02
5.109252930E+08,-1.04545E+02
5.109558105E+08,-1.06805E+02
5.109863281E+08,-1.12025E+02
5.110168457E+08,-1.14225E+02
5.110473633E+08,-1.07925E+02
5.110778809E+08,-1.06885E+02
5.111083984E+08,-1.12605E+02
5.111389160E+08,-1.06445E+02
5.111694336E+08,-1.07845E+02
5.111999512E+08,-1.32705E+02
5.112304688E+08,-1.06245E+02
5.112609863E+08,-1.16305E+02
5.112915039E+08,-1.04625E+02
5.113220215E+08,-1.05465E+02
5.113525391E+08,-1.08345E+02
5.113830566E+08,-1.06085E+02
5.114135742E+08,-1.14765E+02
5.114440918E+08,-1.24745E+02
5.114746094E+08,-1.17125E+02
5.115051270E+08,-1.30045E+02
5.115356445E+08,-1.14305E+02
5.115661621E+08,-1.13745E+02
5.115966797E+08,-1.12985E+02
5.116271973E+08,-1.08085E+02
5.116577148E+08,-1.07025E+02
5.116882324E+08,-1.12765E+02
5.117187500E+08,-1.23825E+02
5.117492676E+08,-1.12965E+02
5.117797852E+08,-1.12825E+02
5.118103027E+08,-1.15025E+02
5.118408203E+08,-1.09125E+02
5.118713379E+08,-1.12225E+02
5.119018555E+08,-1.07665E+02
5.119323730E+08,-1.15205E+02
5.119628906E+08,-1.06505E+02
5.119934082E+08,-1.03445E+02
5.120239258E+08,-1.04345E+02
5.120544434E+08,-1.04305E+02
5.120849609E+08,-1.11125E+02
5.121154785E+08,-1.07845E+02
5.121459961E+08,-1.04725E+02
5.121765137E+08,-1.04305E+02
5.122070312E+08,-1.09225E+02
5.122375488E+08,-1.09765E+02
5.122680664E+08,-1.10385E+02
5.122985840E+08,-1.08085E+02
5.123291016E+08,-1.02245E+02
5.123596191E+08,-1.03105E+02
5.123901367E+08,-1.03805E+02
5.124206543E+08,-1.01885E+02
5.124511719E+08,-9.98854E+01
5.124816895E+08,-1.02845E+02
5.125122070E+08,-1.03265E+02
5.125427246E+08,-1.02745E+02
5.125732422E+08,-1.14265E+02
5.126037598E+08,-1.08745E+02
5.126342773E+08,-1.12565E+02
5.126647949E+08,-1.09705E+02
5.126953125E+08,-1.05345E+02
5.127258301E+08,-1.11365E+02
5.127563477E+08,-1.06545E+02
5.127868652E+08,-1.06185E+02
5.128173828E+08,-1.04545E+02
5.128479004E+08,-1.07945E+02
5.128784180E+08,-1.08625E+02
5.129089355E+08,-1.05345E+02
5.129394531E+08,-1.09485E+02
5.129699707E+08,-1.12685E+02
5.130004883E+08,-1.05625E+02
5.130310059E+08,-1.11725E+02
5.130615234E+08,-1.04725E+02
5.130920410E+08,-1.10765E+02
5.131225586E+08,-1.09305E+02
5.131530762E+08,-1.01765E+02
5.131835938E+08,-1.00505E+02
5.132141113E+08,-1.06405E+02
5.132446289E+08,-1.10485E+02
5.132751465E+08,-1.02185E+02
5.133056641E+08,-1.03905E+02
5.133361816E+08,-1.01645E+02
5.133666992E+08,-1.00585E+02
5.133972168E+08,-1.05585E+02
5.134277344E+08,-1.15125E+02
5.134582520E+08,-1.09305E+02
5.134887695E+08,-1.11245E+02
5.135192871E+08,-1.08105E+02
5.135498047E+08,-1.02765E+02
5.135803223E+08,-1.04965E+02
5.136108398E+08,-1.03885E+02
5.136413574E+08,-1.03965E+02
5.136718750E+08,-1.10185E+02
5.137023926E+08,-1.10225E+02
5.137329102E+08,-1.11285E+02
5.137634277E+08,-1.06645E+02
5.137939453E+08,-1.04045E+02
5.138244629E+08,-1.09585E+02
5.138549805E+08,-1.10085E+02
5.138854980E+08,-1.10685E+02
5.139160156E+08,-1.10465E+02
5.139465332E+08,-1.13465E+02
5.139770508E+08,-1.06405E+02
5.140075684E+08,-1.12285E+02
5.140380859E+08,-1.01945E+02
5.140686035E+08,-1.03905E+02
5.140991211E+08,-1.03505E+02
5.141296387E+08,-1.05605E+02
5.141601562E+08,-1.14465E+02
5.141906738E+08,-1.13945E+02
5.142211914E+08,-1.12705E+02
5.142517090E+08,-1.15145E+02
5.142822266E+08,-1.07225E+02
5.143127441E+08,-1.03105E+02
5.143432617E+08,-1.02145E+02
5.143737793E+08,-1.05865E+02
5.144042969E+08,-1.02885E+02
5.144348145E+08,-1.00385E+02
5.144653320E+08,-1.06645E+02
5.144958496E+08,-1.18865E+02
5.145263672E+08,-1.07425E+02
5.145568848E+08,-1.06925E+02
5.145874023E+08,-1.11085E+02
5.146179199E+08,-1.15525E+02
5.146484375E+08,-1.18185E+02
5.146789551E+08,-1.17085E+02
5.147094727E+08,-1.13825E+02
5.147399902E+08,-1.07245E+02
5.147705078E+08,-1.01765E+02
5.148010254E+08,-1.07685E+02
5.148315430E+08,-1.10305E+02
5.148620605E+08,-1.06125E+02
5.148925781E+08,-1.02565E+02
5.149230957E+08,-1.07825E+02
5.149536133E+08,-1.16385E+02
5.149841309E+08,-1.10365E+02
5.150146484E+08,-1.05585E+02
5.150451660E+08,-1.05285E+02
5.150756836E+08,-1.01365E+02
5.151062012E+08,-1.02325E+02
5.151367188E+08,-1.12445E+02
5.151672363E+08,-1.05045E+02
5.151977539E+08,-1.13765E+02
5.152282715E+08,-1.10945E+02
5.152587891E+08,-1.10945E+02
5.152893066E+08,-1.09965E+02
5.153198242E+08,-1.05025E+02
5.153503418E+08,-1.11705E+02
5.153808594E+08,-1.10945E+02
5.154113770E+08,-1.07665E+02
5.154418945E+08,-1.11665E+02
5.154724121E+08,-1.06925E+02
5.155029297E+08,-1.05485E+02
5.155334473E+08,-1.10125E+02
5.155639648E+08,-1.06785E+02
5.155944824E+08,-1.10945E+02
5.156250000E+08,-1.08525E+02
5.156555176E+08,-1.03065E+02
5.156860352E+08,-1.05285E+02
5.157165527E+08,-1.25405E+02
5.157470703E+08,-1.11665E+02
5.157775879E+08,-1.05425E+02
5.158081055E+08,-1.03625E+02
5.158386230E+08,-1.10085E+02
5.158691406E+08,-1.12065E+02
5.158996582E+08,-1.08125E+02
5.159301758E+08,-1.02185E+02
5.159606934E+08,-1.00665E+02
5.159912109E+08,-1.07725E+02
5.160217285E+08,-1.07465E+02
5.160522461E+08,-1.04885E+02
5.160827637E+08,-1.04685E+02
5.161132812E+08,-1.16005E+02
5.161437988E+08,-1.06525E+02
5.161743164E+08,-1.04085E+02
5.162048340E+08,-1.04305E+02
5.162353516E+08,-1.11925E+02
5.162658691E+08,-1.08165E+02
5.162963867E+08,-1.04365E+02
5.163269043E+08,-1.11905E+02
5.163574219E+08,-1.32925E+02
5.163879395E+08,-1.24105E+02
5.164184570E+08,-1.11565E+02
5.164489746E+08,-1.06165E+02
5.164794922E+08,-1.06105E+02
5.165100098E+08,-1.07785E+02
5.165405273E+08,-1.09745E+02
5.165710449E+08,-1.16405E+02
5.166015625E+08,-1.15425E+02
5.166320801E+08,-1.09745E+02
5.166625977E+08,-1.06525E+02
5.166931152E+08,-1.06165E+02
5.167236328E+08,-1.10945E+02
5.167541504E+08,-1.06065E+02
5.167846680E+08,-1.10565E+02
5.168151855E+08,-1.04045E+02
5.168457031E+08,-1.07785E+02
5.168762207E+08,-1.14765E+02
5.169067383E+08,-1.10385E+02
5.169372559E+08,-1.11745E+02
5.169677734E+08,-1.05325E+02
5.169982910E+08,-1.12085E+02
5.170288086E+08,-1.17905E+02
5.170593262E+08,-1.11405E+02
5.170898438E+08,-1.06105E+02
5.171203613E+08,-1.06265E+02
5.171508789E+08,-1.05225E+02
5.171813965E+08,-1.15865E+02
5.172119141E+08,-1.06065E+02
5.172424316E+08,-1.20605E+02
5.172729492E+08,-1.06125E+02
5.173034668E+08,-1.06265E+02
5.173339844E+08,-1.04325E+02
5.173645020E+08,-1.06905E+02
5.173950195E+08,-1.10125E+02
5.174255371E+08,-1.11665E+02
5.174560547E+08,-1.06645E+02
5.174865723E+08,-1.04225E+02
5.175170898E+08,-1.04785E+02
5.175476074E+08,-1.05825E+02
5.175781250E+08,-1.13545E+02
5.176086426E+08,-1.10565E+02
5.176391602E+08,-1.08405E+02
5.176696777E+08,-1.06385E+02
5.177001953E+08,-1.13205E+02
5.177307129E+08,-1.19485E+02
5.177612305E+08,-1.15145E+02
5.177917480E+08,-1.17865E+02
5.178222656E+08,-1.09065E+02
5.178527832E+08,-1.09965E+02
5.178833008E+08,-1.21585E+02
5.179138184E+08,-1.13825E+02
5.179443359E+08,-1.11705E+02
5.179748535E+08,-1.08785E+02
5.180053711E+08,-1.06805E+02
5.180358887E+08,-1.06025E+02
5.180664062E+08,-1.04365E+02
5.180969238E+08,-1.03505E+02
5.181274414E+08,-1.10965E+02
5.181579590E+08,-1.06245E+02
5.181884766E+08,-1.10545E+02
5.182189941E+08,-1.10585E+02
5.182495117E+08,-1.14985E+02
5.182800293E+08,-1.16965E+02
5.183105469E+08,-1.07045E+02
5.183410645E+08,-1.10705E+02
5.183715820E+08,-1.18905E+02
5.184020996E+08,-1.04005E+02
5.184326172E+08,-1.05485E+02
5.184631348E+08,-1.20685E+02
5.184936523E+08,-1.29265E+02
5.185241699E+08,-1.14465E+02
5.185546875E+08,-1.11365E+02
5.185852051E+08,-1.04385E+02
5.186157227E+08,-1.05865E+02
5.186462402E+08,-1.10265E+02
5.186767578E+08,-1.12245E+02
5.187072754E+08,-1.10765E+02
5.187377930E+08,-1.07405E+02
5.187683105E+08,-1.12865E+02
5.187988281E+08,-1.03965E+02
5.188293457E+08,-1.07105E+02
5.188598633E+08,-1.07485E+02
5.188903809E+08,-1.08205E+02
5.189208984E+08,-1.18085E+02
5.189514160E+08,-1.10225E+02
5.189819336E+08,-1.07625E+02
5.190124512E+08,-1.12085E+02
5.190429688E+08,-1.07205E+02
5.190734863E+08,-1.07125E+02
5.191040039E+08,-1.17725E+02
5.191345215E+08,-1.33785E+02
5.191650391E+08,-1.02745E+02
5.191955566E+08,-1.03885E+02
5.192260742E+08,-1.17825E+02
5.192565918E+08,-1.05205E+02
5.192871094E+08,-1.06505E+02
5.193176270E+08,-1.18405E+02
5.193481445E+08,-1.09765E+02
5.193786621E+08,-1.04165E+02
5.194091797E+08,-1.04445E+02
5.194396973E+08,-1.11185E+02
5.194702148E+08,-1.08205E+02
5.195007324E+08,-1.06405E+02
5.195312500E+08,-1.11925E+02
5.195617676E+08,-1.10885E+02
5.195922852E+08,-1.05485E+02
5.196228027E+08,-1.07665E+02
5.196533203E+08,-1.02685E+02
5.196838379E+08,-1.04285E+02
5.197143555E+08,-1.12405E+02
5.197448730E+08,-1.03025E+02
5.197753906E+08,-1.06565E+02
5.198059082E+08,-1.07365E+02
5.198364258E+08,-1.01165E+02
5.198669434E+08,-1.01565E+02
5.198974609E+08,-1.03745E+02
5.199279785E+08,-1.04405E+02
5.199584961E+08,-1.04225E+02
5.199890137E+08,-1.12265E+02
5.200195312E+08,-1.04825E+02
5.200500488E+08,-1.01245E+02
5.200805664E+08,-1.07545E+02
5.201110840E+08,-1.21285E+02
5.201416016E+08,-1.07725E+02
5.201721191E+08,-1.06345E+02
5.202026367E+08,-1.25125E+02
5.202331543E+08,-1.09765E+02
5.202636719E+08,-1.07905E+02
5.202941895E+08,-1.07425E+02
5.203247070E+08,-1.12665E+02
5.203552246E+08,-1.17085E+02
5.203857422E+08,-1.27685E+02
5.204162598E+08,-1.17245E+02
5.204467773E+08,-1.08025E+02
5.204772949E+08,-1.03805E+02
5.205078125E+08,-1.05825E+02
5.205383301E+08,-1.20805E+02
5.205688477E+08,-1.01845E+02
5.205993652E+08,-9.88654E+01
5.206298828E+08,-1.01565E+02
5.206604004E+08,-1.05125E+02
5.206909180E+08,-1.04585E+02
5.207214355E+08,-1.11985E+02
5.207519531E+08,-1.15625E+02
5.207824707E+08,-1.09745E+02
5.208129883E+08,-1.08345E+02
5.208435059E+08,-1.24565E+02
5.208740234E+08,-1.07265E+02
5.209045410E+08,-1.11545E+02
5.209350586E+08,-1.03045E+02
5.209655762E+08,-1.00045E+02
5.209960938E+08,-1.03465E+02
5.210266113E+08,-1.12985E+02
5.210571289E+08,-1.11445E+02
5.210876465E+08,-1.03125E+02
5.211181641E+08,-1.05825E+02
5.211486816E+08,-1.22365E+02
5.211791992E+08,-1.05125E+02
5.212097168E+08,-1.13805E+02
5.212402344E+08,-1.11765E+02
5.212707520E+08,-1.20125E+02
5.213012695E+08,-1.10665E+02
5.213317871E+08,-1.04125E+02
5.213623047E+08,-1.02165E+02
5.213928223E+08,-1.02925E+02
5.214233398E+08,-1.15905E+02
5.214538574E+08,-1.07045E+02
5.214843750E+08,-1.06405E+02
5.215148926E+08,-1.17945E+02
5.215454102E+08,-1.08345E+02
5.215759277E+08,-1.10425E+02
5.216064453E+08,-1.05685E+02
5.216369629E+08,-1.02725E+02
5.216674805E+08,-1.04745E+02
5.216979980E+08,-1.18965E+02
5.217285156E+08,-1.04665E+02
5.217590332E+08,-1.06905E+02
5.217895508E+08,-1.14125E+02
5.218200684E+08,-1.28185E+02
5.218505859E+08,-1.09845E+02
5.218811035E+08,-1.10045E+02
5.219116211E+08,-1.21325E+02
5.219421387E+08,-1.44745E+02
5.219726562E+08,-1.13145E+02
5.220031738E+08,-1.08865E+02
5.220336914E+08,-1.07605E+02
5.220642090E+08,-1.14805E+02
5.220947266E+08,-1.09585E+02
5.221252441E+08,-1.09845E+02
5.221557617E+08,-1.06025E+02
5.221862793E+08,-1.12145E+02
5.222167969E+08,-1.05705E+02
5.222473145E+08,-1.02845E+02
5.222778320E+08,-1.05385E+02
5.223083496E+08,-1.07185E+02
5.223388672E+08,-1.08725E+02
5.223693848E+08,-1.11445E+02
5.223999023E+08,-1.10485E+02
5.224304199E+08,-1.10445E+02
5.224609375E+08,-1.10365E+02
5.224914551E+08,-1.08745E+02
5.225219727E+08,-1.07245E+02
5.225524902E+08,-1.05125E+02
5.225830078E+08,-1.05505E+02
5.226135254E+08,-1.10305E+02
5.226440430E+08,-1.14245E+02
5.226745605E+08,-1.10045E+02
5.227050781E+08,-1.08085E+02
5.227355957E+08,-1.13725E+02
5.227661133E+08,-1.16205E+02
5.227966309E+08,-1.06525E+02
5.228271484E+08,-1.02385E+02
5.228576660E+08,-1.02525E+02
5.228881836E+08,-1.05665E+02
5.229187012E+08,-1.08845E+02
5.229492188E+08,-1.07265E+02
5.229797363E+08,-1.18685E+02
5.230102539E+08,-1.13745E+02
5.230407715E+08,-1.05465E+02
5.230712891E+08,-1.10005E+02
5.231018066E+08,-1.08905E+02
5.231323242E+08,-1.03545E+02
5.231628418E+08,-1.01785E+02
5.231933594E+08,-1.07865E+02
5.232238770E+08,-1.08525E+02
5.232543945E+08,-1.10265E+02
5.232849121E+08,-1.10565E+02
5.233154297E+08,-1.05125E+02
5.233459473E+08,-1.10625E+02
5.233764648E+08,-1.15945E+02
5.234069824E+08,-1.11305E+02
5.234375000E+08,-1.23005E+02
5.234680176E+08,-1.07625E+02
5.234985352E+08,-1.04365E+02
5.235290527E+08,-1.02165E+02
5.235595703E+08,-1.05825E+02
5.235900879E+08,-1.07285E+02
5.236206055E+08,-1.05165E+02
5.236511230E+08,-1.01885E+02
5.236816406E+08,-1.06265E+02
5.237121582E+08,-1.03265E+02
5.237426758E+08,-1.08745E+02
5.237731934E+08,-1.12785E+02
5.238037109E+08,-1.06665E+02
5.238342285E+08,-1.08685E+02
5.238647461E+08,-1.09925E+02
5.238952637E+08,-1.06025E+02
5.239257812E+08,-1.03385E+02
5.239562988E+08,-1.01545E+02
5.239868164E+08,-1.02945E+02
5.240173340E+08,-1.08485E+02
5.240478516E+08,-1.13285E+02
5.240783691E+08,-1.17425E+02
5.241088867E+08,-1.10185E+02
5.241394043E+08,-1.04985E+02
5.241699219E+08,-1.05905E+02
5.242004395E+08,-1.10085E+02
5.242309570E+08,-1.11805E+02
5.242614746E+08,-1.08565E+02
5.242919922E+08,-1.28905E+02
5.243225098E+08,-1.11805E+02
5.243530273E+08,-1.18965E+02
5.243835449E+08,-1.04925E+02
5.244140625E+08,-1.02565E+02
5.244445801E+08,-1.05785E+02
5.244750977E+08,-1.06405E+02
5.245056152E+08,-1.02545E+02
5.245361328E+08,-1.01825E+02
5.245666504E+08,-1.02025E+02
5.245971680E+08,-1.05485E+02
5.246276855E+08,-1.07265E+02
5.246582031E+08,-1.11585E+02
5.246887207E+08,-1.11405E+02
5.247192383E+08,-1.02625E+02
5.247497559E+08,-1.02765E+02
5.247802734E+08,-1.07125E+02
5.248107910E+08,-1.07805E+02
5.248413086E+08,-1.04625E+02
5.248718262E+08,-1.04765E+02
5.249023438E+08,-1.12945E+02
5.249328613E+08,-1.09445E+02
5.249633789E+08,-1.05765E+02
5.249938965E+08,-1.11465E+02
5.250244141E+08,-1.08865E+02
5.250549316E+08,-1.16325E+02
5.250854492E+08,-1.07345E+02
5.251159668E+08,-1.06805E+02
5.251464844E+08,-1.07585E+02
5.251770020E+08,-1.07585E+02
5.252075195E+08,-1.07745E+02
5.252380371E+08,-1.06125E+02
5.252685547E+08,-1.05905E+02
5.252990723E+08,-1.04525E+02
5.253295898E+08,-1.08725E+02
5.253601074E+08,-1.11465E+02
5.253906250E+08,-1.04505E+02
5.254211426E+08,-1.07605E+02
5.254516602E+08,-1.11985E+02
5.254821777E+08,-1.05485E+02
5.255126953E+08,-1.09225E+02
5.255432129E+08,-1.07425E+02
5.255737305E+08,-1.07385E+02
5.256042480E+08,-1.04065E+02
5.256347656E+08,-1.15565E+02
5.256652832E+08,-1.04625E+02
5.256958008E+08,-1.05265E+02
5.257263184E+08,-1.02685E+02
5.257568359E+08,-1.02025E+02
5.257873535E+08,-1.07985E+02
5.258178711E+08,-1.29925E+02
5.258483887E+08,-1.07845E+02
5.258789062E+08,-1.10225E+02
5.259094238E+08,-1.11605E+02
5.259399414E+08,-1.13085E+02
5.259704590E+08,-1.11625E+02
5.260009766E+08,-1.09205E+02
5.260314941E+08,-1.10185E+02
5.260620117E+08,-1.09105E+02
5.260925293E+08,-1.10625E+02
5.261230469E+08,-1.12765E+02
5.261535645E+08,-1.09005E+02
5.261840820E+08,-1.11825E+02
5.262145996E+08,-1.04865E+02
5.262451172E+08,-1.02785E+02
5.262756348E+08,-1.03345E+02
5.263061523E+08,-1.09665E+02
5.263366699E+08,-1.05025E+02
5.263671875E+08,-9.98054E+01
5.263977051E+08,-1.05425E+02
5.264282227E+08,-1.07805E+02
5.264587402E+08,-1.06485E+02
5.264892578E+08,-1.24125E+02
5.265197754E+08,-1.11065E+02
5.265502930E+08,-1.29505E+02
5.265808105E+08,-1.17685E+02
5.266113281E+08,-1.07725E+02
5.266418457E+08,-1.06085E+02
5.266723633E+08,-1.10845E+02
5.267028809E+08,-1.22385E+02
5.267333984E+08,-1.11925E+02
5.267639160E+08,-1.15505E+02
5.267944336E+08,-1.11725E+02
5.268249512E+08,-1.08025E+02
5.268554688E+08,-1.15785E+02
5.268859863E+08,-1.35025E+02
5.269165039E+08,-1.20265E+02
5.269470215E+08,-1.04225E+02
5.269775391E+08,-1.03205E+02
5.270080566E+08,-1.06065E+02
5.270385742E+08,-1.07845E+02
5.270690918E+08,-1.10345E+02
5.270996094E+08,-1.08185E+02
5.271301270E+08,-1.07225E+02
5.271606445E+08,-1.08845E+02
5.271911621E+08,-1.03085E+02
5.272216797E+08,-1.05665E+02
5.272521973E+08,-1.17225E+02
5.272827148E+08,-1.10945E+02
5.273132324E+08,-1.07405E+02
5.273437500E+08,-1.06605E+02
5.273742676E+08,-1.11785E+02
5.274047852E+08,-1.02345E+02
5.274353027E+08,-1.05385E+02
5.274658203E+08,-1.03865E+02
5.274963379E+08,-1.05125E+02
5.275268555E+08,-1.11785E+02
5.275573730E+08,-1.11045E+02
5.275878906E+08,-1.10005E+02
5.276184082E+08,-1.09345E+02
5.276489258E+08,-1.12285E+02
5.276794434E+08,-1.10305E+02
5.277099609E+08,-1.11765E+02
5.277404785E+08,-1.09445E+02
5.277709961E+08,-1.13565E+02
5.278015137E+08,-1.35685E+02
5.278320312E+08,-1.02425E+02
5.278625488E+08,-1.01985E+02
5.278930664E+08,-1.03745E+02
5.279235840E+08,-1.06165E+02
5.279541016E+08,-1.13725E+02
5.279846191E+08,-1.08205E+02
5.280151367E+08,-1.11805E+02
5.280456543E+08,-1.04465E+02
5.280761719E+08,-1.07285E+02
5.281066895E+08,-1.08665E+02
5.281372070E+08,-1.03585E+02
5.281677246E+08,-1.16025E+02
5.281982422E+08,-1.01445E+02
5.282287598E+08,-1.01105E+02
5.282592773E+08,-1.11825E+02
5.282897949E+08,-1.05865E+02
5.283203125E+08,-1.17785E+02
5.283508301E+08,-1.18665E+02
5.283813477E+08,-1.05945E+02
5.284118652E+08,-1.02225E+02
5.284423828E+08,-1.08965E+02
5.284729004E+08,-1.13905E+02
5.285034180E+08,-1.14585E+02
5.285339355E+08,-1.08945E+02
5.285644531E+08,-1.17165E+02
5.285949707E+08,-1.11765E+02
5.286254883E+08,-1.05045E+02
5.286560059E+08,-1.06925E+02
5.286865234E+08,-1.03925E+02
5.287170410E+08,-1.03685E+02
5.287475586E+08,-1.04645E+02
5.287780762E+08,-1.05605E+02
5.288085938E+08,-1.07985E+02
5.288391113E+08,-1.01065E+02
5.288696289E+08,-1.02605E+02
5.289001465E+08,-1.13005E+02
5.289306641E+08,-1.15085E+02
5.289611816E+08,-1.03965E+02
5.289916992E+08,-9.94054E+01
5.290222168E+08,-1.04925E+02
5.290527344E+08,-1.23405E+02
5.290832520E+08,-1.08205E+02
5.291137695E+08,-1.07725E+02
5.291442871E+08,-1.13605E+02
5.291748047E+08,-1.09165E+02
5.292053223E+08,-1.12965E+02
5.292358398E+08,-1.17705E+02
5.292663574E+08,-1.23785E+02
5.292968750E+08,-1.16385E+02
5.293273926E+08,-1.06845E+02
5.293579102E+08,-1.10705E+02
5.293884277E+08,-1.16925E+02
5.294189453E+08,-1.21005E+02
5.294494629E+08,-1.04205E+02
5.294799805E+08,-1.01925E+02
5.295104980E+08,-1.06325E+02
5.295410156E+08,-1.13565E+02
5.295715332E+08,-1.09885E+02
5.296020508E+08,-1.10385E+02
5.296325684E+08,-1.15785E+02
5.296630859E+08,-1.09485E+02
5.296936035E+08,-1.03865E+02
5.297241211E+08,-1.01765E+02
5.297546387E+08,-1.13605E+02
5.297851562E+08,-1.05765E+02
5.298156738E+08,-1.01605E+02
5.298461914E+08,-1.01865E+02
5.298767090E+08,-1.12565E+02
5.299072266E+08,-1.06005E+02
5.299377441E+08,-1.05505E+02
5.299682617E+08,-1.10945E+02
5.299987793E+08,-1.07585E+02
5.300292969E+08,-1.04365E+02
5.300598145E+08,-1.10005E+02
5.300903320E+08,-1.32565E+02
5.301208496E+08,-1.18785E+02
5.301513672E+08,-1.10365E+02
5.301818848E+08,-1.08245E+02
5.302124023E+08,-1.10305E+02
5.302429199E+08,-1.09765E+02
5.302734375E+08,-1.21465E+02
5.303039551E+08,-1.09665E+02
5.303344727E+08,-1.13785E+02
5.303649902E+08,-1.12945E+02
5.303955078E+08,-1.06405E+02
5.304260254E+08,-1.01645E+02
5.304565430E+08,-1.03465E+02
5.304870605E+08,-1.04485E+02
5.305175781E+08,-1.02045E+02
5.305480957E+08,-1.07185E+02
5.305786133E+08,-1.14025E+02
5.306091309E+08,-1.11465E+02
5.306396484E+08,-1.07565E+02
5.306701660E+08,-1.09105E+02
5.307006836E+08,-1.15225E+02
5.307312012E+08,-1.11465E+02
5.307617188E+08,-1.04945E+02
5.307922363E+08,-1.05165E+02
5.308227539E+08,-1.12525E+02
5.308532715E+08,-1.08005E+02
5.308837891E+08,-1.12185E+02
5.309143066E+08,-1.07865E+02
5.309448242E+08,-1.27205E+02
5.309753418E+08,-1.09005E+02
5.310058594E+08,-1.05325E+02
5.310363770E+08,-1.10465E+02
5.310668945E+08,-1.08905E+02
5.310974121E+08,-1.08105E+02
5.311279297E+08,-1.16545E+02
5.311584473E+08,-1.17605E+02
5.311889648E+08,-1.08125E+02
5.312194824E+08,-1.01625E+02
5.312500000E+08,-1.00805E+02
5.312805176E+08,-1.09485E+02
5.313110352E+08,-1.08665E+02
5.313415527E+08,-1.06185E+02
5.313720703E+08,-1.04045E+02
5.314025879E+08,-1.06065E+02
5.314331055E+08,-1.03625E+02
5.314636230E+08,-1.03525E+02
5.314941406E+08,-1.02985E+02
5.315246582E+08,-1.02245E+02
5.315551758E+08,-1.16565E+02
5.315856934E+08,-1.09805E+02
5.316162109E+08,-1.13085E+02
5.316467285E+08,-1.04125E+02
5.316772461E+08,-1.07665E+02
5.317077637E+08,-1.05745E+02
5.317382812E+08,-1.04265E+02
5.317687988E+08,-1.09885E+02
5.317993164E+08,-1.20905E+02
5.318298340E+08,-1.11285E+02
5.318603516E+08,-1.08665E+02
5.318908691E+08,-1.09405E+02
5.319213867E+08,-1.09705E+02
5.319519043E+08,-1.09805E+02
5.319824219E+08,-1.08625E+02
5.320129395E+08,-1.13045E+02
5.320434570E+08,-1.06765E+02
5.320739746E+08,-1.12445E+02
5.321044922E+08,-1.12005E+02
5.321350098E+08,-1.09545E+02
5.321655273E+08,-1.06605E+02
5.321960449E+08,-1.00265E+02
5.322265625E+08,-1.03085E+02
5.322570801E+08,-1.08545E+02
5.322875977E+08,-1.06165E+02
5.323181152E+08,-1.14845E+02
5.323486328E+08,-1.13865E+02
5.323791504E+08,-1.19925E+02
5.324096680E+08,-1.10525E+02
5.324401855E+08,-1.13005E+02
5.324707031E+08,-1.09585E+02
5.325012207E+08,-1.05745E+02
5.325317383E+08,-1.06525E+02
5.325622559E+08,-1.05565E+02
5.325927734E+08,-1.06005E+02
5.326232910E+08,-1.19745E+02
5.326538086E+08,-1.16025E+02
5.326843262E+08,-1.03325E+02
5.327148438E+08,-1.03085E+02
5.327453613E+08,-1.01985E+02
5.327758789E+08,-1.03785E+02
5.328063965E+08,-1.07825E+02
5.328369141E+08,-1.01545E+02
5.328674316E+08,-1.03425E+02
5.328979492E+08,-1.10585E+02
5.329284668E+08,-1.00985E+02
5.329589844E+08,-1.05585E+02
5.329895020E+08,-1.11885E+02
5.330200195E+08,-1.05605E+02
5.330505371E+08,-1.04165E+02
5.330810547E+08,-1.11605E+02
5.331115723E+08,-1.18005E+02
5.331420898E+08,-1.10125E+02
5.331726074E+08,-1.04225E+02
5.332031250E+08,-1.01645E+02
5.332336426E+08,-1.02645E+02
5.332641602E+08,-1.07825E+02
5.332946777E+08,-1.08905E+02
5.333251953E+08,-1.11045E+02
5.333557129E+08,-1.11805E+02
5.333862305E+08,-1.10425E+02
5.334167480E+08,-1.10465E+02
5.334472656E+08,-1.14605E+02
5.334777832E+08,-1.14165E+02
5.335083008E+08,-1.18045E+02
5.335388184E+08,-1.08465E+02
5.335693359E+08,-1.06725E+02
5.335998535E+08,-1.12525E+02
5.336303711E+08,-1.14805E+02
5.336608887E+08,-1.17865E+02
5.336914062E+08,-1.12725E+02
5.337219238E+08,-1.09305E+02
5.337524414E+08,-1.08805E+02
5.337829590E+08,-1.11545E+02
5.338134766E+08,-1.14545E+02
5.338439941E+08,-1.13585E+02
5.338745117E+08,-1.06485E+02
5.339050293E+08,-1.04625E+02
5.339355469E+08,-1.04465E+02
5.339660645E+08,-1.04745E+02
5.339965820E+08,-1.09305E+02
5.340270996E+08,-1.06665E+02
5.340576172E+08,-1.24605E+02
5.340881348E+08,-1.04765E+02
5.341186523E+08,-1.04265E+02
5.341491699E+08,-1.07565E+02
5.341796875E+08,-1.11705E+02
5.342102051E+08,-1.08125E+02
5.342407227E+08,-1.06285E+02
5.342712402E+08,-1.05765E+02
5.343017578E+08,-1.04865E+02
5.343322754E+08,-1.07105E+02
5.343627930E+08,-1.08085E+02
5.343933105E+08,-1.25025E+02
5.344238281E+08,-1.12325E+02
5.344543457E+08,-1.03685E+02
5.344848633E+08,-9.96654E+01
5.345153809E+08,-1.04065E+02
5.345458984E+08,-1.03225E+02
5.345764160E+08,-1.02965E+02
5.346069336E+08,-1.10845E+02
5.346374512E+08,-1.06185E+02
5.346679688E+08,-1.01625E+02
5.346984863E+08,-1.03805E+02
5.347290039E+08,-1.09105E+02
5.347595215E+08,-1.13785E+02
5.347900391E+08,-1.16265E+02
5.348205566E+08,-1.07385E+02
5.348510742E+08,-1.05625E+02
5.348815918E+08,-1.07665E+02
5.349121094E+08,-1.09585E+02
5.349426270E+08,-1.11765E+02
5.349731445E+08,-1.04665E+02
5.350036621E+08,-1.02665E+02
5.350341797E+08,-1.09405E+02
5.350646973E+08,-1.06705E+02
5.350952148E+08,-1.00085E+02
5.351257324E+08,-1.01945E+02
5.351562500E+08,-1.00225E+02
5.351867676E+08,-1.06865E+02
5.352172852E+08,-1.13565E+02
5.352478027E+08,-1.18165E+02
5.352783203E+08,-1.12645E+02
5.353088379E+08,-1.07745E+02
5.353393555E+08,-1.16865E+02
5.353698730E+08,-1.23325E+02
5.354003906E+08,-1.08665E+02
5.354309082E+08,-1.12045E+02
5.354614258E+08,-1.05345E+02
5.354919434E+08,-1.02625E+02
5.355224609E+08,-1.05305E+02
5.355529785E+08,-1.09125E+02
5.355834961E+08,-1.05585E+02
5.356140137E+08,-1.00965E+02
5.356445312E+08,-1.01285E+02
5.356750488E+08,-1.17945E+02
5.357055664E+08,-1.12245E+02
5.357360840E+08,-1.08165E+02
5.357666016E+08,-1.11525E+02
5.357971191E+08,-1.17225E+02
5.358276367E+08,-1.08485E+02
5.358581543E+08,-1.06965E+02
5.358886719E+08,-1.08025E+02
5.359191895E+08,-1.09625E+02
5.359497070E+08,-1.02965E+02
5.359802246E+08,-1.12005E+02
5.360107422E+08,-1.19765E+02
5.360412598E+08,-1.08465E+02
5.360717773E+08,-1.11025E+02
5.361022949E+08,-1.12565E+02
5.361328125E+08,-1.04725E+02
5.361633301E+08,-1.05085E+02
5.361938477E+08,-1.07265E+02
5.362243652E+08,-1.11065E+02
5.362548828E+08,-1.08785E+02
5.362854004E+08,-1.09025E+02
5.363159180E+08,-1.19225E+02
5.363464355E+08,-1.20085E+02
5.363769531E+08,-1.08365E+02
5.364074707E+08,-1.13145E+02
5.364379883E+08,-1.10945E+02
5.364685059E+08,-1.07465E+02
5.364990234E+08,-1.08725E+02
5.365295410E+08,-1.10685E+02
5.365600586E+08,-1.12125E+02
5.365905762E+08,-1.14945E+02
5.366210938E+08,-1.05685E+02
5.366516113E+08,-1.06525E+02
5.366821289E+08,-1.08725E+02
5.367126465E+08,-1.10545E+02
5.367431641E+08,-1.09805E+02
5.367736816E+08,-1.03725E+02
5.368041992E+08,-1.06825E+02
5.368347168E+08,-1.16105E+02
5.368652344E+08,-1.15525E+02
5.368957520E+08,-1.26205E+02
5.369262695E+08,-1.09165E+02
5.369567871E+08,-1.08965E+02
5.369873047E+08,-1.07785E+02
5.370178223E+08,-1.10625E+02
5.370483398E+08,-1.15845E+02
5.370788574E+08,-1.18465E+02
5.371093750E+08,-1.20465E+02
5.371398926E+08,-1.01905E+02
5.371704102E+08,-1.01625E+02
5.372009277E+08,-1.18965E+02
5.372314453E+08,-1.08725E+02
5.372619629E+08,-1.08205E+02
5.372924805E+08,-1.10625E+02
5.373229980E+08,-1.11025E+02
5.373535156E+08,-1.07665E+02
5.373840332E+08,-1.11645E+02
5.374145508E+08,-1.24925E+02
5.374450684E+08,-1.06265E+02
5.374755859E+08,-1.03925E+02
5.375061035E+08,-1.14285E+02
5.375366211E+08,-1.06345E+02
5.375671387E+08,-1.05065E+02
5.375976562E+08,-1.05505E+02
5.376281738E+08,-1.06965E+02
5.376586914E+08,-1.09405E+02
5.376892090E+08,-1.06185E+02
5.377197266E+08,-1.08625E+02
5.377502441E+08,-1.09445E+02
5.377807617E+08,-1.10325E+02
5.378112793E+08,-1.19105E+02
5.378417969E+08,-1.13405E+02
5.378723145E+08,-1.13725E+02
5.379028320E+08,-1.16105E+02
5.379333496E+08,-1.16465E+02
5.379638672E+08,-1.07725E+02
5.379943848E+08,-1.07845E+02
5.380249023E+08,-1.19065E+02
5.380554199E+08,-1.16405E+02
5.380859375E+08,-1.13265E+02
5.381164551E+08,-1.17285E+02
5.381469727E+08,-1.09885E+02
5.381774902E+08,-1.05545E+02
5.382080078E+08,-1.27545E+02
5.382385254E+08,-1.17025E+02
5.382690430E+08,-1.10225E+02
5.382995605E+08,-1.12945E+02
5.383300781E+08,-1.09625E+02
5.383605957E+08,-1.03585E+02
5.383911133E+08,-1.03685E+02
5.384216309E+08,-1.13565E+02
5.384521484E+08,-1.02185E+02
5.384826660E+08,-1.00545E+02
5.385131836E+08,-1.02985E+02
5.385437012E+08,-1.09925E+02
5.385742188E+08,-1.10645E+02
5.386047363E+08,-1.12325E+02
5.386352539E+08,-1.07085E+02
5.386657715E+08,-1.03005E+02
5.386962891E+08,-1.05125E+02
5.387268066E+08,-1.07325E+02
5.387573242E+08,-1.15145E+02
5.387878418E+08,-1.11265E+02
5.388183594E+08,-1.21365E+02
5.388488770E+08,-1.20265E+02
5.388793945E+08,-1.11365E+02
5.389099121E+08,-1.14345E+02
5.389404297E+08,-1.26405E+02
5.389709473E+08,-1.14185E+02
5.390014648E+08,-1.04805E+02
5.390319824E+08,-1.05185E+02
5.390625000E+08,-1.14265E+02
5.390930176E+08,-1.11985E+02
5.391235352E+08,-1.06845E+02
5.391540527E+08,-1.03685E+02
5.391845703E+08,-1.07065E+02
5.392150879E+08,-1.07665E+02
5.392456055E+08,-1.13825E+02
5.392761230E+08,-1.10605E+02
5.393066406E+08,-1.14445E+02
5.393371582E+08,-1.13765E+02
5.393676758E+08,-1.11365E+02
5.393981934E+08,-1.14725E+02
5.394287109E+08,-1.12205E+02
5.394592285E+08,-1.08785E+02
5.394897461E+08,-1.16485E+02
5.395202637E+08,-1.33245E+02
5.395507812E+08,-1.08725E+02
5.395812988E+08,-1.03645E+02
5.396118164E+08,-1.04385E+02
5.396423340E+08,-1.09125E+02
5.396728516E+08,-1.16785E+02
5.397033691E+08,-1.10005E+02
5.397338867E+08,-1.12685E+02
5.397644043E+08,-1.12905E+02
5.397949219E+08,-1.07405E+02
5.398254395E+08,-1.05085E+02
5.398559570E+08,-1.02285E+02
5.398864746E+08,-9.92654E+01
5.399169922E+08,-1.02425E+02
5.399475098E+08,-1.13105E+02
5.399780273E+08,-1.07945E+02
5.400085449E+08,-1.02825E+02
5.400390625E+08,-1.09365E+02
5.400695801E+08,-1.06265E+02
5.401000977E+08,-1.06705E+02
5.401306152E+08,-1.07045E+02
5.401611328E+08,-1.04585E+02
5.401916504E+08,-1.09745E+02
5.402221680E+08,-1.05845E+02
5.402526855E+08,-1.12505E+02
5.402832031E+08,-1.10345E+02
5.403137207E+08,-1.11325E+02
5.403442383E+08,-1.04265E+02
5.403747559E+08,-1.06065E+02
5.404052734E+08,-1.07605E+02
5.404357910E+08,-1.04945E+02
5.404663086E+08,-1.00225E+02
5.404968262E+08,-9.84054E+01
5.405273438E+08,-1.03245E+02
5.405578613E+08,-1.12845E+02
5.405883789E+08,-1.03725E+02
5.406188965E+08,-1.05825E+02
5.406494141E+08,-1.13645E+02
5.406799316E+08,-1.21485E+02
5.407104492E+08,-1.18725E+02
5.407409668E+08,-1.11905E+02
5.407714844E+08,-1.11085E+02
5.408020020E+08,-1.17545E+02
5.408325195E+08,-1.07685E+02
5.408630371E+08,-1.05205E+02
5.408935547E+08,-1.09625E+02
5.409240723E+08,-1.09585E+02
5.409545898E+08,-1.09305E+02
5.409851074E+08,-1.08465E+02
5.410156250E+08,-1.07065E+02
5.410461426E+08,-1.04325E+02
5.410766602E+08,-1.16625E+02
5.411071777E+08,-1.03245E+02
5.411376953E+08,-1.06405E+02
5.411682129E+08,-1.15945E+02
5.411987305E+08,-1.17345E+02
5.412292480E+08,-1.23145E+02
5.412597656E+08,-1.20905E+02
5.412902832E+08,-1.05085E+02
5.413208008E+08,-1.01745E+02
5.413513184E+08,-1.10485E+02
5.413818359E+08,-1.11365E+02
5.414123535E+08,-1.04985E+02
5.414428711E+08,-1.06385E+02
5.414733887E+08,-1.14805E+02
5.415039062E+08,-1.08325E+02
5.415344238E+08,-1.06265E+02
5.415649414E+08,-1.03705E+02
5.415954590E+08,-1.01605E+02
5.416259766E+08,-1.01945E+02
5.416564941E+08,-1.17385E+02
5.416870117E+08,-1.04505E+02
5.417175293E+08,-1.06565E+02
5.417480469E+08,-1.12685E+02
5.417785645E+08,-1.08045E+02
5.418090820E+08,-1.05105E+02
5.418395996E+08,-1.13545E+02
5.418701172E+08,-1.22545E+02
5.419006348E+08,-1.12125E+02
5.419311523E+08,-1.11925E+02
5.419616699E+08,-1.04465E+02
5.419921875E+08,-1.06165E+02
5.420227051E+08,-1.05425E+02
5.420532227E+08,-1.09485E+02
5.420837402E+08,-1.16145E+02
5.421142578E+08,-1.08265E+02
5.421447754E+08,-1.10325E+02
5.421752930E+08,-1.08465E+02
5.422058105E+08,-1.12965E+02
5.422363281E+08,-1.09225E+02
5.422668457E+08,-1.03185E+02
5.422973633E+08,-1.01565E+02
5.423278809E+08,-1.07845E+02
5.423583984E+08,-1.13185E+02
5.423889160E+08,-1.08485E+02
5.424194336E+08,-1.07685E+02
5.424499512E+08,-1.06845E+02
5.424804688E+08,-1.06505E+02
5.425109863E+08,-1.12165E+02
5.425415039E+08,-1.15025E+02
5.425720215E+08,-1.04985E+02
5.426025391E+08,-1.15265E+02
5.426330566E+08,-1.10945E+02
5.426635742E+08,-1.09485E+02
5.426940918E+08,-1.08245E+02
5.427246094E+08,-1.12165E+02
5.427551270E+08,-1.02845E+02
5.427856445E+08,-1.04205E+02
5.428161621E+08,-1.07905E+02
5.428466797E+08,-1.09345E+02
5.428771973E+08,-1.11045E+02
5.429077148E+08,-1.13965E+02
5.429382324E+08,-1.10225E+02
5.429687500E+08,-1.04625E+02
5.429992676E+08,-1.04665E+02
5.430297852E+08,-1.07485E+02
5.430603027E+08,-1.08965E+02
5.430908203E+08,-1.08685E+02
5.431213379E+08,-1.09405E+02
5.431518555E+08,-1.08045E+02
5.431823730E+08,-1.06205E+02
5.432128906E+08,-1.10005E+02
5.432434082E+08,-1.12305E+02
5.432739258E+08,-1.12345E+02
5.433044434E+08,-1.24105E+02
5.433349609E+08,-1.10845E+02
5.433654785E+08,-1.24285E+02
5.433959961E+08,-1.09345E+02
5.434265137E+08,-1.08905E+02
5.434570312E+08,-1.14105E+02
5.434875488E+08,-1.08845E+02
5.435180664E+08,-1.04225E+02
5.435485840E+08,-1.02045E+02
5.435791016E+08,-1.02465E+02
5.436096191E+08,-1.13925E+02
5.436401367E+08,-1.09505E+02
5.436706543E+08,-1.07325E+02
5.437011719E+08,-1.05225E+02
5.437316895E+08,-1.10045E+02
5.437622070E+08,-1.13985E+02
5.437927246E+08,-1.09105E+02
5.438232422E+08,-1.19625E+02
5.438537598E+08,-1.07725E+02
5.438842773E+08,-1.08625E+02
5.439147949E+08,-1.07205E+02
5.439453125E+08,-1.05145E+02
5.439758301E+08,-1.06945E+02
5.440063477E+08,-1.07805E+02
5.440368652E+08,-1.03665E+02
5.440673828E+08,-1.02345E+02
5.440979004E+08,-1.14585E+02
5.441284180E+08,-1.03325E+02
5.441589355E+08,-1.05145E+02
5.441894531E+08,-1.09105E+02
5.442199707E+08,-1.09485E+02
5.442504883E+08,-1.02825E+02
5.442810059E+08,-1.04085E+02
5.443115234E+08,-1.02905E+02
5.443420410E+08,-1.03905E+02
5.443725586E+08,-1.06065E+02
5.444030762E+08,-1.22185E+02
5.444335938E+08,-1.10505E+02
5.444641113E+08,-1.10705E+02
5.444946289E+08,-1.05125E+02
5.445251465E+08,-1.01385E+02
5.445556641E+08,-1.06585E+02
5.445861816E+08,-1.16925E+02
5.446166992E+08,-1.09445E+02
5.446472168E+08,-1.04965E+02
5.446777344E+08,-1.07665E+02
5.447082520E+08,-1.08345E+02
5.447387695E+08,-1.14925E+02
5.447692871E+08,-1.05985E+02
5.447998047E+08,-1.05985E+02
5.448303223E+08,-1.18565E+02
5.448608398E+08,-1.13485E+02
5.448913574E+08,-1.14005E+02
5.449218750E+08,-1.09545E+02
5.449523926E+08,-1.00865E+02
5.449829102E+08,-9.99654E+01
5.450134277E+08,-1.00625E+02
5.450439453E+08,-1.11785E+02
5.450744629E+08,-1.08545E+02
5.451049805E+08,-1.08125E+02
5.451354980E+08,-1.24685E+02
5.451660156E+08,-1.04985E+02
5.451965332E+08,-1.05405E+02
5.452270508E+08,-1.03805E+02
5.452575684E+08,-1.05985E+02
5.452880859E+08,-1.08245E+02
5.453186035E+08,-1.19545E+02
5.453491211E+08,-1.09265E+02
5.453796387E+08,-1.12225E+02
5.454101562E+08,-1.25585E+02
5.454406738E+08,-1.13065E+02
5.454711914E+08,-1.07065E+02
5.455017090E+08,-1.06265E+02
5.455322266E+08,-1.05585E+02
5.455627441E+08,-1.02665E+02
5.455932617E+08,-1.05085E+02
5.456237793E+08,-1.09205E+02
5.456542969E+08,-1.05085E+02
5.456848145E+08,-1.04165E+02
5.457153320E+08,-1.06305E+02
5.457458496E+08,-1.05905E+02
5.457763672E+08,-1.15645E+02
5.458068848E+08,-1.13265E+02
5.458374023E+08,-1.10845E+02
5.458679199E+08,-1.10585E+02
5.458984375E+08,-1.07925E+02
5.459289551E+08,-1.07025E+02
5.459594727E+08,-1.07925E+02
5.459899902E+08,-1.07065E+02
5.460205078E+08,-1.15025E+02
5.460510254E+08,-1.25965E+02
5.460815430E+08,-1.16185E+02
5.461120605E+08,-1.10745E+02
5.461425781E+08,-1.14585E+02
5.461730957E+08,-1.12085E+02
5.462036133E+08,-1.15545E+02
5.462341309E+08,-1.14425E+02
5.462646484E+08,-1.06285E+02
5.462951660E+08,-1.03245E+02
5.463256836E+08,-1.05265E+02
5.463562012E+08,-1.03385E+02
5.463867188E+08,-1.00685E+02
5.464172363E+08,-1.06485E+02
5.464477539E+08,-1.06545E+02
5.464782715E+08,-1.12185E+02
5.465087891E+08,-1.06405E+02
5.465393066E+08,-1.04065E+02
5.465698242E+08,-1.09125E+02
5.466003418E+08,-1.10045E+02
5.466308594E+08,-1.06125E+02
5.466613770E+08,-1.25825E+02
5.466918945E+08,-1.17125E+02
5.467224121E+08,-1.14025E+02
5.467529297E+08,-1.05305E+02
5.467834473E+08,-9.86254E+01
5.468139648E+08,-1.00125E+02
5.468444824E+08,-1.09665E+02
5.468750000E+08,-1.03625E+02
5.469055176E+08,-1.04905E+02
5.469360352E+08,-1.05705E+02
5.469665527E+08,-1.10005E+02
5.469970703E+08,-1.07565E+02
5.470275879E+08,-1.09745E+02
5.470581055E+08,-1.14265E+02
5.470886230E+08,-1.13605E+02
5.471191406E+08,-1.17285E+02
5.471496582E+08,-1.06605E+02
5.471801758E+08,-1.01825E+02
5.472106934E+08,-1.04845E+02
5.472412109E+08,-1.03205E+02
5.472717285E+08,-1.03225E+02
5.473022461E+08,-1.12625E+02
5.473327637E+08,-1.05485E+02
5.473632812E+08,-1.06365E+02
5.473937988E+08,-1.12305E+02
5.474243164E+08,-1.10465E+02
5.474548340E+08,-1.05985E+02
5.474853516E+08,-9.97654E+01
5.475158691E+08,-1.00805E+02
5.475463867E+08,-1.05825E+02
5.475769043E+08,-1.15385E+02
5.476074219E+08,-1.08565E+02
5.476379395E+08,-1.02005E+02
5.476684570E+08,-1.04205E+02
5.476989746E+08,-1.06745E+02
5.477294922E+08,-1.09845E+02
5.477600098E+08,-1.08205E+02
5.477905273E+08,-1.11925E+02
5.478210449E+08,-1.08465E+02
5.478515625E+08,-1.07025E+02
5.478820801E+08,-1.14585E+02
5.479125977E+08,-1.08285E+02
5.479431152E+08,-1.12625E+02
5.479736328E+08,-1.11665E+02
5.480041504E+08,-1.05685E+02
5.480346680E+08,-1.01985E+02
5.480651855E+08,-1.01185E+02
5.480957031E+08,-1.08745E+02
5.481262207E+08,-1.16845E+02
5.481567383E+08,-1.21485E+02
5.481872559E+08,-1.16825E+02
5.482177734E+08,-1.12745E+02
5.482482910E+08,-1.10645E+02
5.482788086E+08,-1.08165E+02
5.483093262E+08,-1.10845E+02
5.483398438E+08,-1.07685E+02
5.483703613E+08,-1.10125E+02
5.484008789E+08,-1.03985E+02
5.484313965E+08,-1.06185E+02
5.484619141E+08,-1.05525E+02
5.484924316E+08,-1.10125E+02
5.485229492E+08,-1.04625E+02
5.485534668E+08,-1.03405E+02
5.485839844E+08,-1.04885E+02
5.486145020E+08,-1.06625E+02
5.486450195E+08,-1.02905E+02
5.486755371E+08,-1.00925E+02
5.487060547E+08,-1.02845E+02
5.487365723E+08,-1.08185E+02
5.487670898E+08,-1.09105E+02
5.487976074E+08,-1.00345E+02
5.488281250E+08,-1.02465E+02
5.488586426E+08,-1.08165E+02
5.488891602E+08,-1.06205E+02
5.489196777E+08,-1.04465E+02
5.489501953E+08,-1.08325E+02
5.489807129E+08,-1.11305E+02
5.490112305E+08,-1.14605E+02
5.490417480E+08,-1.05645E+02
5.490722656E+08,-1.11165E+02
5.491027832E+08,-1.03125E+02
5.491333008E+08,-1.10125E+02
5.491638184E+08,-1.14065E+02
5.491943359E+08,-1.10565E+02
5.492248535E+08,-1.11865E+02
5.492553711E+08,-1.22245E+02
5.492858887E+08,-1.12125E+02
5.493164062E+08,-1.11165E+02
5.493469238E+08,-1.12165E+02
5.493774414E+08,-1.24625E+02
5.494079590E+08,-1.18265E+02
5.494384766E+08,-1.11685E+02
5.494689941E+08,-1.07485E+02
5.494995117E+08,-1.06785E+02
5.495300293E+08,-1.06445E+02
5.495605469E+08,-1.08785E+02
5.495910645E+08,-1.06645E+02
5.496215820E+08,-1.09805E+02
5.496520996E+08,-1.05325E+02
5.496826172E+08,-1.07705E+02
5.497131348E+08,-1.09885E+02
5.497436523E+08,-1.05585E+02
5.497741699E+08,-1.08025E+02
5.498046875E+08,-1.02365E+02
5.498352051E+08,-1.01025E+02
5.498657227E+08,-1.08025E+02
5.498962402E+08,-1.06365E+02
5.499267578E+08,-1.03685E+02
5.499572754E+08,-1.12565E+02
5.499877930E+08,-1.01465E+02
5.500183105E+08,-1.01545E+02
5.500488281E+08,-1.02545E+02
5.500793457E+08,-1.17585E+02
5.501098633E+08,-1.03085E+02
5.501403809E+08,-1.03645E+02
5.501708984E+08,-1.11305E+02
5.502014160E+08,-1.09625E+02
5.502319336E+08,-1.10745E+02
5.502624512E+08,-1.20345E+02
5.502929688E+08,-1.12885E+02
5.503234863E+08,-1.03525E+02
5.503540039E+08,-1.04225E+02
5.503845215E+08,-1.15285E+02
5.504150391E+08,-1.09105E+02
5.504455566E+08,-1.09025E+02
5.504760742E+08,-1.09705E+02
5.505065918E+08,-1.09845E+02
5.505371094E+08,-1.16405E+02
5.505676270E+08,-1.27585E+02
5.505981445E+08,-1.28205E+02
5.506286621E+08,-1.12285E+02
5.506591797E+08,-1.06625E+02
5.506896973E+08,-1.06205E+02
5.507202148E+08,-1.34185E+02
5.507507324E+08,-1.05785E+02
5.507812500E+08,-1.13365E+02
5.508117676E+08,-1.08865E+02
5.508422852E+08,-1.04285E+02
5.508728027E+08,-1.05225E+02
5.509033203E+08,-1.06365E+02
5.509338379E+08,-1.11145E+02
5.509643555E+08,-1.07945E+02
5.509948730E+08,-1.07045E+02
5.510253906E+08,-1.13505E+02
5.510559082E+08,-1.15125E+02
5.510864258E+08,-1.09365E+02
5.511169434E+08,-1.01945E+02
5.511474609E+08,-1.00185E+02
5.511779785E+08,-1.04445E+02
5.512084961E+08,-1.09445E+02
5.512390137E+08,-1.02925E+02
5.512695312E+08,-1.04385E+02
5.513000488E+08,-1.08125E+02
5.513305664E+08,-1.06285E+02
5.513610840E+08,-1.06145E+02
5.513916016E+08,-1.14365E+02
5.514221191E+08,-1.16385E+02
5.514526367E+08,-1.10885E+02
5.514831543E+08,-1.03605E+02
5.515136719E+08,-1.08745E+02
5.515441895E+08,-1.06365E+02
5.515747070E+08,-1.16225E+02
5.516052246E+08,-1.17865E+02
5.516357422E+08,-1.11005E+02
5.516662598E+08,-1.03205E+02
5.516967773E+08,-1.05285E+02
5.517272949E+08,-1.22725E+02
5.517578125E+08,-1.11485E+02
5.517883301E+08,-1.15265E+02
5.518188477E+08,-1.05785E+02
5.518493652E+08,-1.10965E+02
5.518798828E+08,-1.10945E+02
5.519104004E+08,-1.06545E+02
5.519409180E+08,-1.02125E+02
5.519714355E+08,-1.01905E+02
5.520019531E+08,-1.09625E+02
5.520324707E+08,-1.07285E+02
5.520629883E+08,-1.06925E+02
5.520935059E+08,-1.12845E+02
5.521240234E+08,-1.08205E+02
5.521545410E+08,-1.06585E+02
5.521850586E+08,-1.04445E+02
5.522155762E+08,-1.06005E+02
5.522460938E+08,-1.08625E+02
5.522766113E+08,-1.17105E+02
5.523071289E+08,-1.26245E+02
5.523376465E+08,-1.09205E+02
5.523681641E+08,-1.17625E+02
5.523986816E+08,-1.08345E+02
5.524291992E+08,-1.13065E+02
5.524597168E+08,-1.03845E+02
5.524902344E+08,-1.06965E+02
5.525207520E+08,-1.11645E+02
5.525512695E+08,-1.16225E+02
5.525817871E+08,-1.09705E+02
5.526123047E+08,-1.09885E+02
5.526428223E+08,-1.06465E+02
5.526733398E+08,-1.06585E+02
5.527038574E+08,-1.18665E+02
5.527343750E+08,-1.10005E+02
5.527648926E+08,-1.16345E+02
5.527954102E+08,-1.20005E+02
5.528259277E+08,-1.16065E+02
5.528564453E+08,-1.21745E+02
5.528869629E+08,-1.14265E+02
5.529174805E+08,-1.04565E+02
5.529479980E+08,-1.13585E+02
5.529785156E+08,-1.23845E+02
5.530090332E+08,-1.13325E+02
5.530395508E+08,-1.12165E+02
5.530700684E+08,-1.09205E+02
5.531005859E+08,-1.19125E+02
5.531311035E+08,-1.16325E+02
5.531616211E+08,-1.11025E+02
5.531921387E+08,-1.04165E+02
5.532226562E+08,-1.05405E+02
5.532531738E+08,-1.05245E+02
5.532836914E+08,-1.00905E+02
5.533142090E+08,-1.08625E+02
5.533447266E+08,-1.23445E+02
5.533752441E+08,-1.04685E+02
5.534057617E+08,-1.03905E+02
5.534362793E+08,-1.05065E+02
5.534667969E+08,-1.07905E+02
5.534973145E+08,-1.16265E+02
5.535278320E+08,-1.25125E+02
5.535583496E+08,-1.12045E+02
5.535888672E+08,-1.07605E+02
5.536193848E+08,-1.18025E+02
5.536499023E+08,-1.14885E+02
5.536804199E+08,-1.10185E+02
5.537109375E+08,-1.10465E+02
5.537414551E+08,-1.10485E+02
5.537719727E+08,-1.08465E+02
5.538024902E+08,-1.04465E+02
5.538330078E+08,-1.06965E+02
5.538635254E+08,-1.05025E+02
5.538940430E+08,-1.08005E+02
5.539245605E+08,-1.13045E+02
5.539550781E+08,-1.03985E+02
5.539855957E+08,-1.01665E+02
5.540161133E+08,-1.04205E+02
5.540466309E+08,-1.05985E+02
5.540771484E+08,-1.09665E+02
5.541076660E+08,-1.22305E+02
5.541381836E+08,-1.28345E+02
5.541687012E+08,-1.13645E+02
5.541992188E+08,-1.09105E+02
5.542297363E+08,-1.03645E+02
5.542602539E+08,-1.05985E+02
5.542907715E+08,-1.00885E+02
5.543212891E+08,-1.09405E+02
5.543518066E+08,-1.18965E+02
5.543823242E+08,-1.13205E+02
5.544128418E+08,-1.09265E+02
5.544433594E+08,-1.07045E+02
5.544738770E+08,-1.07205E+02
5.545043945E+08,-1.16765E+02
5.545349121E+08,-1.12005E+02
5.545654297E+08,-1.19485E+02
5.545959473E+08,-1.14785E+02
5.546264648E+08,-1.09365E+02
5.546569824E+08,-1.09025E+02
5.546875000E+08,-1.13485E+02
5.547180176E+08,-1.10045E+02
5.547485352E+08,-1.06525E+02
5.547790527E+08,-1.08905E+02
5.548095703E+08,-1.11285E+02
5.548400879E+08,-1.12585E+02
5.548706055E+08,-1.08845E+02
5.549011230E+08,-1.03185E+02
5.549316406E+08,-1.05385E+02
5.549621582E+08,-1.12545E+02
5.549926758E+08,-1.12725E+02
5.550231934E+08,-1.11345E+02
5.550537109E+08,-1.09505E+02
5.550842285E+08,-1.07725E+02
5.551147461E+08,-1.12945E+02
5.551452637E+08,-1.12405E+02
5.551757812E+08,-1.07265E+02
5.552062988E+08,-1.12785E+02
5.552368164E+08,-1.03645E+02
5.552673340E+08,-9.94854E+01
5.552978516E+08,-9.94454E+01
5.553283691E+08,-1.09505E+02
5.553588867E+08,-1.09305E+02
5.553894043E+08,-1.06325E+02
5.554199219E+08,-1.02325E+02
5.554504395E+08,-1.00885E+02
5.554809570E+08,-1.03205E+02
5.555114746E+08,-1.05445E+02
5.555419922E+08,-1.13065E+02
5.555725098E+08,-1.11565E+02
5.556030273E+08,-1.08045E+02
5.556335449E+08,-1.08805E+02
5.556640625E+08,-1.06805E+02
5.556945801E+08,-1.10045E+02
5.557250977E+08,-1.14785E+02
5.557556152E+08,-1.04705E+02
5.557861328E+08,-1.04145E+02
5.558166504E+08,-1.06265E+02
5.558471680E+08,-1.13245E+02
5.558776855E+08,-1.23345E+02
5.559082031E+08,-1.20345E+02
5.559387207E+08,-1.10805E+02
5.559692383E+08,-1.14345E+02
5.559997559E+08,-1.18525E+02
5.560302734E+08,-1.09005E+02
5.560607910E+08,-1.09885E+02
5.560913086E+08,-1.16505E+02
5.561218262E+08,-1.07845E+02
5.561523438E+08,-1.08365E+02
5.561828613E+08,-1.06725E+02
5.562133789E+08,-1.09365E+02
5.562438965E+08,-1.09545E+02
5.562744141E+08,-1.16025E+02
5.563049316E+08,-1.03005E+02
5.563354492E+08,-1.03465E+02
5.563659668E+08,-1.11665E+02
5.563964844E+08,-1.09925E+02
5.564270020E+08,-1.14985E+02
5.564575195E+08,-1.13925E+02
5.564880371E+08,-1.18545E+02
5.565185547E+08,-1.08365E+02
5.565490723E+08,-1.03645E+02
5.565795898E+08,-1.12965E+02
5.566101074E+08,-1.06265E+02
5.566406250E+08,-1.16385E+02
5.566711426E+08,-1.08105E+02
5.567016602E+08,-1.02845E+02
5.567321777E+08,-1.03085E+02
5.567626953E+08,-1.04445E+02
5.567932129E+08,-1.07685E+02
5.568237305E+08,-1.27205E+02
5.568542480E+08,-1.17525E+02
5.568847656E+08,-1.05565E+02
5.569152832E+08,-1.07225E+02
5.569458008E+08,-1.04805E+02
5.569763184E+08,-1.02205E+02
5.570068359E+08,-1.03285E+02
5.570373535E+08,-1.05085E+02
5.570678711E+08,-1.14165E+02
5.570983887E+08,-1.35465E+02
5.571289062E+08,-1.06165E+02
5.571594238E+08,-1.06745E+02
5.571899414E+08,-1.17185E+02
5.572204590E+08,-1.19265E+02
5.572509766E+08,-1.11505E+02
5.572814941E+08,-1.17185E+02
5.573120117E+08,-1.08205E+02
5.573425293E+08,-1.03485E+02
5.573730469E+08,-1.04365E+02
5.574035645E+08,-1.08265E+02
5.574340820E+08,-1.06145E+02
5.574645996E+08,-1.04185E+02
5.574951172E+08,-1.03025E+02
5.575256348E+08,-1.01005E+02
5.575561523E+08,-1.01685E+02
5.575866699E+08,-1.05165E+02
5.576171875E+08,-1.04125E+02
5.576477051E+08,-1.06345E+02
5.576782227E+08,-1.18285E+02
5.577087402E+08,-1.12945E+02
5.577392578E+08,-1.06985E+02
5.577697754E+08,-1.04245E+02
5.578002930E+08,-1.01245E+02
5.578308105E+08,-1.03585E+02
5.578613281E+08,-1.11925E+02
5.578918457E+08,-1.22825E+02
5.579223633E+08,-1.12305E+02
5.579528809E+08,-1.12665E+02
5.579833984E+08,-1.07945E+02
5.580139160E+08,-1.19965E+02
5.580444336E+08,-1.08325E+02
5.580749512E+08,-1.13725E+02
5.581054688E+08,-1.09005E+02
5.581359863E+08,-1.07345E+02
5.581665039E+08,-1.06165E+02
5.581970215E+08,-1.12365E+02
5.582275391E+08,-1.11905E+02
5.582580566E+08,-1.13985E+02
5.582885742E+08,-1.14645E+02
5.583190918E+08,-1.09305E+02
5.583496094E+08,-1.10865E+02
5.583801270E+08,-1.07585E+02
5.584106445E+08,-1.02965E+02
5.584411621E+08,-1.06165E+02
5.584716797E+08,-1.09745E+02
5.585021973E+08,-1.07225E+02
5.585327148E+08,-1.06265E+02
5.585632324E+08,-1.05285E+02
5.585937500E+08,-1.07345E+02
5.586242676E+08,-1.04805E+02
5.586547852E+08,-1.04765E+02
5.586853027E+08,-1.03685E+02
5.587158203E+08,-1.02365E+02
5.587463379E+08,-1.10225E+02
5.587768555E+08,-1.02765E+02
5.588073730E+08,-1.02665E+02
5.588378906E+08,-1.01925E+02
5.588684082E+08,-1.05465E+02
5.588989258E+08,-1.07385E+02
5.589294434E+08,-1.03745E+02
5.589599609E+08,-1.12525E+02
5.589904785E+08,-1.07205E+02
5.590209961E+08,-1.06285E+02
5.590515137E+08,-1.12005E+02
5.590820312E+08,-1.13365E+02
5.591125488E+08,-1.13265E+02
5.591430664E+08,-1.11785E+02
5.591735840E+08,-1.06545E+02
5.592041016E+08,-1.06585E+02
5.592346191E+08,-1.08265E+02
5.592651367E+08,-1.10305E+02
5.592956543E+08,-1.06765E+02
5.593261719E+08,-1.15945E+02
5.593566895E+08,-1.25825E+02
5.593872070E+08,-1.14065E+02
5.594177246E+08,-1.09625E+02
5.594482422E+08,-1.09925E+02
5.594787598E+08,-1.02745E+02
5.595092773E+08,-1.03725E+02
5.595397949E+08,-1.21325E+02
5.595703125E+08,-1.09445E+02
5.596008301E+08,-1.10365E+02
5.596313477E+08,-1.06045E+02
5.596618652E+08,-1.03045E+02
5.596923828E+08,-1.04285E+02
5.597229004E+08,-1.15685E+02
5.597534180E+08,-1.14285E+02
5.597839355E+08,-1.12145E+02
5.598144531E+08,-1.19665E+02
5.598449707E+08,-1.12765E+02
5.598754883E+08,-1.23385E+02
5.599060059E+08,-1.10325E+02
5.599365234E+08,-1.09745E+02
5.599670410E+08,-1.09965E+02
5.599975586E+08,-1.00745E+02
5.600280762E+08,-9.94054E+01
5.600585938E+08,-1.00765E+02
5.600891113E+08,-1.03105E+02
5.601196289E+08,-1.04205E+02
5.601501465E+08,-1.01365E+02
5.601806641E+08,-1.00405E+02
5.602111816E+08,-1.09885E+02
5.602416992E+08,-1.05645E+02
5.602722168E+08,-1.17345E+02
5.603027344E+08,-1.09205E+02
5.603332520E+08,-1.08085E+02
5.603637695E+08,-1.09705E+02
5.603942871E+08,-1.11445E+02
5.604248047E+08,-1.14585E+02
5.604553223E+08,-1.13325E+02
5.604858398E+08,-1.12125E+02
5.605163574E+08,-1.14985E+02
5.605468750E+08,-1.17205E+02
5.605773926E+08,-1.12245E+02
5.606079102E+08,-1.09205E+02
5.606384277E+08,-1.17865E+02
5.606689453E+08,-1.02645E+02
5.606994629E+08,-1.01765E+02
5.607299805E+08,-1.10985E+02
5.607604980E+08,-1.17745E+02
5.607910156E+08,-1.14925E+02
5.608215332E+08,-1.20705E+02
5.608520508E+08,-1.06905E+02
5.608825684E+08,-1.04245E+02
5.609130859E+08,-1.18165E+02
5.609436035E+08,-1.08845E+02
5.609741211E+08,-1.07325E+02
5.610046387E+08,-1.05585E+02
5.610351562E+08,-1.12745E+02
5.610656738E+08,-1.09025E+02
5.610961914E+08,-1.05485E+02
5.611267090E+08,-1.05485E+02
5.611572266E+08,-1.08005E+02
5.611877441E+08,-1.16405E+02
5.612182617E+08,-1.09225E+02
5.612487793E+08,-1.06985E+02
5.612792969E+08,-1.09305E+02
5.613098145E+08,-1.06165E+02
5.613403320E+08,-1.04185E+02
5.613708496E+08,-1.06885E+02
5.614013672E+08,-1.05425E+02
5.614318848E+08,-1.08005E+02
5.614624023E+08,-1.04725E+02
5.614929199E+08,-1.04845E+02
5.615234375E+08,-1.12485E+02
5.615539551E+08,-1.11025E+02
5.615844727E+08,-1.09105E+02
5.616149902E+08,-1.06505E+02
5.616455078E+08,-1.03065E+02
5.616760254E+08,-1.08405E+02
5.617065430E+08,-1.04605E+02
5.617370605E+08,-1.32325E+02
5.617675781E+08,-1.12005E+02
5.617980957E+08,-1.09105E+02
5.618286133E+08,-1.04505E+02
5.618591309E+08,-1.05385E+02
5.618896484E+08,-1.07125E+02
5.619201660E+08,-1.13945E+02
5.619506836E+08,-1.05545E+02
5.619812012E+08,-1.06945E+02
5.620117188E+08,-1.10185E+02
5.620422363E+08,-1.07905E+02
5.620727539E+08,-1.07405E+02
5.621032715E+08,-1.11065E+02
5.621337891E+08,-1.14365E+02
5.621643066E+08,-1.10545E+02
5.621948242E+08,-1.09625E+02
5.622253418E+08,-1.10225E+02
5.622558594E+08,-1.10565E+02
5.622863770E+08,-1.02925E+02
5.623168945E+08,-1.00585E+02
5.623474121E+08,-1.05005E+02
5.623779297E+08,-1.18605E+02
5.624084473E+08,-1.12385E+02
5.624389648E+08,-1.11705E+02
5.624694824E+08,-1.07345E+02
5.625000000E+08,-1.01765E+02
5.625305176E+08,-1.01365E+02
5.625610352E+08,-1.01785E+02
5.625915527E+08,-1.04205E+02
5.626220703E+08,-1.18845E+02
5.626525879E+08,-1.07705E+02
5.626831055E+08,-1.15025E+02
5.627136230E+08,-1.02185E+02
5.627441406E+08,-1.01945E+02
5.627746582E+08,-1.16265E+02
5.628051758E+08,-1.06885E+02
5.628356934E+08,-1.09845E+02
5.628662109E+08,-1.08265E+02
5.628967285E+08,-1.03565E+02
5.629272461E+08,-1.05105E+02
5.629577637E+08,-1.11445E+02
5.629882812E+08,-1.00345E+02
5.630187988E+08,-1.02085E+02
5.630493164E+08,-1.11325E+02
5.630798340E+08,-1.06385E+02
5.631103516E+08,-1.08185E+02
5.631408691E+08,-1.07045E+02
5.631713867E+08,-1.05165E+02
5.632019043E+08,-1.05725E+02
5.632324219E+08,-1.08105E+02
5.632629395E+08,-1.08025E+02
5.632934570E+08,-1.14705E+02
5.633239746E+08,-1.07865E+02
5.633544922E+08,-1.02365E+02
5.633850098E+08,-1.03505E+02
5.634155273E+08,-1.08965E+02
5.634460449E+08,-1.11485E+02
5.634765625E+08,-1.11405E+02
5.635070801E+08,-1.05705E+02
5.635375977E+08,-1.05385E+02
5.635681152E+08,-1.06385E+02
5.635986328E+08,-1.05285E+02
5.636291504E+08,-1.05025E+02
5.636596680E+08,-1.05765E+02
5.636901855E+08,-1.00985E+02
5.637207031E+08,-1.04085E+02
5.637512207E+08,-1.06205E+02
5.637817383E+08,-1.03965E+02
5.638122559E+08,-1.05705E+02
5.638427734E+08,-1.02445E+02
5.638732910E+08,-1.01365E+02
5.639038086E+08,-1.09625E+02
5.639343262E+08,-1.19705E+02
5.639648438E+08,-1.07105E+02
5.639953613E+08,-1.03305E+02
5.640258789E+08,-1.06185E+02
5.640563965E+08,-1.10645E+02
5.640869141E+08,-1.10365E+02
5.641174316E+08,-1.09405E+02
5.641479492E+08,-1.30465E+02
5.641784668E+08,-1.10125E+02
5.642089844E+08,-1.01705E+02
5.642395020E+08,-1.02465E+02
5.642700195E+08,-1.14525E+02
5.643005371E+08,-1.09105E+02
5.643310547E+08,-1.07325E+02
5.643615723E+08,-1.06245E+02
5.643920898E+08,-1.04265E+02
5.644226074E+08,-1.08865E+02
5.644531250E+08,-1.12505E+02
5.644836426E+08,-1.12725E+02
5.645141602E+08,-1.07685E+02
5.645446777E+08,-1.09765E+02
5.645751953E+08,-1.11925E+02
5.646057129E+08,-1.10405E+02
5.646362305E+08,-1.03705E+02
5.646667480E+08,-1.03265E+02
5.646972656E+08,-1.14105E+02
5.647277832E+08,-1.11425E+02
5.647583008E+08,-1.14505E+02
5.647888184E+08,-1.09165E+02
5.648193359E+08,-1.16225E+02
5.648498535E+08,-1.03365E+02
5.648803711E+08,-1.00225E+02
5.649108887E+08,-1.08345E+02
5.649414062E+08,-1.09805E+02
5.649719238E+08,-1.22605E+02
5.650024414E+08,-1.04165E+02
5.650329590E+08,-1.03725E+02
5.650634766E+08,-1.20125E+02
5.650939941E+08,-1.11345E+02
5.651245117E+08,-1.04925E+02
5.651550293E+08,-1.07425E+02
5.651855469E+08,-1.07545E+02
5.652160645E+08,-1.07285E+02
5.652465820E+08,-1.15865E+02
5.652770996E+08,-1.14765E+02
5.653076172E+08,-1.04825E+02
5.653381348E+08,-1.03585E+02
5.653686523E+08,-1.08005E+02
5.653991699E+08,-1.18165E+02
5.654296875E+08,-1.06885E+02
5.654602051E+08,-1.03965E+02
5.654907227E+08,-1.12205E+02
5.655212402E+08,-1.06885E+02
5.655517578E+08,-1.06925E+02
5.655822754E+08,-1.10125E+02
5.656127930E+08,-1.24645E+02
5.656433105E+08,-1.11385E+02
5.656738281E+08,-1.15625E+02
5.657043457E+08,-1.10005E+02
5.657348633E+08,-1.10185E+02
5.657653809E+08,-1.18165E+02
5.657958984E+08,-1.07265E+02
5.658264160E+08,-1.10945E+02
5.658569336E+08,-1.06365E+02
5.658874512E+08,-1.05865E+02
5.659179688E+08,-1.09665E+02
5.659484863E+08,-1.01605E+02
5.659790039E+08,-9.94454E+01
5.660095215E+08,-1.01165E+02
5.660400391E+08,-1.05165E+02
5.660705566E+08,-1.10405E+02
5.661010742E+08,-1.13805E+02
5.661315918E+08,-1.11765E+02
5.661621094E+08,-1.11705E+02
5.661926270E+08,-1.04505E+02
5.662231445E+08,-1.05985E+02
5.662536621E+08,-1.07385E+02
5.662841797E+08,-1.04965E+02
5.663146973E+08,-1.14245E+02
5.663452148E+08,-1.08805E+02
5.663757324E+08,-1.11225E+02
5.664062500E+08,-1.07925E+02
5.664367676E+08,-1.08345E+02
5.664672852E+08,-1.18565E+02
5.664978027E+08,-1.05925E+02
5.665283203E+08,-1.01105E+02
5.665588379E+08,-1.06165E+02
5.665893555E+08,-1.09265E+02
5.666198730E+08,-1.05085E+02
5.666503906E+08,-1.09625E+02
5.666809082E+08,-1.06165E+02
5.667114258E+08,-1.09105E+02
5.667419434E+08,-1.14085E+02
5.667724609E+08,-1.06385E+02
5.668029785E+08,-1.08105E+02
5.668334961E+08,-1.10045E+02
5.668640137E+08,-1.01605E+02
5.668945312E+08,-1.05105E+02
5.669250488E+08,-1.10625E+02
5.669555664E+08,-1.04525E+02
5.669860840E+08,-1.06045E+02
5.670166016E+08,-1.08345E+02
5.670471191E+08,-1.12785E+02
5.670776367E+08,-1.16545E+02
5.671081543E+08,-1.09965E+02
5.671386719E+08,-1.10845E+02
5.671691895E+08,-1.08325E+02
5.671997070E+08,-1.04645E+02
5.672302246E+08,-1.06565E+02
5.672607422E+08,-1.09925E+02
5.672912598E+08,-1.08745E+02
5.673217773E+08,-1.11005E+02
5.673522949E+08,-1.11785E+02
5.673828125E+08,-1.11205E+02
5.674133301E+08,-1.16405E+02
5.674438477E+08,-1.19845E+02
5.674743652E+08,-1.14305E+02
5.675048828E+08,-1.13165E+02
5.675354004E+08,-1.10785E+02
5.675659180E+08,-1.06845E+02
5.675964355E+08,-1.14645E+02
5.676269531E+08,-1.09165E+02
5.676574707E+08,-1.10585E+02
5.676879883E+08,-1.04605E+02
5.677185059E+08,-1.06645E+02
5.677490234E+08,-1.11605E+02
5.677795410E+08,-1.23385E+02
5.678100586E+08,-1.03665E+02
5.678405762E+08,-1.03385E+02
5.678710938E+08,-1.14165E+02
5.679016113E+08,-1.22445E+02
5.679321289E+08,-1.03985E+02
5.679626465E+08,-1.02285E+02
5.679931641E+08,-1.12745E+02
5.680236816E+08,-1.00545E+02
5.680541992E+08,-1.03565E+02
5.680847168E+08,-1.04025E+02
5.681152344E+08,-1.06465E+02
5.681457520E+08,-1.07485E+02
5.681762695E+08,-1.16865E+02
5.682067871E+08,-1.07485E+02
5.682373047E+08,-1.12965E+02
5.682678223E+08,-1.01985E+02
5.682983398E+08,-1.00265E+02
5.683288574E+08,-1.03565E+02
5.683593750E+08,-1.07865E+02
5.683898926E+08,-1.06925E+02
5.684204102E+08,-1.00625E+02
5.684509277E+08,-1.00465E+02
5.684814453E+08,-1.00685E+02
5.685119629E+08,-1.00825E+02
5.685424805E+08,-1.07125E+02
5.685729980E+08,-1.12385E+02
5.686035156E+08,-1.11405E+02
5.686340332E+08,-1.10865E+02
5.686645508E+08,-1.07465E+02
5.686950684E+08,-1.05905E+02
5.687255859E+08,-1.06965E+02
5.687561035E+08,-1.07045E+02
5.687866211E+08,-1.14765E+02
5.688171387E+08,-1.09065E+02
5.688476562E+08,-1.02285E+02
5.688781738E+08,-1.04005E+02
5.689086914E+08,-1.13245E+02
5.689392090E+08,-1.14785E+02
5.689697266E+08,-1.06705E+02
5.690002441E+08,-1.02245E+02
5.690307617E+08,-1.03585E+02
5.690612793E+08,-1.03305E+02
5.690917969E+08,-1.03845E+02
5.691223145E+08,-1.07365E+02
5.691528320E+08,-1.11125E+02
5.691833496E+08,-1.14525E+02
5.692138672E+08,-1.07105E+02
5.692443848E+08,-1.15665E+02
5.692749023E+08,-1.07905E+02
5.693054199E+08,-1.05925E+02
5.693359375E+08,-1.10225E+02
5.693664551E+08,-1.06885E+02
5.693969727E+08,-1.02805E+02
5.694274902E+08,-1.02625E+02
5.694580078E+08,-1.07805E+02
5.694885254E+08,-1.15945E+02
5.695190430E+08,-1.17785E+02
5.695495605E+08,-1.08605E+02
5.695800781E+08,-1.04565E+02
5.696105957E+08,-1.07825E+02
5.696411133E+08,-1.13185E+02
5.696716309E+08,-1.16685E+02
5.697021484E+08,-1.10905E+02
5.697326660E+08,-1.18465E+02
5.697631836E+08,-1.12005E+02
5.697937012E+08,-1.26785E+02
5.698242188E+08,-1.09105E+02
5.698547363E+08,-1.12025E+02
5.698852539E+08,-1.01765E+02
5.699157715E+08,-1.00405E+02
5.699462891E+08,-1.09625E+02
5.699768066E+08,-1.10605E+02
5.700073242E+08,-1.09025E+02
5.700378418E+08,-1.01945E+02
5.700683594E+08,-1.05285E+02
5.700988770E+08,-1.15025E+02
5.701293945E+08,-1.07785E+02
5.701599121E+08,-1.06785E+02
5.701904297E+08,-1.08785E+02
5.702209473E+08,-1.07145E+02
5.702514648E+08,-1.16165E+02
5.702819824E+08,-1.12085E+02
5.703125000E+08,-1.16065E+02
5.703430176E+08,-1.15865E+02
5.703735352E+08,-1.09445E+02
5.704040527E+08,-1.06145E+02
5.704345703E+08,-1.09305E+02
5.704650879E+08,-1.12085E+02
5.704956055E+08,-1.06045E+02
5.705261230E+08,-1.08125E+02
5.705566406E+08,-1.09845E+02
5.705871582E+08,-1.11825E+02
5.706176758E+08,-1.07545E+02
5.706481934E+08,-1.04685E+02
5.706787109E+08,-1.06425E+02
5.707092285E+08,-1.11165E+02
5.707397461E+08,-1.20045E+02
5.707702637E+08,-1.16465E+02
5.708007812E+08,-1.15985E+02
5.708312988E+08,-1.07465E+02
5.708618164E+08,-1.15145E+02
5.708923340E+08,-1.03365E+02
5.709228516E+08,-1.10525E+02
5.709533691E+08,-1.04425E+02
5.709838867E+08,-1.01325E+02
5.710144043E+08,-1.03625E+02
5.710449219E+08,-1.15325E+02
5.710754395E+08,-1.12365E+02
5.711059570E+08,-1.13165E+02
5.711364746E+08,-1.03205E+02
5.711669922E+08,-1.01765E+02
5.711975098E+08,-1.02785E+02
5.712280273E+08,-1.00745E+02
5.712585449E+08,-1.02385E+02
5.712890625E+08,-1.08965E+02
5.713195801E+08,-1.04585E+02
5.713500977E+08,-1.02165E+02
5.713806152E+08,-1.04665E+02
5.714111328E+08,-1.00445E+02
5.714416504E+08,-1.01545E+02
5.714721680E+08,-1.07865E+02
5.715026855E+08,-1.08725E+02
5.715332031E+08,-1.05705E+02
5.715637207E+08,-1.09765E+02
5.715942383E+08,-1.06705E+02
5.716247559E+08,-1.02225E+02
5.716552734E+08,-1.02745E+02
5.716857910E+08,-1.10585E+02
5.717163086E+08,-1.18185E+02
5.717468262E+08,-1.07405E+02
5.717773438E+08,-1.08425E+02
5.718078613E+08,-1.11585E+02
5.718383789E+08,-1.12065E+02
5.718688965E+08,-1.06865E+02
5.718994141E+08,-1.03825E+02
5.719299316E+08,-1.08105E+02
5.719604492E+08,-1.11125E+02
5.719909668E+08,-1.30225E+02
5.720214844E+08,-1.05485E+02
5.720520020E+08,-1.05645E+02
5.720825195E+08,-1.00685E+02
5.721130371E+08,-1.12585E+02
5.721435547E+08,-1.08425E+02
5.721740723E+08,-1.05245E+02
5.722045898E+08,-1.05165E+02
5.722351074E+08,-1.04465E+02
5.722656250E+08,-1.03245E+02
5.722961426E+08,-1.15345E+02
5.723266602E+08,-1.13145E+02
5.723571777E+08,-1.08785E+02
5.723876953E+08,-1.13205E+02
5.724182129E+08,-1.10125E+02
5.724487305E+08,-1.06885E+02
5.724792480E+08,-1.10565E+02
5.725097656E+08,-1.22685E+02
5.725402832E+08,-1.06265E+02
5.725708008E+08,-1.02505E+02
5.726013184E+08,-1.07185E+02
5.726318359E+08,-1.08525E+02
5.726623535E+08,-1.13165E+02
5.726928711E+08,-1.08105E+02
5.727233887E+08,-1.09365E+02
5.727539062E+08,-1.09205E+02
5.727844238E+08,-1.12985E+02
5.728149414E+08,-1.07405E+02
5.728454590E+08,-1.07345E+02
5.728759766E+08,-1.13205E+02
5.729064941E+08,-1.11965E+02
5.729370117E+08,-1.09745E+02
5.729675293E+08,-9.84654E+01
5.729980469E+08,-9.73854E+01
5.730285645E+08,-1.02485E+02
5.730590820E+08,-1.06205E+02
5.730895996E+08,-1.00525E+02
5.731201172E+08,-1.01025E+02
5.731506348E+08,-1.07225E+02
5.731811523E+08,-1.13445E+02
5.732116699E+08,-1.05305E+02
5.732421875E+08,-1.00085E+02
5.732727051E+08,-1.01885E+02
5.733032227E+08,-1.06025E+02
5.733337402E+08,-1.07785E+02
5.733642578E+08,-1.09445E+02
5.733947754E+08,-1.10305E+02
5.734252930E+08,-1.09225E+02
5.734558105E+08,-1.09105E+02
5.734863281E+08,-1.10005E+02
5.735168457E+08,-1.02905E+02
5.735473633E+08,-1.02405E+02
5.735778809E+08,-1.04285E+02
5.736083984E+08,-1.04465E+02
5.736389160E+08,-1.07365E+02
5.736694336E+08,-1.17265E+02
5.736999512E+08,-1.06825E+02
5.737304688E+08,-1.03785E+02
5.737609863E+08,-1.09805E+02
5.737915039E+08,-1.11625E+02
5.738220215E+08,-1.19625E+02
5.738525391E+08,-1.07165E+02
5.738830566E+08,-1.05745E+02
5.739135742E+08,-1.07485E+02
5.739440918E+08,-1.12525E+02
5.739746094E+08,-1.14825E+02
5.740051270E+08,-1.17285E+02
5.740356445E+08,-1.08125E+02
5.740661621E+08,-1.08405E+02
5.740966797E+08,-1.13145E+02
5.741271973E+08,-1.08905E+02
5.741577148E+08,-1.09005E+02
5.741882324E+08,-1.03505E+02
5.742187500E+08,-1.01265E+02
5.742492676E+08,-1.09025E+02
5.742797852E+08,-1.09505E+02
5.743103027E+08,-1.04025E+02
5.743408203E+08,-1.06505E+02
5.743713379E+08,-1.03065E+02
5.744018555E+08,-1.02825E+02
5.744323730E+08,-1.10005E+02
5.744628906E+08,-1.17865E+02
5.744934082E+08,-1.15685E+02
5.745239258E+08,-1.10605E+02
5.745544434E+08,-1.12085E+02
5.745849609E+08,-1.12125E+02
5.746154785E+08,-1.03805E+02
5.746459961E+08,-1.05745E+02
5.746765137E+08,-1.05645E+02
5.747070312E+08,-1.08025E+02
5.747375488E+08,-1.07525E+02
5.747680664E+08,-1.09705E+02
5.747985840E+08,-1.08945E+02
5.748291016E+08,-1.15945E+02
5.748596191E+08,-1.02205E+02
5.748901367E+08,-1.01325E+02
5.749206543E+08,-1.04985E+02
5.749511719E+08,-1.08665E+02
5.749816895E+08,-1.05725E+02
5.750122070E+08,-9.99254E+01
5.750427246E+08,-1.04665E+02
5.750732422E+08,-1.12325E+02
5.751037598E+08,-1.02665E+02
5.751342773E+08,-1.07685E+02
5.751647949E+08,-1.05205E+02
5.751953125E+08,-1.07745E+02
5.752258301E+08,-1.16965E+02
5.752563477E+08,-1.11465E+02
5.752868652E+08,-1.04845E+02
5.753173828E+08,-1.06845E+02
5.753479004E+08,-1.17565E+02
5.753784180E+08,-1.08205E+02
5.754089355E+08,-1.06725E+02
5.754394531E+08,-1.10885E+02
5.754699707E+08,-1.03005E+02
5.755004883E+08,-1.02045E+02
5.755310059E+08,-1.08865E+02
5.755615234E+08,-1.14005E+02
5.755920410E+08,-1.15505E+02
5.756225586E+08,-1.04645E+02
5.756530762E+08,-1.04585E+02
5.756835938E+08,-1.06645E+02
5.757141113E+08,-1.02605E+02
5.757446289E+08,-1.12045E+02
5.757751465E+08,-1.06265E+02
5.758056641E+08,-1.05165E+02
5.758361816E+08,-1.10585E+02
5.758666992E+08,-1.08465E+02
5.758972168E+08,-1.09485E+02
5.759277344E+08,-1.18745E+02
5.759582520E+08,-1.21585E+02
5.759887695E+08,-1.11265E+02
5.760192871E+08,-1.06345E+02
5.760498047E+08,-1.07085E+02
5.760803223E+08,-1.17265E+02
5.761108398E+08,-1.10185E+02
5.761413574E+08,-1.11325E+02
5.761718750E+08,-1.12965E+02
5.762023926E+08,-1.04605E+02
5.762329102E+08,-1.08965E+02
5.762634277E+08,-1.10125E+02
5.762939453E+08,-1.10645E+02
5.763244629E+08,-1.10265E+02
5.763549805E+08,-1.13525E+02
5.763854980E+08,-1.21605E+02
5.764160156E+08,-1.09885E+02
5.764465332E+08,-1.03765E+02
5.764770508E+08,-1.06845E+02
5.765075684E+08,-1.10765E+02
5.765380859E+08,-1.07685E+02
5.765686035E+08,-1.08345E+02
5.765991211E+08,-1.07105E+02
5.766296387E+08,-1.02785E+02
5.766601562E+08,-1.00965E+02
5.766906738E+08,-1.06845E+02
5.767211914E+08,-1.13365E+02
5.767517090E+08,-1.11825E+02
5.767822266E+08,-1.15865E+02
5.768127441E+08,-1.10645E+02
5.768432617E+08,-1.03585E+02
5.768737793E+08,-1.08565E+02
5.769042969E+08,-1.07845E+02
5.769348145E+08,-1.02165E+02
5.769653320E+08,-1.01725E+02
5.769958496E+08,-1.04725E+02
5.770263672E+08,-1.07805E+02
5.770568848E+08,-1.22505E+02
5.770874023E+08,-1.01985E+02
5.771179199E+08,-9.94454E+01
5.771484375E+08,-1.10465E+02
5.771789551E+08,-1.28945E+02
5.772094727E+08,-1.15165E+02
5.772399902E+08,-1.14945E+02
5.772705078E+08,-1.25905E+02
5.773010254E+08,-1.11845E+02
5.773315430E+08,-1.06405E+02
5.773620605E+08,-1.04465E+02
5.773925781E+08,-1.06405E+02
5.774230957E+08,-1.07385E+02
5.774536133E+08,-1.05185E+02
5.774841309E+08,-1.08425E+02
5.775146484E+08,-1.07745E+02
5.775451660E+08,-1.03065E+02
5.775756836E+08,-1.00225E+02
5.776062012E+08,-1.02825E+02
5.776367188E+08,-1.11505E+02
5.776672363E+08,-1.10385E+02
5.776977539E+08,-1.04805E+02
5.777282715E+08,-1.12705E+02
5.777587891E+08,-1.13865E+02
5.777893066E+08,-1.03065E+02
5.778198242E+08,-1.02485E+02
5.778503418E+08,-1.06265E+02
5.778808594E+08,-1.06785E+02
5.779113770E+08,-1.04125E+02
5.779418945E+08,-1.05525E+02
5.779724121E+08,-1.02965E+02
5.780029297E+08,-1.04165E+02
5.780334473E+08,-1.02145E+02
5.780639648E+08,-1.09205E+02
5.780944824E+08,-1.10425E+02
5.781250000E+08,-1.12965E+02
5.781555176E+08,-1.08125E+02
5.781860352E+08,-1.14785E+02
5.782165527E+08,-1.06605E+02
5.782470703E+08,-1.02005E+02
5.782775879E+08,-1.05465E+02
5.783081055E+08,-1.01625E+02
5.783386230E+08,-1.00345E+02
5.783691406E+08,-1.00225E+02
5.783996582E+08,-1.03925E+02
5.784301758E+08,-1.06645E+02
5.784606934E+08,-1.03065E+02
5.784912109E+08,-1.01425E+02
5.785217285E+08,-1.07225E+02
5.785522461E+08,-1.14265E+02
5.785827637E+08,-1.18665E+02
5.786132812E+08,-1.14125E+02
5.786437988E+08,-1.12105E+02
5.786743164E+08,-1.09445E+02
5.787048340E+08,-1.04045E+02
5.787353516E+08,-1.17685E+02
5.787658691E+08,-1.12045E+02
5.787963867E+08,-1.13105E+02
5.788269043E+08,-1.18105E+02
5.788574219E+08,-1.06945E+02
5.788879395E+08,-1.08005E+02
5.789184570E+08,-1.09305E+02
5.789489746E+08,-1.10225E+02
5.789794922E+08,-1.14745E+02
5.790100098E+08,-1.10005E+02
5.790405273E+08,-1.11065E+02
5.790710449E+08,-1.10805E+02
5.791015625E+08,-1.04225E+02
5.791320801E+08,-1.02605E+02
5.791625977E+08,-1.09265E+02
5.791931152E+08,-1.05485E+02
5.792236328E+08,-1.17425E+02
5.792541504E+08,-1.08905E+02
5.792846680E+08,-1.11425E+02
5.793151855E+08,-1.14565E+02
5.793457031E+08,-1.06185E+02
5.793762207E+08,-1.03605E+02
5.794067383E+08,-1.04725E+02
5.794372559E+08,-1.08625E+02
5.794677734E+08,-1.14525E+02
5.794982910E+08,-1.07425E+02
5.795288086E+08,-1.07905E+02
5.795593262E+08,-1.08465E+02
5.795898438E+08,-1.08025E+02
5.796203613E+08,-1.05765E+02
5.796508789E+08,-1.01605E+02
5.796813965E+08,-1.01985E+02
5.797119141E+08,-1.05365E+02
5.797424316E+08,-1.05585E+02
5.797729492E+08,-1.07245E+02
5.798034668E+08,-1.17405E+02
5.798339844E+08,-1.09585E+02
5.798645020E+08,-1.05385E+02
5.798950195E+08,-1.11365E+02
5.799255371E+08,-1.05645E+02
5.799560547E+08,-1.09445E+02
5.799865723E+08,-1.09025E+02
5.800170898E+08,-1.08085E+02
5.800476074E+08,-1.10845E+02
5.800781250E+08,-1.04205E+02
5.801086426E+08,-1.02545E+02
5.801391602E+08,-1.01105E+02
5.801696777E+08,-1.02265E+02
5.802001953E+08,-1.03205E+02
5.802307129E+08,-1.04465E+02
5.802612305E+08,-1.05985E+02
5.802917480E+08,-1.03765E+02
5.803222656E+08,-1.00225E+02
5.803527832E+08,-9.91254E+01
5.803833008E+08,-1.08285E+02
5.804138184E+08,-1.01685E+02
5.804443359E+08,-1.03805E+02
5.804748535E+08,-1.04945E+02
5.805053711E+08,-1.05265E+02
5.805358887E+08,-1.09065E+02
5.805664062E+08,-1.02945E+02
5.805969238E+08,-1.06945E+02
5.806274414E+08,-1.01185E+02
5.806579590E+08,-1.01925E+02
5.806884766E+08,-1.07525E+02
5.807189941E+08,-1.10465E+02
5.807495117E+08,-1.07485E+02
5.807800293E+08,-1.02285E+02
5.808105469E+08,-1.02105E+02
5.808410645E+08,-1.01365E+02
5.808715820E+08,-1.00665E+02
5.809020996E+08,-1.04645E+02
5.809326172E+08,-1.18045E+02
5.809631348E+08,-1.11765E+02
5.809936523E+08,-1.12665E+02
5.810241699E+08,-1.08905E+02
5.810546875E+08,-1.13145E+02
5.810852051E+08,-1.05265E+02
5.811157227E+08,-1.01545E+02
5.811462402E+08,-1.07185E+02
5.811767578E+08,-1.19925E+02
5.812072754E+08,-1.15905E+02
5.812377930E+08,-1.10345E+02
5.812683105E+08,-1.14725E+02
5.812988281E+08,-1.06605E+02
5.813293457E+08,-1.10045E+02
5.813598633E+08,-1.07485E+02
5.813903809E+08,-1.05025E+02
5.814208984E+08,-1.06765E+02
5.814514160E+08,-1.03145E+02
5.814819336E+08,-1.03485E+02
5.815124512E+08,-1.15825E+02
5.815429688E+08,-1.09445E+02
5.815734863E+08,-1.08085E+02
5.816040039E+08,-1.00925E+02
5.816345215E+08,-1.04205E+02
5.816650391E+08,-1.20265E+02
5.816955566E+08,-1.19225E+02
5.817260742E+08,-1.10125E+02
5.817565918E+08,-1.05345E+02
5.817871094E+08,-1.06405E+02
5.818176270E+08,-1.05965E+02
5.818481445E+08,-1.06165E+02
5.818786621E+08,-1.07225E+02
5.819091797E+08,-1.00985E+02
5.819396973E+08,-1.00425E+02
5.819702148E+08,-1.02565E+02
5.820007324E+08,-1.02205E+02
5.820312500E+08,-1.06065E+02
5.820617676E+08,-1.06265E+02
5.820922852E+08,-1.04205E+02
5.821228027E+08,-1.17625E+02
5.821533203E+08,-1.08785E+02
5.821838379E+08,-1.09105E+02
5.822143555E+08,-1.03945E+02
5.822448730E+08,-1.03665E+02
5.822753906E+08,-1.05645E+02
5.823059082E+08,-1.05305E+02
5.823364258E+08,-1.13945E+02
5.823669434E+08,-1.06745E+02
5.823974609E+08,-1.07945E+02
5.824279785E+08,-1.09845E+02
5.824584961E+08,-1.04365E+02
5.824890137E+08,-1.02745E+02
5.825195312E+08,-1.22125E+02
5.825500488E+08,-1.08805E+02
5.825805664E+08,-1.08425E+02
5.826110840E+08,-1.13485E+02
5.826416016E+08,-1.06225E+02
5.826721191E+08,-1.09305E+02
5.827026367E+08,-1.11985E+02
5.827331543E+08,-1.07485E+02
5.827636719E+08,-1.09705E+02
5.827941895E+08,-1.07845E+02
5.828247070E+08,-1.10225E+02
5.828552246E+08,-1.08205E+02
5.828857422E+08,-1.04845E+02
5.829162598E+08,-1.06265E+02
5.829467773E+08,-1.06005E+02
5.829772949E+08,-1.07805E+02
5.830078125E+08,-1.08185E+02
5.830383301E+08,-1.03525E+02
5.830688477E+08,-1.00565E+02
5.830993652E+08,-1.04665E+02
5.831298828E+08,-1.05225E+02
5.831604004E+08,-1.05865E+02
5.831909180E+08,-1.07065E+02
5.832214355E+08,-1.05025E+02
5.832519531E+08,-1.17205E+02
5.832824707E+08,-1.18685E+02
5.833129883E+08,-1.05645E+02
5.833435059E+08,-1.05545E+02
5.833740234E+08,-1.06365E+02
5.834045410E+08,-1.04465E+02
5.834350586E+08,-1.10085E+02
5.834655762E+08,-1.09065E+02
5.834960938E+08,-1.09485E+02
5.835266113E+08,-1.04425E+02
5.835571289E+08,-1.05985E+02
5.835876465E+08,-1.11005E+02
5.836181641E+08,-1.05065E+02
5.836486816E+08,-1.22525E+02
5.836791992E+08,-1.03945E+02
5.837097168E+08,-1.03205E+02
5.837402344E+08,-1.07525E+02
5.837707520E+08,-1.09345E+02
5.838012695E+08,-1.04225E+02
5.838317871E+08,-1.01125E+02
5.838623047E+08,-1.02685E+02
5.838928223E+08,-1.08485E+02
5.839233398E+08,-1.08685E+02
5.839538574E+08,-1.12925E+02
5.839843750E+08,-1.13105E+02
5.840148926E+08,-1.17325E+02
5.840454102E+08,-1.14025E+02
5.840759277E+08,-1.05185E+02
5.841064453E+08,-1.05585E+02
5.841369629E+08,-1.06045E+02
5.841674805E+08,-9.77854E+01
5.841979980E+08,-9.94054E+01
5.842285156E+08,-1.13085E+02
5.842590332E+08,-1.17465E+02
5.842895508E+08,-1.06585E+02
5.843200684E+08,-1.10385E+02
5.843505859E+08,-1.10225E+02
5.843811035E+08,-1.09585E+02
5.844116211E+08,-1.09025E+02
5.844421387E+08,-1.08525E+02
5.844726562E+08,-1.04145E+02
5.845031738E+08,-1.01185E+02
5.845336914E+08,-1.05825E+02
5.845642090E+08,-1.07025E+02
5.845947266E+08,-1.14365E+02
5.846252441E+08,-1.09105E+02
5.846557617E+08,-1.20265E+02
5.846862793E+08,-1.12525E+02
5.847167969E+08,-1.09225E+02
5.847473145E+08,-1.09805E+02
5.847778320E+08,-1.13485E+02
5.848083496E+08,-1.07625E+02
5.848388672E+08,-1.15125E+02
5.848693848E+08,-1.04305E+02
5.848999023E+08,-1.11905E+02
5.849304199E+08,-1.10005E+02
5.849609375E+08,-1.04105E+02
5.849914551E+08,-1.04405E+02
5.850219727E+08,-1.17405E+02
5.850524902E+08,-1.08465E+02
5.850830078E+08,-1.05305E+02
5.851135254E+08,-1.04805E+02
5.851440430E+08,-1.05205E+02
5.851745605E+08,-1.07385E+02
5.852050781E+08,-1.10985E+02
5.852355957E+08,-1.01105E+02
5.852661133E+08,-1.04465E+02
5.852966309E+08,-1.08805E+02
5.853271484E+08,-1.00685E+02
5.853576660E+08,-1.03445E+02
5.853881836E+08,-1.06065E+02
5.854187012E+08,-1.03605E+02
5.854492188E+08,-1.07045E+02
5.854797363E+08,-1.12205E+02
5.855102539E+08,-1.03525E+02
5.855407715E+08,-1.01485E+02
5.855712891E+08,-1.03965E+02
5.856018066E+08,-1.08965E+02
5.856323242E+08,-1.03765E+02
5.856628418E+08,-1.03625E+02
5.856933594E+08,-1.10485E+02
5.857238770E+08,-1.10405E+02
5.857543945E+08,-1.24485E+02
5.857849121E+08,-1.11045E+02
5.858154297E+08,-1.13505E+02
5.858459473E+08,-1.15185E+02
5.858764648E+08,-1.12045E+02
5.859069824E+08,-1.10425E+02
5.859375000E+08,-1.05165E+02
5.859680176E+08,-9.97054E+01
5.859985352E+08,-1.08905E+02
5.860290527E+08,-1.06965E+02
5.860595703E+08,-1.22305E+02
5.860900879E+08,-1.04785E+02
5.861206055E+08,-1.03285E+02
5.861511230E+08,-1.02645E+02
5.861816406E+08,-1.06605E+02
5.862121582E+08,-1.11765E+02
5.862426758E+08,-1.07325E+02
5.862731934E+08,-1.04265E+02
5.863037109E+08,-1.05965E+02
5.863342285E+08,-1.16005E+02
5.863647461E+08,-1.06405E+02
5.863952637E+08,-1.11945E+02
5.864257812E+08,-1.01205E+02
5.864562988E+08,-9.84054E+01
5.864868164E+08,-1.10525E+02
5.865173340E+08,-1.09305E+02
5.865478516E+08,-1.07325E+02
5.865783691E+08,-1.07125E+02
5.866088867E+08,-1.05245E+02
5.866394043E+08,-1.00585E+02
5.866699219E+08,-1.05725E+02
5.867004395E+08,-1.05645E+02
5.867309570E+08,-1.13805E+02
5.867614746E+08,-1.08125E+02
5.867919922E+08,-1.09625E+02
5.868225098E+08,-1.08745E+02
5.868530273E+08,-1.08285E+02
5.868835449E+08,-1.13325E+02
5.869140625E+08,-1.15985E+02
5.869445801E+08,-1.13685E+02
5.869750977E+08,-1.17445E+02
5.870056152E+08,-1.29485E+02
5.870361328E+08,-1.12785E+02
5.870666504E+08,-1.07045E+02
5.870971680E+08,-1.11965E+02
5.871276855E+08,-1.17985E+02
5.871582031E+08,-1.07905E+02
5.871887207E+08,-1.02145E+02
5.872192383E+08,-1.05465E+02
5.872497559E+08,-1.13565E+02
5.872802734E+08,-1.16445E+02
5.873107910E+08,-1.05925E+02
5.873413086E+08,-1.11305E+02
5.873718262E+08,-1.09265E+02
5.874023438E+08,-1.27985E+02
5.874328613E+08,-1.13665E+02
5.874633789E+08,-1.09485E+02
5.874938965E+08,-1.10225E+02
5.875244141E+08,-1.11725E+02
5.875549316E+08,-1.18285E+02
5.875854492E+08,-1.04505E+02
5.876159668E+08,-1.07285E+02
5.876464844E+08,-1.10325E+02
5.876770020E+08,-1.18545E+02
5.877075195E+08,-1.08625E+02
5.877380371E+08,-1.01205E+02
5.877685547E+08,-1.04565E+02
5.877990723E+08,-1.24225E+02
5.878295898E+08,-1.04805E+02
5.878601074E+08,-1.05905E+02
5.878906250E+08,-1.17865E+02
5.879211426E+08,-1.06085E+02
5.879516602E+08,-1.09165E+02
5.879821777E+08,-1.21865E+02
5.880126953E+08,-1.10525E+02
5.880432129E+08,-1.02505E+02
5.880737305E+08,-9.96654E+01
5.881042480E+08,-1.07905E+02
5.881347656E+08,-1.04945E+02
5.881652832E+08,-1.06525E+02
5.881958008E+08,-1.10125E+02
5.882263184E+08,-1.10265E+02
5.882568359E+08,-1.11325E+02
5.882873535E+08,-1.17805E+02
5.883178711E+08,-1.05765E+02
5.883483887E+08,-1.04985E+02
5.883789062E+08,-1.07005E+02
5.884094238E+08,-1.08845E+02
5.884399414E+08,-1.02925E+02
5.884704590E+08,-1.00865E+02
5.885009766E+08,-1.01745E+02
5.885314941E+08,-1.05585E+02
5.885620117E+08,-1.06405E+02
5.885925293E+08,-1.18045E+02
5.886230469E+08,-1.18185E+02
5.886535645E+08,-1.09305E+02
5.886840820E+08,-1.10225E+02
5.887145996E+08,-1.06305E+02
5.887451172E+08,-1.06185E+02
5.887756348E+08,-1.11485E+02
5.888061523E+08,-1.04465E+02
5.888366699E+08,-1.02925E+02
5.888671875E+08,-9.89054E+01
5.888977051E+08,-1.01385E+02
5.889282227E+08,-1.18565E+02
5.889587402E+08,-1.05685E+02
5.889892578E+08,-1.05905E+02
5.890197754E+08,-1.08245E+02
5.890502930E+08,-1.06105E+02
5.890808105E+08,-1.15345E+02
5.891113281E+08,-1.01305E+02
5.891418457E+08,-1.07465E+02
5.891723633E+08,-1.12005E+02
5.892028809E+08,-1.05245E+02
5.892333984E+08,-1.07805E+02
5.892639160E+08,-1.05085E+02
5.892944336E+08,-1.01325E+02
5.893249512E+08,-1.03285E+02
5.893554688E+08,-1.04385E+02
5.893859863E+08,-1.04425E+02
5.894165039E+08,-1.12745E+02
5.894470215E+08,-1.14545E+02
5.894775391E+08,-1.05105E+02
5.895080566E+08,-1.04145E+02
5.895385742E+08,-1.05325E+02
5.895690918E+08,-1.06685E+02
5.895996094E+08,-1.11285E+02
5.896301270E+08,-1.13685E+02
5.896606445E+08,-1.10345E+02
5.896911621E+08,-1.05905E+02
5.897216797E+08,-1.07785E+02
5.897521973E+08,-1.17285E+02
5.897827148E+08,-1.11725E+02
5.898132324E+08,-1.09005E+02
5.898437500E+08,-1.07945E+02
5.898742676E+08,-1.06225E+02
5.899047852E+08,-1.13985E+02
5.899353027E+08,-1.16045E+02
5.899658203E+08,-1.11165E+02
5.899963379E+08,-1.18005E+02
5.900268555E+08,-1.10405E+02
5.900573730E+08,-1.08485E+02
5.900878906E+08,-1.22165E+02
5.901184082E+08,-1.06765E+02
5.901489258E+08,-1.07065E+02
5.901794434E+08,-1.10005E+02
5.902099609E+08,-1.14885E+02
5.902404785E+08,-1.06165E+02
5.902709961E+08,-9.82054E+01
5.903015137E+08,-9.95454E+01
5.903320312E+08,-1.07725E+02
5.903625488E+08,-1.05105E+02
5.903930664E+08,-1.07045E+02
5.904235840E+08,-1.08205E+02
5.904541016E+08,-1.07005E+02
5.904846191E+08,-1.04785E+02
5.905151367E+08,-1.06245E+02
5.905456543E+08,-1.17585E+02
5.905761719E+08,-1.10885E+02
5.906066895E+08,-1.04445E+02
5.906372070E+08,-1.08725E+02
5.906677246E+08,-1.06085E+02
5.906982422E+08,-1.02645E+02
5.907287598E+08,-1.03545E+02
5.907592773E+08,-1.07265E+02
5.907897949E+08,-1.06925E+02
5.908203125E+08,-1.09665E+02
5.908508301E+08,-1.04845E+02
5.908813477E+08,-1.01505E+02
5.909118652E+08,-1.05005E+02
5.909423828E+08,-1.04585E+02
5.909729004E+08,-1.07945E+02
5.910034180E+08,-1.09885E+02
5.910339355E+08,-1.09705E+02
5.910644531E+08,-1.10525E+02
5.910949707E+08,-1.05365E+02
5.911254883E+08,-1.06005E+02
5.911560059E+08,-1.16185E+02
5.911865234E+08,-1.07065E+02
5.912170410E+08,-1.04825E+02
5.912475586E+08,-1.04685E+02
5.912780762E+08,-1.02445E+02
5.913085938E+08,-1.04385E+02
5.913391113E+08,-1.06585E+02
5.913696289E+08,-1.11025E+02
5.914001465E+08,-1.18085E+02
5.914306641E+08,-1.08725E+02
5.914611816E+08,-1.08285E+02
5.914916992E+08,-1.13645E+02
5.915222168E+08,-1.02505E+02
5.915527344E+08,-1.03385E+02
5.915832520E+08,-1.10185E+02
5.916137695E+08,-1.11405E+02
5.916442871E+08,-1.17245E+02
5.916748047E+08,-1.13285E+02
5.917053223E+08,-1.08105E+02
5.917358398E+08,-1.05905E+02
5.917663574E+08,-1.05025E+02
5.917968750E+08,-1.12745E+02
5.918273926E+08,-1.04365E+02
5.918579102E+08,-1.03505E+02
5.918884277E+08,-1.06445E+02
5.919189453E+08,-1.16045E+02
5.919494629E+08,-1.03985E+02
5.919799805E+08,-1.02985E+02
5.920104980E+08,-1.10125E+02
5.920410156E+08,-1.30005E+02
5.920715332E+08,-1.13625E+02
5.921020508E+08,-1.04625E+02
5.921325684E+08,-1.04525E+02
5.921630859E+08,-1.11905E+02
5.921936035E+08,-1.13965E+02
5.922241211E+08,-1.09505E+02
5.922546387E+08,-1.05305E+02
5.922851562E+08,-1.05785E+02
5.923156738E+08,-1.08805E+02
5.923461914E+08,-1.11845E+02
5.923767090E+08,-1.09805E+02
5.924072266E+08,-1.13485E+02
5.924377441E+08,-1.23345E+02
5.924682617E+08,-1.18105E+02
5.924987793E+08,-1.13005E+02
5.925292969E+08,-1.06825E+02
5.925598145E+08,-1.05205E+02
5.925903320E+08,-1.06465E+02
5.926208496E+08,-1.07405E+02
5.926513672E+08,-1.04745E+02
5.926818848E+08,-1.04845E+02
5.927124023E+08,-1.08465E+02
5.927429199E+08,-1.06645E+02
5.927734375E+08,-1.05945E+02
5.928039551E+08,-1.02505E+02
5.928344727E+08,-1.03205E+02
5.928649902E+08,-1.07605E+02
5.928955078E+08,-1.17865E+02
5.929260254E+08,-1.09805E+02
5.929565430E+08,-1.04125E+02
5.929870605E+08,-1.08465E+02
5.930175781E+08,-1.13765E+02
5.930480957E+08,-1.13685E+02
5.930786133E+08,-1.15945E+02
5.931091309E+08,-1.13205E+02
5.931396484E+08,-1.04165E+02
5.931701660E+08,-1.06485E+02
5.932006836E+08,-1.10225E+02
5.932312012E+08,-1.12245E+02
5.932617188E+08,-1.09885E+02
5.932922363E+08,-1.04505E+02
5.933227539E+08,-1.02665E+02
5.933532715E+08,-1.06505E+02
5.933837891E+08,-1.09925E+02
5.934143066E+08,-1.19205E+02
5.934448242E+08,-1.17905E+02
5.934753418E+08,-1.09205E+02
5.935058594E+08,-1.05585E+02
5.935363770E+08,-1.11945E+02
5.935668945E+08,-1.13005E+02
5.935974121E+08,-1.09845E+02
5.936279297E+08,-1.11245E+02
5.936584473E+08,-1.11765E+02
5.936889648E+08,-1.27205E+02
5.937194824E+08,-1.12445E+02
5.937500000E+08,-1.07425E+02
5.937805176E+08,-1.04785E+02
5.938110352E+08,-1.12925E+02
5.938415527E+08,-1.08125E+02
5.938720703E+08,-1.08605E+02
5.939025879E+08,-1.07405E+02
5.939331055E+08,-1.06745E+02
5.939636230E+08,-1.11005E+02
5.939941406E+08,-1.12365E+02
5.940246582E+08,-1.08185E+02
5.940551758E+08,-1.07905E+02
5.940856934E+08,-1.10625E+02
5.941162109E+08,-1.06505E+02
5.941467285E+08,-1.08625E+02
5.941772461E+08,-1.01985E+02
5.942077637E+08,-1.04105E+02
5.942382812E+08,-1.14185E+02
5.942687988E+08,-1.31805E+02
5.942993164E+08,-1.16425E+02
5.943298340E+08,-1.18025E+02
5.943603516E+08,-1.19665E+02
5.943908691E+08,-1.13185E+02
5.944213867E+08,-1.10665E+02
5.944519043E+08,-1.09365E+02
5.944824219E+08,-1.10365E+02
5.945129395E+08,-1.21205E+02
5.945434570E+08,-1.09205E+02
5.945739746E+08,-1.05045E+02
5.946044922E+08,-1.06585E+02
5.946350098E+08,-1.11985E+02
5.946655273E+08,-1.18085E+02
5.946960449E+08,-1.33605E+02
5.947265625E+08,-1.11405E+02
5.947570801E+08,-1.09845E+02
5.947875977E+08,-1.06725E+02
5.948181152E+08,-1.12565E+02
5.948486328E+08,-1.04125E+02
5.948791504E+08,-1.00945E+02
5.949096680E+08,-1.11965E+02
5.949401855E+08,-1.05445E+02
5.949707031E+08,-1.06685E+02
5.950012207E+08,-1.12145E+02
5.950317383E+08,-1.10465E+02
5.950622559E+08,-1.11425E+02
5.950927734E+08,-1.03105E+02
5.951232910E+08,-9.94454E+01
5.951538086E+08,-1.06045E+02
5.951843262E+08,-1.09025E+02
5.952148438E+08,-1.11645E+02
5.952453613E+08,-1.23985E+02
5.952758789E+08,-1.04765E+02
5.953063965E+08,-1.02785E+02
5.953369141E+08,-1.10225E+02
5.953674316E+08,-1.12725E+02
5.953979492E+08,-1.14345E+02
5.954284668E+08,-1.09845E+02
5.954589844E+08,-1.04785E+02
5.954895020E+08,-1.00305E+02
5.955200195E+08,-1.03845E+02
5.955505371E+08,-1.12145E+02
5.955810547E+08,-1.07265E+02
5.956115723E+08,-1.04025E+02
5.956420898E+08,-1.14185E+02
5.956726074E+08,-1.04645E+02
5.957031250E+08,-1.03345E+02
5.957336426E+08,-1.12485E+02
5.957641602E+08,-1.21425E+02
5.957946777E+08,-1.07005E+02
5.958251953E+08,-1.03945E+02
5.958557129E+08,-1.20325E+02
5.958862305E+08,-1.04385E+02
5.959167480E+08,-1.15285E+02
5.959472656E+08,-1.09545E+02
5.959777832E+08,-1.08485E+02
5.960083008E+08,-1.06625E+02
5.960388184E+08,-1.05385E+02
5.960693359E+08,-1.02545E+02
5.960998535E+08,-9.93654E+01
5.961303711E+08,-1.11285E+02
5.961608887E+08,-1.02265E+02
5.961914062E+08,-1.06645E+02
5.962219238E+08,-1.16265E+02
5.962524414E+08,-1.15165E+02
5.962829590E+08,-1.10265E+02
5.963134766E+08,-1.15745E+02
5.963439941E+08,-1.06185E+02
5.963745117E+08,-1.07185E+02
5.964050293E+08,-1.06225E+02
5.964355469E+08,-1.06145E+02
5.964660645E+08,-1.13285E+02
5.964965820E+08,-1.05465E+02
5.965270996E+08,-1.06785E+02
5.965576172E+08,-1.11925E+02
5.965881348E+08,-1.23705E+02
5.966186523E+08,-1.12185E+02
5.966491699E+08,-1.17465E+02
5.966796875E+08,-1.07445E+02
5.967102051E+08,-1.10585E+02
5.967407227E+08,-1.07985E+02
5.967712402E+08,-1.05365E+02
5.968017578E+08,-1.05685E+02
5.968322754E+08,-1.08285E+02
5.968627930E+08,-1.14445E+02
5.968933105E+08,-1.09805E+02
5.969238281E+08,-1.13165E+02
5.969543457E+08,-1.13125E+02
5.969848633E+08,-1.13265E+02
5.970153809E+08,-1.07125E+02
5.970458984E+08,-1.08005E+02
5.970764160E+08,-1.30565E+02
5.971069336E+08,-1.14585E+02
5.971374512E+08,-1.08165E+02
5.971679688E+08,-1.06325E+02
5.971984863E+08,-1.05225E+02
5.972290039E+08,-1.06705E+02
5.972595215E+08,-1.05625E+02
5.972900391E+08,-1.03185E+02
5.973205566E+08,-1.05825E+02
5.973510742E+08,-1.15445E+02
5.973815918E+08,-1.17705E+02
5.974121094E+08,-1.17985E+02
5.974426270E+08,-1.07785E+02
5.974731445E+08,-1.04485E+02
5.975036621E+08,-1.07905E+02
5.975341797E+08,-1.00045E+02
5.975646973E+08,-9.68654E+01
5.975952148E+08,-1.02385E+02
5.976257324E+08,-1.08565E+02
5.976562500E+08,-1.02945E+02
5.976867676E+08,-1.06325E+02
5.977172852E+08,-1.04885E+02
5.977478027E+08,-1.05885E+02
5.977783203E+08,-1.12605E+02
5.978088379E+08,-1.11045E+02
5.978393555E+08,-1.13445E+02
5.978698730E+08,-1.08365E+02
5.979003906E+08,-1.12165E+02
5.979309082E+08,-1.03145E+02
5.979614258E+08,-1.02965E+02
5.979919434E+08,-1.07745E+02
5.980224609E+08,-1.28905E+02
5.980529785E+08,-1.07125E+02
5.980834961E+08,-1.02925E+02
5.981140137E+08,-1.04045E+02
5.981445312E+08,-1.09025E+02
5.981750488E+08,-1.10625E+02
5.982055664E+08,-1.10985E+02
5.982360840E+08,-1.06025E+02
5.982666016E+08,-1.08785E+02
5.982971191E+08,-1.11725E+02
5.983276367E+08,-1.05965E+02
5.983581543E+08,-1.09125E+02
5.983886719E+08,-1.11785E+02
5.984191895E+08,-1.07565E+02
5.984497070E+08,-1.10805E+02
5.984802246E+08,-1.09705E+02
5.985107422E+08,-1.18805E+02
5.985412598E+08,-1.11745E+02
5.985717773E+08,-1.09105E+02
5.986022949E+08,-1.10485E+02
5.986328125E+08,-1.04445E+02
5.986633301E+08,-1.03045E+02
5.986938477E+08,-1.12425E+02
5.987243652E+08,-1.04725E+02
5.987548828E+08,-1.06445E+02
5.987854004E+08,-1.09105E+02
5.988159180E+08,-1.08425E+02
5.988464355E+08,-1.03545E+02
5.988769531E+08,-1.03005E+02
5.989074707E+08,-1.06985E+02
5.989379883E+08,-1.04365E+02
5.989685059E+08,-1.07385E+02
5.989990234E+08,-1.05325E+02
5.990295410E+08,-1.06265E+02
5.990600586E+08,-1.08365E+02
5.990905762E+08,-1.14685E+02
5.991210938E+08,-1.05385E+02
5.991516113E+08,-1.05165E+02
5.991821289E+08,-1.20185E+02
5.992126465E+08,-1.03985E+02
5.992431641E+08,-1.09545E+02
5.992736816E+08,-1.08785E+02
5.993041992E+08,-1.07365E+02
5.993347168E+08,-1.10185E+02
5.993652344E+08,-1.20185E+02
5.993957520E+08,-1.15185E+02
5.994262695E+08,-1.08625E+02
5.994567871E+08,-1.05285E+02
5.994873047E+08,-1.18945E+02
5.995178223E+08,-1.19405E+02
5.995483398E+08,-1.04645E+02
5.995788574E+08,-1.02785E+02
5.996093750E+08,-1.13365E+02
5.996398926E+08,-1.09885E+02
5.996704102E+08,-1.09125E+02
5.997009277E+08,-1.04605E+02
5.997314453E+08,-1.05825E+02
5.997619629E+08,-1.04325E+02
5.997924805E+08,-1.09485E+02
5.998229980E+08,-1.08165E+02
5.998535156E+08,-1.06165E+02
5.998840332E+08,-1.10525E+02
5.999145508E+08,-1.07565E+02
5.999450684E+08,-1.04985E+02
5.999755859E+08,-1.02645E+02
6.000061035E+08,-1.01165E+02
6.000366211E+08,-1.03065E+02
6.000671387E+08,-1.14805E+02
6.000976562E+08,-1.05025E+02
6.001281738E+08,-1.03505E+02
6.001586914E+08,-1.00085E+02
6.001892090E+08,-1.00185E+02
6.002197266E+08,-1.05945E+02
6.002502441E+08,-1.07105E+02
6.002807617E+08,-1.09205E+02
6.003112793E+08,-1.07405E+02
6.003417969E+08,-1.08685E+02
6.003723145E+08,-1.06265E+02
6.004028320E+08,-1.04205E+02
6.004333496E+08,-1.03385E+02
6.004638672E+08,-1.03885E+02
6.004943848E+08,-1.08465E+02
6.005249023E+08,-1.04705E+02
6.005554199E+08,-1.06005E+02
6.005859375E+08,-1.07205E+02
6.006164551E+08,-1.05185E+02
6.006469727E+08,-1.06445E+02
6.006774902E+08,-1.06405E+02
6.007080078E+08,-1.12565E+02
6.007385254E+08,-1.06665E+02
6.007690430E+08,-1.05445E+02
6.007995605E+08,-1.06465E+02
6.008300781E+08,-1.05405E+02
6.008605957E+08,-1.07005E+02
6.008911133E+08,-1.10705E+02
6.009216309E+08,-1.15645E+02
6.009521484E+08,-1.07825E+02
6.009826660E+08,-1.13525E+02
6.010131836E+08,-1.05945E+02
6.010437012E+08,-1.07345E+02
6.010742188E+08,-1.12265E+02
6.011047363E+08,-1.05525E+02
6.011352539E+08,-1.04425E+02
6.011657715E+08,-1.16645E+02
6.011962891E+08,-1.13625E+02
6.012268066E+08,-1.06905E+02
6.012573242E+08,-1.08045E+02
6.012878418E+08,-1.10305E+02
6.013183594E+08,-1.11685E+02
6.013488770E+08,-1.14245E+02
6.013793945E+08,-1.06405E+02
6.014099121E+08,-1.08845E+02
6.014404297E+08,-1.18485E+02
6.014709473E+08,-1.01905E+02
6.015014648E+08,-1.01805E+02
6.015319824E+08,-1.10765E+02
6.015625000E+08,-1.09805E+02
6.015930176E+08,-1.14985E+02
6.016235352E+08,-1.08025E+02
6.016540527E+08,-1.15325E+02
6.016845703E+08,-1.14465E+02
6.017150879E+08,-1.12445E+02
6.017456055E+08,-1.08725E+02
6.017761230E+08,-1.02925E+02
6.018066406E+08,-1.01385E+02
6.018371582E+08,-1.20665E+02
6.018676758E+08,-1.03225E+02
6.018981934E+08,-1.04405E+02
6.019287109E+08,-1.02545E+02
6.019592285E+08,-1.03345E+02
6.019897461E+08,-1.06945E+02
6.020202637E+08,-1.08945E+02
6.020507812E+08,-1.09445E+02
6.020812988E+08,-1.04205E+02
6.021118164E+08,-9.78254E+01
6.021423340E+08,-9.75454E+01
6.021728516E+08,-1.02925E+02
6.022033691E+08,-1.06265E+02
6.022338867E+08,-1.07565E+02
6.022644043E+08,-1.16205E+02
6.022949219E+08,-1.19505E+02
6.023254395E+08,-1.09885E+02
6.023559570E+08,-1.08745E+02
6.023864746E+08,-1.28425E+02
6.024169922E+08,-1.14105E+02
6.024475098E+08,-1.16185E+02
6.024780273E+08,-1.08105E+02
6.025085449E+08,-1.10805E+02
6.025390625E+08,-1.09125E+02
6.025695801E+08,-1.17865E+02
6.026000977E+08,-1.10005E+02
6.026306152E+08,-1.10625E+02
6.026611328E+08,-1.09165E+02
6.026916504E+08,-1.04305E+02
6.027221680E+08,-1.06685E+02
6.027526855E+08,-1.20525E+02
6.027832031E+08,-1.18105E+02
6.028137207E+08,-1.09545E+02
6.028442383E+08,-1.08665E+02
6.028747559E+08,-1.25485E+02
6.029052734E+08,-1.07485E+02
6.029357910E+08,-1.11925E+02
6.029663086E+08,-1.05085E+02
6.029968262E+08,-1.05225E+02
6.030273438E+08,-1.09065E+02
6.030578613E+08,-1.02405E+02
6.030883789E+08,-1.00785E+02
6.031188965E+08,-1.05705E+02
6.031494141E+08,-1.08905E+02
6.031799316E+08,-1.08205E+02
6.032104492E+08,-1.08965E+02
6.032409668E+08,-1.16985E+02
6.032714844E+08,-1.08685E+02
6.033020020E+08,-1.03665E+02
6.033325195E+08,-1.06885E+02
6.033630371E+08,-1.06025E+02
6.033935547E+08,-1.06045E+02
6.034240723E+08,-1.09205E+02
6.034545898E+08,-1.03205E+02
6.034851074E+08,-1.02945E+02
6.035156250E+08,-1.06645E+02
6.035461426E+08,-1.18625E+02
6.035766602E+08,-1.00865E+02
6.036071777E+08,-1.01265E+02
6.036376953E+08,-1.11545E+02
6.036682129E+08,-1.12965E+02
6.036987305E+08,-1.09885E+02
6.037292480E+08,-1.09025E+02
6.037597656E+08,-1.14465E+02
6.037902832E+08,-1.13285E+02
6.038208008E+08,-1.12665E+02
6.038513184E+08,-1.08165E+02
6.038818359E+08,-1.10945E+02
6.039123535E+08,-1.08245E+02
6.039428711E+08,-1.08245E+02
6.039733887E+08,-1.14065E+02
6.040039062E+08,-1.16165E+02
6.040344238E+08,-1.19925E+02
6.040649414E+08,-1.09165E+02
6.040954590E+08,-1.04925E+02
6.041259766E+08,-1.03105E+02
6.041564941E+08,-1.06105E+02
6.041870117E+08,-1.18905E+02
6.042175293E+08,-1.16165E+02
6.042480469E+08,-1.12685E+02
6.042785645E+08,-1.10185E+02
6.043090820E+08,-1.24645E+02
6.043395996E+08,-1.12265E+02
6.043701172E+08,-1.12205E+02
6.044006348E+08,-1.14725E+02
6.044311523E+08,-1.09365E+02
6.044616699E+08,-1.07225E+02
6.044921875E+08,-1.12045E+02
6.045227051E+08,-1.04165E+02
6.045532227E+08,-1.03805E+02
6.045837402E+08,-1.06445E+02
6.046142578E+08,-1.03985E+02
6.046447754E+08,-1.02745E+02
6.046752930E+08,-1.04205E+02
6.047058105E+08,-1.06925E+02
6.047363281E+08,-1.13625E+02
6.047668457E+08,-1.15205E+02
6.047973633E+08,-1.13965E+02
6.048278809E+08,-1.07685E+02
6.048583984E+08,-1.08845E+02
6.048889160E+08,-1.08805E+02
6.049194336E+08,-1.13645E+02
6.049499512E+08,-1.04365E+02
6.049804688E+08,-1.05745E+02
6.050109863E+08,-1.10925E+02
6.050415039E+08,-1.17785E+02
6.050720215E+08,-1.16445E+02
6.051025391E+08,-1.20185E+02
6.051330566E+08,-1.13365E+02
6.051635742E+08,-1.10665E+02
6.051940918E+08,-1.12025E+02
6.052246094E+08,-1.07425E+02
6.052551270E+08,-1.12265E+02
6.052856445E+08,-1.12825E+02
6.053161621E+08,-1.10845E+02
6.053466797E+08,-1.14785E+02
6.053771973E+08,-1.05345E+02
6.054077148E+08,-1.03465E+02
6.054382324E+08,-1.01485E+02
6.054687500E+08,-1.06805E+02
6.054992676E+08,-1.15645E+02
6.055297852E+08,-1.15285E+02
6.055603027E+08,-1.05705E+02
6.055908203E+08,-1.04805E+02
6.056213379E+08,-1.11445E+02
6.056518555E+08,-1.06785E+02
6.056823730E+08,-1.10745E+02
6.057128906E+08,-1.19345E+02
6.057434082E+08,-1.07465E+02
6.057739258E+08,-1.04025E+02
6.058044434E+08,-1.04465E+02
6.058349609E+08,-1.11425E+02
6.058654785E+08,-1.14345E+02
6.058959961E+08,-1.11245E+02
6.059265137E+08,-1.12265E+02
6.059570312E+08,-1.16225E+02
6.059875488E+08,-1.10885E+02
6.060180664E+08,-1.03785E+02
6.060485840E+08,-1.01225E+02
6.060791016E+08,-1.10265E+02
6.061096191E+08,-1.09125E+02
6.061401367E+08,-1.07905E+02
6.061706543E+08,-1.02745E+02
6.062011719E+08,-1.03205E+02
6.062316895E+08,-1.08805E+02
6.062622070E+08,-1.07665E+02
6.062927246E+08,-1.14725E+02
6.063232422E+08,-1.13325E+02
6.063537598E+08,-1.32165E+02
6.063842773E+08,-1.05025E+02
6.064147949E+08,-9.97054E+01
6.064453125E+08,-1.03505E+02
6.064758301E+08,-1.13525E+02
6.065063477E+08,-1.15425E+02
6.065368652E+08,-1.06245E+02
6.065673828E+08,-1.02845E+02
6.065979004E+08,-1.04825E+02
6.066284180E+08,-1.14845E+02
6.066589355E+08,-1.13465E+02
6.066894531E+08,-1.07685E+02
6.067199707E+08,-1.03465E+02
6.067504883E+08,-1.10725E+02
6.067810059E+08,-1.06945E+02
6.068115234E+08,-1.06425E+02
6.068420410E+08,-1.08485E+02
6.068725586E+08,-1.07165E+02
6.069030762E+08,-1.11885E+02
6.069335938E+08,-1.06245E+02
6.069641113E+08,-1.18805E+02
6.069946289E+08,-1.13145E+02
6.070251465E+08,-1.09405E+02
6.070556641E+08,-1.12245E+02
6.070861816E+08,-1.21365E+02
6.071166992E+08,-1.11505E+02
6.071472168E+08,-1.10565E+02
6.071777344E+08,-1.05705E+02
6.072082520E+08,-1.07605E+02
6.072387695E+08,-1.10305E+02
6.072692871E+08,-1.07025E+02
6.072998047E+08,-1.14445E+02
6.073303223E+08,-1.12125E+02
6.073608398E+08,-1.16965E+02
6.073913574E+08,-1.08365E+02
6.074218750E+08,-1.05985E+02
6.074523926E+08,-1.06125E+02
6.074829102E+08,-1.09585E+02
6.075134277E+08,-1.09585E+02
6.075439453E+08,-1.02585E+02
6.075744629E+08,-1.02365E+02
6.076049805E+08,-1.06925E+02
6.076354980E+08,-1.17905E+02
6.076660156E+08,-1.08625E+02
6.076965332E+08,-1.06325E+02
6.077270508E+08,-1.15205E+02
6.077575684E+08,-1.07925E+02
6.077880859E+08,-1.05905E+02
6.078186035E+08,-1.04145E+02
6.078491211E+08,-1.12485E+02
6.078796387E+08,-1.23145E+02
6.079101562E+08,-1.06165E+02
6.079406738E+08,-1.07085E+02
6.079711914E+08,-1.12385E+02
6.080017090E+08,-1.09505E+02
6.080322266E+08,-1.17705E+02
6.080627441E+08,-1.08725E+02
6.080932617E+08,-1.07585E+02
6.081237793E+08,-1.10905E+02
6.081542969E+08,-1.11405E+02
6.081848145E+08,-1.04405E+02
6.082153320E+08,-1.08185E+02
6.082458496E+08,-1.04065E+02
6.082763672E+08,-1.05505E+02
6.083068848E+08,-1.07865E+02
6.083374023E+08,-1.01505E+02
6.083679199E+08,-1.00765E+02
6.083984375E+08,-1.03945E+02
6.084289551E+08,-1.06085E+02
6.084594727E+08,-1.06705E+02
6.084899902E+08,-1.09365E+02
6.085205078E+08,-1.07425E+02
6.085510254E+08,-1.07485E+02
6.085815430E+08,-1.06065E+02
6.086120605E+08,-1.03545E+02
6.086425781E+08,-1.16105E+02
6.086730957E+08,-1.09445E+02
6.087036133E+08,-1.03145E+02
6.087341309E+08,-1.04525E+02
6.087646484E+08,-1.08345E+02
6.087951660E+08,-1.11285E+02
6.088256836E+08,-1.12085E+02
6.088562012E+08,-1.13765E+02
6.088867188E+08,-1.06825E+02
6.089172363E+08,-1.13285E+02
6.089477539E+08,-1.08605E+02
6.089782715E+08,-1.05205E+02
6.090087891E+08,-1.05185E+02
6.090393066E+08,-1.09265E+02
6.090698242E+08,-1.04385E+02
6.091003418E+08,-1.02805E+02
6.091308594E+08,-1.06965E+02
6.091613770E+08,-1.10585E+02
6.091918945E+08,-1.12145E+02
6.092224121E+08,-1.10325E+02
6.092529297E+08,-1.28185E+02
6.092834473E+08,-1.15385E+02
6.093139648E+08,-1.15805E+02
6.093444824E+08,-1.07385E+02
6.093750000E+08,-1.11105E+02
6.094055176E+08,-1.11885E+02
6.094360352E+08,-1.14605E+02
6.094665527E+08,-1.04505E+02
6.094970703E+08,-1.01065E+02
6.095275879E+08,-1.04645E+02
6.095581055E+08,-1.13805E+02
6.095886230E+08,-1.08965E+02
6.096191406E+08,-1.03345E+02
6.096496582E+08,-1.03205E+02
6.096801758E+08,-1.04785E+02
6.097106934E+08,-1.02985E+02
6.097412109E+08,-1.04065E+02
6.097717285E+08,-1.05945E+02
6.098022461E+08,-1.07625E+02
6.098327637E+08,-1.05965E+02
6.098632812E+08,-1.03585E+02
6.098937988E+08,-1.05185E+02
6.099243164E+08,-1.09225E+02
6.099548340E+08,-1.07105E+02
6.099853516E+08,-1.06085E+02
6.100158691E+08,-1.08605E+02
6.100463867E+08,-1.07025E+02
6.100769043E+08,-1.01785E+02
6.101074219E+08,-1.05585E+02
6.101379395E+08,-1.04025E+02
6.101684570E+08,-1.09625E+02
6.101989746E+08,-1.05905E+02
6.102294922E+08,-1.06785E+02
6.102600098E+08,-1.09745E+02
6.102905273E+08,-1.12185E+02
6.103210449E+08,-1.29125E+02
6.103515625E+08,-1.10605E+02
6.103820801E+08,-1.10765E+02
6.104125977E+08,-1.16965E+02
6.104431152E+08,-1.11705E+02
6.104736328E+08,-1.10445E+02
6.105041504E+08,-1.18265E+02
6.105346680E+08,-1.06485E+02
6.105651855E+08,-1.11745E+02
6.105957031E+08,-1.11025E+02
6.106262207E+08,-1.17265E+02
6.106567383E+08,-1.29345E+02
6.106872559E+08,-1.10325E+02
6.107177734E+08,-1.09845E+02
6.107482910E+08,-1.29925E+02
6.107788086E+08,-1.09705E+02
6.108093262E+08,-1.05885E+02
6.108398438E+08,-1.07105E+02
6.108703613E+08,-1.15705E+02
6.109008789E+08,-1.12825E+02
6.109313965E+08,-1.04845E+02
6.109619141E+08,-1.08605E+02
6.109924316E+08,-1.06165E+02
6.110229492E+08,-1.04585E+02
6.110534668E+08,-1.14805E+02
6.110839844E+08,-1.06045E+02
6.111145020E+08,-1.16505E+02
6.111450195E+08,-1.10665E+02
6.111755371E+08,-1.05765E+02
6.112060547E+08,-1.03425E+02
6.112365723E+08,-1.11705E+02
6.112670898E+08,-1.16465E+02
6.112976074E+08,-1.10005E+02
6.113281250E+08,-1.21865E+02
6.113586426E+08,-1.19445E+02
6.113891602E+08,-1.09485E+02
6.114196777E+08,-1.13705E+02
6.114501953E+08,-1.06345E+02
6.114807129E+08,-1.04325E+02
6.115112305E+08,-1.10365E+02
6.115417480E+08,-1.10485E+02
6.115722656E+08,-1.06265E+02
6.116027832E+08,-1.17605E+02
6.116333008E+08,-1.15785E+02
6.116638184E+08,-1.13565E+02
6.116943359E+08,-1.16865E+02
6.117248535E+08,-1.18785E+02
6.117553711E+08,-1.24545E+02
6.117858887E+08,-1.08205E+02
6.118164062E+08,-1.08965E+02
6.118469238E+08,-1.18245E+02
6.118774414E+08,-1.13985E+02
6.119079590E+08,-1.13185E+02
6.119384766E+08,-1.20785E+02
6.119689941E+08,-1.07425E+02
6.119995117E+08,-1.07125E+02
6.120300293E+08,-1.06585E+02
6.120605469E+08,-1.07945E+02
6.120910645E+08,-1.05225E+02
6.121215820E+08,-1.04685E+02
6.121520996E+08,-1.05285E+02
6.121826172E+08,-1.00905E+02
6.122131348E+08,-1.03165E+02
6.122436523E+08,-1.08945E+02
6.122741699E+08,-1.05585E+02
6.123046875E+08,-1.02485E+02
6.123352051E+08,-1.08125E+02
6.123657227E+08,-1.08265E+02
6.123962402E+08,-1.09125E+02
6.124267578E+08,-1.07425E+02
6.124572754E+08,-1.05485E+02
6.124877930E+08,-1.02525E+02
6.125183105E+08,-1.06685E+02
6.125488281E+08,-1.12605E+02
6.125793457E+08,-1.09585E+02
6.126098633E+08,-1.08845E+02
6.126403809E+08,-1.06265E+02
6.126708984E+08,-1.03965E+02
6.127014160E+08,-1.09665E+02
6.127319336E+08,-1.09345E+02
6.127624512E+08,-1.07745E+02
6.127929688E+08,-1.11065E+02
6.128234863E+08,-1.28945E+02
6.128540039E+08,-1.12585E+02
6.128845215E+08,-1.05805E+02
6.129150391E+08,-1.05205E+02
6.129455566E+08,-1.11045E+02
6.129760742E+08,-1.15365E+02
6.130065918E+08,-1.16765E+02
6.130371094E+08,-1.13325E+02
6.130676270E+08,-1.00625E+02
6.130981445E+08,-9.77254E+01
6.131286621E+08,-1.01205E+02
6.131591797E+08,-1.05065E+02
6.131896973E+08,-1.02445E+02
6.132202148E+08,-1.06765E+02
6.132507324E+08,-1.16305E+02
6.132812500E+08,-1.06925E+02
6.133117676E+08,-1.03605E+02
6.133422852E+08,-1.12765E+02
6.133728027E+08,-1.10385E+02
6.134033203E+08,-1.04045E+02
6.134338379E+08,-1.07545E+02
6.134643555E+08,-1.10585E+02
6.134948730E+08,-1.08485E+02
6.135253906E+08,-1.04725E+02
6.135559082E+08,-1.07165E+02
6.135864258E+08,-1.09405E+02
6.136169434E+08,-1.05745E+02
6.136474609E+08,-1.06505E+02
6.136779785E+08,-1.07065E+02
6.137084961E+08,-1.02885E+02
6.137390137E+08,-1.03865E+02
6.137695312E+08,-1.06645E+02
6.138000488E+08,-1.18325E+02
6.138305664E+08,-1.16125E+02
6.138610840E+08,-1.05505E+02
6.138916016E+08,-1.04605E+02
6.139221191E+08,-1.07605E+02
6.139526367E+08,-1.14545E+02
6.139831543E+08,-1.08165E+02
6.140136719E+08,-1.09665E+02
6.140441895E+08,-1.08605E+02
6.140747070E+08,-1.05805E+02
6.141052246E+08,-1.04905E+02
6.141357422E+08,-1.03725E+02
6.141662598E+08,-1.02545E+02
6.141967773E+08,-1.04265E+02
6.142272949E+08,-1.01565E+02
6.142578125E+08,-1.01045E+02
6.142883301E+08,-1.07985E+02
6.143188477E+08,-1.06065E+02
6.143493652E+08,-1.08025E+02
6.143798828E+08,-1.05885E+02
6.144104004E+08,-1.03005E+02
6.144409180E+08,-1.05065E+02
6.144714355E+08,-1.08325E+02
6.145019531E+08,-1.06665E+02
6.145324707E+08,-1.18685E+02
6.145629883E+08,-1.08045E+02
6.145935059E+08,-1.38005E+02
6.146240234E+08,-1.11185E+02
6.146545410E+08,-1.09265E+02
6.146850586E+08,-1.06345E+02
6.147155762E+08,-1.08325E+02
6.147460938E+08,-1.07005E+02
6.147766113E+08,-1.04665E+02
6.148071289E+08,-1.04145E+02
6.148376465E+08,-1.07525E+02
6.148681641E+08,-1.15565E+02
6.148986816E+08,-1.16685E+02
6.149291992E+08,-1.04205E+02
6.149597168E+08,-1.05525E+02
6.149902344E+08,-1.09125E+02
6.150207520E+08,-1.17285E+02
6.150512695E+08,-1.16105E+02
6.150817871E+08,-1.07445E+02
6.151123047E+08,-1.06645E+02
6.151428223E+08,-1.11945E+02
6.151733398E+08,-1.10305E+02
6.152038574E+08,-1.08045E+02
6.152343750E+08,-1.22405E+02
6.152648926E+08,-1.06365E+02
6.152954102E+08,-1.05765E+02
6.153259277E+08,-1.11785E+02
6.153564453E+08,-1.14185E+02
6.153869629E+08,-1.15905E+02
6.154174805E+08,-1.10085E+02
6.154479980E+08,-1.08665E+02
6.154785156E+08,-1.06625E+02
6.155090332E+08,-1.14625E+02
6.155395508E+08,-1.13505E+02
6.155700684E+08,-1.06065E+02
6.156005859E+08,-1.11725E+02
6.156311035E+08,-1.13425E+02
6.156616211E+08,-1.10525E+02
6.156921387E+08,-1.08105E+02
6.157226562E+08,-1.14585E+02
6.157531738E+08,-1.16865E+02
6.157836914E+08,-1.08245E+02
6.158142090E+08,-1.12365E+02
6.158447266E+08,-1.11465E+02
6.158752441E+08,-1.03465E+02
6.159057617E+08,-1.03245E+02
6.159362793E+08,-1.06785E+02
6.159667969E+08,-1.01405E+02
6.159973145E+08,-1.02505E+02
6.160278320E+08,-1.04905E+02
6.160583496E+08,-1.09665E+02
6.160888672E+08,-1.09765E+02
6.161193848E+08,-1.11385E+02
6.161499023E+08,-1.06965E+02
6.161804199E+08,-1.05605E+02
6.162109375E+08,-1.16245E+02
6.162414551E+08,-1.18785E+02
6.162719727E+08,-1.04745E+02
6.163024902E+08,-1.05945E+02
6.163330078E+08,-1.03745E+02
6.163635254E+08,-1.04665E+02
6.163940430E+08,-1.12065E+02
6.164245605E+08,-1.06945E+02
6.164550781E+08,-1.28185E+02
6.164855957E+08,-1.09345E+02
6.165161133E+08,-1.09545E+02
6.165466309E+08,-1.18265E+02
6.165771484E+08,-1.09805E+02
6.166076660E+08,-1.06205E+02
6.166381836E+08,-1.11905E+02
6.166687012E+08,-1.13905E+02
6.166992188E+08,-1.10965E+02
6.167297363E+08,-1.04905E+02
6.167602539E+08,-1.19105E+02
6.167907715E+08,-1.15225E+02
6.168212891E+08,-1.05245E+02
6.168518066E+08,-1.10405E+02
6.168823242E+08,-1.19305E+02
6.169128418E+08,-1.11665E+02
6.169433594E+08,-1.05625E+02
6.169738770E+08,-1.04225E+02
6.170043945E+08,-1.08845E+02
6.170349121E+08,-1.06045E+02
6.170654297E+08,-1.02265E+02
6.170959473E+08,-1.07905E+02
6.171264648E+08,-1.15705E+02
6.171569824E+08,-1.05485E+02
6.171875000E+08,-1.01865E+02
6.172180176E+08,-9.93054E+01
6.172485352E+08,-1.03685E+02
6.172790527E+08,-1.11065E+02
6.173095703E+08,-1.05685E+02
6.173400879E+08,-1.03605E+02
6.173706055E+08,-1.07605E+02
6.174011230E+08,-1.06345E+02
6.174316406E+08,-1.06705E+02
6.174621582E+08,-1.13845E+02
6.174926758E+08,-1.04665E+02
6.175231934E+08,-1.06325E+02
6.175537109E+08,-1.01205E+02
6.175842285E+08,-1.04325E+02
6.176147461E+08,-1.08865E+02
6.176452637E+08,-1.06445E+02
6.176757812E+08,-1.11085E+02
6.177062988E+08,-1.19805E+02
6.177368164E+08,-1.12345E+02
6.177673340E+08,-1.12525E+02
6.177978516E+08,-1.09805E+02
6.178283691E+08,-1.16585E+02
6.178588867E+08,-1.02945E+02
6.178894043E+08,-1.02205E+02
6.179199219E+08,-1.04985E+02
6.179504395E+08,-1.04825E+02
6.179809570E+08,-1.06925E+02
6.180114746E+08,-1.05485E+02
6.180419922E+08,-1.09025E+02
6.180725098E+08,-1.13865E+02
6.181030273E+08,-1.14885E+02
6.181335449E+08,-1.07825E+02
6.181640625E+08,-1.09125E+02
6.181945801E+08,-1.08545E+02
6.182250977E+08,-1.21505E+02
6.182556152E+08,-1.12225E+02
6.182861328E+08,-1.07565E+02
6.183166504E+08,-1.07205E+02
6.183471680E+08,-1.09065E+02
6.183776855E+08,-1.07845E+02
6.184082031E+08,-1.07125E+02
6.184387207E+08,-1.04765E+02
6.184692383E+08,-1.10865E+02
6.184997559E+08,-1.12025E+02
6.185302734E+08,-1.13225E+02
6.185607910E+08,-1.16085E+02
6.185913086E+08,-1.18945E+02
6.186218262E+08,-1.20585E+02
6.186523438E+08,-1.11465E+02
6.186828613E+08,-1.10785E+02
6.187133789E+08,-1.13585E+02
6.187438965E+08,-1.11685E+02
6.187744141E+08,-1.10905E+02
6.188049316E+08,-1.23705E+02
6.188354492E+08,-1.13625E+02
6.188659668E+08,-1.12305E+02
6.188964844E+08,-1.06125E+02
6.189270020E+08,-1.17065E+02
6.189575195E+08,-1.09705E+02
6.189880371E+08,-1.06165E+02
6.190185547E+08,-1.04765E+02
6.190490723E+08,-1.08725E+02
6.190795898E+08,-1.12105E+02
6.191101074E+08,-1.09505E+02
6.191406250E+08,-1.05985E+02
6.191711426E+08,-1.06905E+02
6.192016602E+08,-1.17725E+02
6.192321777E+08,-1.09165E+02
6.192626953E+08,-1.06185E+02
6.192932129E+08,-1.21665E+02
6.193237305E+08,-1.05445E+02
6.193542480E+08,-1.07545E+02
6.193847656E+08,-1.12365E+02
6.194152832E+08,-1.09845E+02
6.194458008E+08,-1.12465E+02
6.194763184E+08,-1.06545E+02
6.195068359E+08,-1.12665E+02
6.195373535E+08,-1.08405E+02
6.195678711E+08,-1.06265E+02
6.195983887E+08,-1.10485E+02
6.196289062E+08,-1.07725E+02
6.196594238E+08,-1.06645E+02
6.196899414E+08,-1.14245E+02
6.197204590E+08,-1.08525E+02
6.197509766E+08,-1.03725E+02
6.197814941E+08,-1.09405E+02
6.198120117E+08,-1.20225E+02
6.198425293E+08,-1.16445E+02
6.198730469E+08,-1.13885E+02
6.199035645E+08,-1.22805E+02
6.199340820E+08,-1.07905E+02
6.199645996E+08,-1.06245E+02
6.199951172E+08,-1.06225E+02
6.200256348E+08,-1.04745E+02
6.200561523E+08,-1.11585E+02
6.200866699E+08,-1.18265E+02
6.201171875E+08,-1.08845E+02
6.201477051E+08,-1.03105E+02
6.201782227E+08,-1.05165E+02
6.202087402E+08,-1.09745E+02
6.202392578E+08,-1.05105E+02
6.202697754E+08,-1.00985E+02
6.203002930E+08,-1.08205E+02
6.203308105E+08,-1.09665E+02
6.203613281E+08,-1.22925E+02
6.203918457E+08,-1.08805E+02
6.204223633E+08,-1.15485E+02
6.204528809E+08,-1.18565E+02
6.204833984E+08,-1.11825E+02
6.205139160E+08,-1.08165E+02
6.205444336E+08,-1.03745E+02
6.205749512E+08,-1.04125E+02
6.206054688E+08,-1.02405E+02
6.206359863E+08,-1.03465E+02
6.206665039E+08,-1.09745E+02
6.206970215E+08,-1.27585E+02
6.207275391E+08,-1.12725E+02
6.207580566E+08,-1.09065E+02
6.207885742E+08,-1.12285E+02
6.208190918E+08,-1.21045E+02
6.208496094E+08,-1.04625E+02
6.208801270E+08,-1.04265E+02
6.209106445E+08,-1.10945E+02
6.209411621E+08,-1.03325E+02
6.209716797E+08,-1.00345E+02
6.210021973E+08,-1.08425E+02
6.210327148E+08,-1.15405E+02
6.210632324E+08,-1.05845E+02
6.210937500E+08,-1.00845E+02
6.211242676E+08,-1.14545E+02
6.211547852E+08,-1.03805E+02
6.211853027E+08,-1.07925E+02
6.212158203E+08,-1.12725E+02
6.212463379E+08,-1.11865E+02
6.212768555E+08,-1.08905E+02
6.213073730E+08,-1.11945E+02
6.213378906E+08,-1.08965E+02
6.213684082E+08,-1.20125E+02
6.213989258E+08,-1.08625E+02
6.214294434E+08,-1.05045E+02
6.214599609E+08,-1.09305E+02
6.214904785E+08,-1.20125E+02
6.215209961E+08,-1.24885E+02
6.215515137E+08,-1.09345E+02
6.215820312E+08,-1.13925E+02
6.216125488E+08,-1.09505E+02
6.216430664E+08,-1.14425E+02
6.216735840E+08,-1.12525E+02
6.217041016E+08,-1.10945E+02
6.217346191E+08,-1.08485E+02
6.217651367E+08,-1.24665E+02
6.217956543E+08,-1.13185E+02
6.218261719E+08,-1.07245E+02
6.218566895E+08,-1.13165E+02
6.218872070E+08,-1.05565E+02
6.219177246E+08,-1.08725E+02
6.219482422E+08,-1.07925E+02
6.219787598E+08,-1.07585E+02
6.220092773E+08,-1.21245E+02
6.220397949E+08,-1.03945E+02
6.220703125E+08,-1.02765E+02
6.221008301E+08,-1.08045E+02
6.221313477E+08,-1.02565E+02
6.221618652E+08,-1.00865E+02
6.221923828E+08,-1.01565E+02
6.222229004E+08,-1.05765E+02
6.222534180E+08,-1.04985E+02
6.222839355E+08,-1.16565E+02
6.223144531E+08,-1.11705E+02
6.223449707E+08,-1.03325E+02
6.223754883E+08,-1.04985E+02
6.224060059E+08,-1.14165E+02
6.224365234E+08,-1.08685E+02
6.224670410E+08,-1.03805E+02
6.224975586E+08,-1.22745E+02
6.225280762E+08,-1.03305E+02
6.225585938E+08,-1.08265E+02
6.225891113E+08,-1.14785E+02
6.226196289E+08,-1.12785E+02
6.226501465E+08,-1.30385E+02
6.226806641E+08,-1.10185E+02
6.227111816E+08,-1.02545E+02
6.227416992E+08,-1.03065E+02
6.227722168E+08,-1.04125E+02
6.228027344E+08,-1.10005E+02
6.228332520E+08,-1.03405E+02
6.228637695E+08,-1.04505E+02
6.228942871E+08,-1.09745E+02
6.229248047E+08,-1.05125E+02
6.229553223E+08,-1.02665E+02
6.229858398E+08,-1.04725E+02
6.230163574E+08,-1.04965E+02
6.230468750E+08,-1.04245E+02
6.230773926E+08,-1.04525E+02
6.231079102E+08,-1.04445E+02
6.231384277E+08,-1.01645E+02
6.231689453E+08,-1.02805E+02
6.231994629E+08,-1.10125E+02
6.232299805E+08,-1.07105E+02
6.232604980E+08,-1.09485E+02
6.232910156E+08,-1.14585E+02
6.233215332E+08,-1.08605E+02
6.233520508E+08,-1.30565E+02
6.233825684E+08,-1.08605E+02
6.234130859E+08,-1.05485E+02
6.234436035E+08,-1.08725E+02
6.234741211E+08,-1.07165E+02
6.235046387E+08,-1.03645E+02
6.235351562E+08,-1.04885E+02
6.235656738E+08,-1.10465E+02
6.235961914E+08,-1.07045E+02
6.236267090E+08,-1.11205E+02
6.236572266E+08,-1.09005E+02
6.236877441E+08,-1.09765E+02
6.237182617E+08,-1.24045E+02
6.237487793E+08,-1.12205E+02
6.237792969E+08,-1.10705E+02
6.238098145E+08,-1.10825E+02
6.238403320E+08,-1.08345E+02
6.238708496E+08,-1.12925E+02
6.239013672E+08,-1.09705E+02
6.239318848E+08,-1.07385E+02
6.239624023E+08,-1.08525E+02
6.239929199E+08,-1.04905E+02
6.240234375E+08,-1.02365E+02
6.240539551E+08,-1.05305E+02
6.240844727E+08,-1.11405E+02
6.241149902E+08,-1.09125E+02
6.241455078E+08,-1.03405E+02
6.241760254E+08,-1.08905E+02
6.242065430E+08,-1.16045E+02
6.242370605E+08,-1.23485E+02
6.242675781E+08,-1.13445E+02
6.242980957E+08,-1.11985E+02
6.243286133E+08,-1.13465E+02
6.243591309E+08,-1.13685E+02
6.243896484E+08,-1.02385E+02
6.244201660E+08,-1.01325E+02
6.244506836E+08,-1.05705E+02
6.244812012E+08,-1.05905E+02
6.245117188E+08,-1.09925E+02
6.245422363E+08,-1.10445E+02
6.245727539E+08,-1.12525E+02
6.246032715E+08,-1.02125E+02
6.246337891E+08,-1.04525E+02
6.246643066E+08,-1.21405E+02
6.246948242E+08,-1.11265E+02
6.247253418E+08,-1.03185E+02
6.247558594E+08,-1.08745E+02
6.247863770E+08,-1.06185E+02
6.248168945E+08,-1.08945E+02
6.248474121E+08,-1.15765E+02
6.248779297E+08,-1.09965E+02
6.249084473E+08,-1.02785E+02
6.249389648E+08,-9.89454E+01
6.249694824E+08,-1.10625E+02
6.250000000E+08,-1.02245E+02
6.250305176E+08,-1.07845E+02
6.250610352E+08,-1.06085E+02
6.250915527E+08,-1.04585E+02
6.251220703E+08,-1.08425E+02
6.251525879E+08,-1.05085E+02
6.251831055E+08,-1.03585E+02
6.252136230E+08,-1.12205E+02
6.252441406E+08,-1.26885E+02
6.252746582E+08,-1.18325E+02
6.253051758E+08,-1.15805E+02
6.253356934E+08,-1.08365E+02
6.253662109E+08,-1.06765E+02
6.253967285E+08,-1.15905E+02
6.254272461E+08,-1.08005E+02
6.254577637E+08,-1.00845E+02
6.254882812E+08,-1.01245E+02
6.255187988E+08,-1.05865E+02
6.255493164E+08,-1.05645E+02
6.255798340E+08,-1.11605E+02
6.256103516E+08,-1.09365E+02
6.256408691E+08,-1.15165E+02
6.256713867E+08,-1.15325E+02
6.257019043E+08,-1.09205E+02
6.257324219E+08,-1.06745E+02
6.257629395E+08,-1.11285E+02
6.257934570E+08,-1.18165E+02
6.258239746E+08,-1.09065E+02
6.258544922E+08,-1.09665E+02
6.258850098E+08,-1.08325E+02
6.259155273E+08,-1.12765E+02
6.259460449E+08,-1.19105E+02
6.259765625E+08,-1.10985E+02
6.260070801E+08,-1.04385E+02
6.260375977E+08,-1.07425E+02
6.260681152E+08,-1.07265E+02
6.260986328E+08,-1.05225E+02
6.261291504E+08,-1.01245E+02
6.261596680E+08,-9.97654E+01
6.261901855E+08,-1.04605E+02
6.262207031E+08,-1.09265E+02
6.262512207E+08,-1.05625E+02
6.262817383E+08,-1.08085E+02
6.263122559E+08,-1.07285E+02
6.263427734E+08,-1.07545E+02
6.263732910E+08,-1.09025E+02
6.264038086E+08,-1.13765E+02
6.264343262E+08,-1.22265E+02
6.264648438E+08,-1.06125E+02
6.264953613E+08,-1.04685E+02
6.265258789E+08,-1.04205E+02
6.265563965E+08,-1.05985E+02
6.265869141E+08,-1.06085E+02
6.266174316E+08,-1.13385E+02
6.266479492E+08,-1.18565E+02
6.266784668E+08,-1.18045E+02
6.267089844E+08,-1.14305E+02
6.267395020E+08,-1.03905E+02
6.267700195E+08,-1.03185E+02
6.268005371E+08,-1.09505E+02
6.268310547E+08,-1.06745E+02
6.268615723E+08,-1.16745E+02
6.268920898E+08,-1.03825E+02
6.269226074E+08,-1.05065E+02
6.269531250E+08,-1.04205E+02
6.269836426E+08,-1.05005E+02
6.270141602E+08,-1.14325E+02
6.270446777E+08,-1.03805E+02
6.270751953E+08,-1.02345E+02
6.271057129E+08,-1.02125E+02
6.271362305E+08,-1.04765E+02
6.271667480E+08,-1.08725E+02
6.271972656E+08,-1.10125E+02
6.272277832E+08,-1.02985E+02
6.272583008E+08,-1.01185E+02
6.272888184E+08,-1.07465E+02
6.273193359E+08,-1.06025E+02
6.273498535E+08,-1.01465E+02
6.273803711E+08,-1.02625E+02
6.274108887E+08,-1.10605E+02
6.274414062E+08,-1.13065E+02
6.274719238E+08,-1.09925E+02
6.275024414E+08,-1.05505E+02
6.275329590E+08,-1.03585E+02
6.275634766E+08,-1.07845E+02
6.275939941E+08,-1.13665E+02
6.276245117E+08,-1.15125E+02
6.276550293E+08,-1.22085E+02
6.276855469E+08,-1.15205E+02
6.277160645E+08,-1.05525E+02
6.277465820E+08,-1.04785E+02
6.277770996E+08,-1.18265E+02
6.278076172E+08,-1.21385E+02
6.278381348E+08,-1.13005E+02
6.278686523E+08,-1.13525E+02
6.278991699E+08,-1.19405E+02
6.279296875E+08,-1.15265E+02
6.279602051E+08,-1.12365E+02
6.279907227E+08,-1.14625E+02
6.280212402E+08,-1.04865E+02
6.280517578E+08,-1.03685E+02
6.280822754E+08,-1.10885E+02
6.281127930E+08,-1.19065E+02
6.281433105E+08,-1.02405E+02
6.281738281E+08,-1.02185E+02
6.282043457E+08,-1.03545E+02
6.282348633E+08,-1.08465E+02
6.282653809E+08,-1.10505E+02
6.282958984E+08,-1.12885E+02
6.283264160E+08,-1.15505E+02
6.283569336E+08,-1.03985E+02
6.283874512E+08,-1.07605E+02
6.284179688E+08,-1.07785E+02
6.284484863E+08,-1.07785E+02
6.284790039E+08,-1.05565E+02
6.285095215E+08,-1.09625E+02
6.285400391E+08,-1.01325E+02
6.285705566E+08,-1.00725E+02
6.286010742E+08,-1.05385E+02
6.286315918E+08,-1.05285E+02
6.286621094E+08,-1.04685E+02
6.286926270E+08,-1.09125E+02
6.287231445E+08,-1.25825E+02
6.287536621E+08,-1.11845E+02
6.287841797E+08,-1.03385E+02
6.288146973E+08,-1.06485E+02
6.288452148E+08,-1.18605E+02
6.288757324E+08,-1.13085E+02
6.289062500E+08,-1.07385E+02
6.289367676E+08,-9.85654E+01
6.289672852E+08,-9.79254E+01
6.289978027E+08,-1.02225E+02
6.290283203E+08,-1.12105E+02
6.290588379E+08,-1.05245E+02
6.290893555E+08,-1.04605E+02
6.291198730E+08,-1.08805E+02
6.291503906E+08,-1.07945E+02
6.291809082E+08,-1.07785E+02
6.292114258E+08,-1.11785E+02
6.292419434E+08,-1.10585E+02
6.292724609E+08,-1.19025E+02
6.293029785E+08,-1.04465E+02
6.293334961E+08,-1.01425E+02
6.293640137E+08,-1.10845E+02
6.293945312E+08,-1.18865E+02
6.294250488E+08,-1.11545E+02
6.294555664E+08,-1.04305E+02
6.294860840E+08,-1.05445E+02
6.295166016E+08,-1.03725E+02
6.295471191E+08,-1.05285E+02
6.295776367E+08,-1.04005E+02
6.296081543E+08,-1.01985E+02
6.296386719E+08,-1.06365E+02
6.296691895E+08,-1.12305E+02
6.296997070E+08,-1.19365E+02
6.297302246E+08,-1.18285E+02
6.297607422E+08,-1.23325E+02
6.297912598E+08,-1.10645E+02
6.298217773E+08,-1.05765E+02
6.298522949E+08,-1.05485E+02
6.298828125E+08,-1.04525E+02
6.299133301E+08,-1.02045E+02
6.299438477E+08,-1.04745E+02
6.299743652E+08,-1.08045E+02
6.300048828E+08,-1.06905E+02
6.300354004E+08,-1.09845E+02
6.300659180E+08,-1.05785E+02
6.300964355E+08,-1.04185E+02
6.301269531E+08,-1.02905E+02
6.301574707E+08,-1.02525E+02
6.301879883E+08,-9.73254E+01
6.302185059E+08,-9.84654E+01
6.302490234E+08,-1.04425E+02
6.302795410E+08,-1.09845E+02
6.303100586E+08,-1.03845E+02
6.303405762E+08,-1.04845E+02
6.303710938E+08,-1.05465E+02
6.304016113E+08,-1.04645E+02
6.304321289E+08,-1.06625E+02
6.304626465E+08,-1.09705E+02
6.304931641E+08,-1.03845E+02
6.305236816E+08,-1.03485E+02
6.305541992E+08,-1.11745E+02
6.305847168E+08,-1.08045E+02
6.306152344E+08,-1.01905E+02
6.306457520E+08,-1.07405E+02
6.306762695E+08,-1.02725E+02
6.307067871E+08,-1.02525E+02
6.307373047E+08,-1.02725E+02
6.307678223E+08,-1.02925E+02
6.307983398E+08,-1.07725E+02
6.308288574E+08,-1.16705E+02
6.308593750E+08,-1.15345E+02
6.308898926E+08,-1.22565E+02
6.309204102E+08,-1.08725E+02
6.309509277E+08,-1.07625E+02
6.309814453E+08,-1.14065E+02
6.310119629E+08,-1.02925E+02
6.310424805E+08,-1.06205E+02
6.310729980E+08,-1.23725E+02
6.311035156E+08,-1.13345E+02
6.311340332E+08,-1.10505E+02
6.311645508E+08,-1.05525E+02
6.311950684E+08,-1.02625E+02
6.312255859E+08,-1.04425E+02
6.312561035E+08,-1.04205E+02
6.312866211E+08,-1.02525E+02
6.313171387E+08,-1.02285E+02
6.313476562E+08,-1.07905E+02
6.313781738E+08,-1.04705E+02
6.314086914E+08,-9.98854E+01
6.314392090E+08,-1.05105E+02
6.314697266E+08,-1.14385E+02
6.315002441E+08,-1.04725E+02
6.315307617E+08,-1.02945E+02
6.315612793E+08,-1.07805E+02
6.315917969E+08,-1.12725E+02
6.316223145E+08,-1.06105E+02
6.316528320E+08,-1.11505E+02
6.316833496E+08,-1.03345E+02
6.317138672E+08,-1.02145E+02
6.317443848E+08,-1.05385E+02
6.317749023E+08,-1.17085E+02
6.318054199E+08,-1.11305E+02
6.318359375E+08,-1.05165E+02
6.318664551E+08,-1.07445E+02
6.318969727E+08,-1.07545E+02
6.319274902E+08,-1.05885E+02
6.319580078E+08,-1.05925E+02
6.319885254E+08,-1.15905E+02
6.320190430E+08,-1.17045E+02
6.320495605E+08,-1.19105E+02
6.320800781E+08,-1.14885E+02
6.321105957E+08,-1.04905E+02
6.321411133E+08,-1.04345E+02
6.321716309E+08,-1.10265E+02
6.322021484E+08,-1.07585E+02
6.322326660E+08,-1.09885E+02
6.322631836E+08,-1.13885E+02
6.322937012E+08,-1.21905E+02
6.323242188E+08,-1.08565E+02
6.323547363E+08,-1.01925E+02
6.323852539E+08,-1.06685E+02
6.324157715E+08,-1.10405E+02
6.324462891E+08,-1.08945E+02
6.324768066E+08,-1.08265E+02
6.325073242E+08,-1.03925E+02
6.325378418E+08,-1.00845E+02
6.325683594E+08,-1.01525E+02
6.325988770E+08,-9.90254E+01
6.326293945E+08,-1.01145E+02
6.326599121E+08,-1.12245E+02
6.326904297E+08,-1.14605E+02
6.327209473E+08,-1.16285E+02
6.327514648E+08,-1.18285E+02
6.327819824E+08,-1.04905E+02
6.328125000E+08,-1.00705E+02
6.328430176E+08,-1.06425E+02
6.328735352E+08,-1.24585E+02
6.329040527E+08,-1.14525E+02
6.329345703E+08,-1.04105E+02
6.329650879E+08,-1.03225E+02
6.329956055E+08,-1.14365E+02
6.330261230E+08,-1.32625E+02
6.330566406E+08,-1.10565E+02
6.330871582E+08,-1.24625E+02
6.331176758E+08,-1.04105E+02
6.331481934E+08,-1.09365E+02
6.331787109E+08,-1.14925E+02
6.332092285E+08,-1.04025E+02
6.332397461E+08,-1.02305E+02
6.332702637E+08,-1.08365E+02
6.333007812E+08,-1.01105E+02
6.333312988E+08,-1.00625E+02
6.333618164E+08,-1.08485E+02
6.333923340E+08,-1.13945E+02
6.334228516E+08,-1.16525E+02
6.334533691E+08,-1.03705E+02
6.334838867E+08,-1.04205E+02
6.335144043E+08,-1.09445E+02
6.335449219E+08,-1.12325E+02
6.335754395E+08,-1.10305E+02
6.336059570E+08,-1.26165E+02
6.336364746E+08,-1.13005E+02
6.336669922E+08,-1.12885E+02
6.336975098E+08,-1.04465E+02
6.337280273E+08,-1.08965E+02
6.337585449E+08,-1.06365E+02
6.337890625E+08,-1.10585E+02
6.338195801E+08,-1.10045E+02
6.338500977E+08,-1.14625E+02
6.338806152E+08,-1.07825E+02
6.339111328E+08,-1.13025E+02
6.339416504E+08,-1.11185E+02
6.339721680E+08,-1.11245E+02
6.340026855E+08,-9.96654E+01
6.340332031E+08,-9.95454E+01
6.340637207E+08,-1.16585E+02
6.340942383E+08,-1.09765E+02
6.341247559E+08,-1.08745E+02
6.341552734E+08,-1.03525E+02
6.341857910E+08,-1.05805E+02
6.342163086E+08,-1.03905E+02
6.342468262E+08,-1.10725E+02
6.342773438E+08,-1.02425E+02
6.343078613E+08,-1.07205E+02
6.343383789E+08,-1.05425E+02
6.343688965E+08,-1.06005E+02
6.343994141E+08,-1.10085E+02
6.344299316E+08,-1.11545E+02
6.344604492E+08,-1.06465E+02
6.344909668E+08,-1.04425E+02
6.345214844E+08,-1.08945E+02
6.345520020E+08,-1.13205E+02
6.345825195E+08,-1.03925E+02
6.346130371E+08,-1.02785E+02
6.346435547E+08,-1.07485E+02
6.346740723E+08,-1.03125E+02
6.347045898E+08,-1.00665E+02
6.347351074E+08,-1.02185E+02
6.347656250E+08,-1.07805E+02
6.347961426E+08,-1.14805E+02
6.348266602E+08,-1.18545E+02
6.348571777E+08,-1.10685E+02
6.348876953E+08,-1.07845E+02
6.349182129E+08,-1.14585E+02
6.349487305E+08,-1.04465E+02
6.349792480E+08,-1.04505E+02
6.350097656E+08,-1.04425E+02
6.350402832E+08,-1.09205E+02
6.350708008E+08,-1.10885E+02
6.351013184E+08,-1.07245E+02
6.351318359E+08,-1.11725E+02
6.351623535E+08,-1.07685E+02
6.351928711E+08,-1.04025E+02
6.352233887E+08,-1.02425E+02
6.352539062E+08,-1.06785E+02
6.352844238E+08,-1.10625E+02
6.353149414E+08,-1.06805E+02
6.353454590E+08,-1.08965E+02
6.353759766E+08,-1.10845E+02
6.354064941E+08,-1.13025E+02
6.354370117E+08,-1.11265E+02
6.354675293E+08,-1.29025E+02
6.354980469E+08,-1.05865E+02
6.355285645E+08,-1.03565E+02
6.355590820E+08,-1.13645E+02
6.355895996E+08,-1.11085E+02
6.356201172E+08,-1.09885E+02
6.356506348E+08,-1.13685E+02
6.356811523E+08,-1.25265E+02
6.357116699E+08,-1.13725E+02
6.357421875E+08,-1.05265E+02
6.357727051E+08,-1.06305E+02
6.358032227E+08,-1.03025E+02
6.358337402E+08,-1.06965E+02
6.358642578E+08,-1.01905E+02
6.358947754E+08,-1.10725E+02
6.359252930E+08,-1.05065E+02
6.359558105E+08,-1.05965E+02
6.359863281E+08,-1.12065E+02
6.360168457E+08,-1.20745E+02
6.360473633E+08,-1.11725E+02
6.360778809E+08,-1.14785E+02
6.361083984E+08,-1.08725E+02
6.361389160E+08,-1.03485E+02
6.361694336E+08,-1.05785E+02
6.361999512E+08,-1.14065E+02
6.362304688E+08,-1.08945E+02
6.362609863E+08,-1.09845E+02
6.362915039E+08,-1.18725E+02
6.363220215E+08,-1.12405E+02
6.363525391E+08,-1.16805E+02
6.363830566E+08,-1.06125E+02
6.364135742E+08,-1.08405E+02
6.364440918E+08,-1.07585E+02
6.364746094E+08,-1.10845E+02
6.365051270E+08,-1.06645E+02
6.365356445E+08,-1.05245E+02
6.365661621E+08,-1.08285E+02
6.365966797E+08,-1.15585E+02
6.366271973E+08,-1.07585E+02
6.366577148E+08,-1.20365E+02
6.366882324E+08,-1.08525E+02
6.367187500E+08,-1.05825E+02
6.367492676E+08,-1.04705E+02
6.367797852E+08,-1.12085E+02
6.368103027E+08,-1.04585E+02
6.368408203E+08,-1.06565E+02
6.368713379E+08,-1.12905E+02
6.369018555E+08,-1.05665E+02
6.369323730E+08,-1.03105E+02
6.369628906E+08,-1.02545E+02
6.369934082E+08,-1.05645E+02
6.370239258E+08,-1.15085E+02
6.370544434E+08,-1.11505E+02
6.370849609E+08,-1.11045E+02
6.371154785E+08,-1.05885E+02
6.371459961E+08,-1.09105E+02
6.371765137E+08,-1.08265E+02
6.372070312E+08,-1.11545E+02
6.372375488E+08,-1.14425E+02
6.372680664E+08,-1.13965E+02
6.372985840E+08,-1.10125E+02
6.373291016E+08,-1.05585E+02
6.373596191E+08,-1.07525E+02
6.373901367E+08,-1.08725E+02
6.374206543E+08,-1.03905E+02
6.374511719E+08,-1.04705E+02
6.374816895E+08,-1.16405E+02
6.375122070E+08,-1.10085E+02
6.375427246E+08,-1.03485E+02
6.375732422E+08,-1.06445E+02
6.376037598E+08,-1.13165E+02
6.376342773E+08,-1.15985E+02
6.376647949E+08,-1.07285E+02
6.376953125E+08,-1.09065E+02
6.377258301E+08,-1.11585E+02
6.377563477E+08,-1.03785E+02
6.377868652E+08,-1.04045E+02
6.378173828E+08,-1.10565E+02
6.378479004E+08,-1.04585E+02
6.378784180E+08,-1.10705E+02
6.379089355E+08,-1.05385E+02
6.379394531E+08,-1.13585E+02
6.379699707E+08,-1.20665E+02
6.380004883E+08,-1.22145E+02
6.380310059E+08,-1.08085E+02
6.380615234E+08,-1.03465E+02
6.380920410E+08,-1.06845E+02
6.381225586E+08,-1.09445E+02
6.381530762E+08,-1.16085E+02
6.381835938E+08,-1.09305E+02
6.382141113E+08,-1.17705E+02
6.382446289E+08,-1.15105E+02
6.382751465E+08,-1.04165E+02
6.383056641E+08,-1.02005E+02
6.383361816E+08,-1.11025E+02
6.383666992E+08,-1.06445E+02
6.383972168E+08,-1.10085E+02
6.384277344E+08,-1.05085E+02
6.384582520E+08,-1.02585E+02
6.384887695E+08,-1.05205E+02
6.385192871E+08,-1.12425E+02
6.385498047E+08,-1.17825E+02
6.385803223E+08,-1.08005E+02
6.386108398E+08,-1.07345E+02
6.386413574E+08,-1.07445E+02
6.386718750E+08,-1.04325E+02
6.387023926E+08,-1.11945E+02
6.387329102E+08,-1.05565E+02
6.387634277E+08,-1.08565E+02
6.387939453E+08,-1.09585E+02
6.388244629E+08,-1.05985E+02
6.388549805E+08,-1.02625E+02
6.388854980E+08,-1.05385E+02
6.389160156E+08,-1.10485E+02
6.389465332E+08,-1.07985E+02
6.389770508E+08,-1.12785E+02
6.390075684E+08,-1.08405E+02
6.390380859E+08,-1.09205E+02
6.390686035E+08,-1.16045E+02
6.390991211E+08,-1.07525E+02
6.391296387E+08,-1.07785E+02
6.391601562E+08,-1.03845E+02
6.391906738E+08,-1.04525E+02
6.392211914E+08,-1.03965E+02
6.392517090E+08,-1.07265E+02
6.392822266E+08,-1.12505E+02
6.393127441E+08,-1.17165E+02
6.393432617E+08,-1.21605E+02
6.393737793E+08,-1.12325E+02
6.394042969E+08,-1.04745E+02
6.394348145E+08,-1.08245E+02
6.394653320E+08,-1.05765E+02
6.394958496E+08,-1.04125E+02
6.395263672E+08,-1.03405E+02
6.395568848E+08,-1.06405E+02
6.395874023E+08,-1.28185E+02
6.396179199E+08,-1.16485E+02
6.396484375E+08,-1.07105E+02
6.396789551E+08,-1.06925E+02
6.397094727E+08,-1.16345E+02
6.397399902E+08,-1.08285E+02
6.397705078E+08,-1.03605E+02
6.398010254E+08,-1.09205E+02
6.398315430E+08,-1.08125E+02
6.398620605E+08,-1.13145E+02
6.398925781E+08,-1.10725E+02
6.399230957E+08,-1.12045E+02
6.399536133E+08,-1.11505E+02
6.399841309E+08,-1.08045E+02
6.400146484E+08,-1.07565E+02
6.400451660E+08,-1.10365E+02
6.400756836E+08,-1.02065E+02
6.401062012E+08,-1.01845E+02
6.401367188E+08,-1.22525E+02
6.401672363E+08,-1.19805E+02
6.401977539E+08,-1.13045E+02
6.402282715E+08,-1.11165E+02
6.402587891E+08,-1.08625E+02
6.402893066E+08,-1.17165E+02
6.403198242E+08,-1.28165E+02
6.403503418E+08,-1.05325E+02
6.403808594E+08,-1.08045E+02
6.404113770E+08,-1.10425E+02
6.404418945E+08,-1.07865E+02
6.404724121E+08,-1.13485E+02
6.405029297E+08,-1.08465E+02
6.405334473E+08,-1.06785E+02
6.405639648E+08,-1.11045E+02
6.405944824E+08,-1.10825E+02
6.406250000E+08,-1.14045E+02
6.406555176E+08,-1.15125E+02
6.406860352E+08,-1.14805E+02
6.407165527E+08,-1.12005E+02
6.407470703E+08,-1.04105E+02
6.407775879E+08,-1.01265E+02
6.408081055E+08,-1.06625E+02
6.408386230E+08,-1.05525E+02
6.408691406E+08,-1.02485E+02
6.408996582E+08,-1.06885E+02
6.409301758E+08,-1.04385E+02
6.409606934E+08,-1.03745E+02
6.409912109E+08,-1.04545E+02
6.410217285E+08,-1.04445E+02
6.410522461E+08,-1.09745E+02
6.410827637E+08,-1.12845E+02
6.411132812E+08,-1.10045E+02
6.411437988E+08,-1.12945E+02
6.411743164E+08,-1.08565E+02
6.412048340E+08,-1.12405E+02
6.412353516E+08,-1.04345E+02
6.412658691E+08,-1.01985E+02
6.412963867E+08,-9.97454E+01
6.413269043E+08,-1.08345E+02
6.413574219E+08,-1.10965E+02
6.413879395E+08,-1.14225E+02
6.414184570E+08,-1.15425E+02
6.414489746E+08,-1.06105E+02
6.414794922E+08,-1.07425E+02
6.415100098E+08,-1.20765E+02
6.415405273E+08,-1.04905E+02
6.415710449E+08,-1.08845E+02
6.416015625E+08,-1.07605E+02
6.416320801E+08,-1.04705E+02
6.416625977E+08,-1.04605E+02
6.416931152E+08,-1.06165E+02
6.417236328E+08,-1.12265E+02
6.417541504E+08,-1.07605E+02
6.417846680E+08,-1.05245E+02
6.418151855E+08,-1.07785E+02
6.418457031E+08,-1.09165E+02
6.418762207E+08,-1.05905E+02
6.419067383E+08,-1.04785E+02
6.419372559E+08,-1.06105E+02
6.419677734E+08,-1.03125E+02
6.419982910E+08,-1.02425E+02
6.420288086E+08,-1.04865E+02
6.420593262E+08,-1.06165E+02
6.420898438E+08,-1.06325E+02
6.421203613E+08,-1.04945E+02
6.421508789E+08,-1.03585E+02
6.421813965E+08,-1.04665E+02
6.422119141E+08,-1.06945E+02
6.422424316E+08,-1.03325E+02
6.422729492E+08,-1.03505E+02
6.423034668E+08,-1.09545E+02
6.423339844E+08,-1.10345E+02
6.423645020E+08,-1.10945E+02
6.423950195E+08,-1.11865E+02
6.424255371E+08,-1.09345E+02
6.424560547E+08,-1.06305E+02
6.424865723E+08,-1.09965E+02
6.425170898E+08,-1.03805E+02
6.425476074E+08,-1.02565E+02
6.425781250E+08,-1.01745E+02
6.426086426E+08,-1.02405E+02
6.426391602E+08,-1.02925E+02
6.426696777E+08,-1.12185E+02
6.427001953E+08,-1.08605E+02
6.427307129E+08,-1.18025E+02
6.427612305E+08,-1.17905E+02
6.427917480E+08,-1.08485E+02
6.428222656E+08,-1.16105E+02
6.428527832E+08,-1.11365E+02
6.428833008E+08,-1.21605E+02
6.429138184E+08,-1.18865E+02
6.429443359E+08,-1.05665E+02
6.429748535E+08,-1.06325E+02
6.430053711E+08,-1.09505E+02
6.430358887E+08,-1.10665E+02
6.430664062E+08,-1.09205E+02
6.430969238E+08,-1.03745E+02
6.431274414E+08,-1.07705E+02
6.431579590E+08,-1.03645E+02
6.431884766E+08,-1.04965E+02
6.432189941E+08,-1.06005E+02
6.432495117E+08,-1.04045E+02
6.432800293E+08,-1.13125E+02
6.433105469E+08,-1.10185E+02
6.433410645E+08,-1.04465E+02
6.433715820E+08,-1.08365E+02
6.434020996E+08,-1.08205E+02
6.434326172E+08,-1.08525E+02
6.434631348E+08,-1.18085E+02
6.434936523E+08,-1.18565E+02
6.435241699E+08,-1.14665E+02
6.435546875E+08,-1.15645E+02
6.435852051E+08,-1.08625E+02
6.436157227E+08,-1.05565E+02
6.436462402E+08,-1.08965E+02
6.436767578E+08,-1.08565E+02
6.437072754E+08,-1.07585E+02
6.437377930E+08,-1.10945E+02
6.437683105E+08,-1.16025E+02
6.437988281E+08,-1.04845E+02
6.438293457E+08,-1.03145E+02
6.438598633E+08,-1.03885E+02
6.438903809E+08,-1.05885E+02
6.439208984E+08,-1.25245E+02
6.439514160E+08,-1.06765E+02
6.439819336E+08,-1.04525E+02
6.440124512E+08,-1.13305E+02
6.440429688E+08,-1.08185E+02
6.440734863E+08,-1.16165E+02
6.441040039E+08,-1.07085E+02
6.441345215E+08,-1.10465E+02
6.441650391E+08,-1.04165E+02
6.441955566E+08,-1.02745E+02
6.442260742E+08,-1.03785E+02
6.442565918E+08,-1.10625E+02
6.442871094E+08,-1.08945E+02
6.443176270E+08,-1.07285E+02
6.443481445E+08,-1.09445E+02
6.443786621E+08,-1.13425E+02
6.444091797E+08,-1.07705E+02
6.444396973E+08,-1.06625E+02
6.444702148E+08,-1.04605E+02
6.445007324E+08,-1.02285E+02
6.445312500E+08,-1.08565E+02
6.445617676E+08,-1.15325E+02
6.445922852E+08,-1.12465E+02
6.446228027E+08,-1.06485E+02
6.446533203E+08,-1.06585E+02
6.446838379E+08,-1.20385E+02
6.447143555E+08,-1.04645E+02
6.447448730E+08,-1.05725E+02
6.447753906E+08,-1.42445E+02
6.448059082E+08,-1.05905E+02
6.448364258E+08,-1.07585E+02
6.448669434E+08,-1.06885E+02
6.448974609E+08,-1.13905E+02
6.449279785E+08,-1.12145E+02
6.449584961E+08,-1.10865E+02
6.449890137E+08,-1.07745E+02
6.450195312E+08,-1.11225E+02
6.450500488E+08,-1.06445E+02
6.450805664E+08,-1.03145E+02
6.451110840E+08,-1.10565E+02
6.451416016E+08,-1.29845E+02
6.451721191E+08,-1.11125E+02
6.452026367E+08,-1.03605E+02
6.452331543E+08,-1.05345E+02
6.452636719E+08,-1.10945E+02
6.452941895E+08,-1.10945E+02
6.453247070E+08,-1.09745E+02
6.453552246E+08,-9.84254E+01
6.453857422E+08,-9.79054E+01
6.454162598E+08,-9.87854E+01
6.454467773E+08,-1.02405E+02
6.454772949E+08,-1.03485E+02
6.455078125E+08,-1.09745E+02
6.455383301E+08,-1.21605E+02
6.455688477E+08,-1.28085E+02
6.455993652E+08,-1.19125E+02
6.456298828E+08,-1.13165E+02
6.456604004E+08,-1.09265E+02
6.456909180E+08,-1.09025E+02
6.457214355E+08,-1.13545E+02
6.457519531E+08,-1.06045E+02
6.457824707E+08,-1.01685E+02
6.458129883E+08,-1.04465E+02
6.458435059E+08,-1.13045E+02
6.458740234E+08,-1.08005E+02
6.459045410E+08,-1.05645E+02
6.459350586E+08,-1.08365E+02
6.459655762E+08,-1.12065E+02
6.459960938E+08,-1.12265E+02
6.460266113E+08,-1.09765E+02
6.460571289E+08,-1.14885E+02
6.460876465E+08,-1.03245E+02
6.461181641E+08,-1.00925E+02
6.461486816E+08,-1.06745E+02
6.461791992E+08,-1.11005E+02
6.462097168E+08,-1.14405E+02
6.462402344E+08,-1.08685E+02
6.462707520E+08,-1.05325E+02
6.463012695E+08,-1.02325E+02
6.463317871E+08,-1.03465E+02
6.463623047E+08,-1.10525E+02
6.463928223E+08,-1.09205E+02
6.464233398E+08,-1.07365E+02
6.464538574E+08,-1.02605E+02
6.464843750E+08,-1.05085E+02
6.465148926E+08,-1.04065E+02
6.465454102E+08,-1.03685E+02
6.465759277E+08,-1.15085E+02
6.466064453E+08,-1.05165E+02
6.466369629E+08,-1.02585E+02
6.466674805E+08,-1.05165E+02
6.466979980E+08,-1.06585E+02
6.467285156E+08,-1.04485E+02
6.467590332E+08,-1.02145E+02
6.467895508E+08,-1.01045E+02
6.468200684E+08,-1.03045E+02
6.468505859E+08,-1.08265E+02
6.468811035E+08,-1.09225E+02
6.469116211E+08,-1.12265E+02
6.469421387E+08,-1.14045E+02
6.469726562E+08,-1.04785E+02
6.470031738E+08,-1.03705E+02
6.470336914E+08,-1.00565E+02
6.470642090E+08,-9.99254E+01
6.470947266E+08,-1.03105E+02
6.471252441E+08,-1.02625E+02
6.471557617E+08,-1.01525E+02
6.471862793E+08,-1.03905E+02
6.472167969E+08,-1.13065E+02
6.472473145E+08,-1.06125E+02
6.472778320E+08,-1.03125E+02
6.473083496E+08,-1.04545E+02
6.473388672E+08,-1.07565E+02
6.473693848E+08,-1.04945E+02
6.473999023E+08,-1.25585E+02
6.474304199E+08,-1.03945E+02
6.474609375E+08,-1.00985E+02
6.474914551E+08,-1.03325E+02
6.475219727E+08,-1.08605E+02
6.475524902E+08,-1.13425E+02
6.475830078E+08,-1.10645E+02
6.476135254E+08,-1.10785E+02
6.476440430E+08,-1.18485E+02
6.476745605E+08,-1.07785E+02
6.477050781E+08,-1.07285E+02
6.477355957E+08,-1.09805E+02
6.477661133E+08,-1.06405E+02
6.477966309E+08,-1.05705E+02
6.478271484E+08,-1.04325E+02
6.478576660E+08,-1.01405E+02
6.478881836E+08,-1.00185E+02
6.479187012E+08,-1.03685E+02
6.479492188E+08,-1.15905E+02
6.479797363E+08,-1.11505E+02
6.480102539E+08,-1.27365E+02
6.480407715E+08,-1.06965E+02
6.480712891E+08,-1.08625E+02
6.481018066E+08,-1.06145E+02
6.481323242E+08,-1.11645E+02
6.481628418E+08,-1.11385E+02
6.481933594E+08,-1.04185E+02
6.482238770E+08,-1.01005E+02
6.482543945E+08,-1.08685E+02
6.482849121E+08,-1.10225E+02
6.483154297E+08,-1.06165E+02
6.483459473E+08,-1.09305E+02
6.483764648E+08,-1.06085E+02
6.484069824E+08,-1.07125E+02
6.484375000E+08,-1.06425E+02
6.484680176E+08,-9.97054E+01
6.484985352E+08,-9.94054E+01
6.485290527E+08,-1.02945E+02
6.485595703E+08,-1.06345E+02
6.485900879E+08,-1.05245E+02
6.486206055E+08,-1.02605E+02
6.486511230E+08,-1.03305E+02
6.486816406E+08,-1.05245E+02
6.487121582E+08,-1.09885E+02
6.487426758E+08,-1.02445E+02
6.487731934E+08,-1.01905E+02
6.488037109E+08,-1.02765E+02
6.488342285E+08,-1.07105E+02
6.488647461E+08,-1.09305E+02
6.488952637E+08,-1.08965E+02
6.489257812E+08,-1.10985E+02
6.489562988E+08,-1.03945E+02
6.489868164E+08,-1.10005E+02
6.490173340E+08,-1.10745E+02
6.490478516E+08,-1.11505E+02
6.490783691E+08,-1.10185E+02
6.491088867E+08,-1.04185E+02
6.491394043E+08,-1.04665E+02
6.491699219E+08,-1.08685E+02
6.492004395E+08,-1.08725E+02
6.492309570E+08,-1.06445E+02
6.492614746E+08,-1.07365E+02
6.492919922E+08,-1.03405E+02
6.493225098E+08,-1.05085E+02
6.493530273E+08,-1.06605E+02
6.493835449E+08,-1.02085E+02
6.494140625E+08,-1.02205E+02
6.494445801E+08,-1.03145E+02
6.494750977E+08,-1.03185E+02
6.495056152E+08,-1.06305E+02
6.495361328E+08,-1.09485E+02
6.495666504E+08,-1.05645E+02
6.495971680E+08,-1.07605E+02
6.496276855E+08,-1.06205E+02
6.496582031E+08,-1.13365E+02
6.496887207E+08,-1.10305E+02
6.497192383E+08,-1.07705E+02
6.497497559E+08,-1.06565E+02
6.497802734E+08,-1.07465E+02
6.498107910E+08,-1.06805E+02
6.498413086E+08,-1.03725E+02
6.498718262E+08,-1.10885E+02
6.499023438E+08,-1.03165E+02
6.499328613E+08,-1.06625E+02
6.499633789E+08,-1.11205E+02
6.499938965E+08,-1.14225E+02
6.500244141E+08,-1.13745E+02
6.500549316E+08,-1.05125E+02
6.500854492E+08,-1.01405E+02
6.501159668E+08,-1.04185E+02
6.501464844E+08,-1.09585E+02
6.501770020E+08,-1.18845E+02
6.502075195E+08,-1.13145E+02
6.502380371E+08,-1.02745E+02
6.502685547E+08,-1.04745E+02
6.502990723E+08,-1.09005E+02
6.503295898E+08,-1.08785E+02
6.503601074E+08,-1.04145E+02
6.503906250E+08,-9.96654E+01
6.504211426E+08,-9.99654E+01
6.504516602E+08,-1.09225E+02
6.504821777E+08,-1.04045E+02
6.505126953E+08,-1.02125E+02
6.505432129E+08,-1.15945E+02
6.505737305E+08,-1.04325E+02
6.506042480E+08,-1.11905E+02
6.506347656E+08,-1.08905E+02
6.506652832E+08,-1.09025E+02
6.506958008E+08,-1.07185E+02
6.507263184E+08,-1.24185E+02
6.507568359E+08,-1.04905E+02
6.507873535E+08,-1.06045E+02
6.508178711E+08,-1.07865E+02
6.508483887E+08,-1.05665E+02
6.508789062E+08,-1.00885E+02
6.509094238E+08,-1.00345E+02
6.509399414E+08,-1.06645E+02
6.509704590E+08,-1.10805E+02
6.510009766E+08,-1.04505E+02
6.510314941E+08,-1.03765E+02
6.510620117E+08,-1.06805E+02
6.510925293E+08,-1.17905E+02
6.511230469E+08,-1.11205E+02
6.511535645E+08,-1.12025E+02
6.511840820E+08,-9.99654E+01
6.512145996E+08,-9.76254E+01
6.512451172E+08,-1.02085E+02
6.512756348E+08,-1.10685E+02
6.513061523E+08,-1.04305E+02
6.513366699E+08,-1.07285E+02
6.513671875E+08,-1.13645E+02
6.513977051E+08,-1.06585E+02
6.514282227E+08,-1.03405E+02
6.514587402E+08,-1.05005E+02
6.514892578E+08,-1.08245E+02
6.515197754E+08,-1.04885E+02
6.515502930E+08,-1.08285E+02
6.515808105E+08,-1.10125E+02
6.516113281E+08,-1.04105E+02
6.516418457E+08,-1.04345E+02
6.516723633E+08,-1.07985E+02
6.517028809E+08,-1.01405E+02
6.517333984E+08,-1.01425E+02
6.517639160E+08,-1.08745E+02
6.517944336E+08,-1.11905E+02
6.518249512E+08,-1.05125E+02
6.518554688E+08,-1.05665E+02
6.518859863E+08,-1.13185E+02
6.519165039E+08,-1.06245E+02
6.519470215E+08,-1.16765E+02
6.519775391E+08,-1.05985E+02
6.520080566E+08,-1.03705E+02
6.520385742E+08,-1.06085E+02
6.520690918E+08,-1.07365E+02
6.520996094E+08,-1.07105E+02
6.521301270E+08,-1.14625E+02
6.521606445E+08,-1.09745E+02
6.521911621E+08,-1.14445E+02
6.522216797E+08,-1.07985E+02
6.522521973E+08,-1.03665E+02
6.522827148E+08,-9.93454E+01
6.523132324E+08,-9.95454E+01
6.523437500E+08,-1.04785E+02
6.523742676E+08,-1.19485E+02
6.524047852E+08,-1.11325E+02
6.524353027E+08,-1.03585E+02
6.524658203E+08,-1.07925E+02
6.524963379E+08,-1.15705E+02
6.525268555E+08,-1.06845E+02
6.525573730E+08,-1.03325E+02
6.525878906E+08,-1.06565E+02
6.526184082E+08,-1.08965E+02
6.526489258E+08,-1.07945E+02
6.526794434E+08,-1.17985E+02
6.527099609E+08,-1.10765E+02
6.527404785E+08,-1.09445E+02
6.527709961E+08,-1.15085E+02
6.528015137E+08,-1.13965E+02
6.528320312E+08,-1.04245E+02
6.528625488E+08,-1.01885E+02
6.528930664E+08,-1.07725E+02
6.529235840E+08,-1.12825E+02
6.529541016E+08,-1.13665E+02
6.529846191E+08,-1.09505E+02
6.530151367E+08,-1.05825E+02
6.530456543E+08,-1.04005E+02
6.530761719E+08,-1.03525E+02
6.531066895E+08,-1.04305E+02
6.531372070E+08,-1.03465E+02
6.531677246E+08,-1.01765E+02
6.531982422E+08,-1.04905E+02
6.532287598E+08,-1.15705E+02
6.532592773E+08,-1.15285E+02
6.532897949E+08,-1.07725E+02
6.533203125E+08,-1.07745E+02
6.533508301E+08,-1.05745E+02
6.533813477E+08,-1.06505E+02
6.534118652E+08,-1.13885E+02
6.534423828E+08,-1.03285E+02
6.534729004E+08,-1.05025E+02
6.535034180E+08,-1.16625E+02
6.535339355E+08,-1.21325E+02
6.535644531E+08,-1.05845E+02
6.535949707E+08,-1.06405E+02
6.536254883E+08,-1.15745E+02
6.536560059E+08,-1.17085E+02
6.536865234E+08,-1.14525E+02
6.537170410E+08,-1.13645E+02
6.537475586E+08,-1.06465E+02
6.537780762E+08,-1.05145E+02
6.538085938E+08,-1.06125E+02
6.538391113E+08,-1.07345E+02
6.538696289E+08,-1.11805E+02
6.539001465E+08,-1.07345E+02
6.539306641E+08,-1.12985E+02
6.539611816E+08,-1.09625E+02
6.539916992E+08,-1.14785E+02
6.540222168E+08,-1.19885E+02
6.540527344E+08,-1.17345E+02
6.540832520E+08,-1.16005E+02
6.541137695E+08,-1.10485E+02
6.541442871E+08,-1.09265E+02
6.541748047E+08,-1.08565E+02
6.542053223E+08,-1.11625E+02
6.542358398E+08,-1.15925E+02
6.542663574E+08,-1.10385E+02
6.542968750E+08,-1.08465E+02
6.543273926E+08,-1.07545E+02
6.543579102E+08,-1.12125E+02
6.543884277E+08,-1.31185E+02
6.544189453E+08,-1.13545E+02
6.544494629E+08,-1.07985E+02
6.544799805E+08,-1.07685E+02
6.545104980E+08,-1.08685E+02
6.545410156E+08,-1.05285E+02
6.545715332E+08,-1.12765E+02
6.546020508E+08,-1.06605E+02
6.546325684E+08,-1.04745E+02
6.546630859E+08,-1.07905E+02
6.546936035E+08,-1.10425E+02
6.547241211E+08,-1.04685E+02
6.547546387E+08,-1.02685E+02
6.547851562E+08,-1.04205E+02
6.548156738E+08,-1.04985E+02
6.548461914E+08,-1.09125E+02
6.548767090E+08,-1.10885E+02
6.549072266E+08,-1.00925E+02
6.549377441E+08,-1.06525E+02
6.549682617E+08,-1.06225E+02
6.549987793E+08,-1.02945E+02
6.550292969E+08,-1.07325E+02
6.550598145E+08,-1.07265E+02
6.550903320E+08,-1.11385E+02
6.551208496E+08,-1.24085E+02
6.551513672E+08,-1.16365E+02
6.551818848E+08,-1.10925E+02
6.552124023E+08,-1.16505E+02
6.552429199E+08,-1.22045E+02
6.552734375E+08,-1.10345E+02
6.553039551E+08,-1.02725E+02
6.553344727E+08,-1.04665E+02
6.553649902E+08,-1.05525E+02
6.553955078E+08,-1.06405E+02
6.554260254E+08,-1.05925E+02
6.554565430E+08,-1.05265E+02
6.554870605E+08,-1.07805E+02
6.555175781E+08,-1.10225E+02
6.555480957E+08,-1.06405E+02
6.555786133E+08,-1.03745E+02
6.556091309E+08,-1.04685E+02
6.556396484E+08,-1.10045E+02
6.556701660E+08,-1.10305E+02
6.557006836E+08,-1.03145E+02
6.557312012E+08,-1.08345E+02
6.557617188E+08,-1.13485E+02
6.557922363E+08,-1.04665E+02
6.558227539E+08,-1.01845E+02
6.558532715E+08,-1.13005E+02
6.558837891E+08,-1.04505E+02
6.559143066E+08,-1.13905E+02
6.559448242E+08,-1.03685E+02
6.559753418E+08,-1.14265E+02
6.560058594E+08,-1.05485E+02
6.560363770E+08,-1.04445E+02
6.560668945E+08,-1.05565E+02
6.560974121E+08,-1.04785E+02
6.561279297E+08,-1.07705E+02
6.561584473E+08,-1.12445E+02
6.561889648E+08,-1.16285E+02
6.562194824E+08,-1.09845E+02
6.562500000E+08,-1.05905E+02
6.562805176E+08,-1.09365E+02
6.563110352E+08,-1.11905E+02
6.563415527E+08,-1.06505E+02
6.563720703E+08,-1.07285E+02
6.564025879E+08,-1.19025E+02
6.564331055E+08,-1.19805E+02
6.564636230E+08,-1.06125E+02
6.564941406E+08,-1.05285E+02
6.565246582E+08,-1.05705E+02
6.565551758E+08,-1.04285E+02
6.565856934E+08,-1.15025E+02
6.566162109E+08,-1.11705E+02
6.566467285E+08,-1.08845E+02
6.566772461E+08,-1.08905E+02
6.567077637E+08,-1.05505E+02
6.567382812E+08,-1.03645E+02
6.567687988E+08,-1.06065E+02
6.567993164E+08,-1.08905E+02
6.568298340E+08,-1.07445E+02
6.568603516E+08,-1.11445E+02
6.568908691E+08,-1.09065E+02
6.569213867E+08,-1.09625E+02
6.569519043E+08,-1.15645E+02
6.569824219E+08,-1.04745E+02
6.570129395E+08,-1.12525E+02
6.570434570E+08,-1.04845E+02
6.570739746E+08,-1.03825E+02
6.571044922E+08,-1.11005E+02
6.571350098E+08,-1.06305E+02
6.571655273E+08,-1.03225E+02
6.571960449E+08,-1.04325E+02
6.572265625E+08,-1.09165E+02
6.572570801E+08,-1.08545E+02
6.572875977E+08,-1.00045E+02
6.573181152E+08,-1.01865E+02
6.573486328E+08,-1.06705E+02
6.573791504E+08,-1.05605E+02
6.574096680E+08,-1.04645E+02
6.574401855E+08,-1.10985E+02
6.574707031E+08,-1.13025E+02
6.575012207E+08,-1.17365E+02
6.575317383E+08,-1.04785E+02
6.575622559E+08,-1.03585E+02
6.575927734E+08,-1.06065E+02
6.576232910E+08,-1.14505E+02
6.576538086E+08,-1.05085E+02
6.576843262E+08,-1.15305E+02
6.577148438E+08,-1.10365E+02
6.577453613E+08,-1.06245E+02
6.577758789E+08,-1.01705E+02
6.578063965E+08,-1.11085E+02
6.578369141E+08,-1.07825E+02
6.578674316E+08,-1.06405E+02
6.578979492E+08,-1.06485E+02
6.579284668E+08,-1.09745E+02
6.579589844E+08,-1.09165E+02
6.579895020E+08,-1.02985E+02
6.580200195E+08,-1.05705E+02
6.580505371E+08,-1.20385E+02
6.580810547E+08,-1.05205E+02
6.581115723E+08,-1.01245E+02
6.581420898E+08,-1.01245E+02
6.581726074E+08,-1.02425E+02
6.582031250E+08,-1.04305E+02
6.582336426E+08,-1.06465E+02
6.582641602E+08,-1.06165E+02
6.582946777E+08,-1.04165E+02
6.583251953E+08,-1.02245E+02
6.583557129E+08,-1.04665E+02
6.583862305E+08,-1.13365E+02
6.584167480E+08,-1.08205E+02
6.584472656E+08,-1.03745E+02
6.584777832E+08,-1.10765E+02
6.585083008E+08,-1.15985E+02
6.585388184E+08,-1.10085E+02
6.585693359E+08,-1.12685E+02
6.585998535E+08,-1.04745E+02
6.586303711E+08,-1.04505E+02
6.586608887E+08,-1.06685E+02
6.586914062E+08,-1.03645E+02
6.587219238E+08,-1.00905E+02
6.587524414E+08,-1.02945E+02
6.587829590E+08,-1.06645E+02
6.588134766E+08,-1.02705E+02
6.588439941E+08,-1.05485E+02
6.588745117E+08,-1.12785E+02
6.589050293E+08,-1.08545E+02
6.589355469E+08,-1.00825E+02
6.589660645E+08,-1.00365E+02
6.589965820E+08,-1.07445E+02
6.590270996E+08,-1.02145E+02
6.590576172E+08,-1.05985E+02
6.590881348E+08,-1.20525E+02
6.591186523E+08,-1.20705E+02
6.591491699E+08,-1.13825E+02
6.591796875E+08,-1.05265E+02
6.592102051E+08,-1.06585E+02
6.592407227E+08,-1.10125E+02
6.592712402E+08,-1.14985E+02
6.593017578E+08,-1.06145E+02
6.593322754E+08,-1.04005E+02
6.593627930E+08,-1.05585E+02
6.593933105E+08,-1.09205E+02
6.594238281E+08,-1.12045E+02
6.594543457E+08,-1.08005E+02
6.594848633E+08,-1.08665E+02
6.595153809E+08,-1.18205E+02
6.595458984E+08,-1.13005E+02
6.595764160E+08,-1.10265E+02
6.596069336E+08,-1.29965E+02
6.596374512E+08,-1.17145E+02
6.596679688E+08,-1.09505E+02
6.596984863E+08,-1.07005E+02
6.597290039E+08,-1.05365E+02
6.597595215E+08,-1.07105E+02
6.597900391E+08,-1.15545E+02
6.598205566E+08,-1.15125E+02
6.598510742E+08,-1.06945E+02
6.598815918E+08,-1.06445E+02
6.599121094E+08,-1.12485E+02
6.599426270E+08,-1.03465E+02
6.599731445E+08,-1.05085E+02
6.600036621E+08,-1.10585E+02
6.600341797E+08,-1.08085E+02
6.600646973E+08,-1.08325E+02
6.600952148E+08,-1.03485E+02
6.601257324E+08,-1.01845E+02
6.601562500E+08,-1.06585E+02
6.601867676E+08,-1.25145E+02
6.602172852E+08,-1.09445E+02
6.602478027E+08,-1.13845E+02
6.602783203E+08,-1.09265E+02
6.603088379E+08,-1.09665E+02
6.603393555E+08,-1.16565E+02
6.603698730E+08,-1.15705E+02
6.604003906E+08,-1.03165E+02
6.604309082E+08,-1.00465E+02
6.604614258E+08,-1.03525E+02
6.604919434E+08,-1.11705E+02
6.605224609E+08,-1.15405E+02
6.605529785E+08,-1.08565E+02
6.605834961E+08,-1.11785E+02
6.606140137E+08,-1.04325E+02
6.606445312E+08,-1.03545E+02
6.606750488E+08,-1.11685E+02
6.607055664E+08,-1.06905E+02
6.607360840E+08,-1.10585E+02
6.607666016E+08,-1.05525E+02
6.607971191E+08,-1.04345E+02
6.608276367E+08,-1.16565E+02
6.608581543E+08,-1.07005E+02
6.608886719E+08,-1.05385E+02
6.609191895E+08,-1.11505E+02
6.609497070E+08,-1.09765E+02
6.609802246E+08,-1.10185E+02
6.610107422E+08,-1.04845E+02
6.610412598E+08,-1.11005E+02
6.610717773E+08,-1.28485E+02
6.611022949E+08,-1.11425E+02
6.611328125E+08,-1.16225E+02
6.611633301E+08,-1.06265E+02
6.611938477E+08,-1.07225E+02
6.612243652E+08,-1.05045E+02
6.612548828E+08,-1.05585E+02
6.612854004E+08,-1.04665E+02
6.613159180E+08,-1.07805E+02
6.613464355E+08,-1.05985E+02
6.613769531E+08,-1.10705E+02
6.614074707E+08,-1.07125E+02
6.614379883E+08,-1.12765E+02
6.614685059E+08,-1.10665E+02
6.614990234E+08,-1.05705E+02
6.615295410E+08,-1.03065E+02
6.615600586E+08,-1.03005E+02
6.615905762E+08,-1.20585E+02
6.616210938E+08,-1.07945E+02
6.616516113E+08,-1.14365E+02
6.616821289E+08,-1.13705E+02
6.617126465E+08,-1.17485E+02
6.617431641E+08,-1.07745E+02
6.617736816E+08,-1.09665E+02
6.618041992E+08,-1.14905E+02
6.618347168E+08,-1.16005E+02
6.618652344E+08,-1.13325E+02
6.618957520E+08,-1.07845E+02
6.619262695E+08,-1.10705E+02
6.619567871E+08,-1.04065E+02
6.619873047E+08,-1.05145E+02
6.620178223E+08,-1.14985E+02
6.620483398E+08,-1.07785E+02
6.620788574E+08,-1.31045E+02
6.621093750E+08,-1.05805E+02
6.621398926E+08,-1.04765E+02
6.621704102E+08,-1.07185E+02
6.622009277E+08,-1.09105E+02
6.622314453E+08,-1.12665E+02
6.622619629E+08,-1.08465E+02
6.622924805E+08,-1.04985E+02
6.623229980E+08,-1.15265E+02
6.623535156E+08,-1.06325E+02
6.623840332E+08,-1.01905E+02
6.624145508E+08,-1.05045E+02
6.624450684E+08,-1.04245E+02
6.624755859E+08,-1.03105E+02
6.625061035E+08,-1.08525E+02
6.625366211E+08,-1.15025E+02
6.625671387E+08,-1.07445E+02
6.625976562E+08,-1.05165E+02
6.626281738E+08,-1.07845E+02
6.626586914E+08,-1.09205E+02
6.626892090E+08,-1.12605E+02
6.627197266E+08,-1.08865E+02
6.627502441E+08,-1.10525E+02
6.627807617E+08,-1.09965E+02
6.628112793E+08,-1.04985E+02
6.628417969E+08,-1.03025E+02
6.628723145E+08,-1.05285E+02
6.629028320E+08,-1.08545E+02
6.629333496E+08,-1.05205E+02
6.629638672E+08,-1.09625E+02
6.629943848E+08,-1.08725E+02
6.630249023E+08,-1.06425E+02
6.630554199E+08,-1.08465E+02
6.630859375E+08,-1.03425E+02
6.631164551E+08,-1.03065E+02
6.631469727E+08,-1.09005E+02
6.631774902E+08,-1.20805E+02
6.632080078E+08,-1.15905E+02
6.632385254E+08,-1.18285E+02
6.632690430E+08,-1.11965E+02
6.632995605E+08,-1.09025E+02
6.633300781E+08,-1.06265E+02
6.633605957E+08,-1.05005E+02
6.633911133E+08,-1.03465E+02
6.634216309E+08,-1.09125E+02
6.634521484E+08,-1.06905E+02
6.634826660E+08,-1.04365E+02
6.635131836E+08,-1.04585E+02
6.635437012E+08,-1.09345E+02
6.635742188E+08,-1.11325E+02
6.636047363E+08,-1.13065E+02
6.636352539E+08,-1.13365E+02
6.636657715E+08,-1.08345E+02
6.636962891E+08,-1.03165E+02
6.637268066E+08,-1.03905E+02
6.637573242E+08,-1.14745E+02
6.637878418E+08,-1.13325E+02
6.638183594E+08,-1.11125E+02
6.638488770E+08,-1.10505E+02
6.638793945E+08,-1.04745E+02
6.639099121E+08,-1.08945E+02
6.639404297E+08,-1.04865E+02
6.639709473E+08,-1.05765E+02
6.640014648E+08,-1.03585E+02
6.640319824E+08,-1.07485E+02
6.640625000E+08,-1.05745E+02
6.640930176E+08,-1.07465E+02
6.641235352E+08,-1.17785E+02
6.641540527E+08,-1.09025E+02
6.641845703E+08,-1.42185E+02
6.642150879E+08,-1.08105E+02
6.642456055E+08,-1.04545E+02
6.642761230E+08,-1.01265E+02
6.643066406E+08,-1.03005E+02
6.643371582E+08,-1.08685E+02
6.643676758E+08,-1.09705E+02
6.643981934E+08,-1.03845E+02
6.644287109E+08,-1.01645E+02
6.644592285E+08,-1.02265E+02
6.644897461E+08,-1.03065E+02
6.645202637E+08,-1.02385E+02
6.645507812E+08,-1.08725E+02
6.645812988E+08,-1.08485E+02
6.646118164E+08,-1.01405E+02
6.646423340E+08,-1.06065E+02
6.646728516E+08,-1.11465E+02
6.647033691E+08,-1.06445E+02
6.647338867E+08,-1.03785E+02
6.647644043E+08,-1.10685E+02
6.647949219E+08,-1.16865E+02
6.648254395E+08,-1.14285E+02
6.648559570E+08,-1.04905E+02
6.648864746E+08,-1.00485E+02
6.649169922E+08,-1.03285E+02
6.649475098E+08,-1.19505E+02
6.649780273E+08,-1.03525E+02
6.650085449E+08,-1.06005E+02
6.650390625E+08,-1.20765E+02
6.650695801E+08,-1.13265E+02
6.651000977E+08,-1.15985E+02
6.651306152E+08,-1.08565E+02
6.651611328E+08,-1.13785E+02
6.651916504E+08,-1.08245E+02
6.652221680E+08,-1.12305E+02
6.652526855E+08,-1.19125E+02
6.652832031E+08,-1.09265E+02
6.653137207E+08,-1.05625E+02
6.653442383E+08,-1.14025E+02
6.653747559E+08,-1.02505E+02
6.654052734E+08,-1.04565E+02
6.654357910E+08,-1.06225E+02
6.654663086E+08,-1.03005E+02
6.654968262E+08,-1.05445E+02
6.655273438E+08,-1.08165E+02
6.655578613E+08,-1.04205E+02
6.655883789E+08,-1.10845E+02
6.656188965E+08,-1.08805E+02
6.656494141E+08,-1.07025E+02
6.656799316E+08,-1.13845E+02
6.657104492E+08,-1.15405E+02
6.657409668E+08,-1.17805E+02
6.657714844E+08,-1.13025E+02
6.658020020E+08,-1.09925E+02
6.658325195E+08,-1.06605E+02
6.658630371E+08,-1.09505E+02
6.658935547E+08,-1.15485E+02
6.659240723E+08,-1.19505E+02
6.659545898E+08,-1.09345E+02
6.659851074E+08,-1.11365E+02
6.660156250E+08,-1.10185E+02
6.660461426E+08,-1.08605E+02
6.660766602E+08,-1.13045E+02
6.661071777E+08,-1.09405E+02
6.661376953E+08,-1.13485E+02
6.661682129E+08,-1.06805E+02
6.661987305E+08,-1.01165E+02
6.662292480E+08,-1.00845E+02
6.662597656E+08,-1.04125E+02
6.662902832E+08,-1.12925E+02
6.663208008E+08,-1.07545E+02
6.663513184E+08,-1.10305E+02
6.663818359E+08,-1.14445E+02
6.664123535E+08,-1.18685E+02
6.664428711E+08,-1.18685E+02
6.664733887E+08,-1.10525E+02
6.665039062E+08,-1.10905E+02
6.665344238E+08,-1.21185E+02
6.665649414E+08,-1.07565E+02
6.665954590E+08,-1.10125E+02
6.666259766E+08,-1.16505E+02
6.666564941E+08,-1.07685E+02
6.666870117E+08,-1.11485E+02
6.667175293E+08,-1.10945E+02
6.667480469E+08,-1.00665E+02
6.667785645E+08,-1.00085E+02
6.668090820E+08,-1.05765E+02
6.668395996E+08,-1.14725E+02
6.668701172E+08,-1.11605E+02
6.669006348E+08,-1.06325E+02
6.669311523E+08,-1.08785E+02
6.669616699E+08,-1.08565E+02
6.669921875E+08,-1.09625E+02
6.670227051E+08,-1.05065E+02
6.670532227E+08,-1.14765E+02
6.670837402E+08,-1.00565E+02
6.671142578E+08,-1.01185E+02
6.671447754E+08,-1.03305E+02
6.671752930E+08,-1.08805E+02
6.672058105E+08,-1.31805E+02
6.672363281E+08,-1.07225E+02
6.672668457E+08,-1.09405E+02
6.672973633E+08,-1.05585E+02
6.673278809E+08,-1.10085E+02
6.673583984E+08,-1.17545E+02
6.673889160E+08,-1.13525E+02
6.674194336E+08,-1.08605E+02
6.674499512E+08,-1.04985E+02
6.674804688E+08,-1.02585E+02
6.675109863E+08,-1.10185E+02
6.675415039E+08,-1.05665E+02
6.675720215E+08,-1.17485E+02
6.676025391E+08,-1.09545E+02
6.676330566E+08,-1.05925E+02
6.676635742E+08,-1.02425E+02
6.676940918E+08,-1.04825E+02
6.677246094E+08,-1.08625E+02
6.677551270E+08,-1.05625E+02
6.677856445E+08,-1.19025E+02
6.678161621E+08,-1.06745E+02
6.678466797E+08,-1.13225E+02
6.678771973E+08,-1.22345E+02
6.679077148E+08,-1.15405E+02
6.679382324E+08,-1.22985E+02
6.679687500E+08,-1.11565E+02
6.679992676E+08,-1.10845E+02
6.680297852E+08,-1.17065E+02
6.680603027E+08,-1.05165E+02
6.680908203E+08,-1.05585E+02
6.681213379E+08,-1.11005E+02
6.681518555E+08,-1.04545E+02
6.681823730E+08,-1.02645E+02
6.682128906E+08,-1.08045E+02
6.682434082E+08,-1.10385E+02
6.682739258E+08,-1.10605E+02
6.683044434E+08,-1.02625E+02
6.683349609E+08,-1.04505E+02
6.683654785E+08,-1.05345E+02
6.683959961E+08,-1.04765E+02
6.684265137E+08,-1.09745E+02
6.684570312E+08,-1.11805E+02
6.684875488E+08,-1.18845E+02
6.685180664E+08,-1.13965E+02
6.685485840E+08,-1.05925E+02
6.685791016E+08,-1.07025E+02
6.686096191E+08,-1.15185E+02
6.686401367E+08,-1.25985E+02
6.686706543E+08,-1.11645E+02
6.687011719E+08,-1.16765E+02
6.687316895E+08,-1.11285E+02
6.687622070E+08,-1.08725E+02
6.687927246E+08,-1.04605E+02
6.688232422E+08,-1.01345E+02
6.688537598E+08,-1.12525E+02
6.688842773E+08,-1.06125E+02
6.689147949E+08,-1.00945E+02
6.689453125E+08,-1.04685E+02
6.689758301E+08,-1.06965E+02
6.690063477E+08,-1.10365E+02
6.690368652E+08,-1.13485E+02
6.690673828E+08,-1.04725E+02
6.690979004E+08,-1.04565E+02
6.691284180E+08,-1.07845E+02
6.691589355E+08,-1.07685E+02
6.691894531E+08,-1.14605E+02
6.692199707E+08,-1.10585E+02
6.692504883E+08,-1.25485E+02
6.692810059E+08,-1.24085E+02
6.693115234E+08,-1.16865E+02
6.693420410E+08,-1.08045E+02
6.693725586E+08,-1.12285E+02
6.694030762E+08,-1.10185E+02
6.694335938E+08,-1.06545E+02
6.694641113E+08,-1.13125E+02
6.694946289E+08,-1.18905E+02
6.695251465E+08,-1.06145E+02
6.695556641E+08,-1.02805E+02
6.695861816E+08,-1.04785E+02
6.696166992E+08,-1.08865E+02
6.696472168E+08,-1.09705E+02
6.696777344E+08,-1.07105E+02
6.697082520E+08,-1.01405E+02
6.697387695E+08,-1.01125E+02
6.697692871E+08,-1.19925E+02
6.697998047E+08,-1.11245E+02
6.698303223E+08,-1.09305E+02
6.698608398E+08,-1.05905E+02
6.698913574E+08,-1.13105E+02
6.699218750E+08,-1.09505E+02
6.699523926E+08,-1.07205E+02
6.699829102E+08,-1.14685E+02
6.700134277E+08,-1.12825E+02
6.700439453E+08,-1.13465E+02
6.700744629E+08,-1.08685E+02
6.701049805E+08,-1.10685E+02
6.701354980E+08,-1.03945E+02
6.701660156E+08,-1.00685E+02
6.701965332E+08,-1.08565E+02
6.702270508E+08,-1.10985E+02
6.702575684E+08,-1.07705E+02
6.702880859E+08,-1.09885E+02
6.703186035E+08,-1.12305E+02
6.703491211E+08,-1.05625E+02
6.703796387E+08,-1.02305E+02
6.704101562E+08,-1.04345E+02
6.704406738E+08,-1.14225E+02
6.704711914E+08,-1.04065E+02
6.705017090E+08,-1.01625E+02
6.705322266E+08,-1.05085E+02
6.705627441E+08,-1.12625E+02
6.705932617E+08,-1.09065E+02
6.706237793E+08,-1.01905E+02
6.706542969E+08,-1.02785E+02
6.706848145E+08,-1.09125E+02
6.707153320E+08,-1.11725E+02
6.707458496E+08,-1.11065E+02
6.707763672E+08,-1.05485E+02
6.708068848E+08,-1.10125E+02
6.708374023E+08,-1.16005E+02
6.708679199E+08,-1.09125E+02
6.708984375E+08,-1.01465E+02
6.709289551E+08,-1.00905E+02
6.709594727E+08,-1.04745E+02
6.709899902E+08,-1.13205E+02
6.710205078E+08,-1.09365E+02
6.710510254E+08,-1.02145E+02
6.710815430E+08,-1.02105E+02
6.711120605E+08,-1.06585E+02
6.711425781E+08,-1.04545E+02
6.711730957E+08,-1.03745E+02
6.712036133E+08,-1.06485E+02
6.712341309E+08,-1.18165E+02
6.712646484E+08,-1.08905E+02
6.712951660E+08,-1.06305E+02
6.713256836E+08,-1.05045E+02
6.713562012E+08,-1.09405E+02
6.713867188E+08,-1.08745E+02
6.714172363E+08,-1.04025E+02
6.714477539E+08,-1.01005E+02
6.714782715E+08,-1.02785E+02
6.715087891E+08,-1.08525E+02
6.715393066E+08,-1.14265E+02
6.715698242E+08,-1.10725E+02
6.716003418E+08,-1.10125E+02
6.716308594E+08,-1.06765E+02
6.716613770E+08,-1.08805E+02
6.716918945E+08,-1.01865E+02
6.717224121E+08,-1.02665E+02
6.717529297E+08,-1.15085E+02
6.717834473E+08,-1.19445E+02
6.718139648E+08,-1.05085E+02
6.718444824E+08,-1.03305E+02
6.718750000E+08,-1.11165E+02
6.719055176E+08,-1.11565E+02
6.719360352E+08,-1.07105E+02
6.719665527E+08,-1.09965E+02
6.719970703E+08,-1.14385E+02
6.720275879E+08,-1.09965E+02
6.720581055E+08,-1.08525E+02
6.720886230E+08,-1.15405E+02
6.721191406E+08,-1.07345E+02
6.721496582E+08,-1.03665E+02
6.721801758E+08,-1.17485E+02
6.722106934E+08,-1.07465E+02
6.722412109E+08,-1.10845E+02
6.722717285E+08,-1.06085E+02
6.723022461E+08,-1.07145E+02
6.723327637E+08,-1.10565E+02
6.723632812E+08,-1.10225E+02
6.723937988E+08,-1.02565E+02
6.724243164E+08,-1.03525E+02
6.724548340E+08,-1.03905E+02
6.724853516E+08,-1.04785E+02
6.725158691E+08,-1.02545E+02
6.725463867E+08,-1.05585E+02
6.725769043E+08,-1.06265E+02
6.726074219E+08,-1.07045E+02
6.726379395E+08,-1.07205E+02
6.726684570E+08,-1.02165E+02
6.726989746E+08,-1.07745E+02
6.727294922E+08,-1.11165E+02
6.727600098E+08,-1.09005E+02
6.727905273E+08,-1.05905E+02
6.728210449E+08,-1.03305E+02
6.728515625E+08,-1.05025E+02
6.728820801E+08,-1.10225E+02
6.729125977E+08,-1.08345E+02
6.729431152E+08,-1.05305E+02
6.729736328E+08,-1.07065E+02
6.730041504E+08,-1.17365E+02
6.730346680E+08,-1.11465E+02
6.730651855E+08,-1.10425E+02
6.730957031E+08,-1.13505E+02
6.731262207E+08,-1.09105E+02
6.731567383E+08,-1.05765E+02
6.731872559E+08,-1.11365E+02
6.732177734E+08,-1.08025E+02
6.732482910E+08,-1.08685E+02
6.732788086E+08,-1.10545E+02
6.733093262E+08,-1.08425E+02
6.733398438E+08,-1.12465E+02
6.733703613E+08,-1.10885E+02
6.734008789E+08,-1.11325E+02
6.734313965E+08,-1.13565E+02
6.734619141E+08,-1.02645E+02
6.734924316E+08,-1.07865E+02
6.735229492E+08,-1.14265E+02
6.735534668E+08,-1.14905E+02
6.735839844E+08,-1.19205E+02
6.736145020E+08,-1.07405E+02
6.736450195E+08,-1.03345E+02
6.736755371E+08,-1.12785E+02
6.737060547E+08,-1.08365E+02
6.737365723E+08,-1.07165E+02
6.737670898E+08,-1.07465E+02
6.737976074E+08,-1.19445E+02
6.738281250E+08,-1.02465E+02
6.738586426E+08,-1.05085E+02
6.738891602E+08,-1.14285E+02
6.739196777E+08,-1.13385E+02
6.739501953E+08,-1.16185E+02
6.739807129E+08,-1.15305E+02
6.740112305E+08,-1.09485E+02
6.740417480E+08,-1.08285E+02
6.740722656E+08,-1.10585E+02
6.741027832E+08,-1.09225E+02
6.741333008E+08,-1.16785E+02
6.741638184E+08,-1.07025E+02
6.741943359E+08,-1.06425E+02
6.742248535E+08,-1.10685E+02
6.742553711E+08,-1.06945E+02
6.742858887E+08,-1.05385E+02
6.743164062E+08,-1.09625E+02
6.743469238E+08,-1.10005E+02
6.743774414E+08,-1.04705E+02
6.744079590E+08,-1.08045E+02
6.744384766E+08,-1.11085E+02
6.744689941E+08,-1.17745E+02
6.744995117E+08,-1.11365E+02
6.745300293E+08,-1.07725E+02
6.745605469E+08,-1.07545E+02
6.745910645E+08,-1.10625E+02
6.746215820E+08,-1.17465E+02
6.746520996E+08,-1.12745E+02
6.746826172E+08,-1.06585E+02
6.747131348E+08,-1.10585E+02
6.747436523E+08,-1.07745E+02
6.747741699E+08,-1.03245E+02
6.748046875E+08,-1.06665E+02
6.748352051E+08,-1.14425E+02
6.748657227E+08,-1.05645E+02
6.748962402E+08,-1.04345E+02
6.749267578E+08,-1.05025E+02
6.749572754E+08,-1.07065E+02
6.749877930E+08,-1.12405E+02
6.750183105E+08,-1.07945E+02
6.750488281E+08,-1.03085E+02
6.750793457E+08,-1.03945E+02
6.751098633E+08,-1.02685E+02
6.751403809E+08,-1.06825E+02
6.751708984E+08,-1.13205E+02
6.752014160E+08,-1.14845E+02
6.752319336E+08,-1.14385E+02
6.752624512E+08,-1.04185E+02
6.752929688E+08,-1.09125E+02
6.753234863E+08,-1.13165E+02
6.753540039E+08,-1.07905E+02
6.753845215E+08,-1.03045E+02
6.754150391E+08,-1.07485E+02
6.754455566E+08,-1.06365E+02
6.754760742E+08,-1.10125E+02
6.755065918E+08,-1.02925E+02
6.755371094E+08,-1.01485E+02
6.755676270E+08,-1.00865E+02
6.755981445E+08,-1.00445E+02
6.756286621E+08,-1.03845E+02
6.756591797E+08,-1.13005E+02
6.756896973E+08,-1.04865E+02
6.757202148E+08,-1.04985E+02
6.757507324E+08,-1.03405E+02
6.757812500E+08,-1.09765E+02
6.758117676E+08,-1.09025E+02
6.758422852E+08,-1.16485E+02
6.758728027E+08,-1.06585E+02
6.759033203E+08,-1.14445E+02
6.759338379E+08,-1.05445E+02
6.759643555E+08,-1.01525E+02
6.759948730E+08,-1.03185E+02
6.760253906E+08,-1.04785E+02
6.760559082E+08,-1.01765E+02
6.760864258E+08,-1.08625E+02
6.761169434E+08,-1.02325E+02
6.761474609E+08,-9.96254E+01
6.761779785E+08,-1.00585E+02
6.762084961E+08,-1.05825E+02
6.762390137E+08,-1.11305E+02
6.762695312E+08,-1.12345E+02
6.763000488E+08,-1.00605E+02
6.763305664E+08,-9.92654E+01
6.763610840E+08,-1.03325E+02
6.763916016E+08,-1.12885E+02
6.764221191E+08,-1.17745E+02
6.764526367E+08,-1.05905E+02
6.764831543E+08,-1.04965E+02
6.765136719E+08,-1.06145E+02
6.765441895E+08,-1.04525E+02
6.765747070E+08,-1.01345E+02
6.766052246E+08,-1.04785E+02
6.766357422E+08,-1.06185E+02
6.766662598E+08,-1.01585E+02
6.766967773E+08,-1.05885E+02
6.767272949E+08,-1.04405E+02
6.767578125E+08,-1.01985E+02
6.767883301E+08,-9.70854E+01
6.768188477E+08,-9.76854E+01
6.768493652E+08,-1.03385E+02
6.768798828E+08,-1.09585E+02
6.769104004E+08,-1.10605E+02
6.769409180E+08,-1.09745E+02
6.769714355E+08,-1.14045E+02
6.770019531E+08,-1.08565E+02
6.770324707E+08,-1.08745E+02
6.770629883E+08,-1.04065E+02
6.770935059E+08,-1.05625E+02
6.771240234E+08,-1.12185E+02
6.771545410E+08,-1.05245E+02
6.771850586E+08,-1.02365E+02
6.772155762E+08,-1.06345E+02
6.772460938E+08,-1.05585E+02
6.772766113E+08,-1.00725E+02
6.773071289E+08,-1.00465E+02
6.773376465E+08,-1.04325E+02
6.773681641E+08,-1.04365E+02
6.773986816E+08,-1.03385E+02
6.774291992E+08,-1.00265E+02
6.774597168E+08,-1.00265E+02
6.774902344E+08,-1.05125E+02
6.775207520E+08,-9.72854E+01
6.775512695E+08,-9.71654E+01
6.775817871E+08,-1.05025E+02
6.776123047E+08,-1.06965E+02
6.776428223E+08,-1.00825E+02
6.776733398E+08,-1.02465E+02
6.777038574E+08,-1.09265E+02
6.777343750E+08,-1.08945E+02
6.777648926E+08,-1.07525E+02
6.777954102E+08,-1.07985E+02
6.778259277E+08,-1.06445E+02
6.778564453E+08,-1.05065E+02
6.778869629E+08,-1.08565E+02
6.779174805E+08,-1.02345E+02
6.779479980E+08,-1.01785E+02
6.779785156E+08,-1.05265E+02
6.780090332E+08,-1.03505E+02
6.780395508E+08,-1.01845E+02
6.780700684E+08,-1.23225E+02
6.781005859E+08,-1.12885E+02
6.781311035E+08,-1.13985E+02
6.781616211E+08,-1.14425E+02
6.781921387E+08,-1.06865E+02
6.782226562E+08,-1.12385E+02
6.782531738E+08,-1.13845E+02
6.782836914E+08,-1.04425E+02
6.783142090E+08,-1.03625E+02
6.783447266E+08,-1.11765E+02
6.783752441E+08,-1.08545E+02
6.784057617E+08,-1.06565E+02
6.784362793E+08,-1.09305E+02
6.784667969E+08,-1.12545E+02
6.784973145E+08,-1.07685E+02
6.785278320E+08,-1.04385E+02
6.785583496E+08,-1.02825E+02
6.785888672E+08,-1.05985E+02
6.786193848E+08,-1.09345E+02
6.786499023E+08,-1.03345E+02
6.786804199E+08,-1.18625E+02
6.787109375E+08,-1.05825E+02
6.787414551E+08,-1.08865E+02
6.787719727E+08,-1.08605E+02
6.788024902E+08,-1.12185E+02
6.788330078E+08,-1.10225E+02
6.788635254E+08,-1.06605E+02
6.788940430E+08,-1.08465E+02
6.789245605E+08,-1.03265E+02
6.789550781E+08,-1.17985E+02
6.789855957E+08,-1.01605E+02
6.790161133E+08,-1.01205E+02
6.790466309E+08,-1.04305E+02
6.790771484E+08,-1.03645E+02
6.791076660E+08,-1.01405E+02
6.791381836E+08,-1.08565E+02
6.791687012E+08,-1.10485E+02
6.791992188E+08,-1.05345E+02
6.792297363E+08,-1.06865E+02
6.792602539E+08,-1.08525E+02
6.792907715E+08,-1.03545E+02
6.793212891E+08,-9.92054E+01
6.793518066E+08,-1.01465E+02
6.793823242E+08,-1.05585E+02
6.794128418E+08,-1.15505E+02
6.794433594E+08,-1.10745E+02
6.794738770E+08,-1.14305E+02
6.795043945E+08,-1.11185E+02
6.795349121E+08,-1.10325E+02
6.795654297E+08,-1.04005E+02
6.795959473E+08,-1.04165E+02
6.796264648E+08,-1.06245E+02
6.796569824E+08,-1.03065E+02
6.796875000E+08,-1.02525E+02
6.797180176E+08,-1.02145E+02
6.797485352E+08,-1.10545E+02
6.797790527E+08,-1.07565E+02
6.798095703E+08,-1.04445E+02
6.798400879E+08,-1.05705E+02
6.798706055E+08,-1.11385E+02
6.799011230E+08,-1.04165E+02
6.799316406E+08,-1.03845E+02
6.799621582E+08,-1.14045E+02
6.799926758E+08,-1.07185E+02
6.800231934E+08,-1.04265E+02
6.800537109E+08,-1.07125E+02
6.800842285E+08,-1.13885E+02
6.801147461E+08,-9.97054E+01
6.801452637E+08,-9.69854E+01
6.801757812E+08,-1.00505E+02
6.802062988E+08,-1.09105E+02
6.802368164E+08,-1.09745E+02
6.802673340E+08,-1.18865E+02
6.802978516E+08,-1.14685E+02
6.803283691E+08,-1.09225E+02
6.803588867E+08,-1.19225E+02
6.803894043E+08,-1.11605E+02
6.804199219E+08,-1.07845E+02
6.804504395E+08,-1.06585E+02
6.804809570E+08,-1.07365E+02
6.805114746E+08,-1.06265E+02
6.805419922E+08,-1.14485E+02
6.805725098E+08,-1.06905E+02
6.806030273E+08,-1.05845E+02
6.806335449E+08,-1.01785E+02
6.806640625E+08,-1.06405E+02
6.806945801E+08,-1.10365E+02
6.807250977E+08,-1.01005E+02
6.807556152E+08,-1.02245E+02
6.807861328E+08,-1.07545E+02
6.808166504E+08,-1.01465E+02
6.808471680E+08,-1.05785E+02
6.808776855E+08,-1.16125E+02
6.809082031E+08,-1.07705E+02
6.809387207E+08,-1.06165E+02
6.809692383E+08,-1.20325E+02
6.809997559E+08,-1.07425E+02
6.810302734E+08,-1.08005E+02
6.810607910E+08,-1.03905E+02
6.810913086E+08,-1.03865E+02
6.811218262E+08,-1.06205E+02
6.811523438E+08,-1.08805E+02
6.811828613E+08,-1.08165E+02
6.812133789E+08,-1.08085E+02
6.812438965E+08,-1.03565E+02
6.812744141E+08,-1.03365E+02
6.813049316E+08,-1.13585E+02
6.813354492E+08,-1.11545E+02
6.813659668E+08,-1.13445E+02
6.813964844E+08,-1.02445E+02
6.814270020E+08,-1.05745E+02
6.814575195E+08,-1.07485E+02
6.814880371E+08,-1.02805E+02
6.815185547E+08,-1.03605E+02
6.815490723E+08,-1.06105E+02
6.815795898E+08,-1.06705E+02
6.816101074E+08,-1.06725E+02
6.816406250E+08,-1.04345E+02
6.816711426E+08,-1.03905E+02
6.817016602E+08,-1.03785E+02
6.817321777E+08,-1.18865E+02
6.817626953E+08,-1.01205E+02
6.817932129E+08,-9.99254E+01
6.818237305E+08,-1.02945E+02
6.818542480E+08,-1.02665E+02
6.818847656E+08,-1.12045E+02
6.819152832E+08,-1.05385E+02
6.819458008E+08,-1.06305E+02
6.819763184E+08,-1.03005E+02
6.820068359E+08,-1.04725E+02
6.820373535E+08,-1.05805E+02
6.820678711E+08,-1.15225E+02
6.820983887E+08,-1.06865E+02
6.821289062E+08,-1.02585E+02
6.821594238E+08,-1.07105E+02
6.821899414E+08,-1.10945E+02
6.822204590E+08,-1.04985E+02
6.822509766E+08,-1.05205E+02
6.822814941E+08,-1.01605E+02
6.823120117E+08,-1.04745E+02
6.823425293E+08,-1.19665E+02
6.823730469E+08,-1.07545E+02
6.824035645E+08,-1.09065E+02
6.824340820E+08,-1.09585E+02
6.824645996E+08,-1.05545E+02
6.824951172E+08,-1.05185E+02
6.825256348E+08,-1.08345E+02
6.825561523E+08,-1.16265E+02
6.825866699E+08,-1.03765E+02
6.826171875E+08,-1.03465E+02
6.826477051E+08,-1.02325E+02
6.826782227E+08,-1.07185E+02
6.827087402E+08,-1.13885E+02
6.827392578E+08,-1.01045E+02
6.827697754E+08,-1.00385E+02
6.828002930E+08,-1.11505E+02
6.828308105E+08,-1.06025E+02
6.828613281E+08,-1.00005E+02
6.828918457E+08,-1.04625E+02
6.829223633E+08,-1.06665E+02
6.829528809E+08,-1.00585E+02
6.829833984E+08,-1.00505E+02
6.830139160E+08,-1.09265E+02
6.830444336E+08,-1.14785E+02
6.830749512E+08,-1.06545E+02
6.831054688E+08,-1.08545E+02
6.831359863E+08,-1.06825E+02
6.831665039E+08,-1.05485E+02
6.831970215E+08,-1.17005E+02
6.832275391E+08,-1.15885E+02
6.832580566E+08,-1.04025E+02
6.832885742E+08,-1.06545E+02
6.833190918E+08,-1.09925E+02
6.833496094E+08,-1.02865E+02
6.833801270E+08,-1.07285E+02
6.834106445E+08,-1.02965E+02
6.834411621E+08,-1.07945E+02
6.834716797E+08,-1.08425E+02
6.835021973E+08,-1.14245E+02
6.835327148E+08,-1.02265E+02
6.835632324E+08,-1.02985E+02
6.835937500E+08,-1.08085E+02
6.836242676E+08,-1.03905E+02
6.836547852E+08,-1.01545E+02
6.836853027E+08,-1.08945E+02
6.837158203E+08,-1.05605E+02
6.837463379E+08,-1.04585E+02
6.837768555E+08,-1.11185E+02
6.838073730E+08,-1.04325E+02
6.838378906E+08,-1.09005E+02
6.838684082E+08,-1.07165E+02
6.838989258E+08,-1.05525E+02
6.839294434E+08,-1.05485E+02
6.839599609E+08,-1.07325E+02
6.839904785E+08,-1.13765E+02
6.840209961E+08,-1.19265E+02
6.840515137E+08,-1.10845E+02
6.840820312E+08,-1.09225E+02
6.841125488E+08,-1.01685E+02
6.841430664E+08,-1.02085E+02
6.841735840E+08,-1.02665E+02
6.842041016E+08,-1.08245E+02
6.842346191E+08,-1.08405E+02
6.842651367E+08,-1.04705E+02
6.842956543E+08,-1.04745E+02
6.843261719E+08,-1.08845E+02
6.843566895E+08,-1.11425E+02
6.843872070E+08,-1.15125E+02
6.844177246E+08,-1.24445E+02
6.844482422E+08,-1.22465E+02
6.844787598E+08,-1.03305E+02
6.845092773E+08,-1.03005E+02
6.845397949E+08,-1.08525E+02
6.845703125E+08,-1.03845E+02
6.846008301E+08,-1.10005E+02
6.846313477E+08,-1.19705E+02
6.846618652E+08,-1.07345E+02
6.846923828E+08,-1.01365E+02
6.847229004E+08,-1.01285E+02
6.847534180E+08,-1.05605E+02
6.847839355E+08,-1.15325E+02
6.848144531E+08,-1.02065E+02
6.848449707E+08,-1.00665E+02
6.848754883E+08,-1.10185E+02
6.849060059E+08,-1.03985E+02
6.849365234E+08,-1.09705E+02
6.849670410E+08,-1.00465E+02
6.849975586E+08,-1.00085E+02
6.850280762E+08,-9.96254E+01
6.850585938E+08,-1.08665E+02
6.850891113E+08,-1.06345E+02
6.851196289E+08,-1.14885E+02
6.851501465E+08,-1.09665E+02
6.851806641E+08,-1.19265E+02
6.852111816E+08,-1.12365E+02
6.852416992E+08,-1.08545E+02
6.852722168E+08,-1.17705E+02
6.853027344E+08,-1.07705E+02
6.853332520E+08,-1.06345E+02
6.853637695E+08,-1.06225E+02
6.853942871E+08,-1.05865E+02
6.854248047E+08,-1.05905E+02
6.854553223E+08,-1.11885E+02
6.854858398E+08,-1.00665E+02
6.855163574E+08,-1.01425E+02
6.855468750E+08,-1.01165E+02
6.855773926E+08,-9.72054E+01
6.856079102E+08,-1.01485E+02
6.856384277E+08,-1.04925E+02
6.856689453E+08,-1.03445E+02
6.856994629E+08,-1.05845E+02
6.857299805E+08,-1.05065E+02
6.857604980E+08,-9.98054E+01
6.857910156E+08,-9.94054E+01
6.858215332E+08,-1.07625E+02
6.858520508E+08,-1.13165E+02
6.858825684E+08,-1.06585E+02
6.859130859E+08,-1.14745E+02
6.859436035E+08,-1.08105E+02
6.859741211E+08,-1.01825E+02
6.860046387E+08,-1.18745E+02
6.860351562E+08,-1.00345E+02
6.860656738E+08,-1.02625E+02
6.860961914E+08,-1.18405E+02
6.861267090E+08,-1.09545E+02
6.861572266E+08,-1.09745E+02
6.861877441E+08,-1.22225E+02
6.862182617E+08,-1.06725E+02
6.862487793E+08,-9.77254E+01
6.862792969E+08,-9.62254E+01
6.863098145E+08,-1.03485E+02
6.863403320E+08,-1.11945E+02
6.863708496E+08,-1.07585E+02
6.864013672E+08,-1.02545E+02
6.864318848E+08,-1.06305E+02
6.864624023E+08,-1.05545E+02
6.864929199E+08,-1.03505E+02
6.865234375E+08,-1.02805E+02
6.865539551E+08,-1.21405E+02
6.865844727E+08,-1.17905E+02
6.866149902E+08,-1.07265E+02
6.866455078E+08,-1.20125E+02
6.866760254E+08,-1.07945E+02
6.867065430E+08,-1.00645E+02
6.867370605E+08,-1.02225E+02
6.867675781E+08,-1.13305E+02
6.867980957E+08,-1.08205E+02
6.868286133E+08,-1.07085E+02
6.868591309E+08,-1.07365E+02
6.868896484E+08,-1.09845E+02
6.869201660E+08,-1.02865E+02
6.869506836E+08,-1.02145E+02
6.869812012E+08,-1.03865E+02
6.870117188E+08,-1.06725E+02
6.870422363E+08,-1.00705E+02
6.870727539E+08,-1.01005E+02
6.871032715E+08,-1.08405E+02
6.871337891E+08,-1.02485E+02
6.871643066E+08,-1.06165E+02
6.871948242E+08,-1.06965E+02
6.872253418E+08,-1.07285E+02
6.872558594E+08,-1.12325E+02
6.872863770E+08,-1.09005E+02
6.873168945E+08,-1.17125E+02
6.873474121E+08,-1.18185E+02
6.873779297E+08,-1.11245E+02
6.874084473E+08,-1.04405E+02
6.874389648E+08,-1.03645E+02
6.874694824E+08,-1.02665E+02
6.875000000E+08,-1.02025E+02
6.875305176E+08,-1.01825E+02
6.875610352E+08,-1.04865E+02
6.875915527E+08,-1.10305E+02
6.876220703E+08,-1.08725E+02
6.876525879E+08,-1.17805E+02
6.876831055E+08,-1.22185E+02
6.877136230E+08,-1.05245E+02
6.877441406E+08,-1.01405E+02
6.877746582E+08,-1.01545E+02
6.878051758E+08,-1.04465E+02
6.878356934E+08,-1.09885E+02
6.878662109E+08,-1.12725E+02
6.878967285E+08,-1.07605E+02
6.879272461E+08,-1.15265E+02
6.879577637E+08,-1.22125E+02
6.879882812E+08,-1.29885E+02
6.880187988E+08,-1.15925E+02
6.880493164E+08,-1.06285E+02
6.880798340E+08,-1.01565E+02
6.881103516E+08,-1.01545E+02
6.881408691E+08,-1.04005E+02
6.881713867E+08,-1.05305E+02
6.882019043E+08,-1.03505E+02
6.882324219E+08,-1.08565E+02
6.882629395E+08,-1.04445E+02
6.882934570E+08,-1.00265E+02
6.883239746E+08,-1.02985E+02
6.883544922E+08,-1.17565E+02
6.883850098E+08,-1.09345E+02
6.884155273E+08,-1.21145E+02
6.884460449E+08,-1.16365E+02
6.884765625E+08,-1.08205E+02
6.885070801E+08,-1.08865E+02
6.885375977E+08,-1.18265E+02
6.885681152E+08,-1.04605E+02
6.885986328E+08,-1.05145E+02
6.886291504E+08,-1.18365E+02
6.886596680E+08,-1.07465E+02
6.886901855E+08,-1.03365E+02
6.887207031E+08,-1.02045E+02
6.887512207E+08,-1.01985E+02
6.887817383E+08,-1.03985E+02
6.888122559E+08,-1.02725E+02
6.888427734E+08,-9.97654E+01
6.888732910E+08,-1.01105E+02
6.889038086E+08,-1.10305E+02
6.889343262E+08,-1.10585E+02
6.889648438E+08,-1.04605E+02
6.889953613E+08,-1.04725E+02
6.890258789E+08,-1.00765E+02
6.890563965E+08,-1.06105E+02
6.890869141E+08,-1.07225E+02
6.891174316E+08,-1.02365E+02
6.891479492E+08,-1.03665E+02
6.891784668E+08,-1.06825E+02
6.892089844E+08,-1.05285E+02
6.892395020E+08,-9.91254E+01
6.892700195E+08,-1.00265E+02
6.893005371E+08,-1.08205E+02
6.893310547E+08,-1.30645E+02
6.893615723E+08,-1.11065E+02
6.893920898E+08,-1.12605E+02
6.894226074E+08,-1.10625E+02
6.894531250E+08,-1.08285E+02
6.894836426E+08,-1.10605E+02
6.895141602E+08,-1.11545E+02
6.895446777E+08,-1.03845E+02
6.895751953E+08,-1.02625E+02
6.896057129E+08,-1.06105E+02
6.896362305E+08,-1.02305E+02
6.896667480E+08,-1.00125E+02
6.896972656E+08,-1.04665E+02
6.897277832E+08,-1.03445E+02
6.897583008E+08,-1.06185E+02
6.897888184E+08,-1.04405E+02
6.898193359E+08,-1.02405E+02
6.898498535E+08,-1.07565E+02
6.898803711E+08,-1.15385E+02
6.899108887E+08,-1.05405E+02
6.899414062E+08,-1.09405E+02
6.899719238E+08,-1.18845E+02
6.900024414E+08,-1.11445E+02
6.900329590E+08,-1.03945E+02
6.900634766E+08,-1.01205E+02
6.900939941E+08,-1.00125E+02
6.901245117E+08,-1.04425E+02
6.901550293E+08,-1.13885E+02
6.901855469E+08,-1.08725E+02
6.902160645E+08,-1.11445E+02
6.902465820E+08,-1.07225E+02
6.902770996E+08,-1.06845E+02
6.903076172E+08,-1.10825E+02
6.903381348E+08,-1.15385E+02
6.903686523E+08,-1.09885E+02
6.903991699E+08,-1.04645E+02
6.904296875E+08,-1.04585E+02
6.904602051E+08,-1.08365E+02
6.904907227E+08,-1.08545E+02
6.905212402E+08,-1.07925E+02
6.905517578E+08,-1.07945E+02
6.905822754E+08,-1.19065E+02
6.906127930E+08,-1.10225E+02
6.906433105E+08,-1.10385E+02
6.906738281E+08,-1.13145E+02
6.907043457E+08,-1.06125E+02
6.907348633E+08,-1.13205E+02
6.907653809E+08,-1.05305E+02
6.907958984E+08,-1.05865E+02
6.908264160E+08,-1.06465E+02
6.908569336E+08,-1.02085E+02
6.908874512E+08,-1.06125E+02
6.909179688E+08,-1.17485E+02
6.909484863E+08,-1.09405E+02
6.909790039E+08,-1.07585E+02
6.910095215E+08,-1.18085E+02
6.910400391E+08,-1.03045E+02
6.910705566E+08,-1.02265E+02
6.911010742E+08,-1.14885E+02
6.911315918E+08,-1.04265E+02
6.911621094E+08,-1.03105E+02
6.911926270E+08,-1.04805E+02
6.912231445E+08,-1.02265E+02
6.912536621E+08,-1.01465E+02
6.912841797E+08,-1.08905E+02
6.913146973E+08,-1.03385E+02
6.913452148E+08,-1.07925E+02
6.913757324E+08,-1.06825E+02
6.914062500E+08,-1.23945E+02
6.914367676E+08,-1.16105E+02
6.914672852E+08,-1.12825E+02
6.914978027E+08,-1.03325E+02
6.915283203E+08,-1.01945E+02
6.915588379E+08,-1.04725E+02
6.915893555E+08,-1.13485E+02
6.916198730E+08,-1.04745E+02
6.916503906E+08,-1.02205E+02
6.916809082E+08,-1.02945E+02
6.917114258E+08,-1.11705E+02
6.917419434E+08,-1.04985E+02
6.917724609E+08,-1.04745E+02
6.918029785E+08,-1.09705E+02
6.918334961E+08,-1.18205E+02
6.918640137E+08,-1.04425E+02
6.918945312E+08,-1.07445E+02
6.919250488E+08,-1.18725E+02
6.919555664E+08,-1.11405E+02
6.919860840E+08,-1.06065E+02
6.920166016E+08,-1.14745E+02
6.920471191E+08,-1.05925E+02
6.920776367E+08,-1.15205E+02
6.921081543E+08,-1.05485E+02
6.921386719E+08,-1.01905E+02
6.921691895E+08,-1.01965E+02
6.921997070E+08,-1.05525E+02
6.922302246E+08,-1.11745E+02
6.922607422E+08,-1.03725E+02
6.922912598E+08,-1.04105E+02
6.923217773E+08,-1.12145E+02
6.923522949E+08,-1.03665E+02
6.923828125E+08,-1.07525E+02
6.924133301E+08,-1.12045E+02
6.924438477E+08,-1.10985E+02
6.924743652E+08,-1.09625E+02
6.925048828E+08,-1.09105E+02
6.925354004E+08,-1.09445E+02
6.925659180E+08,-1.03385E+02
6.925964355E+08,-1.02485E+02
6.926269531E+08,-1.01685E+02
6.926574707E+08,-1.05165E+02
6.926879883E+08,-1.07185E+02
6.927185059E+08,-1.13605E+02
6.927490234E+08,-1.09485E+02
6.927795410E+08,-1.12845E+02
6.928100586E+08,-1.10905E+02
6.928405762E+08,-1.09065E+02
6.928710938E+08,-1.05125E+02
6.929016113E+08,-1.03845E+02
6.929321289E+08,-1.01725E+02
6.929626465E+08,-1.13865E+02
6.929931641E+08,-1.13785E+02
6.930236816E+08,-1.11365E+02
6.930541992E+08,-1.19845E+02
6.930847168E+08,-1.14785E+02
6.931152344E+08,-1.15825E+02
6.931457520E+08,-1.07985E+02
6.931762695E+08,-1.01465E+02
6.932067871E+08,-1.15385E+02
6.932373047E+08,-1.04045E+02
6.932678223E+08,-1.05545E+02
6.932983398E+08,-1.05565E+02
6.933288574E+08,-1.10665E+02
6.933593750E+08,-1.14265E+02
6.933898926E+08,-1.22245E+02
6.934204102E+08,-1.08365E+02
6.934509277E+08,-1.11425E+02
6.934814453E+08,-1.18685E+02
6.935119629E+08,-1.28325E+02
6.935424805E+08,-1.08005E+02
6.935729980E+08,-1.04665E+02
6.936035156E+08,-1.05485E+02
6.936340332E+08,-1.06205E+02
6.936645508E+08,-1.04725E+02
6.936950684E+08,-1.02845E+02
6.937255859E+08,-1.02805E+02
6.937561035E+08,-1.07245E+02
6.937866211E+08,-1.19105E+02
6.938171387E+08,-1.12165E+02
6.938476562E+08,-1.04265E+02
6.938781738E+08,-1.00965E+02
6.939086914E+08,-1.02565E+02
6.939392090E+08,-1.05165E+02
6.939697266E+08,-1.01725E+02
6.940002441E+08,-1.01705E+02
6.940307617E+08,-1.09125E+02
6.940612793E+08,-1.02545E+02
6.940917969E+08,-1.01345E+02
6.941223145E+08,-1.04925E+02
6.941528320E+08,-1.07205E+02
6.941833496E+08,-1.10125E+02
6.942138672E+08,-1.07225E+02
6.942443848E+08,-1.06525E+02
6.942749023E+08,-1.11645E+02
6.943054199E+08,-1.05585E+02
6.943359375E+08,-1.03185E+02
6.943664551E+08,-1.06405E+02
6.943969727E+08,-1.07705E+02
6.944274902E+08,-1.07805E+02
6.944580078E+08,-1.07365E+02
6.944885254E+08,-1.03265E+02
6.945190430E+08,-1.17145E+02
6.945495605E+08,-1.06765E+02
6.945800781E+08,-1.03465E+02
6.946105957E+08,-1.01885E+02
6.946411133E+08,-1.04785E+02
6.946716309E+08,-1.10305E+02
6.947021484E+08,-1.15105E+02
6.947326660E+08,-1.20265E+02
6.947631836E+08,-1.14785E+02
6.947937012E+08,-1.05645E+02
6.948242188E+08,-1.05165E+02
6.948547363E+08,-1.03465E+02
6.948852539E+08,-1.09165E+02
6.949157715E+08,-1.13785E+02
6.949462891E+08,-1.06685E+02
6.949768066E+08,-1.07945E+02
6.950073242E+08,-1.10405E+02
6.950378418E+08,-1.11185E+02
6.950683594E+08,-1.12445E+02
6.950988770E+08,-1.08025E+02
6.951293945E+08,-1.06785E+02
6.951599121E+08,-1.04965E+02
6.951904297E+08,-1.22645E+02
6.952209473E+08,-1.05065E+02
6.952514648E+08,-1.16265E+02
6.952819824E+08,-1.04945E+02
6.953125000E+08,-1.15645E+02
6.953430176E+08,-1.05525E+02
6.953735352E+08,-1.07005E+02
6.954040527E+08,-1.05645E+02
6.954345703E+08,-1.09165E+02
6.954650879E+08,-1.13185E+02
6.954956055E+08,-1.07945E+02
6.955261230E+08,-1.04225E+02
6.955566406E+08,-1.08045E+02
6.955871582E+08,-1.25345E+02
6.956176758E+08,-1.18365E+02
6.956481934E+08,-1.12925E+02
6.956787109E+08,-1.13625E+02
6.957092285E+08,-1.14025E+02
6.957397461E+08,-1.09665E+02
6.957702637E+08,-1.04005E+02
6.958007812E+08,-1.01845E+02
6.958312988E+08,-1.02265E+02
6.958618164E+08,-1.08205E+02
6.958923340E+08,-1.07385E+02
6.959228516E+08,-1.08845E+02
6.959533691E+08,-1.08265E+02
6.959838867E+08,-1.09225E+02
6.960144043E+08,-1.12705E+02
6.960449219E+08,-1.03925E+02
6.960754395E+08,-1.01425E+02
6.961059570E+08,-1.01425E+02
6.961364746E+08,-1.04625E+02
6.961669922E+08,-1.11325E+02
6.961975098E+08,-1.13125E+02
6.962280273E+08,-1.05685E+02
6.962585449E+08,-1.10505E+02
6.962890625E+08,-1.09485E+02
6.963195801E+08,-1.05765E+02
6.963500977E+08,-1.05665E+02
6.963806152E+08,-1.01705E+02
6.964111328E+08,-1.04225E+02
6.964416504E+08,-1.13905E+02
6.964721680E+08,-1.08785E+02
6.965026855E+08,-1.06765E+02
6.965332031E+08,-1.04805E+02
6.965637207E+08,-1.02685E+02
6.965942383E+08,-1.05445E+02
6.966247559E+08,-1.33385E+02
6.966552734E+08,-1.11385E+02
6.966857910E+08,-1.06885E+02
6.967163086E+08,-1.04085E+02
6.967468262E+08,-1.06425E+02
6.967773438E+08,-1.13045E+02
6.968078613E+08,-1.11505E+02
6.968383789E+08,-1.04205E+02
6.968688965E+08,-9.99654E+01
6.968994141E+08,-1.05565E+02
6.969299316E+08,-1.15965E+02
6.969604492E+08,-1.18785E+02
6.969909668E+08,-1.04945E+02
6.970214844E+08,-1.02965E+02
6.970520020E+08,-1.19485E+02
6.970825195E+08,-1.06385E+02
6.971130371E+08,-1.07905E+02
6.971435547E+08,-1.11205E+02
6.971740723E+08,-1.13765E+02
6.972045898E+08,-1.06125E+02
6.972351074E+08,-1.09305E+02
6.972656250E+08,-1.12805E+02
6.972961426E+08,-1.22565E+02
6.973266602E+08,-1.11205E+02
6.973571777E+08,-1.04225E+02
6.973876953E+08,-1.06145E+02
6.974182129E+08,-1.06845E+02
6.974487305E+08,-1.06265E+02
6.974792480E+08,-1.13885E+02
6.975097656E+08,-1.13825E+02
6.975402832E+08,-1.06085E+02
6.975708008E+08,-1.09745E+02
6.976013184E+08,-1.14725E+02
6.976318359E+08,-1.11145E+02
6.976623535E+08,-1.07105E+02
6.976928711E+08,-1.04985E+02
6.977233887E+08,-1.09545E+02
6.977539062E+08,-1.15265E+02
6.977844238E+08,-1.04785E+02
6.978149414E+08,-1.02285E+02
6.978454590E+08,-1.02125E+02
6.978759766E+08,-1.04965E+02
6.979064941E+08,-1.12725E+02
6.979370117E+08,-1.07165E+02
6.979675293E+08,-1.11725E+02
6.979980469E+08,-1.17545E+02
6.980285645E+08,-1.11705E+02
6.980590820E+08,-1.13845E+02
6.980895996E+08,-1.07945E+02
6.981201172E+08,-1.10745E+02
6.981506348E+08,-1.12325E+02
6.981811523E+08,-1.14405E+02
6.982116699E+08,-1.12685E+02
6.982421875E+08,-1.09625E+02
6.982727051E+08,-1.10585E+02
6.983032227E+08,-1.12165E+02
6.983337402E+08,-1.20365E+02
6.983642578E+08,-1.11165E+02
6.983947754E+08,-1.12185E+02
6.984252930E+08,-1.08425E+02
6.984558105E+08,-1.07045E+02
6.984863281E+08,-1.09305E+02
6.985168457E+08,-1.15545E+02
6.985473633E+08,-1.09745E+02
6.985778809E+08,-1.13165E+02
6.986083984E+08,-1.04645E+02
6.986389160E+08,-1.11605E+02
6.986694336E+08,-1.10745E+02
6.986999512E+08,-1.05445E+02
6.987304688E+08,-1.06145E+02
6.987609863E+08,-1.02265E+02
6.987915039E+08,-1.01005E+02
6.988220215E+08,-1.04625E+02
6.988525391E+08,-1.06745E+02
6.988830566E+08,-1.01625E+02
6.989135742E+08,-1.03965E+02
6.989440918E+08,-1.05825E+02
6.989746094E+08,-1.05365E+02
6.990051270E+08,-1.01765E+02
6.990356445E+08,-1.06605E+02
6.990661621E+08,-1.15345E+02
6.990966797E+08,-1.05965E+02
6.991271973E+08,-1.08905E+02
6.991577148E+08,-1.19025E+02
6.991882324E+08,-1.12205E+02
6.992187500E+08,-1.15725E+02
6.992492676E+08,-1.16005E+02
6.992797852E+08,-1.16625E+02
6.993103027E+08,-1.03725E+02
6.993408203E+08,-1.03225E+02
6.993713379E+08,-1.06745E+02
6.994018555E+08,-1.09705E+02
6.994323730E+08,-1.08545E+02
6.994628906E+08,-1.01765E+02
6.994934082E+08,-1.01645E+02
6.995239258E+08,-1.04885E+02
6.995544434E+08,-1.11925E+02
6.995849609E+08,-1.08285E+02
6.996154785E+08,-1.07165E+02
6.996459961E+08,-1.12045E+02
6.996765137E+08,-1.07785E+02
6.997070312E+08,-1.19205E+02
6.997375488E+08,-1.09745E+02
6.997680664E+08,-1.09845E+02
6.997985840E+08,-1.13225E+02
6.998291016E+08,-1.10745E+02
6.998596191E+08,-1.12525E+02
6.998901367E+08,-1.09265E+02
6.999206543E+08,-1.05705E+02
6.999511719E+08,-1.03785E+02
6.999816895E+08,-1.11185E+02
7.000122070E+08,-1.09625E+02
7.000427246E+08,-1.11165E+02
7.000732422E+08,-1.16045E+02
7.001037598E+08,-1.07325E+02
7.001342773E+08,-1.03805E+02
7.001647949E+08,-1.01725E+02
7.001953125E+08,-1.05925E+02
7.002258301E+08,-1.08605E+02
7.002563477E+08,-1.03545E+02
7.002868652E+08,-1.12405E+02
7.003173828E+08,-1.12785E+02
7.003479004E+08,-1.07685E+02
7.003784180E+08,-1.12905E+02
7.004089355E+08,-1.27045E+02
7.004394531E+08,-1.09265E+02
7.004699707E+08,-1.16245E+02
7.005004883E+08,-1.04505E+02
7.005310059E+08,-1.09065E+02
7.005615234E+08,-1.07465E+02
7.005920410E+08,-1.03245E+02
7.006225586E+08,-1.06525E+02
7.006530762E+08,-1.19885E+02
7.006835938E+08,-1.13365E+02
7.007141113E+08,-1.15985E+02
7.007446289E+08,-1.05525E+02
7.007751465E+08,-1.06565E+02
7.008056641E+08,-1.08045E+02
7.008361816E+08,-1.08905E+02
7.008666992E+08,-1.16045E+02
7.008972168E+08,-1.05565E+02
7.009277344E+08,-1.16785E+02
7.009582520E+08,-1.13905E+02
7.009887695E+08,-1.11325E+02
7.010192871E+08,-1.09105E+02
7.010498047E+08,-1.10745E+02
7.010803223E+08,-1.20005E+02
7.011108398E+08,-1.10685E+02
7.011413574E+08,-1.14465E+02
7.011718750E+08,-1.16125E+02
7.012023926E+08,-1.28165E+02
7.012329102E+08,-1.08565E+02
7.012634277E+08,-1.06185E+02
7.012939453E+08,-1.19365E+02
7.013244629E+08,-1.16545E+02
7.013549805E+08,-1.19765E+02
7.013854980E+08,-1.16265E+02
7.014160156E+08,-1.09225E+02
7.014465332E+08,-1.05685E+02
7.014770508E+08,-1.04105E+02
7.015075684E+08,-1.04085E+02
7.015380859E+08,-1.03945E+02
7.015686035E+08,-1.00085E+02
7.015991211E+08,-1.04325E+02
7.016296387E+08,-1.13645E+02
7.016601562E+08,-1.15405E+02
7.016906738E+08,-1.10005E+02
7.017211914E+08,-1.03385E+02
7.017517090E+08,-1.04345E+02
7.017822266E+08,-1.10325E+02
7.018127441E+08,-1.00045E+02
7.018432617E+08,-9.90254E+01
7.018737793E+08,-1.03085E+02
7.019042969E+08,-1.03945E+02
7.019348145E+08,-1.04785E+02
7.019653320E+08,-1.08525E+02
7.019958496E+08,-1.16165E+02
7.020263672E+08,-1.10325E+02
7.020568848E+08,-1.09365E+02
7.020874023E+08,-1.08525E+02
7.021179199E+08,-1.14565E+02
7.021484375E+08,-1.12545E+02
7.021789551E+08,-1.13605E+02
7.022094727E+08,-1.06005E+02
7.022399902E+08,-1.04585E+02
7.022705078E+08,-1.05485E+02
7.023010254E+08,-1.14725E+02
7.023315430E+08,-1.07705E+02
7.023620605E+08,-1.04325E+02
7.023925781E+08,-1.04965E+02
7.024230957E+08,-1.11665E+02
7.024536133E+08,-1.13185E+02
7.024841309E+08,-1.13225E+02
7.025146484E+08,-1.05965E+02
7.025451660E+08,-1.06405E+02
7.025756836E+08,-1.02605E+02
7.026062012E+08,-1.05245E+02
7.026367188E+08,-1.20125E+02
7.026672363E+08,-1.06405E+02
7.026977539E+08,-1.14905E+02
7.027282715E+08,-1.09345E+02
7.027587891E+08,-1.09805E+02
7.027893066E+08,-1.05865E+02
7.028198242E+08,-1.09625E+02
7.028503418E+08,-1.11965E+02
7.028808594E+08,-1.06585E+02
7.029113770E+08,-1.27025E+02
7.029418945E+08,-1.03785E+02
7.029724121E+08,-1.03365E+02
7.030029297E+08,-1.07725E+02
7.030334473E+08,-1.07425E+02
7.030639648E+08,-1.06265E+02
7.030944824E+08,-1.12705E+02
7.031250000E+08,-1.01765E+02
7.031555176E+08,-1.00585E+02
7.031860352E+08,-9.95454E+01
7.032165527E+08,-9.87254E+01
7.032470703E+08,-1.05685E+02
7.032775879E+08,-1.07945E+02
7.033081055E+08,-1.05865E+02
7.033386230E+08,-1.02165E+02
7.033691406E+08,-1.03805E+02
7.033996582E+08,-1.31005E+02
7.034301758E+08,-1.05625E+02
7.034606934E+08,-1.03405E+02
7.034912109E+08,-1.02885E+02
7.035217285E+08,-1.09925E+02
7.035522461E+08,-1.06865E+02
7.035827637E+08,-1.02425E+02
7.036132812E+08,-1.08845E+02
7.036437988E+08,-1.12205E+02
7.036743164E+08,-1.09105E+02
7.037048340E+08,-1.15825E+02
7.037353516E+08,-1.10725E+02
7.037658691E+08,-1.12885E+02
7.037963867E+08,-1.08465E+02
7.038269043E+08,-1.03425E+02
7.038574219E+08,-1.00325E+02
7.038879395E+08,-1.06745E+02
7.039184570E+08,-1.01005E+02
7.039489746E+08,-9.96254E+01
7.039794922E+08,-1.14625E+02
7.040100098E+08,-1.09165E+02
7.040405273E+08,-1.06285E+02
7.040710449E+08,-1.09885E+02
7.041015625E+08,-1.23005E+02
7.041320801E+08,-1.16325E+02
7.041625977E+08,-1.07345E+02
7.041931152E+08,-1.09005E+02
7.042236328E+08,-1.08325E+02
7.042541504E+08,-1.13045E+02
7.042846680E+08,-1.14885E+02
7.043151855E+08,-1.08685E+02
7.043457031E+08,-1.09125E+02
7.043762207E+08,-1.07865E+02
7.044067383E+08,-1.06005E+02
7.044372559E+08,-1.03005E+02
7.044677734E+08,-1.04985E+02
7.044982910E+08,-1.06585E+02
7.045288086E+08,-1.02625E+02
7.045593262E+08,-1.00345E+02
7.045898438E+08,-1.05125E+02
7.046203613E+08,-1.08865E+02
7.046508789E+08,-1.18625E+02
7.046813965E+08,-1.08665E+02
7.047119141E+08,-1.10505E+02
7.047424316E+08,-1.09485E+02
7.047729492E+08,-1.04345E+02
7.048034668E+08,-1.10225E+02
7.048339844E+08,-1.07825E+02
7.048645020E+08,-1.27205E+02
7.048950195E+08,-1.00885E+02
7.049255371E+08,-1.02945E+02
7.049560547E+08,-1.09845E+02
7.049865723E+08,-1.11125E+02
7.050170898E+08,-1.17165E+02
7.050476074E+08,-1.06825E+02
7.050781250E+08,-1.05525E+02
7.051086426E+08,-1.09225E+02
7.051391602E+08,-1.07905E+02
7.051696777E+08,-1.02725E+02
7.052001953E+08,-1.04945E+02
7.052307129E+08,-1.09265E+02
7.052612305E+08,-1.19125E+02
7.052917480E+08,-1.20685E+02
7.053222656E+08,-1.12305E+02
7.053527832E+08,-1.11145E+02
7.053833008E+08,-1.07485E+02
7.054138184E+08,-1.11165E+02
7.054443359E+08,-1.07985E+02
7.054748535E+08,-1.16205E+02
7.055053711E+08,-1.05185E+02
7.055358887E+08,-1.01845E+02
7.055664062E+08,-1.04085E+02
7.055969238E+08,-1.14705E+02
7.056274414E+08,-1.21625E+02
7.056579590E+08,-1.06545E+02
7.056884766E+08,-1.03785E+02
7.057189941E+08,-1.12025E+02
7.057495117E+08,-1.26605E+02
7.057800293E+08,-1.15125E+02
7.058105469E+08,-1.18105E+02
7.058410645E+08,-1.25185E+02
7.058715820E+08,-1.09205E+02
7.059020996E+08,-1.09125E+02
7.059326172E+08,-1.10685E+02
7.059631348E+08,-1.05405E+02
7.059936523E+08,-1.03145E+02
7.060241699E+08,-1.10425E+02
7.060546875E+08,-1.12005E+02
7.060852051E+08,-1.02845E+02
7.061157227E+08,-1.07625E+02
7.061462402E+08,-1.14625E+02
7.061767578E+08,-1.08185E+02
7.062072754E+08,-1.02345E+02
7.062377930E+08,-1.03985E+02
7.062683105E+08,-1.02065E+02
7.062988281E+08,-1.01505E+02
7.063293457E+08,-1.04105E+02
7.063598633E+08,-1.02005E+02
7.063903809E+08,-1.04265E+02
7.064208984E+08,-1.16685E+02
7.064514160E+08,-1.08785E+02
7.064819336E+08,-1.06405E+02
7.065124512E+08,-1.04685E+02
7.065429688E+08,-1.03525E+02
7.065734863E+08,-1.08005E+02
7.066040039E+08,-1.15565E+02
7.066345215E+08,-1.11705E+02
7.066650391E+08,-1.02945E+02
7.066955566E+08,-1.05245E+02
7.067260742E+08,-1.10345E+02
7.067565918E+08,-1.04805E+02
7.067871094E+08,-1.06325E+02
7.068176270E+08,-1.14665E+02
7.068481445E+08,-1.06925E+02
7.068786621E+08,-1.06065E+02
7.069091797E+08,-1.09765E+02
7.069396973E+08,-1.06125E+02
7.069702148E+08,-1.01165E+02
7.070007324E+08,-1.03445E+02
7.070312500E+08,-1.11865E+02
7.070617676E+08,-1.06865E+02
7.070922852E+08,-1.05145E+02
7.071228027E+08,-1.06085E+02
7.071533203E+08,-1.08285E+02
7.071838379E+08,-1.06845E+02
7.072143555E+08,-1.02985E+02
7.072448730E+08,-1.04785E+02
7.072753906E+08,-1.12625E+02
7.073059082E+08,-1.03785E+02
7.073364258E+08,-1.03705E+02
7.073669434E+08,-1.08285E+02
7.073974609E+08,-1.18665E+02
7.074279785E+08,-1.11405E+02
7.074584961E+08,-1.05725E+02
7.074890137E+08,-1.08245E+02
7.075195312E+08,-1.11565E+02
7.075500488E+08,-1.28345E+02
7.075805664E+08,-1.11745E+02
7.076110840E+08,-1.12685E+02
7.076416016E+08,-1.06385E+02
7.076721191E+08,-1.05245E+02
7.077026367E+08,-1.06825E+02
7.077331543E+08,-1.14125E+02
7.077636719E+08,-1.09025E+02
7.077941895E+08,-1.19965E+02
7.078247070E+08,-1.04625E+02
7.078552246E+08,-1.05205E+02
7.078857422E+08,-1.18965E+02
7.079162598E+08,-1.11645E+02
7.079467773E+08,-1.11845E+02
7.079772949E+08,-1.15585E+02
7.080078125E+08,-1.12445E+02
7.080383301E+08,-1.11425E+02
7.080688477E+08,-1.13185E+02
7.080993652E+08,-1.25985E+02
7.081298828E+08,-1.20545E+02
7.081604004E+08,-1.08665E+02
7.081909180E+08,-1.05125E+02
7.082214355E+08,-1.07265E+02
7.082519531E+08,-1.11305E+02
7.082824707E+08,-1.10225E+02
7.083129883E+08,-1.25925E+02
7.083435059E+08,-1.05645E+02
7.083740234E+08,-1.09845E+02
7.084045410E+08,-1.08285E+02
7.084350586E+08,-1.11805E+02
7.084655762E+08,-1.09265E+02
7.084960938E+08,-1.04465E+02
7.085266113E+08,-1.08905E+02
7.085571289E+08,-1.10345E+02
7.085876465E+08,-1.05245E+02
7.086181641E+08,-1.05665E+02
7.086486816E+08,-1.08365E+02
7.086791992E+08,-1.06105E+02
7.087097168E+08,-1.11685E+02
7.087402344E+08,-1.09485E+02
7.087707520E+08,-1.04245E+02
7.088012695E+08,-1.03865E+02
7.088317871E+08,-1.21645E+02
7.088623047E+08,-1.06785E+02
7.088928223E+08,-1.11245E+02
7.089233398E+08,-1.04305E+02
7.089538574E+08,-1.01525E+02
7.089843750E+08,-1.03805E+02
7.090148926E+08,-1.04425E+02
7.090454102E+08,-1.08105E+02
7.090759277E+08,-1.08545E+02
7.091064453E+08,-1.02525E+02
7.091369629E+08,-1.03185E+02
7.091674805E+08,-1.02145E+02
7.091979980E+08,-1.07705E+02
7.092285156E+08,-1.08605E+02
7.092590332E+08,-1.03605E+02
7.092895508E+08,-1.01325E+02
7.093200684E+08,-1.03925E+02
7.093505859E+08,-1.14905E+02
7.093811035E+08,-1.04885E+02
7.094116211E+08,-1.03345E+02
7.094421387E+08,-1.03165E+02
7.094726562E+08,-1.05645E+02
7.095031738E+08,-1.20845E+02
7.095336914E+08,-1.10765E+02
7.095642090E+08,-1.09505E+02
7.095947266E+08,-1.15245E+02
7.096252441E+08,-1.08665E+02
7.096557617E+08,-1.08365E+02
7.096862793E+08,-1.11485E+02
7.097167969E+08,-1.10885E+02
7.097473145E+08,-1.03725E+02
7.097778320E+08,-1.03465E+02
7.098083496E+08,-1.02445E+02
7.098388672E+08,-1.16245E+02
7.098693848E+08,-1.02325E+02
7.098999023E+08,-1.01365E+02
7.099304199E+08,-1.03705E+02
7.099609375E+08,-1.17685E+02
7.099914551E+08,-1.09065E+02
7.100219727E+08,-1.27365E+02
7.100524902E+08,-1.03325E+02
7.100830078E+08,-1.00945E+02
7.101135254E+08,-1.05125E+02
7.101440430E+08,-1.15705E+02
7.101745605E+08,-1.05385E+02
7.102050781E+08,-1.03985E+02
7.102355957E+08,-1.06985E+02
7.102661133E+08,-1.06165E+02
7.102966309E+08,-1.07145E+02
7.103271484E+08,-1.14005E+02
7.103576660E+08,-1.07685E+02
7.103881836E+08,-1.13725E+02
7.104187012E+08,-1.05805E+02
7.104492188E+08,-1.01585E+02
7.104797363E+08,-1.08965E+02
7.105102539E+08,-1.08725E+02
7.105407715E+08,-1.03585E+02
7.105712891E+08,-1.03965E+02
7.106018066E+08,-1.07465E+02
7.106323242E+08,-1.10345E+02
7.106628418E+08,-1.08805E+02
7.106933594E+08,-1.07045E+02
7.107238770E+08,-1.10505E+02
7.107543945E+08,-1.12725E+02
7.107849121E+08,-1.02745E+02
7.108154297E+08,-1.01905E+02
7.108459473E+08,-1.21945E+02
7.108764648E+08,-1.06265E+02
7.109069824E+08,-1.27985E+02
7.109375000E+08,-1.07545E+02
7.109680176E+08,-1.09265E+02
7.109985352E+08,-1.08125E+02
7.110290527E+08,-1.13185E+02
7.110595703E+08,-1.05365E+02
7.110900879E+08,-1.02525E+02
7.111206055E+08,-1.04605E+02
7.111511230E+08,-1.16625E+02
7.111816406E+08,-1.07945E+02
7.112121582E+08,-1.03425E+02
7.112426758E+08,-1.12205E+02
7.112731934E+08,-1.18625E+02
7.113037109E+08,-1.00985E+02
7.113342285E+08,-9.82454E+01
7.113647461E+08,-1.05045E+02
7.113952637E+08,-1.02065E+02
7.114257812E+08,-1.04025E+02
7.114562988E+08,-1.04065E+02
7.114868164E+08,-1.00605E+02
7.115173340E+08,-1.03445E+02
7.115478516E+08,-1.06985E+02
7.115783691E+08,-1.07345E+02
7.116088867E+08,-1.15725E+02
7.116394043E+08,-1.07105E+02
7.116699219E+08,-1.07465E+02
7.117004395E+08,-1.10785E+02
7.117309570E+08,-1.02745E+02
7.117614746E+08,-9.97454E+01
7.117919922E+08,-1.04085E+02
7.118225098E+08,-1.21585E+02
7.118530273E+08,-1.17005E+02
7.118835449E+08,-1.05365E+02
7.119140625E+08,-1.04045E+02
7.119445801E+08,-1.07185E+02
7.119750977E+08,-1.09445E+02
7.120056152E+08,-1.07145E+02
7.120361328E+08,-1.04105E+02
7.120666504E+08,-1.04205E+02
7.120971680E+08,-1.01165E+02
7.121276855E+08,-1.11085E+02
7.121582031E+08,-1.04965E+02
7.121887207E+08,-1.02225E+02
7.122192383E+08,-1.06645E+02
7.122497559E+08,-1.04545E+02
7.122802734E+08,-1.00265E+02
7.123107910E+08,-1.07205E+02
7.123413086E+08,-1.05745E+02
7.123718262E+08,-1.07905E+02
7.124023438E+08,-1.12285E+02
7.124328613E+08,-1.08565E+02
7.124633789E+08,-1.12085E+02
7.124938965E+08,-1.04545E+02
7.125244141E+08,-1.04625E+02
7.125549316E+08,-1.06705E+02
7.125854492E+08,-1.09365E+02
7.126159668E+08,-1.04265E+02
7.126464844E+08,-1.03045E+02
7.126770020E+08,-1.05205E+02
7.127075195E+08,-1.10005E+02
7.127380371E+08,-1.09765E+02
7.127685547E+08,-1.15265E+02
7.127990723E+08,-1.18325E+02
7.128295898E+08,-1.30265E+02
7.128601074E+08,-1.11405E+02
7.128906250E+08,-1.12985E+02
7.129211426E+08,-1.10585E+02
7.129516602E+08,-1.06505E+02
7.129821777E+08,-1.02345E+02
7.130126953E+08,-1.02625E+02
7.130432129E+08,-1.11345E+02
7.130737305E+08,-1.06945E+02
7.131042480E+08,-1.03885E+02
7.131347656E+08,-1.03905E+02
7.131652832E+08,-1.04185E+02
7.131958008E+08,-1.09165E+02
7.132263184E+08,-1.15345E+02
7.132568359E+08,-1.14725E+02
7.132873535E+08,-1.18025E+02
7.133178711E+08,-1.10465E+02
7.133483887E+08,-1.06445E+02
7.133789062E+08,-1.02165E+02
7.134094238E+08,-1.04045E+02
7.134399414E+08,-1.07085E+02
7.134704590E+08,-1.01465E+02
7.135009766E+08,-1.06045E+02
7.135314941E+08,-1.06685E+02
7.135620117E+08,-1.10005E+02
7.135925293E+08,-1.13265E+02
7.136230469E+08,-1.12965E+02
7.136535645E+08,-1.17845E+02
7.136840820E+08,-1.06445E+02
7.137145996E+08,-1.15005E+02
7.137451172E+08,-1.04105E+02
7.137756348E+08,-1.01385E+02
7.138061523E+08,-1.01825E+02
7.138366699E+08,-1.06925E+02
7.138671875E+08,-1.06585E+02
7.138977051E+08,-1.09965E+02
7.139282227E+08,-1.07005E+02
7.139587402E+08,-1.02545E+02
7.139892578E+08,-1.01165E+02
7.140197754E+08,-1.01665E+02
7.140502930E+08,-1.07865E+02
7.140808105E+08,-1.09205E+02
7.141113281E+08,-1.08405E+02
7.141418457E+08,-1.01525E+02
7.141723633E+08,-1.03705E+02
7.142028809E+08,-1.06205E+02
7.142333984E+08,-1.06385E+02
7.142639160E+08,-1.07585E+02
7.142944336E+08,-1.09165E+02
7.143249512E+08,-1.06605E+02
7.143554688E+08,-1.02865E+02
7.143859863E+08,-1.02525E+02
7.144165039E+08,-1.04265E+02
7.144470215E+08,-1.05765E+02
7.144775391E+08,-1.03225E+02
7.145080566E+08,-1.06485E+02
7.145385742E+08,-1.07325E+02
7.145690918E+08,-1.10465E+02
7.145996094E+08,-1.06205E+02
7.146301270E+08,-1.06685E+02
7.146606445E+08,-1.06825E+02
7.146911621E+08,-1.14805E+02
7.147216797E+08,-1.13285E+02
7.147521973E+08,-1.24365E+02
7.147827148E+08,-1.07285E+02
7.148132324E+08,-1.11785E+02
7.148437500E+08,-1.11285E+02
7.148742676E+08,-1.16665E+02
7.149047852E+08,-1.02805E+02
7.149353027E+08,-1.02245E+02
7.149658203E+08,-1.00085E+02
7.149963379E+08,-1.03745E+02
7.150268555E+08,-1.15605E+02
7.150573730E+08,-1.11145E+02
7.150878906E+08,-1.09965E+02
7.151184082E+08,-1.25025E+02
7.151489258E+08,-1.08525E+02
7.151794434E+08,-1.06105E+02
7.152099609E+08,-1.17005E+02
7.152404785E+08,-1.05265E+02
7.152709961E+08,-1.05705E+02
7.153015137E+08,-1.09765E+02
7.153320312E+08,-1.07465E+02
7.153625488E+08,-1.16185E+02
7.153930664E+08,-1.10765E+02
7.154235840E+08,-1.16065E+02
7.154541016E+08,-1.07245E+02
7.154846191E+08,-1.07345E+02
7.155151367E+08,-1.11325E+02
7.155456543E+08,-1.05105E+02
7.155761719E+08,-1.12865E+02
7.156066895E+08,-1.14265E+02
7.156372070E+08,-1.05545E+02
7.156677246E+08,-1.06325E+02
7.156982422E+08,-1.12185E+02
7.157287598E+08,-1.06865E+02
7.157592773E+08,-1.02325E+02
7.157897949E+08,-1.07265E+02
7.158203125E+08,-1.21505E+02
7.158508301E+08,-1.05905E+02
7.158813477E+08,-1.13365E+02
7.159118652E+08,-1.04045E+02
7.159423828E+08,-1.03605E+02
7.159729004E+08,-1.14405E+02
7.160034180E+08,-1.06065E+02
7.160339355E+08,-1.07105E+02
7.160644531E+08,-1.09585E+02
7.160949707E+08,-1.21945E+02
7.161254883E+08,-1.16145E+02
7.161560059E+08,-1.16865E+02
7.161865234E+08,-1.10425E+02
7.162170410E+08,-1.14725E+02
7.162475586E+08,-1.03905E+02
7.162780762E+08,-1.06485E+02
7.163085938E+08,-1.14845E+02
7.163391113E+08,-1.09845E+02
7.163696289E+08,-1.08545E+02
7.164001465E+08,-1.09405E+02
7.164306641E+08,-1.16225E+02
7.164611816E+08,-1.16545E+02
7.164916992E+08,-1.13085E+02
7.165222168E+08,-1.09005E+02
7.165527344E+08,-1.07425E+02
7.165832520E+08,-1.04765E+02
7.166137695E+08,-1.13925E+02
7.166442871E+08,-1.08125E+02
7.166748047E+08,-1.06945E+02
7.167053223E+08,-1.02385E+02
7.167358398E+08,-1.03585E+02
7.167663574E+08,-1.04425E+02
7.167968750E+08,-1.11665E+02
7.168273926E+08,-1.24785E+02
7.168579102E+08,-1.16145E+02
7.168884277E+08,-1.11365E+02
7.169189453E+08,-1.12445E+02
7.169494629E+08,-1.17805E+02
7.169799805E+08,-1.12345E+02
7.170104980E+08,-1.11105E+02
7.170410156E+08,-1.09505E+02
7.170715332E+08,-1.13045E+02
7.171020508E+08,-1.11085E+02
7.171325684E+08,-1.11985E+02
7.171630859E+08,-1.08685E+02
7.171936035E+08,-1.09765E+02
7.172241211E+08,-1.14305E+02
7.172546387E+08,-1.05925E+02
7.172851562E+08,-1.13685E+02
7.173156738E+08,-1.12005E+02
7.173461914E+08,-1.07405E+02
7.173767090E+08,-1.03265E+02
7.174072266E+08,-1.04885E+02
7.174377441E+08,-1.09505E+02
7.174682617E+08,-1.11205E+02
7.174987793E+08,-1.20805E+02
7.175292969E+08,-1.11825E+02
7.175598145E+08,-1.14025E+02
7.175903320E+08,-1.22125E+02
7.176208496E+08,-1.15345E+02
7.176513672E+08,-1.25385E+02
7.176818848E+08,-1.07825E+02
7.177124023E+08,-1.10805E+02
7.177429199E+08,-1.06565E+02
7.177734375E+08,-1.03245E+02
7.178039551E+08,-1.10085E+02
7.178344727E+08,-1.09505E+02
7.178649902E+08,-1.02905E+02
7.178955078E+08,-1.02885E+02
7.179260254E+08,-1.11425E+02
7.179565430E+08,-1.10985E+02
7.179870605E+08,-1.11705E+02
7.180175781E+08,-1.02405E+02
7.180480957E+08,-1.04705E+02
7.180786133E+08,-1.03885E+02
7.181091309E+08,-1.02885E+02
7.181396484E+08,-1.13405E+02
7.181701660E+08,-1.03625E+02
7.182006836E+08,-1.03925E+02
7.182312012E+08,-1.03925E+02
7.182617188E+08,-1.10665E+02
7.182922363E+08,-1.03745E+02
7.183227539E+08,-1.06705E+02
7.183532715E+08,-1.05485E+02
7.183837891E+08,-1.02485E+02
7.184143066E+08,-1.07785E+02
7.184448242E+08,-1.14165E+02
7.184753418E+08,-1.17245E+02
7.185058594E+08,-1.16065E+02
7.185363770E+08,-1.05585E+02
7.185668945E+08,-1.03545E+02
7.185974121E+08,-1.07285E+02
7.186279297E+08,-1.15185E+02
7.186584473E+08,-1.03745E+02
7.186889648E+08,-9.89654E+01
7.187194824E+08,-1.00625E+02
7.187500000E+08,-1.01245E+02
7.187805176E+08,-1.07565E+02
7.188110352E+08,-1.02805E+02
7.188415527E+08,-1.04725E+02
7.188720703E+08,-1.06505E+02
7.189025879E+08,-1.08685E+02
7.189331055E+08,-1.06005E+02
7.189636230E+08,-1.06705E+02
7.189941406E+08,-1.10265E+02
7.190246582E+08,-1.01785E+02
7.190551758E+08,-1.04525E+02
7.190856934E+08,-1.11205E+02
7.191162109E+08,-1.14625E+02
7.191467285E+08,-1.12525E+02
7.191772461E+08,-1.03965E+02
7.192077637E+08,-1.05525E+02
7.192382812E+08,-1.03365E+02
7.192687988E+08,-1.05585E+02
7.192993164E+08,-1.12485E+02
7.193298340E+08,-1.26925E+02
7.193603516E+08,-1.28805E+02
7.193908691E+08,-1.08025E+02
7.194213867E+08,-1.10705E+02
7.194519043E+08,-1.05525E+02
7.194824219E+08,-1.03585E+02
7.195129395E+08,-1.05685E+02
7.195434570E+08,-1.06925E+02
7.195739746E+08,-1.05345E+02
7.196044922E+08,-1.02625E+02
7.196350098E+08,-1.07385E+02
7.196655273E+08,-1.12385E+02
7.196960449E+08,-1.11125E+02
7.197265625E+08,-1.05265E+02
7.197570801E+08,-1.03565E+02
7.197875977E+08,-1.07725E+02
7.198181152E+08,-1.06865E+02
7.198486328E+08,-1.07425E+02
7.198791504E+08,-1.20185E+02
7.199096680E+08,-1.05325E+02
7.199401855E+08,-1.01005E+02
7.199707031E+08,-1.00225E+02
7.200012207E+08,-1.02485E+02
7.200317383E+08,-1.10085E+02
7.200622559E+08,-1.15085E+02
7.200927734E+08,-1.02905E+02
7.201232910E+08,-1.02405E+02
7.201538086E+08,-1.07985E+02
7.201843262E+08,-1.13465E+02
7.202148438E+08,-1.09485E+02
7.202453613E+08,-1.13065E+02
7.202758789E+08,-1.14785E+02
7.203063965E+08,-1.23825E+02
7.203369141E+08,-1.11445E+02
7.203674316E+08,-1.14245E+02
7.203979492E+08,-1.05385E+02
7.204284668E+08,-1.03505E+02
7.204589844E+08,-1.17625E+02
7.204895020E+08,-9.98854E+01
7.205200195E+08,-9.92054E+01
7.205505371E+08,-1.20505E+02
7.205810547E+08,-1.01445E+02
7.206115723E+08,-1.05705E+02
7.206420898E+08,-1.33385E+02
7.206726074E+08,-1.12665E+02
7.207031250E+08,-1.04045E+02
7.207336426E+08,-1.04545E+02
7.207641602E+08,-1.02205E+02
7.207946777E+08,-1.05645E+02
7.208251953E+08,-1.14805E+02
7.208557129E+08,-1.09445E+02
7.208862305E+08,-1.10265E+02
7.209167480E+08,-1.06305E+02
7.209472656E+08,-1.04305E+02
7.209777832E+08,-1.04345E+02
7.210083008E+08,-1.06065E+02
7.210388184E+08,-1.06065E+02
7.210693359E+08,-1.04105E+02
7.210998535E+08,-1.07345E+02
7.211303711E+08,-1.10125E+02
7.211608887E+08,-1.13285E+02
7.211914062E+08,-1.10625E+02
7.212219238E+08,-1.18205E+02
7.212524414E+08,-1.09665E+02
7.212829590E+08,-1.08625E+02
7.213134766E+08,-1.07245E+02
7.213439941E+08,-1.03925E+02
7.213745117E+08,-1.13325E+02
7.214050293E+08,-1.13545E+02
7.214355469E+08,-1.10885E+02
7.214660645E+08,-1.07905E+02
7.214965820E+08,-1.05045E+02
7.215270996E+08,-1.05305E+02
7.215576172E+08,-1.07265E+02
7.215881348E+08,-1.11325E+02
7.216186523E+08,-1.16625E+02
7.216491699E+08,-1.08745E+02
7.216796875E+08,-1.09805E+02
7.217102051E+08,-1.11305E+02
7.217407227E+08,-1.07525E+02
7.217712402E+08,-1.11865E+02
7.218017578E+08,-1.12185E+02
7.218322754E+08,-1.08805E+02
7.218627930E+08,-1.09445E+02
7.218933105E+08,-1.04365E+02
7.219238281E+08,-1.00465E+02
7.219543457E+08,-1.06225E+02
7.219848633E+08,-1.11805E+02
7.220153809E+08,-1.08745E+02
7.220458984E+08,-1.14305E+02
7.220764160E+08,-1.07805E+02
7.221069336E+08,-1.17085E+02
7.221374512E+08,-1.08485E+02
7.221679688E+08,-1.07405E+02
7.221984863E+08,-1.02765E+02
7.222290039E+08,-1.05865E+02
7.222595215E+08,-1.00425E+02
7.222900391E+08,-1.03885E+02
7.223205566E+08,-1.11025E+02
7.223510742E+08,-1.22065E+02
7.223815918E+08,-1.06645E+02
7.224121094E+08,-1.05645E+02
7.224426270E+08,-1.09505E+02
7.224731445E+08,-1.09505E+02
7.225036621E+08,-1.07945E+02
7.225341797E+08,-1.04985E+02
7.225646973E+08,-1.06245E+02
7.225952148E+08,-1.14645E+02
7.226257324E+08,-1.11205E+02
7.226562500E+08,-1.03505E+02
7.226867676E+08,-1.05125E+02
7.227172852E+08,-1.05245E+02
7.227478027E+08,-1.05445E+02
7.227783203E+08,-1.07905E+02
7.228088379E+08,-1.19505E+02
7.228393555E+08,-1.02605E+02
7.228698730E+08,-1.02185E+02
7.229003906E+08,-1.10085E+02
7.229309082E+08,-1.23025E+02
7.229614258E+08,-1.11105E+02
7.229919434E+08,-1.05905E+02
7.230224609E+08,-1.05685E+02
7.230529785E+08,-1.11265E+02
7.230834961E+08,-1.14825E+02
7.231140137E+08,-1.05925E+02
7.231445312E+08,-1.07845E+02
7.231750488E+08,-1.02545E+02
7.232055664E+08,-1.03325E+02
7.232360840E+08,-1.09265E+02
7.232666016E+08,-1.02725E+02
7.232971191E+08,-1.03725E+02
7.233276367E+08,-1.05705E+02
7.233581543E+08,-1.12225E+02
7.233886719E+08,-1.08945E+02
7.234191895E+08,-1.05605E+02
7.234497070E+08,-1.13725E+02
7.234802246E+08,-1.17005E+02
7.235107422E+08,-1.12765E+02
7.235412598E+08,-1.06305E+02
7.235717773E+08,-1.04145E+02
7.236022949E+08,-1.02985E+02
7.236328125E+08,-1.06825E+02
7.236633301E+08,-1.05405E+02
7.236938477E+08,-1.00085E+02
7.237243652E+08,-1.02545E+02
7.237548828E+08,-1.06545E+02
7.237854004E+08,-1.05885E+02
7.238159180E+08,-1.11425E+02
7.238464355E+08,-1.07545E+02
7.238769531E+08,-1.03825E+02
7.239074707E+08,-1.04685E+02
7.239379883E+08,-1.10045E+02
7.239685059E+08,-1.11465E+02
7.239990234E+08,-1.11625E+02
7.240295410E+08,-1.08425E+02
7.240600586E+08,-1.10385E+02
7.240905762E+08,-1.09405E+02
7.241210938E+08,-1.07085E+02
7.241516113E+08,-1.16405E+02
7.241821289E+08,-1.11505E+02
7.242126465E+08,-1.09065E+02
7.242431641E+08,-1.14045E+02
7.242736816E+08,-1.12025E+02
7.243041992E+08,-1.13565E+02
7.243347168E+08,-1.10785E+02
7.243652344E+08,-1.08265E+02
7.243957520E+08,-1.04105E+02
7.244262695E+08,-1.12345E+02
7.244567871E+08,-1.04305E+02
7.244873047E+08,-1.01605E+02
7.245178223E+08,-1.04665E+02
7.245483398E+08,-1.05805E+02
7.245788574E+08,-1.12905E+02
7.246093750E+08,-1.09065E+02
7.246398926E+08,-1.08725E+02
7.246704102E+08,-1.05765E+02
7.247009277E+08,-1.06125E+02
7.247314453E+08,-1.12465E+02
7.247619629E+08,-1.13585E+02
7.247924805E+08,-1.08605E+02
7.248229980E+08,-1.18805E+02
7.248535156E+08,-1.13765E+02
7.248840332E+08,-1.09005E+02
7.249145508E+08,-1.05485E+02
7.249450684E+08,-1.06805E+02
7.249755859E+08,-1.08625E+02
7.250061035E+08,-1.17065E+02
7.250366211E+08,-1.10785E+02
7.250671387E+08,-1.03125E+02
7.250976562E+08,-1.04745E+02
7.251281738E+08,-1.06245E+02
7.251586914E+08,-1.12285E+02
7.251892090E+08,-1.15585E+02
7.252197266E+08,-1.08465E+02
7.252502441E+08,-1.01505E+02
7.252807617E+08,-1.25205E+02
7.253112793E+08,-1.04265E+02
7.253417969E+08,-1.12965E+02
7.253723145E+08,-1.09165E+02
7.254028320E+08,-1.07825E+02
7.254333496E+08,-1.01085E+02
7.254638672E+08,-1.03725E+02
7.254943848E+08,-1.14985E+02
7.255249023E+08,-1.04865E+02
7.255554199E+08,-1.06785E+02
7.255859375E+08,-1.05805E+02
7.256164551E+08,-1.02245E+02
7.256469727E+08,-1.12085E+02
7.256774902E+08,-1.27465E+02
7.257080078E+08,-1.08265E+02
7.257385254E+08,-1.10885E+02
7.257690430E+08,-1.01545E+02
7.257995605E+08,-1.04105E+02
7.258300781E+08,-1.00885E+02
7.258605957E+08,-1.01245E+02
7.258911133E+08,-1.15845E+02
7.259216309E+08,-1.17385E+02
7.259521484E+08,-1.11825E+02
7.259826660E+08,-1.08905E+02
7.260131836E+08,-1.20705E+02
7.260437012E+08,-1.21705E+02
7.260742188E+08,-1.13725E+02
7.261047363E+08,-1.10605E+02
7.261352539E+08,-1.06245E+02
7.261657715E+08,-1.14245E+02
7.261962891E+08,-1.05285E+02
7.262268066E+08,-1.00885E+02
7.262573242E+08,-1.13125E+02
7.262878418E+08,-1.13705E+02
7.263183594E+08,-1.06645E+02
7.263488770E+08,-1.04585E+02
7.263793945E+08,-1.08745E+02
7.264099121E+08,-1.08085E+02
7.264404297E+08,-1.05445E+02
7.264709473E+08,-1.05785E+02
7.265014648E+08,-1.07705E+02
7.265319824E+08,-1.08745E+02
7.265625000E+08,-1.11205E+02
7.265930176E+08,-1.14225E+02
7.266235352E+08,-1.11105E+02
7.266540527E+08,-1.18905E+02
7.266845703E+08,-1.05905E+02
7.267150879E+08,-1.06125E+02
7.267456055E+08,-1.11185E+02
7.267761230E+08,-1.19845E+02
7.268066406E+08,-1.06045E+02
7.268371582E+08,-1.04545E+02
7.268676758E+08,-1.02605E+02
7.268981934E+08,-1.01965E+02
7.269287109E+08,-1.08205E+02
7.269592285E+08,-1.17245E+02
7.269897461E+08,-1.07985E+02
7.270202637E+08,-1.11645E+02
7.270507812E+08,-1.06825E+02
7.270812988E+08,-1.06605E+02
7.271118164E+08,-1.13285E+02
7.271423340E+08,-1.03105E+02
7.271728516E+08,-1.02405E+02
7.272033691E+08,-1.08465E+02
7.272338867E+08,-1.06685E+02
7.272644043E+08,-1.08185E+02
7.272949219E+08,-1.07805E+02
7.273254395E+08,-1.05905E+02
7.273559570E+08,-1.03745E+02
7.273864746E+08,-1.10185E+02
7.274169922E+08,-1.10305E+02
7.274475098E+08,-1.03305E+02
7.274780273E+08,-1.01645E+02
7.275085449E+08,-1.03125E+02
7.275390625E+08,-1.06265E+02
7.275695801E+08,-1.11885E+02
7.276000977E+08,-1.09665E+02
7.276306152E+08,-1.08565E+02
7.276611328E+08,-1.05605E+02
7.276916504E+08,-1.08125E+02
7.277221680E+08,-1.06925E+02
7.277526855E+08,-1.07625E+02
7.277832031E+08,-1.12865E+02
7.278137207E+08,-1.15465E+02
7.278442383E+08,-1.07405E+02
7.278747559E+08,-1.02245E+02
7.279052734E+08,-1.01845E+02
7.279357910E+08,-1.04505E+02
7.279663086E+08,-1.03805E+02
7.279968262E+08,-1.10045E+02
7.280273438E+08,-1.09845E+02
7.280578613E+08,-1.03685E+02
7.280883789E+08,-1.06205E+02
7.281188965E+08,-1.13945E+02
7.281494141E+08,-1.04225E+02
7.281799316E+08,-1.02465E+02
7.282104492E+08,-1.04185E+02
7.282409668E+08,-1.06825E+02
7.282714844E+08,-1.07385E+02
7.283020020E+08,-1.09225E+02
7.283325195E+08,-1.19745E+02
7.283630371E+08,-1.08525E+02
7.283935547E+08,-1.03825E+02
7.284240723E+08,-1.07845E+02
7.284545898E+08,-1.12285E+02
7.284851074E+08,-1.08805E+02
7.285156250E+08,-1.09625E+02
7.285461426E+08,-1.16525E+02
7.285766602E+08,-1.15205E+02
7.286071777E+08,-1.09065E+02
7.286376953E+08,-1.11945E+02
7.286682129E+08,-1.14725E+02
7.286987305E+08,-1.21125E+02
7.287292480E+08,-1.24025E+02
7.287597656E+08,-1.07725E+02
7.287902832E+08,-1.04545E+02
7.288208008E+08,-1.08205E+02
7.288513184E+08,-1.13605E+02
7.288818359E+08,-1.12605E+02
7.289123535E+08,-1.06185E+02
7.289428711E+08,-1.03825E+02
7.289733887E+08,-1.11805E+02
7.290039062E+08,-1.22125E+02
7.290344238E+08,-1.06885E+02
7.290649414E+08,-1.04525E+02
7.290954590E+08,-1.04265E+02
7.291259766E+08,-1.11905E+02
7.291564941E+08,-1.01085E+02
7.291870117E+08,-1.05585E+02
7.292175293E+08,-1.07905E+02
7.292480469E+08,-1.07105E+02
7.292785645E+08,-1.14645E+02
7.293090820E+08,-1.12805E+02
7.293395996E+08,-1.09885E+02
7.293701172E+08,-1.15525E+02
7.294006348E+08,-1.13005E+02
7.294311523E+08,-1.09345E+02
7.294616699E+08,-1.09005E+02
7.294921875E+08,-1.10705E+02
7.295227051E+08,-1.10185E+02
7.295532227E+08,-1.06385E+02
7.295837402E+08,-1.07525E+02
7.296142578E+08,-1.12665E+02
7.296447754E+08,-1.11305E+02
7.296752930E+08,-1.09005E+02
7.297058105E+08,-1.06705E+02
7.297363281E+08,-1.09065E+02
7.297668457E+08,-1.18625E+02
7.297973633E+08,-1.16585E+02
7.298278809E+08,-1.11165E+02
7.298583984E+08,-1.00585E+02
7.298889160E+08,-9.96654E+01
7.299194336E+08,-1.00405E+02
7.299499512E+08,-1.01425E+02
7.299804688E+08,-1.05425E+02
7.300109863E+08,-1.10865E+02
7.300415039E+08,-1.20885E+02
7.300720215E+08,-1.13725E+02
7.301025391E+08,-1.16945E+02
7.301330566E+08,-1.05645E+02
7.301635742E+08,-1.05805E+02
7.301940918E+08,-1.16305E+02
7.302246094E+08,-1.07745E+02
7.302551270E+08,-1.00945E+02
7.302856445E+08,-9.61654E+01
7.303161621E+08,-9.63454E+01
7.303466797E+08,-1.04105E+02
7.303771973E+08,-1.08605E+02
7.304077148E+08,-1.05965E+02
7.304382324E+08,-1.02685E+02
7.304687500E+08,-1.03305E+02
7.304992676E+08,-1.10485E+02
7.305297852E+08,-1.11065E+02
7.305603027E+08,-1.04025E+02
7.305908203E+08,-1.02345E+02
7.306213379E+08,-1.03825E+02
7.306518555E+08,-1.10925E+02
7.306823730E+08,-1.10805E+02
7.307128906E+08,-1.14365E+02
7.307434082E+08,-1.02085E+02
7.307739258E+08,-9.91254E+01
7.308044434E+08,-1.03065E+02
7.308349609E+08,-1.13645E+02
7.308654785E+08,-1.10845E+02
7.308959961E+08,-1.09305E+02
7.309265137E+08,-1.11085E+02
7.309570312E+08,-1.13065E+02
7.309875488E+08,-1.17225E+02
7.310180664E+08,-1.08025E+02
7.310485840E+08,-1.08545E+02
7.310791016E+08,-1.16505E+02
7.311096191E+08,-1.17265E+02
7.311401367E+08,-1.14045E+02
7.311706543E+08,-1.12665E+02
7.312011719E+08,-1.10485E+02
7.312316895E+08,-1.06665E+02
7.312622070E+08,-1.06465E+02
7.312927246E+08,-1.11785E+02
7.313232422E+08,-1.15565E+02
7.313537598E+08,-1.06985E+02
7.313842773E+08,-1.09485E+02
7.314147949E+08,-1.16585E+02
7.314453125E+08,-1.08005E+02
7.314758301E+08,-1.03225E+02
7.315063477E+08,-1.03445E+02
7.315368652E+08,-1.26665E+02
7.315673828E+08,-1.06085E+02
7.315979004E+08,-1.15825E+02
7.316284180E+08,-1.08685E+02
7.316589355E+08,-1.11505E+02
7.316894531E+08,-1.03465E+02
7.317199707E+08,-1.04025E+02
7.317504883E+08,-1.05065E+02
7.317810059E+08,-1.02265E+02
7.318115234E+08,-1.02325E+02
7.318420410E+08,-1.03265E+02
7.318725586E+08,-1.06165E+02
7.319030762E+08,-1.01845E+02
7.319335938E+08,-1.09025E+02
7.319641113E+08,-1.12085E+02
7.319946289E+08,-1.17325E+02
7.320251465E+08,-1.10265E+02
7.320556641E+08,-1.09585E+02
7.320861816E+08,-1.06305E+02
7.321166992E+08,-1.06045E+02
7.321472168E+08,-1.08485E+02
7.321777344E+08,-1.05705E+02
7.322082520E+08,-1.18245E+02
7.322387695E+08,-1.05945E+02
7.322692871E+08,-1.15085E+02
7.322998047E+08,-1.08945E+02
7.323303223E+08,-1.07205E+02
7.323608398E+08,-1.10845E+02
7.323913574E+08,-1.04625E+02
7.324218750E+08,-1.00705E+02
7.324523926E+08,-1.03465E+02
7.324829102E+08,-1.09265E+02
7.325134277E+08,-1.17365E+02
7.325439453E+08,-1.13605E+02
7.325744629E+08,-1.05885E+02
7.326049805E+08,-1.01905E+02
7.326354980E+08,-1.04445E+02
7.326660156E+08,-1.16265E+02
7.326965332E+08,-1.11285E+02
7.327270508E+08,-1.12185E+02
7.327575684E+08,-1.05425E+02
7.327880859E+08,-1.03865E+02
7.328186035E+08,-1.04885E+02
7.328491211E+08,-1.11585E+02
7.328796387E+08,-1.18365E+02
7.329101562E+08,-1.30625E+02
7.329406738E+08,-1.21305E+02
7.329711914E+08,-1.14465E+02
7.330017090E+08,-1.14065E+02
7.330322266E+08,-1.14725E+02
7.330627441E+08,-1.09365E+02
7.330932617E+08,-1.08745E+02
7.331237793E+08,-1.02285E+02
7.331542969E+08,-1.07185E+02
7.331848145E+08,-1.08005E+02
7.332153320E+08,-1.02725E+02
7.332458496E+08,-1.00185E+02
7.332763672E+08,-1.03205E+02
7.333068848E+08,-1.06865E+02
7.333374023E+08,-1.07485E+02
7.333679199E+08,-1.16085E+02
7.333984375E+08,-1.09965E+02
7.334289551E+08,-1.11305E+02
7.334594727E+08,-1.03785E+02
7.334899902E+08,-1.05185E+02
7.335205078E+08,-1.12145E+02
7.335510254E+08,-1.17045E+02
7.335815430E+08,-1.07945E+02
7.336120605E+08,-1.04405E+02
7.336425781E+08,-1.00305E+02
7.336730957E+08,-1.02185E+02
7.337036133E+08,-1.26385E+02
7.337341309E+08,-1.10005E+02
7.337646484E+08,-1.08165E+02
7.337951660E+08,-1.11545E+02
7.338256836E+08,-1.11825E+02
7.338562012E+08,-1.11785E+02
7.338867188E+08,-1.12445E+02
7.339172363E+08,-1.09745E+02
7.339477539E+08,-1.16185E+02
7.339782715E+08,-1.10825E+02
7.340087891E+08,-1.03565E+02
7.340393066E+08,-1.03385E+02
7.340698242E+08,-1.03245E+02
7.341003418E+08,-1.03005E+02
7.341308594E+08,-1.10365E+02
7.341613770E+08,-1.18565E+02
7.341918945E+08,-1.11505E+02
7.342224121E+08,-1.17065E+02
7.342529297E+08,-1.09305E+02
7.342834473E+08,-1.14585E+02
7.343139648E+08,-1.09445E+02
7.343444824E+08,-1.07005E+02
7.343750000E+08,-1.06225E+02
7.344055176E+08,-1.08285E+02
7.344360352E+08,-1.09925E+02
7.344665527E+08,-1.19665E+02
7.344970703E+08,-1.19065E+02
7.345275879E+08,-1.07805E+02
7.345581055E+08,-1.05665E+02
7.345886230E+08,-1.11025E+02
7.346191406E+08,-1.07105E+02
7.346496582E+08,-1.13445E+02
7.346801758E+08,-1.07665E+02
7.347106934E+08,-1.01105E+02
7.347412109E+08,-9.97054E+01
7.347717285E+08,-1.08665E+02
7.348022461E+08,-1.09165E+02
7.348327637E+08,-1.22365E+02
7.348632812E+08,-1.07165E+02
7.348937988E+08,-1.06645E+02
7.349243164E+08,-1.13105E+02
7.349548340E+08,-1.06805E+02
7.349853516E+08,-1.05045E+02
7.350158691E+08,-1.02445E+02
7.350463867E+08,-1.08665E+02
7.350769043E+08,-1.14085E+02
7.351074219E+08,-1.10445E+02
7.351379395E+08,-1.20885E+02
7.351684570E+08,-1.11465E+02
7.351989746E+08,-1.09505E+02
7.352294922E+08,-1.15205E+02
7.352600098E+08,-1.13465E+02
7.352905273E+08,-1.02365E+02
7.353210449E+08,-1.04145E+02
7.353515625E+08,-1.09765E+02
7.353820801E+08,-1.06165E+02
7.354125977E+08,-1.07745E+02
7.354431152E+08,-1.10185E+02
7.354736328E+08,-1.04925E+02
7.355041504E+08,-1.02025E+02
7.355346680E+08,-1.02885E+02
7.355651855E+08,-1.25785E+02
7.355957031E+08,-1.05345E+02
7.356262207E+08,-1.03865E+02
7.356567383E+08,-1.04985E+02
7.356872559E+08,-1.05805E+02
7.357177734E+08,-1.05565E+02
7.357482910E+08,-1.09365E+02
7.357788086E+08,-1.08565E+02
7.358093262E+08,-1.07825E+02
7.358398438E+08,-1.02165E+02
7.358703613E+08,-1.00325E+02
7.359008789E+08,-1.03725E+02
7.359313965E+08,-1.09965E+02
7.359619141E+08,-1.06805E+02
7.359924316E+08,-1.09445E+02
7.360229492E+08,-1.09745E+02
7.360534668E+08,-1.24705E+02
7.360839844E+08,-1.05605E+02
7.361145020E+08,-1.10265E+02
7.361450195E+08,-1.24085E+02
7.361755371E+08,-1.20945E+02
7.362060547E+08,-1.12065E+02
7.362365723E+08,-1.15985E+02
7.362670898E+08,-1.07905E+02
7.362976074E+08,-1.06785E+02
7.363281250E+08,-1.04265E+02
7.363586426E+08,-1.03965E+02
7.363891602E+08,-1.09165E+02
7.364196777E+08,-1.10925E+02
7.364501953E+08,-1.09925E+02
7.364807129E+08,-1.15025E+02
7.365112305E+08,-1.06565E+02
7.365417480E+08,-1.02365E+02
7.365722656E+08,-1.00605E+02
7.366027832E+08,-1.04545E+02
7.366333008E+08,-1.21725E+02
7.366638184E+08,-1.06405E+02
7.366943359E+08,-1.04805E+02
7.367248535E+08,-1.04445E+02
7.367553711E+08,-1.01205E+02
7.367858887E+08,-1.04625E+02
7.368164062E+08,-1.16765E+02
7.368469238E+08,-1.27265E+02
7.368774414E+08,-1.22925E+02
7.369079590E+08,-1.37285E+02
7.369384766E+08,-1.13525E+02
7.369689941E+08,-1.07225E+02
7.369995117E+08,-1.04785E+02
7.370300293E+08,-1.08165E+02
7.370605469E+08,-1.05385E+02
7.370910645E+08,-1.03105E+02
7.371215820E+08,-1.03705E+02
7.371520996E+08,-1.03545E+02
7.371826172E+08,-1.17085E+02
7.372131348E+08,-1.02865E+02
7.372436523E+08,-1.02825E+02
7.372741699E+08,-1.11825E+02
7.373046875E+08,-1.03765E+02
7.373352051E+08,-1.03525E+02
7.373657227E+08,-1.05985E+02
7.373962402E+08,-1.06785E+02
7.374267578E+08,-1.10685E+02
7.374572754E+08,-1.16565E+02
7.374877930E+08,-1.12365E+02
7.375183105E+08,-1.03405E+02
7.375488281E+08,-1.05045E+02
7.375793457E+08,-1.11565E+02
7.376098633E+08,-1.08805E+02
7.376403809E+08,-1.07685E+02
7.376708984E+08,-1.20685E+02
7.377014160E+08,-1.01605E+02
7.377319336E+08,-1.01805E+02
7.377624512E+08,-1.10645E+02
7.377929688E+08,-1.04785E+02
7.378234863E+08,-1.02925E+02
7.378540039E+08,-1.03045E+02
7.378845215E+08,-1.12725E+02
7.379150391E+08,-1.04465E+02
7.379455566E+08,-1.10265E+02
7.379760742E+08,-1.05745E+02
7.380065918E+08,-9.91654E+01
7.380371094E+08,-1.03725E+02
7.380676270E+08,-1.05005E+02
7.380981445E+08,-1.12085E+02
7.381286621E+08,-1.17405E+02
7.381591797E+08,-1.07945E+02
7.381896973E+08,-1.01805E+02
7.382202148E+08,-1.00385E+02
7.382507324E+08,-1.00485E+02
7.382812500E+08,-1.07405E+02
7.383117676E+08,-1.06205E+02
7.383422852E+08,-1.15285E+02
7.383728027E+08,-1.09665E+02
7.384033203E+08,-1.18025E+02
7.384338379E+08,-1.11685E+02
7.384643555E+08,-1.08425E+02
7.384948730E+08,-1.14245E+02
7.385253906E+08,-1.05485E+02
7.385559082E+08,-1.02505E+02
7.385864258E+08,-1.12265E+02
7.386169434E+08,-1.12445E+02
7.386474609E+08,-1.11945E+02
7.386779785E+08,-1.13045E+02
7.387084961E+08,-1.06905E+02
7.387390137E+08,-1.03785E+02
7.387695312E+08,-1.07705E+02
7.388000488E+08,-1.10625E+02
7.388305664E+08,-1.22305E+02
7.388610840E+08,-1.23285E+02
7.388916016E+08,-1.07845E+02
7.389221191E+08,-1.04465E+02
7.389526367E+08,-1.05745E+02
7.389831543E+08,-1.07825E+02
7.390136719E+08,-1.02325E+02
7.390441895E+08,-9.83654E+01
7.390747070E+08,-9.91654E+01
7.391052246E+08,-1.01725E+02
7.391357422E+08,-1.02605E+02
7.391662598E+08,-1.05585E+02
7.391967773E+08,-1.08565E+02
7.392272949E+08,-1.09125E+02
7.392578125E+08,-1.14025E+02
7.392883301E+08,-1.15645E+02
7.393188477E+08,-1.04065E+02
7.393493652E+08,-1.04045E+02
7.393798828E+08,-1.11105E+02
7.394104004E+08,-1.11225E+02
7.394409180E+08,-1.07705E+02
7.394714355E+08,-1.07525E+02
7.395019531E+08,-1.14165E+02
7.395324707E+08,-1.11725E+02
7.395629883E+08,-1.07345E+02
7.395935059E+08,-1.08285E+02
7.396240234E+08,-1.09765E+02
7.396545410E+08,-1.06005E+02
7.396850586E+08,-1.15285E+02
7.397155762E+08,-1.12745E+02
7.397460938E+08,-1.11705E+02
7.397766113E+08,-1.06025E+02
7.398071289E+08,-1.10925E+02
7.398376465E+08,-1.03045E+02
7.398681641E+08,-1.04905E+02
7.398986816E+08,-1.07625E+02
7.399291992E+08,-1.08945E+02
7.399597168E+08,-1.14745E+02
7.399902344E+08,-1.09925E+02
7.400207520E+08,-1.10225E+02
7.400512695E+08,-1.06265E+02
7.400817871E+08,-1.09345E+02
7.401123047E+08,-1.02765E+02
7.401428223E+08,-1.01365E+02
7.401733398E+08,-1.07845E+02
7.402038574E+08,-1.08285E+02
7.402343750E+08,-1.18745E+02
7.402648926E+08,-1.07685E+02
7.402954102E+08,-1.09005E+02
7.403259277E+08,-1.10765E+02
7.403564453E+08,-1.09505E+02
7.403869629E+08,-1.07845E+02
7.404174805E+08,-1.08565E+02
7.404479980E+08,-1.03585E+02
7.404785156E+08,-1.04985E+02
7.405090332E+08,-1.07265E+02
7.405395508E+08,-1.13205E+02
7.405700684E+08,-1.11865E+02
7.406005859E+08,-1.05485E+02
7.406311035E+08,-1.17345E+02
7.406616211E+08,-1.06945E+02
7.406921387E+08,-1.05025E+02
7.407226562E+08,-1.07145E+02
7.407531738E+08,-1.09745E+02
7.407836914E+08,-1.24845E+02
7.408142090E+08,-1.08285E+02
7.408447266E+08,-1.06545E+02
7.408752441E+08,-1.05825E+02
7.409057617E+08,-1.15205E+02
7.409362793E+08,-1.04065E+02
7.409667969E+08,-1.05025E+02
7.409973145E+08,-1.17385E+02
7.410278320E+08,-1.06205E+02
7.410583496E+08,-1.14245E+02
7.410888672E+08,-1.08965E+02
7.411193848E+08,-1.07165E+02
7.411499023E+08,-1.05365E+02
7.411804199E+08,-1.12225E+02
7.412109375E+08,-1.09925E+02
7.412414551E+08,-1.04265E+02
7.412719727E+08,-1.04305E+02
7.413024902E+08,-1.12085E+02
7.413330078E+08,-1.40265E+02
7.413635254E+08,-1.22325E+02
7.413940430E+08,-1.05765E+02
7.414245605E+08,-1.02925E+02
7.414550781E+08,-1.05585E+02
7.414855957E+08,-1.08045E+02
7.415161133E+08,-1.04325E+02
7.415466309E+08,-1.06765E+02
7.415771484E+08,-1.13345E+02
7.416076660E+08,-1.02845E+02
7.416381836E+08,-1.07525E+02
7.416687012E+08,-1.03105E+02
7.416992188E+08,-1.02065E+02
7.417297363E+08,-1.06445E+02
7.417602539E+08,-1.19885E+02
7.417907715E+08,-1.12445E+02
7.418212891E+08,-1.05705E+02
7.418518066E+08,-1.07085E+02
7.418823242E+08,-1.10305E+02
7.419128418E+08,-1.12005E+02
7.419433594E+08,-1.08845E+02
7.419738770E+08,-1.07385E+02
7.420043945E+08,-1.16745E+02
7.420349121E+08,-1.14045E+02
7.420654297E+08,-1.12025E+02
7.420959473E+08,-1.03905E+02
7.421264648E+08,-1.01865E+02
7.421569824E+08,-1.04385E+02
7.421875000E+08,-1.03985E+02
7.422180176E+08,-9.98454E+01
7.422485352E+08,-9.82654E+01
7.422790527E+08,-1.01465E+02
7.423095703E+08,-1.05245E+02
7.423400879E+08,-1.06185E+02
7.423706055E+08,-1.02505E+02
7.424011230E+08,-1.08905E+02
7.424316406E+08,-1.02925E+02
7.424621582E+08,-1.00785E+02
7.424926758E+08,-9.97454E+01
7.425231934E+08,-1.04445E+02
7.425537109E+08,-1.14325E+02
7.425842285E+08,-1.23425E+02
7.426147461E+08,-1.10225E+02
7.426452637E+08,-1.08185E+02
7.426757812E+08,-1.11125E+02
7.427062988E+08,-1.07905E+02
7.427368164E+08,-1.04505E+02
7.427673340E+08,-1.06005E+02
7.427978516E+08,-1.06105E+02
7.428283691E+08,-1.05705E+02
7.428588867E+08,-1.24605E+02
7.428894043E+08,-1.05065E+02
7.429199219E+08,-1.05125E+02
7.429504395E+08,-1.05885E+02
7.429809570E+08,-1.09805E+02
7.430114746E+08,-1.10225E+02
7.430419922E+08,-1.11325E+02
7.430725098E+08,-1.11085E+02
7.431030273E+08,-1.07605E+02
7.431335449E+08,-9.93054E+01
7.431640625E+08,-9.91654E+01
7.431945801E+08,-1.02265E+02
7.432250977E+08,-1.08625E+02
7.432556152E+08,-1.12405E+02
7.432861328E+08,-1.06465E+02
7.433166504E+08,-1.27745E+02
7.433471680E+08,-1.09665E+02
7.433776855E+08,-1.08245E+02
7.434082031E+08,-1.11965E+02
7.434387207E+08,-1.13525E+02
7.434692383E+08,-1.11065E+02
7.434997559E+08,-1.08725E+02
7.435302734E+08,-1.15925E+02
7.435607910E+08,-1.21945E+02
7.435913086E+08,-1.19805E+02
7.436218262E+08,-1.06865E+02
7.436523438E+08,-1.03825E+02
7.436828613E+08,-1.06565E+02
7.437133789E+08,-1.08965E+02
7.437438965E+08,-1.09345E+02
7.437744141E+08,-1.03725E+02
7.438049316E+08,-1.06865E+02
7.438354492E+08,-1.10005E+02
7.438659668E+08,-1.06785E+02
7.438964844E+08,-1.04345E+02
7.439270020E+08,-1.05785E+02
7.439575195E+08,-1.08005E+02
7.439880371E+08,-1.09765E+02
7.440185547E+08,-1.13465E+02
7.440490723E+08,-1.11145E+02
7.440795898E+08,-1.10405E+02
7.441101074E+08,-1.24425E+02
7.441406250E+08,-1.26165E+02
7.441711426E+08,-1.05525E+02
7.442016602E+08,-1.06025E+02
7.442321777E+08,-1.10845E+02
7.442626953E+08,-1.08605E+02
7.442932129E+08,-1.11865E+02
7.443237305E+08,-1.03725E+02
7.443542480E+08,-1.02945E+02
7.443847656E+08,-1.15085E+02
7.444152832E+08,-1.07785E+02
7.444458008E+08,-1.08185E+02
7.444763184E+08,-1.02705E+02
7.445068359E+08,-1.01705E+02
7.445373535E+08,-1.18485E+02
7.445678711E+08,-1.05925E+02
7.445983887E+08,-1.01185E+02
7.446289062E+08,-1.02345E+02
7.446594238E+08,-1.15865E+02
7.446899414E+08,-1.13765E+02
7.447204590E+08,-1.04465E+02
7.447509766E+08,-1.08865E+02
7.447814941E+08,-1.08205E+02
7.448120117E+08,-1.05565E+02
7.448425293E+08,-1.10885E+02
7.448730469E+08,-1.08965E+02
7.449035645E+08,-1.04725E+02
7.449340820E+08,-1.03545E+02
7.449645996E+08,-1.06125E+02
7.449951172E+08,-1.14365E+02
7.450256348E+08,-1.07325E+02
7.450561523E+08,-1.17845E+02
7.450866699E+08,-1.02765E+02
7.451171875E+08,-1.02245E+02
7.451477051E+08,-1.03805E+02
7.451782227E+08,-1.04685E+02
7.452087402E+08,-1.04285E+02
7.452392578E+08,-1.02845E+02
7.452697754E+08,-1.02665E+02
7.453002930E+08,-1.09365E+02
7.453308105E+08,-1.02345E+02
7.453613281E+08,-1.02745E+02
7.453918457E+08,-1.16585E+02
7.454223633E+08,-1.12825E+02
7.454528809E+08,-1.06325E+02
7.454833984E+08,-1.04225E+02
7.455139160E+08,-1.04865E+02
7.455444336E+08,-1.05485E+02
7.455749512E+08,-1.07325E+02
7.456054688E+08,-1.12665E+02
7.456359863E+08,-1.03285E+02
7.456665039E+08,-9.90654E+01
7.456970215E+08,-1.00225E+02
7.457275391E+08,-1.08025E+02
7.457580566E+08,-1.10265E+02
7.457885742E+08,-1.08365E+02
7.458190918E+08,-1.02885E+02
7.458496094E+08,-1.03365E+02
7.458801270E+08,-1.11985E+02
7.459106445E+08,-1.11325E+02
7.459411621E+08,-1.11885E+02
7.459716797E+08,-1.08845E+02
7.460021973E+08,-1.14905E+02
7.460327148E+08,-1.06565E+02
7.460632324E+08,-1.04045E+02
7.460937500E+08,-1.13205E+02
7.461242676E+08,-1.11145E+02
7.461547852E+08,-1.06285E+02
7.461853027E+08,-1.09105E+02
7.462158203E+08,-1.07565E+02
7.462463379E+08,-1.06225E+02
7.462768555E+08,-1.25345E+02
7.463073730E+08,-1.14105E+02
7.463378906E+08,-1.00185E+02
7.463684082E+08,-1.01005E+02
7.463989258E+08,-1.06945E+02
7.464294434E+08,-1.10125E+02
7.464599609E+08,-1.21305E+02
7.464904785E+08,-1.15905E+02
7.465209961E+08,-1.14185E+02
7.465515137E+08,-1.15825E+02
7.465820312E+08,-1.17025E+02
7.466125488E+08,-1.07045E+02
7.466430664E+08,-1.08845E+02
7.466735840E+08,-1.09545E+02
7.467041016E+08,-1.09225E+02
7.467346191E+08,-1.22625E+02
7.467651367E+08,-1.05865E+02
7.467956543E+08,-1.04625E+02
7.468261719E+08,-1.06505E+02
7.468566895E+08,-1.14025E+02
7.468872070E+08,-1.12345E+02
7.469177246E+08,-1.09485E+02
7.469482422E+08,-1.20805E+02
7.469787598E+08,-1.05125E+02
7.470092773E+08,-1.05425E+02
7.470397949E+08,-1.06005E+02
7.470703125E+08,-1.02845E+02
7.471008301E+08,-1.03345E+02
7.471313477E+08,-1.02965E+02
7.471618652E+08,-1.03685E+02
7.471923828E+08,-1.13305E+02
7.472229004E+08,-1.07825E+02
7.472534180E+08,-1.03965E+02
7.472839355E+08,-1.09665E+02
7.473144531E+08,-1.19545E+02
7.473449707E+08,-1.21285E+02
7.473754883E+08,-1.12745E+02
7.474060059E+08,-1.05425E+02
7.474365234E+08,-1.11145E+02
7.474670410E+08,-1.05325E+02
7.474975586E+08,-1.12325E+02
7.475280762E+08,-1.11245E+02
7.475585938E+08,-1.10525E+02
7.475891113E+08,-1.02285E+02
7.476196289E+08,-1.02965E+02
7.476501465E+08,-1.11365E+02
7.476806641E+08,-1.16885E+02
7.477111816E+08,-1.10425E+02
7.477416992E+08,-1.07565E+02
7.477722168E+08,-1.14425E+02
7.478027344E+08,-1.09925E+02
7.478332520E+08,-1.06705E+02
7.478637695E+08,-1.17845E+02
7.478942871E+08,-1.15385E+02
7.479248047E+08,-1.08865E+02
7.479553223E+08,-1.14545E+02
7.479858398E+08,-1.07705E+02
7.480163574E+08,-1.08265E+02
7.480468750E+08,-1.12705E+02
7.480773926E+08,-1.21425E+02
7.481079102E+08,-1.16125E+02
7.481384277E+08,-1.09205E+02
7.481689453E+08,-1.12805E+02
7.481994629E+08,-1.06945E+02
7.482299805E+08,-1.07325E+02
7.482604980E+08,-1.08165E+02
7.482910156E+08,-1.05505E+02
7.483215332E+08,-1.07745E+02
7.483520508E+08,-1.09485E+02
7.483825684E+08,-1.07805E+02
7.484130859E+08,-1.09845E+02
7.484436035E+08,-1.13205E+02
7.484741211E+08,-1.13865E+02
7.485046387E+08,-1.08425E+02
7.485351562E+08,-1.08165E+02
7.485656738E+08,-1.12685E+02
7.485961914E+08,-1.20885E+02
7.486267090E+08,-1.15985E+02
7.486572266E+08,-1.10525E+02
7.486877441E+08,-1.04405E+02
7.487182617E+08,-1.04865E+02
7.487487793E+08,-1.06625E+02
7.487792969E+08,-1.09805E+02
7.488098145E+08,-1.13785E+02
7.488403320E+08,-1.10505E+02
7.488708496E+08,-1.05945E+02
7.489013672E+08,-1.07005E+02
7.489318848E+08,-1.10905E+02
7.489624023E+08,-1.32525E+02
7.489929199E+08,-1.05305E+02
7.490234375E+08,-1.04065E+02
7.490539551E+08,-1.04305E+02
7.490844727E+08,-1.03385E+02
7.491149902E+08,-1.03965E+02
7.491455078E+08,-1.00345E+02
7.491760254E+08,-1.04745E+02
7.492065430E+08,-1.12465E+02
7.492370605E+08,-1.04805E+02
7.492675781E+08,-1.07485E+02
7.492980957E+08,-1.06645E+02
7.493286133E+08,-1.04905E+02
7.493591309E+08,-1.05705E+02
7.493896484E+08,-1.18345E+02
7.494201660E+08,-1.09925E+02
7.494506836E+08,-1.13825E+02
7.494812012E+08,-1.05805E+02
7.495117188E+08,-1.06765E+02
7.495422363E+08,-1.08725E+02
7.495727539E+08,-1.03825E+02
7.496032715E+08,-1.07045E+02
7.496337891E+08,-1.01665E+02
7.496643066E+08,-1.03305E+02
7.496948242E+08,-1.12685E+02
7.497253418E+08,-1.10885E+02
7.497558594E+08,-1.10805E+02
7.497863770E+08,-1.08965E+02
7.498168945E+08,-1.08165E+02
7.498474121E+08,-1.08085E+02
7.498779297E+08,-1.06805E+02
7.499084473E+08,-1.08665E+02
7.499389648E+08,-1.11125E+02
7.499694824E+08,-1.11105E+02
7.500000000E+08,-9.99654E+01
7.500305176E+08,-1.02605E+02
7.500610352E+08,-1.09065E+02
7.500915527E+08,-1.02045E+02
7.501220703E+08,-1.04205E+02
7.501525879E+08,-1.14605E+02
7.501831055E+08,-1.05045E+02
7.502136230E+08,-1.07145E+02
7.502441406E+08,-1.12965E+02
7.502746582E+08,-1.14905E+02
7.503051758E+08,-1.08405E+02
7.503356934E+08,-1.08125E+02
7.503662109E+08,-1.15885E+02
7.503967285E+08,-1.08185E+02
7.504272461E+08,-1.11245E+02
7.504577637E+08,-1.06785E+02
7.504882812E+08,-1.10385E+02
7.505187988E+08,-1.06385E+02
7.505493164E+08,-9.95454E+01
7.505798340E+08,-9.72454E+01
7.506103516E+08,-9.97654E+01
7.506408691E+08,-1.03985E+02
7.506713867E+08,-1.07005E+02
7.507019043E+08,-1.09765E+02
7.507324219E+08,-1.17525E+02
7.507629395E+08,-1.11345E+02
7.507934570E+08,-1.06425E+02
7.508239746E+08,-1.20225E+02
7.508544922E+08,-1.07005E+02
7.508850098E+08,-1.04085E+02
7.509155273E+08,-1.07165E+02
7.509460449E+08,-1.18725E+02
7.509765625E+08,-1.07065E+02
7.510070801E+08,-1.05045E+02
7.510375977E+08,-1.07465E+02
7.510681152E+08,-1.17985E+02
7.510986328E+08,-1.12245E+02
7.511291504E+08,-1.08025E+02
7.511596680E+08,-1.07705E+02
7.511901855E+08,-1.07245E+02
7.512207031E+08,-1.05405E+02
7.512512207E+08,-1.09105E+02
7.512817383E+08,-1.11445E+02
7.513122559E+08,-1.02165E+02
7.513427734E+08,-1.02585E+02
7.513732910E+08,-1.01945E+02
7.514038086E+08,-1.01865E+02
7.514343262E+08,-1.07865E+02
7.514648438E+08,-1.10185E+02
7.514953613E+08,-1.09445E+02
7.515258789E+08,-1.14985E+02
7.515563965E+08,-1.13425E+02
7.515869141E+08,-1.03645E+02
7.516174316E+08,-1.00825E+02
7.516479492E+08,-9.94454E+01
7.516784668E+08,-1.00985E+02
7.517089844E+08,-1.03825E+02
7.517395020E+08,-1.05285E+02
7.517700195E+08,-1.07905E+02
7.518005371E+08,-1.06965E+02
7.518310547E+08,-1.08165E+02
7.518615723E+08,-1.04585E+02
7.518920898E+08,-1.03445E+02
7.519226074E+08,-1.16105E+02
7.519531250E+08,-1.08465E+02
7.519836426E+08,-1.06525E+02
7.520141602E+08,-1.08665E+02
7.520446777E+08,-1.14725E+02
7.520751953E+08,-1.20885E+02
7.521057129E+08,-1.19365E+02
7.521362305E+08,-1.12405E+02
7.521667480E+08,-1.11925E+02
7.521972656E+08,-1.02225E+02
7.522277832E+08,-9.74054E+01
7.522583008E+08,-9.88454E+01
7.522888184E+08,-1.03425E+02
7.523193359E+08,-1.05405E+02
7.523498535E+08,-1.11365E+02
7.523803711E+08,-1.10125E+02
7.524108887E+08,-1.17245E+02
7.524414062E+08,-1.10225E+02
7.524719238E+08,-1.05265E+02
7.525024414E+08,-1.05005E+02
7.525329590E+08,-1.16665E+02
7.525634766E+08,-1.11185E+02
7.525939941E+08,-1.14825E+02
7.526245117E+08,-1.04745E+02
7.526550293E+08,-1.00705E+02
7.526855469E+08,-1.09965E+02
7.527160645E+08,-1.08425E+02
7.527465820E+08,-1.10985E+02
7.527770996E+08,-1.05165E+02
7.528076172E+08,-9.92654E+01
7.528381348E+08,-9.64854E+01
7.528686523E+08,-1.00225E+02
7.528991699E+08,-1.12785E+02
7.529296875E+08,-1.16945E+02
7.529602051E+08,-1.13725E+02
7.529907227E+08,-1.07825E+02
7.530212402E+08,-1.07905E+02
7.530517578E+08,-1.10845E+02
7.530822754E+08,-1.11645E+02
7.531127930E+08,-1.17685E+02
7.531433105E+08,-1.14005E+02
7.531738281E+08,-1.19925E+02
7.532043457E+08,-1.07325E+02
7.532348633E+08,-1.08745E+02
7.532653809E+08,-1.02365E+02
7.532958984E+08,-1.02845E+02
7.533264160E+08,-1.03925E+02
7.533569336E+08,-1.02445E+02
7.533874512E+08,-1.07805E+02
7.534179688E+08,-1.11425E+02
7.534484863E+08,-1.15385E+02
7.534790039E+08,-1.10365E+02
7.535095215E+08,-1.09105E+02
7.535400391E+08,-1.08965E+02
7.535705566E+08,-1.05765E+02
7.536010742E+08,-1.04105E+02
7.536315918E+08,-1.01365E+02
7.536621094E+08,-1.01465E+02
7.536926270E+08,-1.05385E+02
7.537231445E+08,-1.10085E+02
7.537536621E+08,-1.13865E+02
7.537841797E+08,-1.09885E+02
7.538146973E+08,-1.11785E+02
7.538452148E+08,-1.14845E+02
7.538757324E+08,-1.15865E+02
7.539062500E+08,-1.16445E+02
7.539367676E+08,-1.10725E+02
7.539672852E+08,-1.09665E+02
7.539978027E+08,-1.10085E+02
7.540283203E+08,-1.10565E+02
7.540588379E+08,-1.06845E+02
7.540893555E+08,-1.05745E+02
7.541198730E+08,-1.18205E+02
7.541503906E+08,-1.12285E+02
7.541809082E+08,-1.07345E+02
7.542114258E+08,-1.04985E+02
7.542419434E+08,-1.07745E+02
7.542724609E+08,-1.10645E+02
7.543029785E+08,-1.05525E+02
7.543334961E+08,-1.06585E+02
7.543640137E+08,-1.05965E+02
7.543945312E+08,-1.02785E+02
7.544250488E+08,-1.04945E+02
7.544555664E+08,-1.13825E+02
7.544860840E+08,-1.09345E+02
7.545166016E+08,-1.09165E+02
7.545471191E+08,-1.05705E+02
7.545776367E+08,-1.07865E+02
7.546081543E+08,-1.14405E+02
7.546386719E+08,-1.03645E+02
7.546691895E+08,-1.06425E+02
7.546997070E+08,-1.07865E+02
7.547302246E+08,-1.02925E+02
7.547607422E+08,-1.03325E+02
7.547912598E+08,-1.07185E+02
7.548217773E+08,-1.14465E+02
7.548522949E+08,-1.02825E+02
7.548828125E+08,-1.03365E+02
7.549133301E+08,-1.07745E+02
7.549438477E+08,-1.10745E+02
7.549743652E+08,-1.09025E+02
7.550048828E+08,-1.06365E+02
7.550354004E+08,-1.17525E+02
7.550659180E+08,-1.22545E+02
7.550964355E+08,-1.25825E+02
7.551269531E+08,-1.14585E+02
7.551574707E+08,-1.10945E+02
7.551879883E+08,-1.11045E+02
7.552185059E+08,-1.09585E+02
7.552490234E+08,-1.07265E+02
7.552795410E+08,-1.13265E+02
7.553100586E+08,-1.03685E+02
7.553405762E+08,-1.03385E+02
7.553710938E+08,-1.17365E+02
7.554016113E+08,-1.08045E+02
7.554321289E+08,-1.07525E+02
7.554626465E+08,-1.04165E+02
7.554931641E+08,-1.12085E+02
7.555236816E+08,-1.04685E+02
7.555541992E+08,-1.00445E+02
7.555847168E+08,-1.05825E+02
7.556152344E+08,-1.18325E+02
7.556457520E+08,-1.14165E+02
7.556762695E+08,-1.12465E+02
7.557067871E+08,-1.15045E+02
7.557373047E+08,-1.16385E+02
7.557678223E+08,-1.13185E+02
7.557983398E+08,-1.00465E+02
7.558288574E+08,-1.01125E+02
7.558593750E+08,-1.05945E+02
7.558898926E+08,-1.10325E+02
7.559204102E+08,-1.09545E+02
7.559509277E+08,-1.08785E+02
7.559814453E+08,-1.12025E+02
7.560119629E+08,-1.08805E+02
7.560424805E+08,-1.07225E+02
7.560729980E+08,-1.37365E+02
7.561035156E+08,-1.09545E+02
7.561340332E+08,-1.12665E+02
7.561645508E+08,-1.16985E+02
7.561950684E+08,-1.14205E+02
7.562255859E+08,-1.10125E+02
7.562561035E+08,-1.10225E+02
7.562866211E+08,-1.08665E+02
7.563171387E+08,-1.08945E+02
7.563476562E+08,-1.05825E+02
7.563781738E+08,-1.12665E+02
7.564086914E+08,-1.06405E+02
7.564392090E+08,-1.02425E+02
7.564697266E+08,-1.02965E+02
7.565002441E+08,-1.06665E+02
7.565307617E+08,-1.11765E+02
7.565612793E+08,-1.04425E+02
7.565917969E+08,-1.07405E+02
7.566223145E+08,-1.09705E+02
7.566528320E+08,-1.08745E+02
7.566833496E+08,-1.08525E+02
7.567138672E+08,-1.08085E+02
7.567443848E+08,-1.14105E+02
7.567749023E+08,-1.05765E+02
7.568054199E+08,-1.06945E+02
7.568359375E+08,-1.10665E+02
7.568664551E+08,-1.15905E+02
7.568969727E+08,-1.24585E+02
7.569274902E+08,-1.10405E+02
7.569580078E+08,-1.08785E+02
7.569885254E+08,-1.13565E+02
7.570190430E+08,-1.07685E+02
7.570495605E+08,-1.02805E+02
7.570800781E+08,-1.04265E+02
7.571105957E+08,-1.07185E+02
7.571411133E+08,-1.16905E+02
7.571716309E+08,-1.07725E+02
7.572021484E+08,-1.04485E+02
7.572326660E+08,-1.03065E+02
7.572631836E+08,-1.09025E+02
7.572937012E+08,-1.15545E+02
7.573242188E+08,-1.09625E+02
7.573547363E+08,-1.05925E+02
7.573852539E+08,-1.13925E+02
7.574157715E+08,-1.04625E+02
7.574462891E+08,-1.02985E+02
7.574768066E+08,-1.11305E+02
7.575073242E+08,-1.09065E+02
7.575378418E+08,-1.10845E+02
7.575683594E+08,-1.03725E+02
7.575988770E+08,-1.09625E+02
7.576293945E+08,-1.08005E+02
7.576599121E+08,-1.04685E+02
7.576904297E+08,-1.07005E+02
7.577209473E+08,-1.04585E+02
7.577514648E+08,-1.06385E+02
7.577819824E+08,-1.05665E+02
7.578125000E+08,-1.01665E+02
7.578430176E+08,-1.05505E+02
7.578735352E+08,-1.14445E+02
7.579040527E+08,-1.12565E+02
7.579345703E+08,-1.10005E+02
7.579650879E+08,-1.05385E+02
7.579956055E+08,-1.14205E+02
7.580261230E+08,-1.08465E+02
7.580566406E+08,-1.08525E+02
7.580871582E+08,-1.14105E+02
7.581176758E+08,-1.19205E+02
7.581481934E+08,-1.07685E+02
7.581787109E+08,-1.00945E+02
7.582092285E+08,-1.01445E+02
7.582397461E+08,-1.06265E+02
7.582702637E+08,-1.10445E+02
7.583007812E+08,-1.09705E+02
7.583312988E+08,-1.05405E+02
7.583618164E+08,-1.05045E+02
7.583923340E+08,-1.06265E+02
7.584228516E+08,-1.03285E+02
7.584533691E+08,-1.00405E+02
7.584838867E+08,-1.02605E+02
7.585144043E+08,-1.03345E+02
7.585449219E+08,-1.04665E+02
7.585754395E+08,-1.07365E+02
7.586059570E+08,-1.01985E+02
7.586364746E+08,-1.06065E+02
7.586669922E+08,-1.22265E+02
7.586975098E+08,-1.09345E+02
7.587280273E+08,-1.08285E+02
7.587585449E+08,-1.16185E+02
7.587890625E+08,-1.24085E+02
7.588195801E+08,-1.22005E+02
7.588500977E+08,-1.07445E+02
7.588806152E+08,-1.06505E+02
7.589111328E+08,-1.02625E+02
7.589416504E+08,-9.92054E+01
7.589721680E+08,-1.01105E+02
7.590026855E+08,-1.09845E+02
7.590332031E+08,-1.08325E+02
7.590637207E+08,-1.03625E+02
7.590942383E+08,-1.09765E+02
7.591247559E+08,-1.14605E+02
7.591552734E+08,-1.34225E+02
7.591857910E+08,-1.08745E+02
7.592163086E+08,-1.18405E+02
7.592468262E+08,-1.08845E+02
7.592773438E+08,-1.07785E+02
7.593078613E+08,-1.10465E+02
7.593383789E+08,-1.05965E+02
7.593688965E+08,-9.94854E+01
7.593994141E+08,-9.96254E+01
7.594299316E+08,-1.05925E+02
7.594604492E+08,-1.04985E+02
7.594909668E+08,-1.07325E+02
7.595214844E+08,-1.07945E+02
7.595520020E+08,-1.13545E+02
7.595825195E+08,-1.14265E+02
7.596130371E+08,-1.11785E+02
7.596435547E+08,-1.13745E+02
7.596740723E+08,-1.09005E+02
7.597045898E+08,-1.11825E+02
7.597351074E+08,-1.14985E+02
7.597656250E+08,-1.06005E+02
7.597961426E+08,-1.09165E+02
7.598266602E+08,-1.19545E+02
7.598571777E+08,-1.05325E+02
7.598876953E+08,-1.04625E+02
7.599182129E+08,-1.17445E+02
7.599487305E+08,-1.11285E+02
7.599792480E+08,-1.11445E+02
7.600097656E+08,-1.06045E+02
7.600402832E+08,-1.09345E+02
7.600708008E+08,-1.08285E+02
7.601013184E+08,-1.04685E+02
7.601318359E+08,-1.15105E+02
7.601623535E+08,-1.07105E+02
7.601928711E+08,-1.07325E+02
7.602233887E+08,-1.12705E+02
7.602539062E+08,-1.14885E+02
7.602844238E+08,-1.05765E+02
7.603149414E+08,-1.00945E+02
7.603454590E+08,-1.03865E+02
7.603759766E+08,-1.14945E+02
7.604064941E+08,-1.24525E+02
7.604370117E+08,-1.07565E+02
7.604675293E+08,-1.08345E+02
7.604980469E+08,-1.20265E+02
7.605285645E+08,-1.08785E+02
7.605590820E+08,-1.04985E+02
7.605895996E+08,-1.13245E+02
7.606201172E+08,-1.02825E+02
7.606506348E+08,-1.06285E+02
7.606811523E+08,-1.08105E+02
7.607116699E+08,-1.04945E+02
7.607421875E+08,-1.05505E+02
7.607727051E+08,-1.11185E+02
7.608032227E+08,-1.16765E+02
7.608337402E+08,-1.21785E+02
7.608642578E+08,-1.08085E+02
7.608947754E+08,-1.10085E+02
7.609252930E+08,-1.05785E+02
7.609558105E+08,-1.12725E+02
7.609863281E+08,-1.19005E+02
7.610168457E+08,-1.11145E+02
7.610473633E+08,-1.18105E+02
7.610778809E+08,-1.05705E+02
7.611083984E+08,-1.02025E+02
7.611389160E+08,-1.03605E+02
7.611694336E+08,-1.05645E+02
7.611999512E+08,-1.09025E+02
7.612304688E+08,-1.24765E+02
7.612609863E+08,-1.13405E+02
7.612915039E+08,-1.02765E+02
7.613220215E+08,-9.90254E+01
7.613525391E+08,-1.00885E+02
7.613830566E+08,-1.05045E+02
7.614135742E+08,-1.02465E+02
7.614440918E+08,-1.04245E+02
7.614746094E+08,-1.08965E+02
7.615051270E+08,-1.17785E+02
7.615356445E+08,-1.12365E+02
7.615661621E+08,-1.05885E+02
7.615966797E+08,-1.12445E+02
7.616271973E+08,-1.12745E+02
7.616577148E+08,-1.15205E+02
7.616882324E+08,-1.06405E+02
7.617187500E+08,-1.09545E+02
7.617492676E+08,-1.12945E+02
7.617797852E+08,-1.14165E+02
7.618103027E+08,-1.07165E+02
7.618408203E+08,-1.05465E+02
7.618713379E+08,-1.04165E+02
7.619018555E+08,-1.05445E+02
7.619323730E+08,-1.09485E+02
7.619628906E+08,-1.12505E+02
7.619934082E+08,-1.04585E+02
7.620239258E+08,-1.11085E+02
7.620544434E+08,-1.05385E+02
7.620849609E+08,-1.02625E+02
7.621154785E+08,-1.04045E+02
7.621459961E+08,-1.08405E+02
7.621765137E+08,-1.03905E+02
7.622070312E+08,-1.07925E+02
7.622375488E+08,-1.10325E+02
7.622680664E+08,-1.10125E+02
7.622985840E+08,-1.00485E+02
7.623291016E+08,-9.81654E+01
7.623596191E+08,-1.02185E+02
7.623901367E+08,-1.08725E+02
7.624206543E+08,-1.17665E+02
7.624511719E+08,-1.03865E+02
7.624816895E+08,-1.05985E+02
7.625122070E+08,-1.20265E+02
7.625427246E+08,-1.09745E+02
7.625732422E+08,-1.03645E+02
7.626037598E+08,-1.11625E+02
7.626342773E+08,-1.07665E+02
7.626647949E+08,-1.02085E+02
7.626953125E+08,-1.03625E+02
7.627258301E+08,-1.13025E+02
7.627563477E+08,-1.08725E+02
7.627868652E+08,-1.19345E+02
7.628173828E+08,-1.15645E+02
7.628479004E+08,-1.06825E+02
7.628784180E+08,-1.01525E+02
7.629089355E+08,-1.04085E+02
7.629394531E+08,-1.08285E+02
7.629699707E+08,-1.01265E+02
7.630004883E+08,-1.00845E+02
7.630310059E+08,-1.04085E+02
7.630615234E+08,-1.06105E+02
7.630920410E+08,-1.07405E+02
7.631225586E+08,-1.24425E+02
7.631530762E+08,-1.13585E+02
7.631835938E+08,-1.12205E+02
7.632141113E+08,-1.08605E+02
7.632446289E+08,-1.14345E+02
7.632751465E+08,-1.07145E+02
7.633056641E+08,-1.16505E+02
7.633361816E+08,-1.08805E+02
7.633666992E+08,-1.12145E+02
7.633972168E+08,-1.07745E+02
7.634277344E+08,-1.03025E+02
7.634582520E+08,-1.03045E+02
7.634887695E+08,-1.05865E+02
7.635192871E+08,-1.07665E+02
7.635498047E+08,-1.09405E+02
7.635803223E+08,-1.09965E+02
7.636108398E+08,-1.16505E+02
7.636413574E+08,-1.08285E+02
7.636718750E+08,-1.09445E+02
7.637023926E+08,-1.13905E+02
7.637329102E+08,-1.14085E+02
7.637634277E+08,-1.22525E+02
7.637939453E+08,-1.06545E+02
7.638244629E+08,-1.04365E+02
7.638549805E+08,-1.05125E+02
7.638854980E+08,-1.03265E+02
7.639160156E+08,-1.06025E+02
7.639465332E+08,-1.08325E+02
7.639770508E+08,-1.11165E+02
7.640075684E+08,-1.08425E+02
7.640380859E+08,-1.13405E+02
7.640686035E+08,-1.17345E+02
7.640991211E+08,-1.15505E+02
7.641296387E+08,-1.07565E+02
7.641601562E+08,-1.11405E+02
7.641906738E+08,-1.08785E+02
7.642211914E+08,-1.06365E+02
7.642517090E+08,-1.01205E+02
7.642822266E+08,-1.07705E+02
7.643127441E+08,-1.07185E+02
7.643432617E+08,-1.06705E+02
7.643737793E+08,-1.21045E+02
7.644042969E+08,-1.05685E+02
7.644348145E+08,-1.02485E+02
7.644653320E+08,-1.19965E+02
7.644958496E+08,-1.09225E+02
7.645263672E+08,-1.10345E+02
7.645568848E+08,-1.03465E+02
7.645874023E+08,-1.02585E+02
7.646179199E+08,-1.06545E+02
7.646484375E+08,-1.15645E+02
7.646789551E+08,-1.13945E+02
7.647094727E+08,-1.10085E+02
7.647399902E+08,-1.10005E+02
7.647705078E+08,-1.13165E+02
7.648010254E+08,-1.09485E+02
7.648315430E+08,-1.13205E+02
7.648620605E+08,-1.07145E+02
7.648925781E+08,-1.08205E+02
7.649230957E+08,-1.03785E+02
7.649536133E+08,-1.02085E+02
7.649841309E+08,-1.04945E+02
7.650146484E+08,-1.11985E+02
7.650451660E+08,-1.05045E+02
7.650756836E+08,-1.02685E+02
7.651062012E+08,-1.19225E+02
7.651367188E+08,-1.09005E+02
7.651672363E+08,-1.08565E+02
7.651977539E+08,-1.06405E+02
7.652282715E+08,-1.09265E+02
7.652587891E+08,-1.09225E+02
7.652893066E+08,-1.04305E+02
7.653198242E+08,-1.03665E+02
7.653503418E+08,-1.16885E+02
7.653808594E+08,-1.07445E+02
7.654113770E+08,-1.03465E+02
7.654418945E+08,-1.02665E+02
7.654724121E+08,-1.10985E+02
7.655029297E+08,-1.06225E+02
7.655334473E+08,-9.94854E+01
7.655639648E+08,-1.00745E+02
7.655944824E+08,-1.07065E+02
7.656250000E+08,-1.09625E+02
7.656555176E+08,-1.13565E+02
7.656860352E+08,-1.05905E+02
7.657165527E+08,-1.07025E+02
7.657470703E+08,-1.07225E+02
7.657775879E+08,-1.02005E+02
7.658081055E+08,-1.03465E+02
7.658386230E+08,-1.07785E+02
7.658691406E+08,-1.03985E+02
7.658996582E+08,-9.83254E+01
7.659301758E+08,-9.97454E+01
7.659606934E+08,-1.06105E+02
7.659912109E+08,-1.08285E+02
7.660217285E+08,-1.04305E+02
7.660522461E+08,-1.02665E+02
7.660827637E+08,-1.06585E+02
7.661132812E+08,-1.17325E+02
7.661437988E+08,-1.10125E+02
7.661743164E+08,-1.02665E+02
7.662048340E+08,-1.00225E+02
7.662353516E+08,-1.07485E+02
7.662658691E+08,-1.11625E+02
7.662963867E+08,-1.10665E+02
7.663269043E+08,-1.12225E+02
7.663574219E+08,-1.07465E+02
7.663879395E+08,-1.05165E+02
7.664184570E+08,-1.09665E+02
7.664489746E+08,-1.14805E+02
7.664794922E+08,-1.06425E+02
7.665100098E+08,-1.01445E+02
7.665405273E+08,-1.02325E+02
7.665710449E+08,-1.05765E+02
7.666015625E+08,-1.07785E+02
7.666320801E+08,-1.13465E+02
7.666625977E+08,-1.06985E+02
7.666931152E+08,-1.10345E+02
7.667236328E+08,-1.17945E+02
7.667541504E+08,-1.09225E+02
7.667846680E+08,-1.12485E+02
7.668151855E+08,-1.09925E+02
7.668457031E+08,-1.11265E+02
7.668762207E+08,-1.10725E+02
7.669067383E+08,-1.04405E+02
7.669372559E+08,-1.02445E+02
7.669677734E+08,-1.04985E+02
7.669982910E+08,-1.04865E+02
7.670288086E+08,-1.07725E+02
7.670593262E+08,-1.13245E+02
7.670898438E+08,-1.08185E+02
7.671203613E+08,-1.04945E+02
7.671508789E+08,-1.05625E+02
7.671813965E+08,-1.07905E+02
7.672119141E+08,-1.11785E+02
7.672424316E+08,-1.14265E+02
7.672729492E+08,-1.05765E+02
7.673034668E+08,-9.97654E+01
7.673339844E+08,-1.01965E+02
7.673645020E+08,-1.11985E+02
7.673950195E+08,-1.14105E+02
7.674255371E+08,-1.10265E+02
7.674560547E+08,-1.06285E+02
7.674865723E+08,-1.04605E+02
7.675170898E+08,-1.03785E+02
7.675476074E+08,-1.04945E+02
7.675781250E+08,-1.05245E+02
7.676086426E+08,-1.01185E+02
7.676391602E+08,-1.00805E+02
7.676696777E+08,-1.02445E+02
7.677001953E+08,-1.05605E+02
7.677307129E+08,-1.06605E+02
7.677612305E+08,-1.08425E+02
7.677917480E+08,-1.15945E+02
7.678222656E+08,-1.04925E+02
7.678527832E+08,-1.02605E+02
7.678833008E+08,-1.05025E+02
7.679138184E+08,-1.10805E+02
7.679443359E+08,-1.13065E+02
7.679748535E+08,-1.06565E+02
7.680053711E+08,-1.00045E+02
7.680358887E+08,-9.94054E+01
7.680664062E+08,-1.06205E+02
7.680969238E+08,-1.06625E+02
7.681274414E+08,-1.06285E+02
7.681579590E+08,-1.08125E+02
7.681884766E+08,-1.03405E+02
7.682189941E+08,-1.03845E+02
7.682495117E+08,-1.09965E+02
7.682800293E+08,-1.11925E+02
7.683105469E+08,-1.16025E+02
7.683410645E+08,-1.09025E+02
7.683715820E+08,-1.05065E+02
7.684020996E+08,-1.05305E+02
7.684326172E+08,-1.09665E+02
7.684631348E+08,-1.19485E+02
7.684936523E+08,-1.14265E+02
7.685241699E+08,-1.06385E+02
7.685546875E+08,-1.10365E+02
7.685852051E+08,-1.17225E+02
7.686157227E+08,-1.15665E+02
7.686462402E+08,-1.20605E+02
7.686767578E+08,-1.30045E+02
7.687072754E+08,-1.19025E+02
7.687377930E+08,-1.08265E+02
7.687683105E+08,-1.05765E+02
7.687988281E+08,-1.20925E+02
7.688293457E+08,-1.06585E+02
7.688598633E+08,-1.12465E+02
7.688903809E+08,-1.12105E+02
7.689208984E+08,-1.14885E+02
7.689514160E+08,-1.18265E+02
7.689819336E+08,-1.10085E+02
7.690124512E+08,-1.09625E+02
7.690429688E+08,-1.07665E+02
7.690734863E+08,-1.06925E+02
7.691040039E+08,-1.17985E+02
7.691345215E+08,-1.03465E+02
7.691650391E+08,-1.07725E+02
7.691955566E+08,-1.20845E+02
7.692260742E+08,-1.08425E+02
7.692565918E+08,-1.08805E+02
7.692871094E+08,-1.05485E+02
7.693176270E+08,-1.11025E+02
7.693481445E+08,-1.11825E+02
7.693786621E+08,-1.08045E+02
7.694091797E+08,-1.05485E+02
7.694396973E+08,-1.08525E+02
7.694702148E+08,-1.15445E+02
7.695007324E+08,-1.02545E+02
7.695312500E+08,-1.03905E+02
7.695617676E+08,-1.19845E+02
7.695922852E+08,-1.12585E+02
7.696228027E+08,-1.15725E+02
7.696533203E+08,-1.06085E+02
7.696838379E+08,-1.06085E+02
7.697143555E+08,-1.11425E+02
7.697448730E+08,-1.07625E+02
7.697753906E+08,-1.07665E+02
7.698059082E+08,-1.08865E+02
7.698364258E+08,-1.03985E+02
7.698669434E+08,-1.03125E+02
7.698974609E+08,-1.08525E+02
7.699279785E+08,-1.02185E+02
7.699584961E+08,-1.07545E+02
7.699890137E+08,-1.04585E+02
7.700195312E+08,-1.03805E+02
7.700500488E+08,-1.09205E+02
7.700805664E+08,-1.14285E+02
7.701110840E+08,-1.07185E+02
7.701416016E+08,-1.12525E+02
7.701721191E+08,-1.08285E+02
7.702026367E+08,-1.05085E+02
7.702331543E+08,-1.04965E+02
7.702636719E+08,-1.07345E+02
7.702941895E+08,-1.08745E+02
7.703247070E+08,-1.05185E+02
7.703552246E+08,-1.04785E+02
7.703857422E+08,-1.02885E+02
7.704162598E+08,-1.06825E+02
7.704467773E+08,-1.06745E+02
7.704772949E+08,-1.11825E+02
7.705078125E+08,-1.04465E+02
7.705383301E+08,-1.01445E+02
7.705688477E+08,-1.09765E+02
7.705993652E+08,-1.06345E+02
7.706298828E+08,-1.00645E+02
7.706604004E+08,-9.99254E+01
7.706909180E+08,-1.17085E+02
7.707214355E+08,-1.11185E+02
7.707519531E+08,-1.08545E+02
7.707824707E+08,-1.07425E+02
7.708129883E+08,-1.03785E+02
7.708435059E+08,-1.01165E+02
7.708740234E+08,-1.04965E+02
7.709045410E+08,-1.08125E+02
7.709350586E+08,-1.05485E+02
7.709655762E+08,-1.09005E+02
7.709960938E+08,-1.15705E+02
7.710266113E+08,-1.11485E+02
7.710571289E+08,-1.13885E+02
7.710876465E+08,-1.12785E+02
7.711181641E+08,-1.11805E+02
7.711486816E+08,-1.05045E+02
7.711791992E+08,-1.05265E+02
7.712097168E+08,-1.13145E+02
7.712402344E+08,-1.08565E+02
7.712707520E+08,-1.05045E+02
7.713012695E+08,-1.11925E+02
7.713317871E+08,-1.16405E+02
7.713623047E+08,-1.20485E+02
7.713928223E+08,-1.09065E+02
7.714233398E+08,-1.02565E+02
7.714538574E+08,-1.10805E+02
7.714843750E+08,-1.05905E+02
7.715148926E+08,-1.09105E+02
7.715454102E+08,-1.18405E+02
7.715759277E+08,-1.06645E+02
7.716064453E+08,-1.02485E+02
7.716369629E+08,-1.10005E+02
7.716674805E+08,-1.08785E+02
7.716979980E+08,-1.11985E+02
7.717285156E+08,-1.08805E+02
7.717590332E+08,-1.01265E+02
7.717895508E+08,-9.99654E+01
7.718200684E+08,-1.01945E+02
7.718505859E+08,-1.08665E+02
7.718811035E+08,-1.17085E+02
7.719116211E+08,-1.21445E+02
7.719421387E+08,-1.10085E+02
7.719726562E+08,-1.11365E+02
7.720031738E+08,-1.14905E+02
7.720336914E+08,-1.12825E+02
7.720642090E+08,-1.08345E+02
7.720947266E+08,-1.10525E+02
7.721252441E+08,-1.08525E+02
7.721557617E+08,-1.12525E+02
7.721862793E+08,-1.24745E+02
7.722167969E+08,-1.14865E+02
7.722473145E+08,-1.23705E+02
7.722778320E+08,-1.16625E+02
7.723083496E+08,-1.02645E+02
7.723388672E+08,-9.99654E+01
7.723693848E+08,-1.12465E+02
7.723999023E+08,-1.02925E+02
7.724304199E+08,-1.02485E+02
7.724609375E+08,-1.12005E+02
7.724914551E+08,-1.09445E+02
7.725219727E+08,-1.14845E+02
7.725524902E+08,-1.11945E+02
7.725830078E+08,-1.08865E+02
7.726135254E+08,-1.15065E+02
7.726440430E+08,-1.02665E+02
7.726745605E+08,-1.01965E+02
7.727050781E+08,-1.05625E+02
7.727355957E+08,-1.08345E+02
7.727661133E+08,-1.07225E+02
7.727966309E+08,-1.09165E+02
7.728271484E+08,-1.17545E+02
7.728576660E+08,-1.14465E+02
7.728881836E+08,-1.04365E+02
7.729187012E+08,-1.01505E+02
7.729492188E+08,-1.04845E+02
7.729797363E+08,-1.03925E+02
7.730102539E+08,-1.02225E+02
7.730407715E+08,-1.06525E+02
7.730712891E+08,-1.20765E+02
7.731018066E+08,-1.10805E+02
7.731323242E+08,-1.11385E+02
7.731628418E+08,-1.00405E+02
7.731933594E+08,-1.04505E+02
7.732238770E+08,-1.05605E+02
7.732543945E+08,-1.01965E+02
7.732849121E+08,-1.06745E+02
7.733154297E+08,-1.16085E+02
7.733459473E+08,-1.09165E+02
7.733764648E+08,-1.17665E+02
7.734069824E+08,-1.24325E+02
7.734375000E+08,-1.02885E+02
7.734680176E+08,-1.03345E+02
7.734985352E+08,-1.03625E+02
7.735290527E+08,-1.06065E+02
7.735595703E+08,-1.18905E+02
7.735900879E+08,-1.13425E+02
7.736206055E+08,-1.03465E+02
7.736511230E+08,-1.00305E+02
7.736816406E+08,-1.03125E+02
7.737121582E+08,-1.05945E+02
7.737426758E+08,-1.09025E+02
7.737731934E+08,-1.11025E+02
7.738037109E+08,-1.18905E+02
7.738342285E+08,-1.04885E+02
7.738647461E+08,-1.06665E+02
7.738952637E+08,-1.13785E+02
7.739257812E+08,-1.07225E+02
7.739562988E+08,-1.07365E+02
7.739868164E+08,-1.04905E+02
7.740173340E+08,-1.02505E+02
7.740478516E+08,-1.05805E+02
7.740783691E+08,-1.12105E+02
7.741088867E+08,-1.03445E+02
7.741394043E+08,-1.01405E+02
7.741699219E+08,-1.07145E+02
7.742004395E+08,-1.19885E+02
7.742309570E+08,-1.08545E+02
7.742614746E+08,-1.04265E+02
7.742919922E+08,-1.12545E+02
7.743225098E+08,-1.18005E+02
7.743530273E+08,-1.20665E+02
7.743835449E+08,-1.19265E+02
7.744140625E+08,-1.11085E+02
7.744445801E+08,-1.14325E+02
7.744750977E+08,-1.17065E+02
7.745056152E+08,-1.07065E+02
7.745361328E+08,-1.04365E+02
7.745666504E+08,-1.02685E+02
7.745971680E+08,-1.02845E+02
7.746276855E+08,-1.10265E+02
7.746582031E+08,-1.09965E+02
7.746887207E+08,-1.04745E+02
7.747192383E+08,-1.00765E+02
7.747497559E+08,-1.03365E+02
7.747802734E+08,-1.13385E+02
7.748107910E+08,-1.15645E+02
7.748413086E+08,-1.09765E+02
7.748718262E+08,-1.03785E+02
7.749023438E+08,-1.12785E+02
7.749328613E+08,-1.08865E+02
7.749633789E+08,-1.11505E+02
7.749938965E+08,-1.04885E+02
7.750244141E+08,-1.01305E+02
7.750549316E+08,-1.02725E+02
7.750854492E+08,-1.10185E+02
7.751159668E+08,-1.02965E+02
7.751464844E+08,-1.10745E+02
7.751770020E+08,-1.15885E+02
7.752075195E+08,-1.17345E+02
7.752380371E+08,-1.27625E+02
7.752685547E+08,-1.13525E+02
7.752990723E+08,-1.15085E+02
7.753295898E+08,-1.13685E+02
7.753601074E+08,-1.01485E+02
7.753906250E+08,-1.02605E+02
7.754211426E+08,-1.04945E+02
7.754516602E+08,-1.05505E+02
7.754821777E+08,-1.11785E+02
7.755126953E+08,-1.14065E+02
7.755432129E+08,-1.14405E+02
7.755737305E+08,-1.12985E+02
7.756042480E+08,-1.09405E+02
7.756347656E+08,-1.14225E+02
7.756652832E+08,-1.18005E+02
7.756958008E+08,-1.09305E+02
7.757263184E+08,-1.08605E+02
7.757568359E+08,-1.06925E+02
7.757873535E+08,-1.04685E+02
7.758178711E+08,-1.07925E+02
7.758483887E+08,-1.07525E+02
7.758789062E+08,-1.03725E+02
7.759094238E+08,-1.04965E+02
7.759399414E+08,-1.19765E+02
7.759704590E+08,-1.05605E+02
7.760009766E+08,-1.09665E+02
7.760314941E+08,-1.08425E+02
7.760620117E+08,-1.05125E+02
7.760925293E+08,-9.81654E+01
7.761230469E+08,-9.84854E+01
7.761535645E+08,-1.03805E+02
7.761840820E+08,-1.05585E+02
7.762145996E+08,-1.00305E+02
7.762451172E+08,-1.03305E+02
7.762756348E+08,-1.22625E+02
7.763061523E+08,-1.11625E+02
7.763366699E+08,-1.10225E+02
7.763671875E+08,-1.05125E+02
7.763977051E+08,-1.11345E+02
7.764282227E+08,-1.11045E+02
7.764587402E+08,-1.11825E+02
7.764892578E+08,-1.16625E+02
7.765197754E+08,-1.13945E+02
7.765502930E+08,-1.15705E+02
7.765808105E+08,-1.18685E+02
7.766113281E+08,-1.10085E+02
7.766418457E+08,-1.05885E+02
7.766723633E+08,-1.07665E+02
7.767028809E+08,-1.17405E+02
7.767333984E+08,-1.13365E+02
7.767639160E+08,-1.04605E+02
7.767944336E+08,-1.06005E+02
7.768249512E+08,-1.05005E+02
7.768554688E+08,-1.04805E+02
7.768859863E+08,-1.08665E+02
7.769165039E+08,-1.08165E+02
7.769470215E+08,-1.03125E+02
7.769775391E+08,-1.00785E+02
7.770080566E+08,-1.01965E+02
7.770385742E+08,-1.05545E+02
7.770690918E+08,-1.10805E+02
7.770996094E+08,-1.11945E+02
7.771301270E+08,-1.07465E+02
7.771606445E+08,-1.11385E+02
7.771911621E+08,-1.05825E+02
7.772216797E+08,-1.03465E+02
7.772521973E+08,-1.05825E+02
7.772827148E+08,-1.07225E+02
7.773132324E+08,-1.03725E+02
7.773437500E+08,-1.03985E+02
7.773742676E+08,-1.10905E+02
7.774047852E+08,-1.07365E+02
7.774353027E+08,-1.14925E+02
7.774658203E+08,-1.10225E+02
7.774963379E+08,-1.10425E+02
7.775268555E+08,-1.13565E+02
7.775573730E+08,-1.18345E+02
7.775878906E+08,-1.11985E+02
7.776184082E+08,-1.14845E+02
7.776489258E+08,-1.12905E+02
7.776794434E+08,-1.07005E+02
7.777099609E+08,-1.10665E+02
7.777404785E+08,-1.06185E+02
7.777709961E+08,-1.13565E+02
7.778015137E+08,-1.15185E+02
7.778320312E+08,-1.08405E+02
7.778625488E+08,-1.07565E+02
7.778930664E+08,-1.02705E+02
7.779235840E+08,-1.02105E+02
7.779541016E+08,-1.09805E+02
7.779846191E+08,-1.16765E+02
7.780151367E+08,-1.11305E+02
7.780456543E+08,-1.13565E+02
7.780761719E+08,-1.12405E+02
7.781066895E+08,-1.06785E+02
7.781372070E+08,-1.10445E+02
7.781677246E+08,-1.17085E+02
7.781982422E+08,-1.10985E+02
7.782287598E+08,-1.11765E+02
7.782592773E+08,-1.15545E+02
7.782897949E+08,-1.04165E+02
7.783203125E+08,-1.03285E+02
7.783508301E+08,-1.07865E+02
7.783813477E+08,-1.05865E+02
7.784118652E+08,-1.10905E+02
7.784423828E+08,-1.06885E+02
7.784729004E+08,-1.05005E+02
7.785034180E+08,-1.11545E+02
7.785339355E+08,-1.14805E+02
7.785644531E+08,-1.07865E+02
7.785949707E+08,-1.02205E+02
7.786254883E+08,-1.04385E+02
7.786560059E+08,-1.11985E+02
7.786865234E+08,-1.03725E+02
7.787170410E+08,-1.12445E+02
7.787475586E+08,-1.05345E+02
7.787780762E+08,-1.04725E+02
7.788085938E+08,-1.19705E+02
7.788391113E+08,-1.11205E+02
7.788696289E+08,-1.10385E+02
7.789001465E+08,-1.11325E+02
7.789306641E+08,-1.17265E+02
7.789611816E+08,-1.10225E+02
7.789916992E+08,-1.13945E+02
7.790222168E+08,-1.20645E+02
7.790527344E+08,-1.18725E+02
7.790832520E+08,-1.11985E+02
7.791137695E+08,-1.06065E+02
7.791442871E+08,-1.10005E+02
7.791748047E+08,-1.08205E+02
7.792053223E+08,-1.05405E+02
7.792358398E+08,-1.04885E+02
7.792663574E+08,-1.09205E+02
7.792968750E+08,-1.06925E+02
7.793273926E+08,-1.08525E+02
7.793579102E+08,-1.09545E+02
7.793884277E+08,-1.11465E+02
7.794189453E+08,-1.12085E+02
7.794494629E+08,-1.14345E+02
7.794799805E+08,-1.15485E+02
7.795104980E+08,-1.14245E+02
7.795410156E+08,-1.12345E+02
7.795715332E+08,-1.15625E+02
7.796020508E+08,-1.10965E+02
7.796325684E+08,-1.09305E+02
7.796630859E+08,-1.05125E+02
7.796936035E+08,-1.11305E+02
7.797241211E+08,-1.05965E+02
7.797546387E+08,-1.07525E+02
7.797851562E+08,-1.05325E+02
7.798156738E+08,-1.08005E+02
7.798461914E+08,-1.21945E+02
7.798767090E+08,-1.09545E+02
7.799072266E+08,-1.12345E+02
7.799377441E+08,-1.24165E+02
7.799682617E+08,-1.09165E+02
7.799987793E+08,-1.06225E+02
7.800292969E+08,-1.06125E+02
7.800598145E+08,-1.09505E+02
7.800903320E+08,-1.08945E+02
7.801208496E+08,-1.03585E+02
7.801513672E+08,-1.13405E+02
7.801818848E+08,-1.00885E+02
7.802124023E+08,-1.04205E+02
7.802429199E+08,-1.04085E+02
7.802734375E+08,-1.03325E+02
7.803039551E+08,-1.07365E+02
7.803344727E+08,-1.18805E+02
7.803649902E+08,-1.04725E+02
7.803955078E+08,-1.07625E+02
7.804260254E+08,-1.10745E+02
7.804565430E+08,-1.11565E+02
7.804870605E+08,-1.11265E+02
7.805175781E+08,-1.15845E+02
7.805480957E+08,-1.15285E+02
7.805786133E+08,-1.09965E+02
7.806091309E+08,-1.08845E+02
7.806396484E+08,-1.05705E+02
7.806701660E+08,-1.22565E+02
7.807006836E+08,-1.06205E+02
7.807312012E+08,-1.05645E+02
7.807617188E+08,-1.04725E+02
7.807922363E+08,-1.05365E+02
7.808227539E+08,-1.01985E+02
7.808532715E+08,-1.03325E+02
7.808837891E+08,-1.11845E+02
7.809143066E+08,-1.09305E+02
7.809448242E+08,-1.04725E+02
7.809753418E+08,-1.06165E+02
7.810058594E+08,-1.04045E+02
7.810363770E+08,-1.07465E+02
7.810668945E+08,-1.09165E+02
7.810974121E+08,-1.06685E+02
7.811279297E+08,-1.05345E+02
7.811584473E+08,-1.10505E+02
7.811889648E+08,-1.19805E+02
7.812194824E+08,-1.16625E+02
7.812500000E+08,-1.18745E+02
7.812805176E+08,-1.10565E+02
7.813110352E+08,-1.09845E+02
7.813415527E+08,-1.13485E+02
7.813720703E+08,-1.14465E+02
7.814025879E+08,-1.11405E+02
7.814331055E+08,-1.03745E+02
7.814636230E+08,-1.06865E+02
7.814941406E+08,-1.09225E+02
7.815246582E+08,-1.06125E+02
7.815551758E+08,-1.03645E+02
7.815856934E+08,-1.02285E+02
7.816162109E+08,-1.03965E+02
7.816467285E+08,-1.11405E+02
7.816772461E+08,-1.05585E+02
7.817077637E+08,-9.95054E+01
7.817382812E+08,-9.80254E+01
7.817687988E+08,-1.02745E+02
7.817993164E+08,-1.16225E+02
7.818298340E+08,-1.13705E+02
7.818603516E+08,-1.10325E+02
7.818908691E+08,-1.10365E+02
7.819213867E+08,-1.08525E+02
7.819519043E+08,-1.04525E+02
7.819824219E+08,-1.10705E+02
7.820129395E+08,-1.06965E+02
7.820434570E+08,-1.10365E+02
7.820739746E+08,-1.17285E+02
7.821044922E+08,-1.11745E+02
7.821350098E+08,-1.11205E+02
7.821655273E+08,-1.23765E+02
7.821960449E+08,-1.04965E+02
7.822265625E+08,-1.02125E+02
7.822570801E+08,-1.03325E+02
7.822875977E+08,-1.16365E+02
7.823181152E+08,-1.05425E+02
7.823486328E+08,-1.12405E+02
7.823791504E+08,-1.06085E+02
7.824096680E+08,-1.01185E+02
7.824401855E+08,-1.00965E+02
7.824707031E+08,-1.00585E+02
7.825012207E+08,-1.06625E+02
7.825317383E+08,-1.06745E+02
7.825622559E+08,-1.05165E+02
7.825927734E+08,-1.04685E+02
7.826232910E+08,-1.19345E+02
7.826538086E+08,-1.05485E+02
7.826843262E+08,-1.04405E+02
7.827148438E+08,-1.02405E+02
7.827453613E+08,-1.02945E+02
7.827758789E+08,-1.07185E+02
7.828063965E+08,-1.18025E+02
7.828369141E+08,-1.16145E+02
7.828674316E+08,-1.08905E+02
7.828979492E+08,-1.11445E+02
7.829284668E+08,-1.06505E+02
7.829589844E+08,-1.05725E+02
7.829895020E+08,-1.06765E+02
7.830200195E+08,-1.10605E+02
7.830505371E+08,-1.02965E+02
7.830810547E+08,-1.04565E+02
7.831115723E+08,-1.08105E+02
7.831420898E+08,-1.09665E+02
7.831726074E+08,-1.15325E+02
7.832031250E+08,-1.10665E+02
7.832336426E+08,-1.06665E+02
7.832641602E+08,-1.05285E+02
7.832946777E+08,-1.01845E+02
7.833251953E+08,-1.03845E+02
7.833557129E+08,-1.02145E+02
7.833862305E+08,-1.02305E+02
7.834167480E+08,-1.03605E+02
7.834472656E+08,-1.07565E+02
7.834777832E+08,-1.05825E+02
7.835083008E+08,-1.04005E+02
7.835388184E+08,-1.05365E+02
7.835693359E+08,-1.09025E+02
7.835998535E+08,-1.12525E+02
7.836303711E+08,-1.16225E+02
7.836608887E+08,-1.14285E+02
7.836914062E+08,-1.28285E+02
7.837219238E+08,-1.08545E+02
7.837524414E+08,-1.05485E+02
7.837829590E+08,-1.03105E+02
7.838134766E+08,-1.11905E+02
7.838439941E+08,-1.03665E+02
7.838745117E+08,-1.04285E+02
7.839050293E+08,-1.14405E+02
7.839355469E+08,-1.07865E+02
7.839660645E+08,-1.06165E+02
7.839965820E+08,-1.08865E+02
7.840270996E+08,-1.07445E+02
7.840576172E+08,-1.02385E+02
7.840881348E+08,-1.04825E+02
7.841186523E+08,-1.16165E+02
7.841491699E+08,-1.08845E+02
7.841796875E+08,-1.15725E+02
7.842102051E+08,-1.09485E+02
7.842407227E+08,-1.04985E+02
7.842712402E+08,-1.13205E+02
7.843017578E+08,-1.33205E+02
7.843322754E+08,-1.10805E+02
7.843627930E+08,-1.20745E+02
7.843933105E+08,-1.08785E+02
7.844238281E+08,-1.17785E+02
7.844543457E+08,-1.01885E+02
7.844848633E+08,-1.03385E+02
7.845153809E+08,-1.08185E+02
7.845458984E+08,-1.11905E+02
7.845764160E+08,-1.06185E+02
7.846069336E+08,-1.06445E+02
7.846374512E+08,-1.06985E+02
7.846679688E+08,-1.05285E+02
7.846984863E+08,-1.03645E+02
7.847290039E+08,-1.07285E+02
7.847595215E+08,-1.16225E+02
7.847900391E+08,-1.18945E+02
7.848205566E+08,-1.11965E+02
7.848510742E+08,-1.07265E+02
7.848815918E+08,-1.13865E+02
7.849121094E+08,-1.02345E+02
7.849426270E+08,-1.02865E+02
7.849731445E+08,-1.11465E+02
7.850036621E+08,-1.08125E+02
7.850341797E+08,-1.08685E+02
7.850646973E+08,-1.18485E+02
7.850952148E+08,-1.20225E+02
7.851257324E+08,-1.08865E+02
7.851562500E+08,-1.06425E+02
7.851867676E+08,-1.10045E+02
7.852172852E+08,-1.12885E+02
7.852478027E+08,-1.05765E+02
7.852783203E+08,-1.07925E+02
7.853088379E+08,-1.14445E+02
7.853393555E+08,-1.04125E+02
7.853698730E+08,-1.05205E+02
7.854003906E+08,-1.03145E+02
7.854309082E+08,-9.73854E+01
7.854614258E+08,-1.00965E+02
7.854919434E+08,-1.13225E+02
7.855224609E+08,-1.07685E+02
7.855529785E+08,-1.09445E+02
7.855834961E+08,-1.06765E+02
7.856140137E+08,-1.14805E+02
7.856445312E+08,-1.06865E+02
7.856750488E+08,-1.07985E+02
7.857055664E+08,-1.13085E+02
7.857360840E+08,-1.08905E+02
7.857666016E+08,-1.02405E+02
7.857971191E+08,-1.06265E+02
7.858276367E+08,-9.94854E+01
7.858581543E+08,-9.74254E+01
7.858886719E+08,-9.95854E+01
7.859191895E+08,-1.05085E+02
7.859497070E+08,-1.03565E+02
7.859802246E+08,-1.03565E+02
7.860107422E+08,-1.12705E+02
7.860412598E+08,-1.13945E+02
7.860717773E+08,-1.10725E+02
7.861022949E+08,-1.06785E+02
7.861328125E+08,-1.09805E+02
7.861633301E+08,-1.11725E+02
7.861938477E+08,-1.02525E+02
7.862243652E+08,-1.06485E+02
7.862548828E+08,-1.21705E+02
7.862854004E+08,-1.11425E+02
7.863159180E+08,-1.06085E+02
7.863464355E+08,-1.11305E+02
7.863769531E+08,-1.18525E+02
7.864074707E+08,-1.09545E+02
7.864379883E+08,-1.11105E+02
7.864685059E+08,-1.14065E+02
7.864990234E+08,-1.11145E+02
7.865295410E+08,-1.09365E+02
7.865600586E+08,-1.16645E+02
7.865905762E+08,-1.07445E+02
7.866210938E+08,-1.05205E+02
7.866516113E+08,-1.18405E+02
7.866821289E+08,-1.10545E+02
7.867126465E+08,-1.11765E+02
7.867431641E+08,-1.18545E+02
7.867736816E+08,-1.11525E+02
7.868041992E+08,-1.14425E+02
7.868347168E+08,-1.06745E+02
7.868652344E+08,-1.09025E+02
7.868957520E+08,-1.11825E+02
7.869262695E+08,-1.11825E+02
7.869567871E+08,-1.12065E+02
7.869873047E+08,-1.04685E+02
7.870178223E+08,-1.03505E+02
7.870483398E+08,-1.06185E+02
7.870788574E+08,-1.12765E+02
7.871093750E+08,-1.01425E+02
7.871398926E+08,-1.05545E+02
7.871704102E+08,-1.12885E+02
7.872009277E+08,-1.07785E+02
7.872314453E+08,-1.10265E+02
7.872619629E+08,-1.11305E+02
7.872924805E+08,-1.05285E+02
7.873229980E+08,-1.06485E+02
7.873535156E+08,-1.10725E+02
7.873840332E+08,-1.03565E+02
7.874145508E+08,-1.01545E+02
7.874450684E+08,-1.08485E+02
7.874755859E+08,-1.14365E+02
7.875061035E+08,-1.03525E+02
7.875366211E+08,-1.08245E+02
7.875671387E+08,-1.09505E+02
7.875976562E+08,-1.19405E+02
7.876281738E+08,-1.04005E+02
7.876586914E+08,-1.03585E+02
7.876892090E+08,-1.21745E+02
7.877197266E+08,-1.10545E+02
7.877502441E+08,-1.09345E+02
7.877807617E+08,-1.08965E+02
7.878112793E+08,-1.18425E+02
7.878417969E+08,-1.17945E+02
7.878723145E+08,-1.05585E+02
7.879028320E+08,-1.05045E+02
7.879333496E+08,-1.15025E+02
7.879638672E+08,-1.06545E+02
7.879943848E+08,-1.09545E+02
7.880249023E+08,-1.16625E+02
7.880554199E+08,-1.05865E+02
7.880859375E+08,-1.03985E+02
7.881164551E+08,-1.07805E+02
7.881469727E+08,-1.07285E+02
7.881774902E+08,-1.07325E+02
7.882080078E+08,-1.04965E+02
7.882385254E+08,-1.06165E+02
7.882690430E+08,-1.12865E+02
7.882995605E+08,-1.05025E+02
7.883300781E+08,-1.15525E+02
7.883605957E+08,-1.10625E+02
7.883911133E+08,-1.21105E+02
7.884216309E+08,-1.11945E+02
7.884521484E+08,-1.07525E+02
7.884826660E+08,-1.08565E+02
7.885131836E+08,-1.08465E+02
7.885437012E+08,-1.00405E+02
7.885742188E+08,-9.93654E+01
7.886047363E+08,-1.03865E+02
7.886352539E+08,-1.14365E+02
7.886657715E+08,-1.09125E+02
7.886962891E+08,-1.06385E+02
7.887268066E+08,-1.09805E+02
7.887573242E+08,-1.13365E+02
7.887878418E+08,-1.11805E+02
7.888183594E+08,-1.08905E+02
7.888488770E+08,-1.15045E+02
7.888793945E+08,-1.17865E+02
7.889099121E+08,-1.11005E+02
7.889404297E+08,-1.11585E+02
7.889709473E+08,-1.04945E+02
7.890014648E+08,-1.05505E+02
7.890319824E+08,-1.03345E+02
7.890625000E+08,-1.07125E+02
7.890930176E+08,-1.03745E+02
7.891235352E+08,-1.00605E+02
7.891540527E+08,-1.01525E+02
7.891845703E+08,-1.07125E+02
7.892150879E+08,-1.06945E+02
7.892456055E+08,-1.17545E+02
7.892761230E+08,-1.15345E+02
7.893066406E+08,-1.09965E+02
7.893371582E+08,-1.10585E+02
7.893676758E+08,-1.10905E+02
7.893981934E+08,-1.13765E+02
7.894287109E+08,-1.11045E+02
7.894592285E+08,-1.08845E+02
7.894897461E+08,-1.08465E+02
7.895202637E+08,-1.02845E+02
7.895507812E+08,-1.04045E+02
7.895812988E+08,-1.19705E+02
7.896118164E+08,-1.17685E+02
7.896423340E+08,-1.09505E+02
7.896728516E+08,-1.08725E+02
7.897033691E+08,-1.02745E+02
7.897338867E+08,-9.99254E+01
7.897644043E+08,-1.00265E+02
7.897949219E+08,-1.08745E+02
7.898254395E+08,-1.04385E+02
7.898559570E+08,-1.01305E+02
7.898864746E+08,-1.05945E+02
7.899169922E+08,-1.08345E+02
7.899475098E+08,-1.06265E+02
7.899780273E+08,-1.04305E+02
7.900085449E+08,-1.13105E+02
7.900390625E+08,-1.06925E+02
7.900695801E+08,-1.05045E+02
7.901000977E+08,-1.12685E+02
7.901306152E+08,-1.13765E+02
7.901611328E+08,-1.40125E+02
7.901916504E+08,-1.05425E+02
7.902221680E+08,-1.00525E+02
7.902526855E+08,-1.01625E+02
7.902832031E+08,-1.08245E+02
7.903137207E+08,-1.03385E+02
7.903442383E+08,-1.01905E+02
7.903747559E+08,-1.03785E+02
7.904052734E+08,-1.09165E+02
7.904357910E+08,-1.08965E+02
7.904663086E+08,-1.05585E+02
7.904968262E+08,-1.06285E+02
7.905273438E+08,-1.04465E+02
7.905578613E+08,-1.04105E+02
7.905883789E+08,-1.04285E+02
7.906188965E+08,-1.05945E+02
7.906494141E+08,-1.01165E+02
7.906799316E+08,-1.03665E+02
7.907104492E+08,-1.05085E+02
7.907409668E+08,-1.03765E+02
7.907714844E+08,-1.12345E+02
7.908020020E+08,-1.18405E+02
7.908325195E+08,-1.09665E+02
7.908630371E+08,-1.07665E+02
7.908935547E+08,-1.13205E+02
7.909240723E+08,-1.10305E+02
7.909545898E+08,-1.22105E+02
7.909851074E+08,-1.09305E+02
7.910156250E+08,-1.16425E+02
7.910461426E+08,-1.11945E+02
7.910766602E+08,-1.17425E+02
7.911071777E+08,-1.14945E+02
7.911376953E+08,-1.06305E+02
7.911682129E+08,-1.03305E+02
7.911987305E+08,-1.01845E+02
7.912292480E+08,-1.03165E+02
7.912597656E+08,-1.04445E+02
7.912902832E+08,-1.03965E+02
7.913208008E+08,-1.04925E+02
7.913513184E+08,-1.10445E+02
7.913818359E+08,-1.12205E+02
7.914123535E+08,-1.07525E+02
7.914428711E+08,-1.06425E+02
7.914733887E+08,-1.07005E+02
7.915039062E+08,-1.07285E+02
7.915344238E+08,-1.13465E+02
7.915649414E+08,-1.09705E+02
7.915954590E+08,-1.00425E+02
7.916259766E+08,-1.02045E+02
7.916564941E+08,-1.07565E+02
7.916870117E+08,-1.04765E+02
7.917175293E+08,-1.06785E+02
7.917480469E+08,-1.06685E+02
7.917785645E+08,-1.05045E+02
7.918090820E+08,-1.13945E+02
7.918395996E+08,-1.09585E+02
7.918701172E+08,-1.05125E+02
7.919006348E+08,-1.05085E+02
7.919311523E+08,-1.08025E+02
7.919616699E+08,-1.12045E+02
7.919921875E+08,-1.07405E+02
7.920227051E+08,-1.21645E+02
7.920532227E+08,-1.11265E+02
7.920837402E+08,-1.11885E+02
7.921142578E+08,-1.20565E+02
7.921447754E+08,-1.05645E+02
7.921752930E+08,-1.07125E+02
7.922058105E+08,-1.19065E+02
7.922363281E+08,-1.04585E+02
7.922668457E+08,-9.84054E+01
7.922973633E+08,-9.76254E+01
7.923278809E+08,-1.02625E+02
7.923583984E+08,-1.05785E+02
7.923889160E+08,-1.02065E+02
7.924194336E+08,-1.01965E+02
7.924499512E+08,-1.18425E+02
7.924804688E+08,-1.05645E+02
7.925109863E+08,-1.05445E+02
7.925415039E+08,-1.04785E+02
7.925720215E+08,-1.02645E+02
7.926025391E+08,-1.04585E+02
7.926330566E+08,-1.17005E+02
7.926635742E+08,-1.20225E+02
7.926940918E+08,-1.11605E+02
7.927246094E+08,-1.03385E+02
7.927551270E+08,-1.04025E+02
7.927856445E+08,-1.03265E+02
7.928161621E+08,-1.00385E+02
7.928466797E+08,-1.05345E+02
7.928771973E+08,-1.09265E+02
7.929077148E+08,-1.10765E+02
7.929382324E+08,-1.03985E+02
7.929687500E+08,-1.03345E+02
7.929992676E+08,-1.02105E+02
7.930297852E+08,-1.04245E+02
7.930603027E+08,-1.07445E+02
7.930908203E+08,-1.21845E+02
7.931213379E+08,-1.15005E+02
7.931518555E+08,-1.20225E+02
7.931823730E+08,-1.00825E+02
7.932128906E+08,-1.02825E+02
7.932434082E+08,-1.14945E+02
7.932739258E+08,-1.08265E+02
7.933044434E+08,-1.10085E+02
7.933349609E+08,-1.15625E+02
7.933654785E+08,-1.08105E+02
7.933959961E+08,-1.08045E+02
7.934265137E+08,-1.06705E+02
7.934570312E+08,-1.06605E+02
7.934875488E+08,-1.06625E+02
7.935180664E+08,-1.07325E+02
7.935485840E+08,-1.07285E+02
7.935791016E+08,-1.13505E+02
7.936096191E+08,-1.18485E+02
7.936401367E+08,-1.12505E+02
7.936706543E+08,-1.16265E+02
7.937011719E+08,-1.13385E+02
7.937316895E+08,-1.02685E+02
7.937622070E+08,-1.02325E+02
7.937927246E+08,-1.20445E+02
7.938232422E+08,-1.11845E+02
7.938537598E+08,-1.10505E+02
7.938842773E+08,-1.06765E+02
7.939147949E+08,-1.06425E+02
7.939453125E+08,-1.04485E+02
7.939758301E+08,-1.03225E+02
7.940063477E+08,-1.03405E+02
7.940368652E+08,-1.19025E+02
7.940673828E+08,-1.06485E+02
7.940979004E+08,-1.03465E+02
7.941284180E+08,-1.14105E+02
7.941589355E+08,-1.04745E+02
7.941894531E+08,-1.00185E+02
7.942199707E+08,-9.98454E+01
7.942504883E+08,-1.10265E+02
7.942810059E+08,-1.04325E+02
7.943115234E+08,-1.00185E+02
7.943420410E+08,-1.02905E+02
7.943725586E+08,-1.14045E+02
7.944030762E+08,-1.11445E+02
7.944335938E+08,-1.07625E+02
7.944641113E+08,-1.07985E+02
7.944946289E+08,-1.08605E+02
7.945251465E+08,-1.12585E+02
7.945556641E+08,-1.08905E+02
7.945861816E+08,-1.07105E+02
7.946166992E+08,-1.12485E+02
7.946472168E+08,-1.06305E+02
7.946777344E+08,-1.04685E+02
7.947082520E+08,-1.15125E+02
7.947387695E+08,-1.05385E+02
7.947692871E+08,-1.07345E+02
7.947998047E+08,-1.14185E+02
7.948303223E+08,-1.13305E+02
7.948608398E+08,-1.03325E+02
7.948913574E+08,-1.05585E+02
7.949218750E+08,-1.08665E+02
7.949523926E+08,-1.12745E+02
7.949829102E+08,-1.17125E+02
7.950134277E+08,-1.10185E+02
7.950439453E+08,-1.02785E+02
7.950744629E+08,-1.02965E+02
7.951049805E+08,-1.02685E+02
7.951354980E+08,-1.03825E+02
7.951660156E+08,-1.14765E+02
7.951965332E+08,-1.07465E+02
7.952270508E+08,-1.02265E+02
7.952575684E+08,-1.07405E+02
7.952880859E+08,-1.16985E+02
7.953186035E+08,-1.04545E+02
7.953491211E+08,-1.01865E+02
7.953796387E+08,-1.09585E+02
7.954101562E+08,-1.09625E+02
7.954406738E+08,-1.09505E+02
7.954711914E+08,-1.10725E+02
7.955017090E+08,-1.05425E+02
7.955322266E+08,-1.06225E+02
7.955627441E+08,-1.07745E+02
7.955932617E+08,-1.14805E+02
7.956237793E+08,-1.08965E+02
7.956542969E+08,-1.07285E+02
7.956848145E+08,-1.13885E+02
7.957153320E+08,-1.06585E+02
7.957458496E+08,-1.01205E+02
7.957763672E+08,-9.97654E+01
7.958068848E+08,-1.01085E+02
7.958374023E+08,-1.05765E+02
7.958679199E+08,-1.08485E+02
7.958984375E+08,-1.18345E+02
7.959289551E+08,-1.10765E+02
7.959594727E+08,-1.07625E+02
7.959899902E+08,-1.09705E+02
7.960205078E+08,-1.07485E+02
7.960510254E+08,-1.09225E+02
7.960815430E+08,-1.07525E+02
7.961120605E+08,-1.09445E+02
7.961425781E+08,-1.11645E+02
7.961730957E+08,-1.12925E+02
7.962036133E+08,-1.06605E+02
7.962341309E+08,-1.12605E+02
7.962646484E+08,-1.06805E+02
7.962951660E+08,-1.05965E+02
7.963256836E+08,-1.14945E+02
7.963562012E+08,-1.19445E+02
7.963867188E+08,-1.05385E+02
7.964172363E+08,-1.03325E+02
7.964477539E+08,-1.04905E+02
7.964782715E+08,-1.04225E+02
7.965087891E+08,-1.07405E+02
7.965393066E+08,-1.12445E+02
7.965698242E+08,-1.11305E+02
7.966003418E+08,-1.16165E+02
7.966308594E+08,-1.17425E+02
7.966613770E+08,-1.06585E+02
7.966918945E+08,-1.02845E+02
7.967224121E+08,-1.06605E+02
7.967529297E+08,-1.03705E+02
7.967834473E+08,-1.01685E+02
7.968139648E+08,-1.02965E+02
7.968444824E+08,-1.01585E+02
7.968750000E+08,-1.02305E+02
7.969055176E+08,-1.16525E+02
7.969360352E+08,-1.09025E+02
7.969665527E+08,-1.07625E+02
7.969970703E+08,-1.04465E+02
7.970275879E+08,-1.02965E+02
7.970581055E+08,-1.11585E+02
7.970886230E+08,-1.13405E+02
7.971191406E+08,-1.08405E+02
7.971496582E+08,-1.03805E+02
7.971801758E+08,-1.08965E+02
7.972106934E+08,-1.16585E+02
7.972412109E+08,-1.07725E+02
7.972717285E+08,-1.22325E+02
7.973022461E+08,-1.11845E+02
7.973327637E+08,-1.09545E+02
7.973632812E+08,-1.05445E+02
7.973937988E+08,-1.01345E+02
7.974243164E+08,-1.06285E+02
7.974548340E+08,-1.08325E+02
7.974853516E+08,-1.23265E+02
7.975158691E+08,-1.09065E+02
7.975463867E+08,-1.08625E+02
7.975769043E+08,-1.14025E+02
7.976074219E+08,-1.06325E+02
7.976379395E+08,-1.06605E+02
7.976684570E+08,-1.11165E+02
7.976989746E+08,-1.21385E+02
7.977294922E+08,-1.18165E+02
7.977600098E+08,-1.09305E+02
7.977905273E+08,-1.21945E+02
7.978210449E+08,-1.04465E+02
7.978515625E+08,-1.06025E+02
7.978820801E+08,-1.15085E+02
7.979125977E+08,-1.16005E+02
7.979431152E+08,-1.10185E+02
7.979736328E+08,-1.07385E+02
7.980041504E+08,-1.11165E+02
7.980346680E+08,-1.07865E+02
7.980651855E+08,-1.05005E+02
7.980957031E+08,-1.06925E+02
7.981262207E+08,-1.04365E+02
7.981567383E+08,-1.03105E+02
7.981872559E+08,-1.04305E+02
7.982177734E+08,-1.05285E+02
7.982482910E+08,-1.06385E+02
7.982788086E+08,-1.17425E+02
7.983093262E+08,-1.18905E+02
7.983398438E+08,-1.16725E+02
7.983703613E+08,-1.12245E+02
7.984008789E+08,-1.12005E+02
7.984313965E+08,-1.12465E+02
7.984619141E+08,-1.18185E+02
7.984924316E+08,-1.02045E+02
7.985229492E+08,-1.00965E+02
7.985534668E+08,-1.07805E+02
7.985839844E+08,-1.07805E+02
7.986145020E+08,-1.05925E+02
7.986450195E+08,-1.06685E+02
7.986755371E+08,-1.10945E+02
7.987060547E+08,-1.13325E+02
7.987365723E+08,-1.17925E+02
7.987670898E+08,-1.12365E+02
7.987976074E+08,-1.21145E+02
7.988281250E+08,-1.01645E+02
7.988586426E+08,-1.02505E+02
7.988891602E+08,-1.08285E+02
7.989196777E+08,-1.04265E+02
7.989501953E+08,-1.10005E+02
7.989807129E+08,-1.14205E+02
7.990112305E+08,-1.10465E+02
7.990417480E+08,-1.05485E+02
7.990722656E+08,-1.01405E+02
7.991027832E+08,-1.02045E+02
7.991333008E+08,-1.01865E+02
7.991638184E+08,-1.12545E+02
7.991943359E+08,-1.22345E+02
7.992248535E+08,-1.14245E+02
7.992553711E+08,-1.05505E+02
7.992858887E+08,-1.04805E+02
7.993164062E+08,-1.09745E+02
7.993469238E+08,-1.07945E+02
7.993774414E+08,-1.13285E+02
7.994079590E+08,-1.06105E+02
7.994384766E+08,-1.08425E+02
7.994689941E+08,-1.13905E+02
7.994995117E+08,-1.16605E+02
7.995300293E+08,-1.04465E+02
7.995605469E+08,-1.05045E+02
7.995910645E+08,-1.12965E+02
7.996215820E+08,-1.08285E+02
7.996520996E+08,-1.34225E+02
7.996826172E+08,-1.06045E+02
7.997131348E+08,-1.07605E+02
7.997436523E+08,-1.06985E+02
7.997741699E+08,-1.03185E+02
7.998046875E+08,-1.03205E+02
7.998352051E+08,-1.01085E+02
7.998657227E+08,-1.01325E+02
7.998962402E+08,-1.10945E+02
7.999267578E+08,-1.08785E+02
7.999572754E+08,-1.04985E+02
7.999877930E+08,-1.09665E+02
8.000183105E+08,-1.03745E+02
8.000488281E+08,-1.04785E+02
8.000793457E+08,-1.03445E+02
8.001098633E+08,-1.05485E+02
8.001403809E+08,-1.09965E+02
8.001708984E+08,-1.14665E+02
8.002014160E+08,-1.06745E+02
8.002319336E+08,-1.12725E+02
8.002624512E+08,-1.08845E+02
8.002929688E+08,-1.11545E+02
8.003234863E+08,-1.09005E+02
8.003540039E+08,-1.16405E+02
8.003845215E+08,-1.04225E+02
8.004150391E+08,-1.03385E+02
8.004455566E+08,-1.13845E+02
8.004760742E+08,-1.17945E+02
8.005065918E+08,-1.08045E+02
8.005371094E+08,-1.02485E+02
8.005676270E+08,-1.02225E+02
8.005981445E+08,-1.04705E+02
8.006286621E+08,-1.13485E+02
8.006591797E+08,-1.10905E+02
8.006896973E+08,-1.09205E+02
8.007202148E+08,-1.16345E+02
8.007507324E+08,-1.07145E+02
8.007812500E+08,-1.07945E+02
8.008117676E+08,-1.32625E+02
8.008422852E+08,-1.15505E+02
8.008728027E+08,-1.11525E+02
8.009033203E+08,-1.06005E+02
8.009338379E+08,-1.07065E+02
8.009643555E+08,-1.26505E+02
8.009948730E+08,-1.10665E+02
8.010253906E+08,-1.11025E+02
8.010559082E+08,-1.05125E+02
8.010864258E+08,-1.18165E+02
8.011169434E+08,-1.05825E+02
8.011474609E+08,-1.05825E+02
8.011779785E+08,-1.09025E+02
8.012084961E+08,-1.07685E+02
8.012390137E+08,-1.06805E+02
8.012695312E+08,-1.04805E+02
8.013000488E+08,-1.03765E+02
8.013305664E+08,-1.00485E+02
8.013610840E+08,-1.05045E+02
8.013916016E+08,-1.00845E+02
8.014221191E+08,-1.08525E+02
8.014526367E+08,-1.11005E+02
8.014831543E+08,-1.14525E+02
8.015136719E+08,-1.08625E+02
8.015441895E+08,-1.06405E+02
8.015747070E+08,-1.18005E+02
8.016052246E+08,-1.08685E+02
8.016357422E+08,-1.06205E+02
8.016662598E+08,-1.11185E+02
8.016967773E+08,-1.10185E+02
8.017272949E+08,-1.04765E+02
8.017578125E+08,-1.07025E+02
8.017883301E+08,-1.03205E+02
8.018188477E+08,-1.11505E+02
8.018493652E+08,-9.86654E+01
8.018798828E+08,-1.01685E+02
8.019104004E+08,-1.09025E+02
8.019409180E+08,-1.08945E+02
8.019714355E+08,-1.13505E+02
8.020019531E+08,-1.06585E+02
8.020324707E+08,-1.11165E+02
8.020629883E+08,-1.07785E+02
8.020935059E+08,-1.22585E+02
8.021240234E+08,-1.08025E+02
8.021545410E+08,-1.06405E+02
8.021850586E+08,-1.10885E+02
8.022155762E+08,-1.20445E+02
8.022460938E+08,-1.13945E+02
8.022766113E+08,-1.05525E+02
8.023071289E+08,-1.06425E+02
8.023376465E+08,-1.02045E+02
8.023681641E+08,-1.02965E+02
8.023986816E+08,-1.19405E+02
8.024291992E+08,-1.07005E+02
8.024597168E+08,-1.07005E+02
8.024902344E+08,-1.38465E+02
8.025207520E+08,-1.17285E+02
8.025512695E+08,-1.13605E+02
8.025817871E+08,-1.08185E+02
8.026123047E+08,-1.12365E+02
8.026428223E+08,-1.09105E+02
8.026733398E+08,-1.06165E+02
8.027038574E+08,-1.04445E+02
8.027343750E+08,-1.03625E+02
8.027648926E+08,-1.04665E+02
8.027954102E+08,-1.02005E+02
8.028259277E+08,-9.86054E+01
8.028564453E+08,-1.04185E+02
8.028869629E+08,-1.08285E+02
8.029174805E+08,-1.10045E+02
8.029479980E+08,-1.09305E+02
8.029785156E+08,-1.05725E+02
8.030090332E+08,-1.05905E+02
8.030395508E+08,-1.16305E+02
8.030700684E+08,-1.03105E+02
8.031005859E+08,-1.04505E+02
8.031311035E+08,-1.16625E+02
8.031616211E+08,-1.17365E+02
8.031921387E+08,-1.13725E+02
8.032226562E+08,-1.06725E+02
8.032531738E+08,-1.12845E+02
8.032836914E+08,-1.05005E+02
8.033142090E+08,-1.00405E+02
8.033447266E+08,-1.01305E+02
8.033752441E+08,-1.05085E+02
8.034057617E+08,-1.15965E+02
8.034362793E+08,-1.18325E+02
8.034667969E+08,-1.03825E+02
8.034973145E+08,-1.05465E+02
8.035278320E+08,-1.19065E+02
8.035583496E+08,-1.14025E+02
8.035888672E+08,-1.06665E+02
8.036193848E+08,-1.11425E+02
8.036499023E+08,-1.10565E+02
8.036804199E+08,-1.05225E+02
8.037109375E+08,-1.05605E+02
8.037414551E+08,-1.13665E+02
8.037719727E+08,-1.19265E+02
8.038024902E+08,-1.20625E+02
8.038330078E+08,-1.08625E+02
8.038635254E+08,-1.03725E+02
8.038940430E+08,-1.04345E+02
8.039245605E+08,-1.09585E+02
8.039550781E+08,-1.10125E+02
8.039855957E+08,-1.08465E+02
8.040161133E+08,-1.08005E+02
8.040466309E+08,-1.00765E+02
8.040771484E+08,-1.02025E+02
8.041076660E+08,-1.11665E+02
8.041381836E+08,-1.09925E+02
8.041687012E+08,-1.12965E+02
8.041992188E+08,-1.09765E+02
8.042297363E+08,-1.07445E+02
8.042602539E+08,-1.09165E+02
8.042907715E+08,-1.12925E+02
8.043212891E+08,-1.14585E+02
8.043518066E+08,-1.11745E+02
8.043823242E+08,-1.05765E+02
8.044128418E+08,-1.05505E+02
8.044433594E+08,-1.02745E+02
8.044738770E+08,-1.08465E+02
8.045043945E+08,-1.15945E+02
8.045349121E+08,-1.06805E+02
8.045654297E+08,-1.08905E+02
8.045959473E+08,-1.09625E+02
8.046264648E+08,-1.07165E+02
8.046569824E+08,-1.13525E+02
8.046875000E+08,-1.06765E+02
8.047180176E+08,-1.17485E+02
8.047485352E+08,-1.11345E+02
8.047790527E+08,-1.04225E+02
8.048095703E+08,-1.01965E+02
8.048400879E+08,-1.06965E+02
8.048706055E+08,-1.10825E+02
8.049011230E+08,-1.10365E+02
8.049316406E+08,-1.07125E+02
8.049621582E+08,-1.07065E+02
8.049926758E+08,-1.02925E+02
8.050231934E+08,-9.90054E+01
8.050537109E+08,-1.02165E+02
8.050842285E+08,-1.10185E+02
8.051147461E+08,-1.11565E+02
8.051452637E+08,-1.16725E+02
8.051757812E+08,-1.05645E+02
8.052062988E+08,-1.02325E+02
8.052368164E+08,-1.06665E+02
8.052673340E+08,-1.17425E+02
8.052978516E+08,-1.17945E+02
8.053283691E+08,-1.19885E+02
8.053588867E+08,-1.25805E+02
8.053894043E+08,-1.14525E+02
8.054199219E+08,-1.05005E+02
8.054504395E+08,-1.04625E+02
8.054809570E+08,-1.20345E+02
8.055114746E+08,-1.07165E+02
8.055419922E+08,-1.08205E+02
8.055725098E+08,-1.15165E+02
8.056030273E+08,-1.18185E+02
8.056335449E+08,-1.21905E+02
8.056640625E+08,-1.11325E+02
8.056945801E+08,-1.11645E+02
8.057250977E+08,-1.05725E+02
8.057556152E+08,-1.10685E+02
8.057861328E+08,-1.16805E+02
8.058166504E+08,-1.11325E+02
8.058471680E+08,-1.07445E+02
8.058776855E+08,-1.30005E+02
8.059082031E+08,-1.04945E+02
8.059387207E+08,-1.03585E+02
8.059692383E+08,-1.02825E+02
8.059997559E+08,-1.05705E+02
8.060302734E+08,-1.17345E+02
8.060607910E+08,-1.03925E+02
8.060913086E+08,-9.99654E+01
8.061218262E+08,-1.01105E+02
8.061523438E+08,-1.10465E+02
8.061828613E+08,-1.07425E+02
8.062133789E+08,-1.18365E+02
8.062438965E+08,-1.03365E+02
8.062744141E+08,-1.07225E+02
8.063049316E+08,-1.06585E+02
8.063354492E+08,-1.06165E+02
8.063659668E+08,-1.10885E+02
8.063964844E+08,-1.07425E+02
8.064270020E+08,-1.03005E+02
8.064575195E+08,-1.01945E+02
8.064880371E+08,-1.08265E+02
8.065185547E+08,-1.08325E+02
8.065490723E+08,-1.07105E+02
8.065795898E+08,-1.05245E+02
8.066101074E+08,-1.02725E+02
8.066406250E+08,-1.00345E+02
8.066711426E+08,-1.02165E+02
8.067016602E+08,-1.04785E+02
8.067321777E+08,-1.07845E+02
8.067626953E+08,-1.12105E+02
8.067932129E+08,-1.07745E+02
8.068237305E+08,-1.15225E+02
8.068542480E+08,-1.06065E+02
8.068847656E+08,-1.08545E+02
8.069152832E+08,-1.10005E+02
8.069458008E+08,-9.74454E+01
8.069763184E+08,-1.00545E+02
8.070068359E+08,-1.12325E+02
8.070373535E+08,-1.08725E+02
8.070678711E+08,-1.05525E+02
8.070983887E+08,-1.08105E+02
8.071289062E+08,-1.13465E+02
8.071594238E+08,-1.11245E+02
8.071899414E+08,-1.08945E+02
8.072204590E+08,-1.36165E+02
8.072509766E+08,-1.04805E+02
8.072814941E+08,-1.04385E+02
8.073120117E+08,-1.09505E+02
8.073425293E+08,-1.00185E+02
8.073730469E+08,-1.03565E+02
8.074035645E+08,-1.14285E+02
8.074340820E+08,-1.13445E+02
8.074645996E+08,-1.08525E+02
8.074951172E+08,-1.09885E+02
8.075256348E+08,-1.06165E+02
8.075561523E+08,-1.07245E+02
8.075866699E+08,-1.15565E+02
8.076171875E+08,-1.12725E+02
8.076477051E+08,-1.17685E+02
8.076782227E+08,-1.25805E+02
8.077087402E+08,-1.19105E+02
8.077392578E+08,-1.06325E+02
8.077697754E+08,-1.07945E+02
8.078002930E+08,-1.02525E+02
8.078308105E+08,-1.02645E+02
8.078613281E+08,-1.01425E+02
8.078918457E+08,-9.81054E+01
8.079223633E+08,-1.01465E+02
8.079528809E+08,-1.12605E+02
8.079833984E+08,-1.06925E+02
8.080139160E+08,-1.09925E+02
8.080444336E+08,-1.12325E+02
8.080749512E+08,-1.18905E+02
8.081054688E+08,-1.05425E+02
8.081359863E+08,-1.06465E+02
8.081665039E+08,-1.16765E+02
8.081970215E+08,-1.07445E+02
8.082275391E+08,-1.03845E+02
8.082580566E+08,-1.04685E+02
8.082885742E+08,-1.08685E+02
8.083190918E+08,-1.04345E+02
8.083496094E+08,-1.05785E+02
8.083801270E+08,-1.07785E+02
8.084106445E+08,-1.02065E+02
8.084411621E+08,-1.02725E+02
8.084716797E+08,-1.05225E+02
8.085021973E+08,-1.10225E+02
8.085327148E+08,-1.07685E+02
8.085632324E+08,-1.03545E+02
8.085937500E+08,-1.04085E+02
8.086242676E+08,-1.04745E+02
8.086547852E+08,-1.11645E+02
8.086853027E+08,-1.10685E+02
8.087158203E+08,-1.09745E+02
8.087463379E+08,-1.10185E+02
8.087768555E+08,-1.09705E+02
8.088073730E+08,-1.10665E+02
8.088378906E+08,-1.11285E+02
8.088684082E+08,-1.06325E+02
8.088989258E+08,-1.01445E+02
8.089294434E+08,-1.04025E+02
8.089599609E+08,-1.08545E+02
8.089904785E+08,-1.05565E+02
8.090209961E+08,-1.05985E+02
8.090515137E+08,-1.05105E+02
8.090820312E+08,-1.03505E+02
8.091125488E+08,-1.07405E+02
8.091430664E+08,-1.08725E+02
8.091735840E+08,-1.03785E+02
8.092041016E+08,-1.02145E+02
8.092346191E+08,-1.03185E+02
8.092651367E+08,-1.02505E+02
8.092956543E+08,-1.07985E+02
8.093261719E+08,-1.06845E+02
8.093566895E+08,-1.03385E+02
8.093872070E+08,-1.02465E+02
8.094177246E+08,-1.03005E+02
8.094482422E+08,-1.06245E+02
8.094787598E+08,-1.11145E+02
8.095092773E+08,-1.04585E+02
8.095397949E+08,-1.02725E+02
8.095703125E+08,-1.04065E+02
8.096008301E+08,-1.08905E+02
8.096313477E+08,-1.09205E+02
8.096618652E+08,-1.04845E+02
8.096923828E+08,-1.01645E+02
8.097229004E+08,-1.02465E+02
8.097534180E+08,-1.08165E+02
8.097839355E+08,-1.03005E+02
8.098144531E+08,-1.05485E+02
8.098449707E+08,-1.05265E+02
8.098754883E+08,-1.09405E+02
8.099060059E+08,-1.03625E+02
8.099365234E+08,-1.02265E+02
8.099670410E+08,-1.06725E+02
8.099975586E+08,-1.15345E+02
8.100280762E+08,-1.13725E+02
8.100585938E+08,-1.13945E+02
8.100891113E+08,-1.05805E+02
8.101196289E+08,-1.03245E+02
8.101501465E+08,-1.12645E+02
8.101806641E+08,-1.07685E+02
8.102111816E+08,-1.04905E+02
8.102416992E+08,-1.04525E+02
8.102722168E+08,-1.02605E+02
8.103027344E+08,-1.00505E+02
8.103332520E+08,-1.00365E+02
8.103637695E+08,-1.04245E+02
8.103942871E+08,-1.18285E+02
8.104248047E+08,-1.26085E+02
8.104553223E+08,-1.07545E+02
8.104858398E+08,-1.11705E+02
8.105163574E+08,-1.05105E+02
8.105468750E+08,-1.04205E+02
8.105773926E+08,-1.04965E+02
8.106079102E+08,-1.02345E+02
8.106384277E+08,-1.04325E+02
8.106689453E+08,-1.25245E+02
8.106994629E+08,-1.07925E+02
8.107299805E+08,-1.07545E+02
8.107604980E+08,-1.04505E+02
8.107910156E+08,-1.03185E+02
8.108215332E+08,-1.13705E+02
8.108520508E+08,-1.02465E+02
8.108825684E+08,-1.05385E+02
8.109130859E+08,-1.09365E+02
8.109436035E+08,-1.09405E+02
8.109741211E+08,-1.13965E+02
8.110046387E+08,-1.09305E+02
8.110351562E+08,-1.03845E+02
8.110656738E+08,-1.02265E+02
8.110961914E+08,-1.02505E+02
8.111267090E+08,-1.05805E+02
8.111572266E+08,-1.07945E+02
8.111877441E+08,-1.29885E+02
8.112182617E+08,-1.03765E+02
8.112487793E+08,-1.05325E+02
8.112792969E+08,-1.09625E+02
8.113098145E+08,-1.04145E+02
8.113403320E+08,-1.00625E+02
8.113708496E+08,-1.01665E+02
8.114013672E+08,-1.02565E+02
8.114318848E+08,-1.05305E+02
8.114624023E+08,-1.09885E+02
8.114929199E+08,-1.13945E+02
8.115234375E+08,-1.09885E+02
8.115539551E+08,-1.14205E+02
8.115844727E+08,-1.21805E+02
8.116149902E+08,-1.11665E+02
8.116455078E+08,-1.05285E+02
8.116760254E+08,-1.06605E+02
8.117065430E+08,-1.10085E+02
8.117370605E+08,-1.05765E+02
8.117675781E+08,-1.09365E+02
8.117980957E+08,-1.09345E+02
8.118286133E+08,-1.04445E+02
8.118591309E+08,-1.05685E+02
8.118896484E+08,-1.06085E+02
8.119201660E+08,-1.01065E+02
8.119506836E+08,-1.06645E+02
8.119812012E+08,-1.19485E+02
8.120117188E+08,-1.10045E+02
8.120422363E+08,-1.10785E+02
8.120727539E+08,-1.34245E+02
8.121032715E+08,-1.11145E+02
8.121337891E+08,-1.05145E+02
8.121643066E+08,-1.14605E+02
8.121948242E+08,-1.09305E+02
8.122253418E+08,-1.09705E+02
8.122558594E+08,-1.13265E+02
8.122863770E+08,-1.14905E+02
8.123168945E+08,-1.12125E+02
8.123474121E+08,-1.08465E+02
8.123779297E+08,-1.07345E+02
8.124084473E+08,-1.15745E+02
8.124389648E+08,-1.09925E+02
8.124694824E+08,-1.13665E+02
8.125000000E+08,-1.01065E+02
8.125305176E+08,-1.04605E+02
8.125610352E+08,-1.17145E+02
8.125915527E+08,-1.09745E+02
8.126220703E+08,-1.15205E+02
8.126525879E+08,-1.14965E+02
8.126831055E+08,-1.11505E+02
8.127136230E+08,-1.16805E+02
8.127441406E+08,-1.16165E+02
8.127746582E+08,-1.11305E+02
8.128051758E+08,-1.16285E+02
8.128356934E+08,-1.08605E+02
8.128662109E+08,-1.02125E+02
8.128967285E+08,-1.02265E+02
8.129272461E+08,-1.06105E+02
8.129577637E+08,-1.10845E+02
8.129882812E+08,-1.12085E+02
8.130187988E+08,-1.09765E+02
8.130493164E+08,-1.02425E+02
8.130798340E+08,-1.03765E+02
8.131103516E+08,-1.11665E+02
8.131408691E+08,-1.11845E+02
8.131713867E+08,-1.06025E+02
8.132019043E+08,-1.06285E+02
8.132324219E+08,-1.09345E+02
8.132629395E+08,-1.08865E+02
8.132934570E+08,-1.02585E+02
8.133239746E+08,-1.07285E+02
8.133544922E+08,-1.07185E+02
8.133850098E+08,-1.06605E+02
8.134155273E+08,-1.03565E+02
8.134460449E+08,-1.02285E+02
8.134765625E+08,-1.11365E+02
8.135070801E+08,-1.11545E+02
8.135375977E+08,-1.08245E+02
8.135681152E+08,-1.15385E+02
8.135986328E+08,-1.10825E+02
8.136291504E+08,-1.08865E+02
8.136596680E+08,-1.03505E+02
8.136901855E+08,-1.13745E+02
8.137207031E+08,-1.12725E+02
8.137512207E+08,-1.09445E+02
8.137817383E+08,-1.13565E+02
8.138122559E+08,-1.01805E+02
8.138427734E+08,-1.05145E+02
8.138732910E+08,-1.13545E+02
8.139038086E+08,-1.08125E+02
8.139343262E+08,-1.04705E+02
8.139648438E+08,-1.05685E+02
8.139953613E+08,-1.14245E+02
8.140258789E+08,-1.08265E+02
8.140563965E+08,-1.09305E+02
8.140869141E+08,-1.13165E+02
8.141174316E+08,-1.07945E+02
8.141479492E+08,-1.07045E+02
8.141784668E+08,-1.08665E+02
8.142089844E+08,-1.11765E+02
8.142395020E+08,-1.13585E+02
8.142700195E+08,-1.14405E+02
8.143005371E+08,-1.12845E+02
8.143310547E+08,-1.23445E+02
8.143615723E+08,-1.15425E+02
8.143920898E+08,-1.10585E+02
8.144226074E+08,-1.10045E+02
8.144531250E+08,-1.19005E+02
8.144836426E+08,-1.08205E+02
8.145141602E+08,-1.07325E+02
8.145446777E+08,-1.14125E+02
8.145751953E+08,-1.09485E+02
8.146057129E+08,-1.10125E+02
8.146362305E+08,-1.04165E+02
8.146667480E+08,-1.05925E+02
8.146972656E+08,-1.06345E+02
8.147277832E+08,-1.07725E+02
8.147583008E+08,-1.08525E+02
8.147888184E+08,-1.07465E+02
8.148193359E+08,-1.07565E+02
8.148498535E+08,-1.08245E+02
8.148803711E+08,-1.12105E+02
8.149108887E+08,-1.04065E+02
8.149414062E+08,-1.02365E+02
8.149719238E+08,-1.04825E+02
8.150024414E+08,-1.07545E+02
8.150329590E+08,-1.05285E+02
8.150634766E+08,-1.03705E+02
8.150939941E+08,-1.12565E+02
8.151245117E+08,-1.02025E+02
8.151550293E+08,-1.03665E+02
8.151855469E+08,-1.03845E+02
8.152160645E+08,-1.04905E+02
8.152465820E+08,-1.06685E+02
8.152770996E+08,-1.12805E+02
8.153076172E+08,-1.23105E+02
8.153381348E+08,-1.12685E+02
8.153686523E+08,-1.08605E+02
8.153991699E+08,-1.21245E+02
8.154296875E+08,-1.21245E+02
8.154602051E+08,-1.14445E+02
8.154907227E+08,-1.10385E+02
8.155212402E+08,-1.08005E+02
8.155517578E+08,-1.15985E+02
8.155822754E+08,-1.00925E+02
8.156127930E+08,-1.06645E+02
8.156433105E+08,-1.07705E+02
8.156738281E+08,-1.12005E+02
8.157043457E+08,-1.12005E+02
8.157348633E+08,-1.08565E+02
8.157653809E+08,-1.05525E+02
8.157958984E+08,-1.08105E+02
8.158264160E+08,-1.16465E+02
8.158569336E+08,-1.12485E+02
8.158874512E+08,-1.05125E+02
8.159179688E+08,-1.06685E+02
8.159484863E+08,-1.04345E+02
8.159790039E+08,-1.01065E+02
8.160095215E+08,-1.04725E+02
8.160400391E+08,-1.22905E+02
8.160705566E+08,-1.09925E+02
8.161010742E+08,-1.03725E+02
8.161315918E+08,-1.02225E+02
8.161621094E+08,-1.04105E+02
8.161926270E+08,-1.02825E+02
8.162231445E+08,-1.02525E+02
8.162536621E+08,-1.09885E+02
8.162841797E+08,-1.08945E+02
8.163146973E+08,-1.08325E+02
8.163452148E+08,-1.09205E+02
8.163757324E+08,-1.05905E+02
8.164062500E+08,-1.00945E+02
8.164367676E+08,-1.06525E+02
8.164672852E+08,-1.12705E+02
8.164978027E+08,-1.03465E+02
8.165283203E+08,-1.00665E+02
8.165588379E+08,-1.00965E+02
8.165893555E+08,-1.03365E+02
8.166198730E+08,-1.05365E+02
8.166503906E+08,-1.02885E+02
8.166809082E+08,-1.05605E+02
8.167114258E+08,-1.20345E+02
8.167419434E+08,-1.12765E+02
8.167724609E+08,-1.05145E+02
8.168029785E+08,-1.05945E+02
8.168334961E+08,-1.06805E+02
8.168640137E+08,-1.06945E+02
8.168945312E+08,-1.17005E+02
8.169250488E+08,-1.08625E+02
8.169555664E+08,-1.05345E+02
8.169860840E+08,-1.00905E+02
8.170166016E+08,-1.08545E+02
8.170471191E+08,-1.13725E+02
8.170776367E+08,-1.02465E+02
8.171081543E+08,-1.04305E+02
8.171386719E+08,-1.04505E+02
8.171691895E+08,-1.05205E+02
8.171997070E+08,-1.08805E+02
8.172302246E+08,-1.07185E+02
8.172607422E+08,-1.10125E+02
8.172912598E+08,-1.11105E+02
8.173217773E+08,-1.08945E+02
8.173522949E+08,-1.09345E+02
8.173828125E+08,-1.06325E+02
8.174133301E+08,-1.09485E+02
8.174438477E+08,-1.16565E+02
8.174743652E+08,-1.08865E+02
8.175048828E+08,-1.05165E+02
8.175354004E+08,-1.06465E+02
8.175659180E+08,-1.09745E+02
8.175964355E+08,-1.18785E+02
8.176269531E+08,-1.21385E+02
8.176574707E+08,-1.15685E+02
8.176879883E+08,-1.20925E+02
8.177185059E+08,-1.12605E+02
8.177490234E+08,-1.14525E+02
8.177795410E+08,-1.21765E+02
8.178100586E+08,-1.02525E+02
8.178405762E+08,-9.85254E+01
8.178710938E+08,-1.02525E+02
8.179016113E+08,-1.07145E+02
8.179321289E+08,-1.07005E+02
8.179626465E+08,-1.11445E+02
8.179931641E+08,-1.03645E+02
8.180236816E+08,-1.03905E+02
8.180541992E+08,-1.07285E+02
8.180847168E+08,-1.34065E+02
8.181152344E+08,-1.03705E+02
8.181457520E+08,-9.93054E+01
8.181762695E+08,-1.00505E+02
8.182067871E+08,-1.06565E+02
8.182373047E+08,-1.08965E+02
8.182678223E+08,-1.04705E+02
8.182983398E+08,-1.04685E+02
8.183288574E+08,-1.04245E+02
8.183593750E+08,-1.04105E+02
8.183898926E+08,-1.05705E+02
8.184204102E+08,-1.09745E+02
8.184509277E+08,-1.09745E+02
8.184814453E+08,-1.15145E+02
8.185119629E+08,-1.18965E+02
8.185424805E+08,-1.10085E+02
8.185729980E+08,-1.04425E+02
8.186035156E+08,-1.06325E+02
8.186340332E+08,-1.12385E+02
8.186645508E+08,-1.03765E+02
8.186950684E+08,-9.94854E+01
8.187255859E+08,-1.03105E+02
8.187561035E+08,-1.05705E+02
8.187866211E+08,-1.03845E+02
8.188171387E+08,-1.10265E+02
8.188476562E+08,-1.13485E+02
8.188781738E+08,-1.11945E+02
8.189086914E+08,-1.16225E+02
8.189392090E+08,-9.99654E+01
8.189697266E+08,-1.00045E+02
8.190002441E+08,-1.14885E+02
8.190307617E+08,-1.08905E+02
8.190612793E+08,-1.01625E+02
8.190917969E+08,-1.06485E+02
8.191223145E+08,-1.07125E+02
8.191528320E+08,-1.04665E+02
8.191833496E+08,-1.10565E+02
8.192138672E+08,-1.12925E+02
8.192443848E+08,-1.14545E+02
8.192749023E+08,-1.06645E+02
8.193054199E+08,-1.05085E+02
8.193359375E+08,-1.20305E+02
8.193664551E+08,-1.03805E+02
8.193969727E+08,-1.02365E+02
8.194274902E+08,-1.05205E+02
8.194580078E+08,-1.14105E+02
8.194885254E+08,-1.10765E+02
8.195190430E+08,-1.06585E+02
8.195495605E+08,-1.03045E+02
8.195800781E+08,-1.04205E+02
8.196105957E+08,-1.18345E+02
8.196411133E+08,-1.17625E+02
8.196716309E+08,-1.09845E+02
8.197021484E+08,-1.05145E+02
8.197326660E+08,-1.08005E+02
8.197631836E+08,-1.04465E+02
8.197937012E+08,-1.05865E+02
8.198242188E+08,-1.10185E+02
8.198547363E+08,-1.04665E+02
8.198852539E+08,-1.11825E+02
8.199157715E+08,-1.17285E+02
8.199462891E+08,-1.13605E+02
8.199768066E+08,-1.13725E+02
8.200073242E+08,-1.19005E+02
8.200378418E+08,-1.15885E+02
8.200683594E+08,-1.22425E+02
8.200988770E+08,-1.08525E+02
8.201293945E+08,-1.11245E+02
8.201599121E+08,-1.20685E+02
8.201904297E+08,-1.16805E+02
8.202209473E+08,-1.07085E+02
8.202514648E+08,-1.04085E+02
8.202819824E+08,-1.01945E+02
8.203125000E+08,-1.04505E+02
8.203430176E+08,-1.04545E+02
8.203735352E+08,-1.04365E+02
8.204040527E+08,-1.01545E+02
8.204345703E+08,-1.07005E+02
8.204650879E+08,-1.19125E+02
8.204956055E+08,-1.06525E+02
8.205261230E+08,-1.04625E+02
8.205566406E+08,-1.10085E+02
8.205871582E+08,-1.09105E+02
8.206176758E+08,-1.14965E+02
8.206481934E+08,-1.09345E+02
8.206787109E+08,-1.04805E+02
8.207092285E+08,-1.05865E+02
8.207397461E+08,-1.05865E+02
8.207702637E+08,-1.02985E+02
8.208007812E+08,-1.11445E+02
8.208312988E+08,-1.16265E+02
8.208618164E+08,-1.09925E+02
8.208923340E+08,-1.06005E+02
8.209228516E+08,-1.04865E+02
8.209533691E+08,-1.07705E+02
8.209838867E+08,-1.05765E+02
8.210144043E+08,-1.03705E+02
8.210449219E+08,-1.06065E+02
8.210754395E+08,-1.17725E+02
8.211059570E+08,-1.02685E+02
8.211364746E+08,-1.07825E+02
8.211669922E+08,-1.08265E+02
8.211975098E+08,-1.05705E+02
8.212280273E+08,-1.11305E+02
8.212585449E+08,-1.06005E+02
8.212890625E+08,-1.02825E+02
8.213195801E+08,-1.09405E+02
8.213500977E+08,-1.04745E+02
8.213806152E+08,-1.05125E+02
8.214111328E+08,-1.05405E+02
8.214416504E+08,-1.04425E+02
8.214721680E+08,-1.09845E+02
8.215026855E+08,-1.07125E+02
8.215332031E+08,-1.06525E+02
8.215637207E+08,-1.13085E+02
8.215942383E+08,-1.16885E+02
8.216247559E+08,-1.03345E+02
8.216552734E+08,-1.02485E+02
8.216857910E+08,-1.08345E+02
8.217163086E+08,-1.07385E+02
8.217468262E+08,-1.06825E+02
8.217773438E+08,-1.17245E+02
8.218078613E+08,-1.09025E+02
8.218383789E+08,-1.14245E+02
8.218688965E+08,-1.24925E+02
8.218994141E+08,-1.05385E+02
8.219299316E+08,-1.02405E+02
8.219604492E+08,-1.03765E+02
8.219909668E+08,-1.08745E+02
8.220214844E+08,-1.10485E+02
8.220520020E+08,-1.02165E+02
8.220825195E+08,-1.08045E+02
8.221130371E+08,-1.03665E+02
8.221435547E+08,-1.03845E+02
8.221740723E+08,-1.22025E+02
8.222045898E+08,-1.11105E+02
8.222351074E+08,-1.00525E+02
8.222656250E+08,-9.69454E+01
8.222961426E+08,-1.00465E+02
8.223266602E+08,-1.06065E+02
8.223571777E+08,-1.05945E+02
8.223876953E+08,-1.16265E+02
8.224182129E+08,-1.07525E+02
8.224487305E+08,-1.07665E+02
8.224792480E+08,-1.06865E+02
8.225097656E+08,-1.17165E+02
8.225402832E+08,-1.15285E+02
8.225708008E+08,-1.02845E+02
8.226013184E+08,-1.07245E+02
8.226318359E+08,-1.09885E+02
8.226623535E+08,-1.05145E+02
8.226928711E+08,-1.07345E+02
8.227233887E+08,-1.12285E+02
8.227539062E+08,-1.11385E+02
8.227844238E+08,-1.05685E+02
8.228149414E+08,-1.05865E+02
8.228454590E+08,-1.03005E+02
8.228759766E+08,-1.01945E+02
8.229064941E+08,-1.08105E+02
8.229370117E+08,-1.08625E+02
8.229675293E+08,-1.08165E+02
8.229980469E+08,-1.05545E+02
8.230285645E+08,-1.08625E+02
8.230590820E+08,-1.08085E+02
8.230895996E+08,-1.06285E+02
8.231201172E+08,-1.02145E+02
8.231506348E+08,-1.03845E+02
8.231811523E+08,-1.14085E+02
8.232116699E+08,-9.97654E+01
8.232421875E+08,-1.01965E+02
8.232727051E+08,-1.01445E+02
8.233032227E+08,-1.02785E+02
8.233337402E+08,-1.05165E+02
8.233642578E+08,-1.06105E+02
8.233947754E+08,-1.12725E+02
8.234252930E+08,-1.14865E+02
8.234558105E+08,-1.06925E+02
8.234863281E+08,-1.13325E+02
8.235168457E+08,-1.15645E+02
8.235473633E+08,-1.07125E+02
8.235778809E+08,-1.12325E+02
8.236083984E+08,-1.06505E+02
8.236389160E+08,-1.06825E+02
8.236694336E+08,-1.15385E+02
8.236999512E+08,-1.06385E+02
8.237304688E+08,-1.10005E+02
8.237609863E+08,-1.18545E+02
8.237915039E+08,-1.06265E+02
8.238220215E+08,-9.98054E+01
8.238525391E+08,-1.07565E+02
8.238830566E+08,-1.11285E+02
8.239135742E+08,-1.10185E+02
8.239440918E+08,-9.94054E+01
8.239746094E+08,-1.00905E+02
8.240051270E+08,-1.09585E+02
8.240356445E+08,-1.08865E+02
8.240661621E+08,-1.12845E+02
8.240966797E+08,-1.22025E+02
8.241271973E+08,-1.11365E+02
8.241577148E+08,-1.07545E+02
8.241882324E+08,-1.07405E+02
8.242187500E+08,-1.08045E+02
8.242492676E+08,-1.11165E+02
8.242797852E+08,-1.06045E+02
8.243103027E+08,-1.03945E+02
8.243408203E+08,-1.08905E+02
8.243713379E+08,-1.09005E+02
8.244018555E+08,-1.03545E+02
8.244323730E+08,-1.04625E+02
8.244628906E+08,-1.08785E+02
8.244934082E+08,-1.12165E+02
8.245239258E+08,-1.11645E+02
8.245544434E+08,-1.11225E+02
8.245849609E+08,-1.05645E+02
8.246154785E+08,-1.04325E+02
8.246459961E+08,-1.12105E+02
8.246765137E+08,-1.07385E+02
8.247070312E+08,-1.03305E+02
8.247375488E+08,-1.07745E+02
8.247680664E+08,-1.14785E+02
8.247985840E+08,-1.04125E+02
8.248291016E+08,-1.01905E+02
8.248596191E+08,-1.07405E+02
8.248901367E+08,-1.13365E+02
8.249206543E+08,-1.07445E+02
8.249511719E+08,-1.08265E+02
8.249816895E+08,-1.15005E+02
8.250122070E+08,-1.06705E+02
8.250427246E+08,-1.08165E+02
8.250732422E+08,-1.07185E+02
8.251037598E+08,-1.03085E+02
8.251342773E+08,-1.03425E+02
8.251647949E+08,-1.04925E+02
8.251953125E+08,-1.05585E+02
8.252258301E+08,-1.06945E+02
8.252563477E+08,-1.20225E+02
8.252868652E+08,-1.11685E+02
8.253173828E+08,-1.17045E+02
8.253479004E+08,-1.16465E+02
8.253784180E+08,-1.08545E+02
8.254089355E+08,-1.05485E+02
8.254394531E+08,-1.06985E+02
8.254699707E+08,-1.03305E+02
8.255004883E+08,-1.03745E+02
8.255310059E+08,-1.14485E+02
8.255615234E+08,-1.15945E+02
8.255920410E+08,-1.14785E+02
8.256225586E+08,-1.13725E+02
8.256530762E+08,-1.07565E+02
8.256835938E+08,-1.08905E+02
8.257141113E+08,-1.23205E+02
8.257446289E+08,-1.12065E+02
8.257751465E+08,-1.08945E+02
8.258056641E+08,-1.07985E+02
8.258361816E+08,-1.18845E+02
8.258666992E+08,-1.14605E+02
8.258972168E+08,-1.08845E+02
8.259277344E+08,-1.08625E+02
8.259582520E+08,-1.05645E+02
8.259887695E+08,-1.11165E+02
8.260192871E+08,-1.09765E+02
8.260498047E+08,-1.04665E+02
8.260803223E+08,-1.06685E+02
8.261108398E+08,-1.06705E+02
8.261413574E+08,-1.07065E+02
8.261718750E+08,-1.07805E+02
8.262023926E+08,-1.07825E+02
8.262329102E+08,-1.14205E+02
8.262634277E+08,-1.09505E+02
8.262939453E+08,-1.08165E+02
8.263244629E+08,-1.09585E+02
8.263549805E+08,-1.17345E+02
8.263854980E+08,-1.08605E+02
8.264160156E+08,-1.08565E+02
8.264465332E+08,-1.09365E+02
8.264770508E+08,-1.09805E+02
8.265075684E+08,-1.08805E+02
8.265380859E+08,-1.09505E+02
8.265686035E+08,-1.08005E+02
8.265991211E+08,-1.04005E+02
8.266296387E+08,-1.01705E+02
8.266601562E+08,-1.02165E+02
8.266906738E+08,-1.05285E+02
8.267211914E+08,-1.03365E+02
8.267517090E+08,-1.07425E+02
8.267822266E+08,-1.14785E+02
8.268127441E+08,-1.06265E+02
8.268432617E+08,-1.00905E+02
8.268737793E+08,-1.06765E+02
8.269042969E+08,-1.05165E+02
8.269348145E+08,-1.03665E+02
8.269653320E+08,-1.10725E+02
8.269958496E+08,-1.22485E+02
8.270263672E+08,-1.10225E+02
8.270568848E+08,-1.09585E+02
8.270874023E+08,-1.11905E+02
8.271179199E+08,-1.07845E+02
8.271484375E+08,-1.10045E+02
8.271789551E+08,-1.09545E+02
8.272094727E+08,-1.09165E+02
8.272399902E+08,-1.11625E+02
8.272705078E+08,-1.10565E+02
8.273010254E+08,-1.16065E+02
8.273315430E+08,-1.10125E+02
8.273620605E+08,-1.11665E+02
8.273925781E+08,-1.13325E+02
8.274230957E+08,-1.12205E+02
8.274536133E+08,-1.05665E+02
8.274841309E+08,-1.04465E+02
8.275146484E+08,-1.05885E+02
8.275451660E+08,-1.11165E+02
8.275756836E+08,-1.20805E+02
8.276062012E+08,-1.09705E+02
8.276367188E+08,-1.27185E+02
8.276672363E+08,-1.17825E+02
8.276977539E+08,-1.02705E+02
8.277282715E+08,-1.00665E+02
8.277587891E+08,-1.04065E+02
8.277893066E+08,-1.03245E+02
8.278198242E+08,-1.06385E+02
8.278503418E+08,-1.06165E+02
8.278808594E+08,-1.04665E+02
8.279113770E+08,-1.01045E+02
8.279418945E+08,-1.06885E+02
8.279724121E+08,-1.06945E+02
8.280029297E+08,-1.08265E+02
8.280334473E+08,-1.10325E+02
8.280639648E+08,-1.06025E+02
8.280944824E+08,-1.18165E+02
8.281250000E+08,-1.09365E+02
8.281555176E+08,-1.02865E+02
8.281860352E+08,-1.02525E+02
8.282165527E+08,-1.01125E+02
8.282470703E+08,-1.00225E+02
8.282775879E+08,-1.08025E+02
8.283081055E+08,-1.08785E+02
8.283386230E+08,-1.20465E+02
8.283691406E+08,-1.14445E+02
8.283996582E+08,-1.08545E+02
8.284301758E+08,-1.02345E+02
8.284606934E+08,-1.01045E+02
8.284912109E+08,-1.01205E+02
8.285217285E+08,-1.02205E+02
8.285522461E+08,-1.08665E+02
8.285827637E+08,-1.11825E+02
8.286132812E+08,-1.04665E+02
8.286437988E+08,-1.07785E+02
8.286743164E+08,-1.10125E+02
8.287048340E+08,-1.04585E+02
8.287353516E+08,-1.08025E+02
8.287658691E+08,-1.10485E+02
8.287963867E+08,-1.10505E+02
8.288269043E+08,-1.33745E+02
8.288574219E+08,-1.16565E+02
8.288879395E+08,-1.11405E+02
8.289184570E+08,-1.12825E+02
8.289489746E+08,-1.11545E+02
8.289794922E+08,-1.02445E+02
8.290100098E+08,-1.02165E+02
8.290405273E+08,-1.01985E+02
8.290710449E+08,-1.04225E+02
8.291015625E+08,-1.20305E+02
8.291320801E+08,-1.08105E+02
8.291625977E+08,-1.11085E+02
8.291931152E+08,-1.15925E+02
8.292236328E+08,-1.13925E+02
8.292541504E+08,-1.15625E+02
8.292846680E+08,-1.07525E+02
8.293151855E+08,-1.04765E+02
8.293457031E+08,-1.04745E+02
8.293762207E+08,-1.03105E+02
8.294067383E+08,-1.03965E+02
8.294372559E+08,-1.12745E+02
8.294677734E+08,-1.01705E+02
8.294982910E+08,-9.98454E+01
8.295288086E+08,-1.02965E+02
8.295593262E+08,-1.14685E+02
8.295898438E+08,-1.03925E+02
8.296203613E+08,-1.06325E+02
8.296508789E+08,-1.11045E+02
8.296813965E+08,-1.15405E+02
8.297119141E+08,-1.17825E+02
8.297424316E+08,-1.12605E+02
8.297729492E+08,-1.11645E+02
8.298034668E+08,-1.05425E+02
8.298339844E+08,-1.15525E+02
8.298645020E+08,-1.08625E+02
8.298950195E+08,-1.07345E+02
8.299255371E+08,-1.02345E+02
8.299560547E+08,-1.06585E+02
8.299865723E+08,-1.14025E+02
8.300170898E+08,-1.11785E+02
8.300476074E+08,-1.09665E+02
8.300781250E+08,-1.11585E+02
8.301086426E+08,-1.05225E+02
8.301391602E+08,-1.10365E+02
8.301696777E+08,-1.11085E+02
8.302001953E+08,-1.06645E+02
8.302307129E+08,-1.03265E+02
8.302612305E+08,-1.06925E+02
8.302917480E+08,-1.13165E+02
8.303222656E+08,-1.10725E+02
8.303527832E+08,-1.05685E+02
8.303833008E+08,-1.07345E+02
8.304138184E+08,-1.10045E+02
8.304443359E+08,-1.12885E+02
8.304748535E+08,-1.03045E+02
8.305053711E+08,-1.05645E+02
8.305358887E+08,-1.13325E+02
8.305664062E+08,-1.09225E+02
8.305969238E+08,-1.11465E+02
8.306274414E+08,-1.12725E+02
8.306579590E+08,-1.05765E+02
8.306884766E+08,-1.14505E+02
8.307189941E+08,-1.06825E+02
8.307495117E+08,-1.13465E+02
8.307800293E+08,-1.04365E+02
8.308105469E+08,-1.08425E+02
8.308410645E+08,-1.03005E+02
8.308715820E+08,-1.06445E+02
8.309020996E+08,-1.01085E+02
8.309326172E+08,-1.07085E+02
8.309631348E+08,-1.22645E+02
8.309936523E+08,-1.09505E+02
8.310241699E+08,-1.03205E+02
8.310546875E+08,-1.03965E+02
8.310852051E+08,-1.10185E+02
8.311157227E+08,-1.10345E+02
8.311462402E+08,-1.09505E+02
8.311767578E+08,-1.18965E+02
8.312072754E+08,-1.13985E+02
8.312377930E+08,-1.19585E+02
8.312683105E+08,-1.07125E+02
8.312988281E+08,-1.03165E+02
8.313293457E+08,-1.06645E+02
8.313598633E+08,-1.12845E+02
8.313903809E+08,-1.06705E+02
8.314208984E+08,-1.11505E+02
8.314514160E+08,-1.08245E+02
8.314819336E+08,-1.03845E+02
8.315124512E+08,-1.03145E+02
8.315429688E+08,-1.03985E+02
8.315734863E+08,-1.06625E+02
8.316040039E+08,-1.11485E+02
8.316345215E+08,-1.11425E+02
8.316650391E+08,-1.11265E+02
8.316955566E+08,-1.06725E+02
8.317260742E+08,-1.02425E+02
8.317565918E+08,-1.01945E+02
8.317871094E+08,-1.10385E+02
8.318176270E+08,-1.12205E+02
8.318481445E+08,-1.06625E+02
8.318786621E+08,-1.12365E+02
8.319091797E+08,-1.06225E+02
8.319396973E+08,-1.08545E+02
8.319702148E+08,-1.33325E+02
8.320007324E+08,-1.12665E+02
8.320312500E+08,-1.13645E+02
8.320617676E+08,-1.05465E+02
8.320922852E+08,-1.02685E+02
8.321228027E+08,-1.05085E+02
8.321533203E+08,-1.14985E+02
8.321838379E+08,-1.05165E+02
8.322143555E+08,-1.09265E+02
8.322448730E+08,-1.01705E+02
8.322753906E+08,-1.06585E+02
8.323059082E+08,-1.09005E+02
8.323364258E+08,-1.12745E+02
8.323669434E+08,-1.05385E+02
8.323974609E+08,-1.05205E+02
8.324279785E+08,-1.17045E+02
8.324584961E+08,-1.13225E+02
8.324890137E+08,-1.12465E+02
8.325195312E+08,-1.13045E+02
8.325500488E+08,-1.07605E+02
8.325805664E+08,-1.05505E+02
8.326110840E+08,-1.06505E+02
8.326416016E+08,-1.11165E+02
8.326721191E+08,-1.15245E+02
8.327026367E+08,-1.10605E+02
8.327331543E+08,-1.13065E+02
8.327636719E+08,-1.25345E+02
8.327941895E+08,-1.10985E+02
8.328247070E+08,-1.13045E+02
8.328552246E+08,-1.13105E+02
8.328857422E+08,-1.08285E+02
8.329162598E+08,-1.12185E+02
8.329467773E+08,-1.10305E+02
8.329772949E+08,-1.06385E+02
8.330078125E+08,-1.12585E+02
8.330383301E+08,-1.16265E+02
8.330688477E+08,-1.06365E+02
8.330993652E+08,-1.06925E+02
8.331298828E+08,-1.10085E+02
8.331604004E+08,-1.11705E+02
8.331909180E+08,-1.05385E+02
8.332214355E+08,-1.03765E+02
8.332519531E+08,-1.05165E+02
8.332824707E+08,-1.10565E+02
8.333129883E+08,-1.06165E+02
8.333435059E+08,-1.02785E+02
8.333740234E+08,-1.06025E+02
8.334045410E+08,-1.06045E+02
8.334350586E+08,-1.16405E+02
8.334655762E+08,-1.11785E+02
8.334960938E+08,-1.11605E+02
8.335266113E+08,-1.16305E+02
8.335571289E+08,-1.06105E+02
8.335876465E+08,-1.10845E+02
8.336181641E+08,-1.13285E+02
8.336486816E+08,-1.13565E+02
8.336791992E+08,-1.11045E+02
8.337097168E+08,-1.03565E+02
8.337402344E+08,-1.02185E+02
8.337707520E+08,-1.07725E+02
8.338012695E+08,-1.11465E+02
8.338317871E+08,-1.09585E+02
8.338623047E+08,-1.15605E+02
8.338928223E+08,-1.05525E+02
8.339233398E+08,-1.01265E+02
8.339538574E+08,-1.05385E+02
8.339843750E+08,-1.14805E+02
8.340148926E+08,-1.03025E+02
8.340454102E+08,-1.00925E+02
8.340759277E+08,-1.10785E+02
8.341064453E+08,-1.06105E+02
8.341369629E+08,-1.08785E+02
8.341674805E+08,-1.08265E+02
8.341979980E+08,-1.09165E+02
8.342285156E+08,-1.12065E+02
8.342590332E+08,-1.08725E+02
8.342895508E+08,-1.15045E+02
8.343200684E+08,-1.13145E+02
8.343505859E+08,-1.13085E+02
8.343811035E+08,-1.06885E+02
8.344116211E+08,-1.06865E+02
8.344421387E+08,-1.09105E+02
8.344726562E+08,-1.04525E+02
8.345031738E+08,-1.07845E+02
8.345336914E+08,-1.03725E+02
8.345642090E+08,-1.08245E+02
8.345947266E+08,-1.12825E+02
8.346252441E+08,-1.04405E+02
8.346557617E+08,-1.02665E+02
8.346862793E+08,-1.09745E+02
8.347167969E+08,-1.13265E+02
8.347473145E+08,-1.13805E+02
8.347778320E+08,-1.06765E+02
8.348083496E+08,-1.05825E+02
8.348388672E+08,-1.10425E+02
8.348693848E+08,-1.12205E+02
8.348999023E+08,-1.15965E+02
8.349304199E+08,-1.10305E+02
8.349609375E+08,-1.09305E+02
8.349914551E+08,-1.18485E+02
8.350219727E+08,-1.14025E+02
8.350524902E+08,-1.06585E+02
8.350830078E+08,-1.14245E+02
8.351135254E+08,-1.07145E+02
8.351440430E+08,-1.04745E+02
8.351745605E+08,-1.06325E+02
8.352050781E+08,-1.08625E+02
8.352355957E+08,-1.19485E+02
8.352661133E+08,-1.10785E+02
8.352966309E+08,-1.07525E+02
8.353271484E+08,-1.10425E+02
8.353576660E+08,-1.11925E+02
8.353881836E+08,-1.03265E+02
8.354187012E+08,-1.03045E+02
8.354492188E+08,-1.11625E+02
8.354797363E+08,-1.12745E+02
8.355102539E+08,-1.09225E+02
8.355407715E+08,-1.05245E+02
8.355712891E+08,-1.15825E+02
8.356018066E+08,-1.14985E+02
8.356323242E+08,-1.17905E+02
8.356628418E+08,-1.11025E+02
8.356933594E+08,-1.08125E+02
8.357238770E+08,-1.03305E+02
8.357543945E+08,-1.07045E+02
8.357849121E+08,-1.06465E+02
8.358154297E+08,-1.07365E+02
8.358459473E+08,-1.14165E+02
8.358764648E+08,-1.08285E+02
8.359069824E+08,-1.13165E+02
8.359375000E+08,-1.27745E+02
8.359680176E+08,-1.12185E+02
8.359985352E+08,-1.12405E+02
8.360290527E+08,-1.02025E+02
8.360595703E+08,-1.04225E+02
8.360900879E+08,-1.11785E+02
8.361206055E+08,-1.10825E+02
8.361511230E+08,-1.07105E+02
8.361816406E+08,-1.03865E+02
8.362121582E+08,-1.07865E+02
8.362426758E+08,-1.21765E+02
8.362731934E+08,-1.09445E+02
8.363037109E+08,-1.07365E+02
8.363342285E+08,-1.12325E+02
8.363647461E+08,-1.09485E+02
8.363952637E+08,-1.09845E+02
8.364257812E+08,-1.14385E+02
8.364562988E+08,-1.08205E+02
8.364868164E+08,-1.02485E+02
8.365173340E+08,-1.07405E+02
8.365478516E+08,-1.08725E+02
8.365783691E+08,-1.03505E+02
8.366088867E+08,-1.02565E+02
8.366394043E+08,-1.05225E+02
8.366699219E+08,-1.04905E+02
8.367004395E+08,-1.08785E+02
8.367309570E+08,-1.10965E+02
8.367614746E+08,-1.11965E+02
8.367919922E+08,-1.09845E+02
8.368225098E+08,-1.15085E+02
8.368530273E+08,-1.06605E+02
8.368835449E+08,-1.03905E+02
8.369140625E+08,-1.05465E+02
8.369445801E+08,-1.04425E+02
8.369750977E+08,-1.02165E+02
8.370056152E+08,-1.00225E+02
8.370361328E+08,-9.84854E+01
8.370666504E+08,-1.01105E+02
8.370971680E+08,-1.07185E+02
8.371276855E+08,-1.09225E+02
8.371582031E+08,-1.02485E+02
8.371887207E+08,-1.06285E+02
8.372192383E+08,-1.16625E+02
8.372497559E+08,-1.14445E+02
8.372802734E+08,-1.19445E+02
8.373107910E+08,-1.25065E+02
8.373413086E+08,-1.10405E+02
8.373718262E+08,-1.12305E+02
8.374023438E+08,-1.07185E+02
8.374328613E+08,-1.12225E+02
8.374633789E+08,-1.12765E+02
8.374938965E+08,-1.16585E+02
8.375244141E+08,-1.11185E+02
8.375549316E+08,-1.13325E+02
8.375854492E+08,-1.07845E+02
8.376159668E+08,-1.08185E+02
8.376464844E+08,-1.02025E+02
8.376770020E+08,-1.05265E+02
8.377075195E+08,-1.05145E+02
8.377380371E+08,-1.03965E+02
8.377685547E+08,-1.15525E+02
8.377990723E+08,-1.03725E+02
8.378295898E+08,-1.03245E+02
8.378601074E+08,-1.07605E+02
8.378906250E+08,-1.14365E+02
8.379211426E+08,-1.12525E+02
8.379516602E+08,-1.08105E+02
8.379821777E+08,-1.11245E+02
8.380126953E+08,-1.11705E+02
8.380432129E+08,-1.02585E+02
8.380737305E+08,-9.90654E+01
8.381042480E+08,-1.05485E+02
8.381347656E+08,-1.05885E+02
8.381652832E+08,-1.02665E+02
8.381958008E+08,-1.07625E+02
8.382263184E+08,-1.08345E+02
8.382568359E+08,-1.04925E+02
8.382873535E+08,-1.08325E+02
8.383178711E+08,-1.12185E+02
8.383483887E+08,-1.05365E+02
8.383789062E+08,-1.07585E+02
8.384094238E+08,-1.01365E+02
8.384399414E+08,-1.03065E+02
8.384704590E+08,-1.08865E+02
8.385009766E+08,-1.08485E+02
8.385314941E+08,-1.11545E+02
8.385620117E+08,-1.17085E+02
8.385925293E+08,-1.10845E+02
8.386230469E+08,-1.13205E+02
8.386535645E+08,-1.22305E+02
8.386840820E+08,-1.11225E+02
8.387145996E+08,-1.06445E+02
8.387451172E+08,-1.08785E+02
8.387756348E+08,-1.22325E+02
8.388061523E+08,-1.11925E+02
8.388366699E+08,-1.03825E+02
8.388671875E+08,-1.06265E+02
8.388977051E+08,-1.12165E+02
8.389282227E+08,-1.20085E+02
8.389587402E+08,-1.14185E+02
8.389892578E+08,-1.04425E+02
8.390197754E+08,-1.00605E+02
8.390502930E+08,-1.03325E+02
8.390808105E+08,-1.06605E+02
8.391113281E+08,-1.06425E+02
8.391418457E+08,-1.20125E+02
8.391723633E+08,-1.20045E+02
8.392028809E+08,-1.04005E+02
8.392333984E+08,-1.04305E+02
8.392639160E+08,-1.28265E+02
8.392944336E+08,-1.10425E+02
8.393249512E+08,-1.05465E+02
8.393554688E+08,-1.01205E+02
8.393859863E+08,-1.01085E+02
8.394165039E+08,-1.10825E+02
8.394470215E+08,-1.16965E+02
8.394775391E+08,-1.09025E+02
8.395080566E+08,-1.06485E+02
8.395385742E+08,-1.02645E+02
8.395690918E+08,-1.03945E+02
8.395996094E+08,-1.04945E+02
8.396301270E+08,-1.01685E+02
8.396606445E+08,-1.03365E+02
8.396911621E+08,-1.06825E+02
8.397216797E+08,-1.05585E+02
8.397521973E+08,-1.15425E+02
8.397827148E+08,-1.03965E+02
8.398132324E+08,-1.07485E+02
8.398437500E+08,-1.19965E+02
8.398742676E+08,-1.08325E+02
8.399047852E+08,-1.03725E+02
8.399353027E+08,-1.05245E+02
8.399658203E+08,-1.10385E+02
8.399963379E+08,-1.09345E+02
8.400268555E+08,-1.03305E+02
8.400573730E+08,-1.07365E+02
8.400878906E+08,-1.08325E+02
8.401184082E+08,-1.04165E+02
8.401489258E+08,-1.04985E+02
8.401794434E+08,-1.10745E+02
8.402099609E+08,-1.13125E+02
8.402404785E+08,-1.18185E+02
8.402709961E+08,-1.14065E+02
8.403015137E+08,-1.20765E+02
8.403320312E+08,-1.35685E+02
8.403625488E+08,-1.17045E+02
8.403930664E+08,-1.15365E+02
8.404235840E+08,-1.11725E+02
8.404541016E+08,-1.04165E+02
8.404846191E+08,-1.08045E+02
8.405151367E+08,-1.17685E+02
8.405456543E+08,-1.25065E+02
8.405761719E+08,-1.15585E+02
8.406066895E+08,-1.09105E+02
8.406372070E+08,-1.19365E+02
8.406677246E+08,-1.09965E+02
8.406982422E+08,-1.09365E+02
8.407287598E+08,-1.12205E+02
8.407592773E+08,-1.12785E+02
8.407897949E+08,-1.11745E+02
8.408203125E+08,-1.04965E+02
8.408508301E+08,-1.04485E+02
8.408813477E+08,-1.03665E+02
8.409118652E+08,-1.02965E+02
8.409423828E+08,-1.06285E+02
8.409729004E+08,-1.11365E+02
8.410034180E+08,-1.18265E+02
8.410339355E+08,-1.07545E+02
8.410644531E+08,-1.12845E+02
8.410949707E+08,-1.05685E+02
8.411254883E+08,-1.06925E+02
8.411560059E+08,-1.04345E+02
8.411865234E+08,-1.07545E+02
8.412170410E+08,-1.11045E+02
8.412475586E+08,-1.07945E+02
8.412780762E+08,-1.04305E+02
8.413085938E+08,-1.08265E+02
8.413391113E+08,-1.09885E+02
8.413696289E+08,-1.04805E+02
8.414001465E+08,-1.07265E+02
8.414306641E+08,-1.06505E+02
8.414611816E+08,-1.02265E+02
8.414916992E+08,-1.07545E+02
8.415222168E+08,-1.11605E+02
8.415527344E+08,-1.14845E+02
8.415832520E+08,-1.08805E+02
8.416137695E+08,-1.04045E+02
8.416442871E+08,-1.02365E+02
8.416748047E+08,-1.04225E+02
8.417053223E+08,-1.09585E+02
8.417358398E+08,-1.08485E+02
8.417663574E+08,-1.03585E+02
8.417968750E+08,-1.05205E+02
8.418273926E+08,-1.19545E+02
8.418579102E+08,-1.15565E+02
8.418884277E+08,-1.14185E+02
8.419189453E+08,-1.07565E+02
8.419494629E+08,-1.03485E+02
8.419799805E+08,-1.03165E+02
8.420104980E+08,-1.00345E+02
8.420410156E+08,-1.05785E+02
8.420715332E+08,-1.12305E+02
8.421020508E+08,-1.27605E+02
8.421325684E+08,-1.06945E+02
8.421630859E+08,-1.04745E+02
8.421936035E+08,-1.09405E+02
8.422241211E+08,-1.12325E+02
8.422546387E+08,-1.07905E+02
8.422851562E+08,-1.07585E+02
8.423156738E+08,-1.16165E+02
8.423461914E+08,-1.13625E+02
8.423767090E+08,-1.17565E+02
8.424072266E+08,-1.12425E+02
8.424377441E+08,-1.04665E+02
8.424682617E+08,-1.04905E+02
8.424987793E+08,-1.06625E+02
8.425292969E+08,-1.05005E+02
8.425598145E+08,-1.09805E+02
8.425903320E+08,-1.06825E+02
8.426208496E+08,-1.03545E+02
8.426513672E+08,-1.01445E+02
8.426818848E+08,-1.01725E+02
8.427124023E+08,-1.00265E+02
8.427429199E+08,-1.07145E+02
8.427734375E+08,-1.11325E+02
8.428039551E+08,-1.09025E+02
8.428344727E+08,-1.12805E+02
8.428649902E+08,-1.07565E+02
8.428955078E+08,-1.06485E+02
8.429260254E+08,-1.04165E+02
8.429565430E+08,-1.04685E+02
8.429870605E+08,-1.03745E+02
8.430175781E+08,-1.07925E+02
8.430480957E+08,-1.08105E+02
8.430786133E+08,-1.04385E+02
8.431091309E+08,-1.09365E+02
8.431396484E+08,-1.11965E+02
8.431701660E+08,-1.05905E+02
8.432006836E+08,-1.11265E+02
8.432312012E+08,-1.24445E+02
8.432617188E+08,-1.10325E+02
8.432922363E+08,-1.10885E+02
8.433227539E+08,-1.19405E+02
8.433532715E+08,-1.08965E+02
8.433837891E+08,-1.12745E+02
8.434143066E+08,-1.17125E+02
8.434448242E+08,-1.23125E+02
8.434753418E+08,-1.06545E+02
8.435058594E+08,-1.08605E+02
8.435363770E+08,-1.11605E+02
8.435668945E+08,-1.05825E+02
8.435974121E+08,-1.09445E+02
8.436279297E+08,-1.16585E+02
8.436584473E+08,-1.10785E+02
8.436889648E+08,-1.10545E+02
8.437194824E+08,-1.08405E+02
8.437500000E+08,-1.04665E+02
8.437805176E+08,-1.02065E+02
8.438110352E+08,-1.06885E+02
8.438415527E+08,-1.10805E+02
8.438720703E+08,-1.21925E+02
8.439025879E+08,-1.11145E+02
8.439331055E+08,-1.11285E+02
8.439636230E+08,-1.03565E+02
8.439941406E+08,-1.08545E+02
8.440246582E+08,-1.16585E+02
8.440551758E+08,-1.07165E+02
8.440856934E+08,-1.04605E+02
8.441162109E+08,-9.91654E+01
8.441467285E+08,-9.88054E+01
8.441772461E+08,-1.10525E+02
8.442077637E+08,-1.15985E+02
8.442382812E+08,-1.22685E+02
8.442687988E+08,-1.05985E+02
8.442993164E+08,-1.05125E+02
8.443298340E+08,-1.09125E+02
8.443603516E+08,-1.11705E+02
8.443908691E+08,-1.09065E+02
8.444213867E+08,-1.07605E+02
8.444519043E+08,-1.18905E+02
8.444824219E+08,-1.28185E+02
8.445129395E+08,-1.19765E+02
8.445434570E+08,-1.09485E+02
8.445739746E+08,-1.08025E+02
8.446044922E+08,-1.03305E+02
8.446350098E+08,-1.07125E+02
8.446655273E+08,-1.15985E+02
8.446960449E+08,-1.08945E+02
8.447265625E+08,-1.09625E+02
8.447570801E+08,-1.05225E+02
8.447875977E+08,-1.02545E+02
8.448181152E+08,-1.00325E+02
8.448486328E+08,-1.04445E+02
8.448791504E+08,-1.14025E+02
8.449096680E+08,-1.05425E+02
8.449401855E+08,-1.07025E+02
8.449707031E+08,-1.06785E+02
8.450012207E+08,-1.07905E+02
8.450317383E+08,-1.08025E+02
8.450622559E+08,-1.08605E+02
8.450927734E+08,-1.15045E+02
8.451232910E+08,-1.05765E+02
8.451538086E+08,-1.04185E+02
8.451843262E+08,-1.11045E+02
8.452148438E+08,-1.17605E+02
8.452453613E+08,-1.07385E+02
8.452758789E+08,-1.06045E+02
8.453063965E+08,-1.10125E+02
8.453369141E+08,-1.01945E+02
8.453674316E+08,-1.05205E+02
8.453979492E+08,-1.11765E+02
8.454284668E+08,-1.02965E+02
8.454589844E+08,-1.03505E+02
8.454895020E+08,-1.06005E+02
8.455200195E+08,-1.06505E+02
8.455505371E+08,-1.05805E+02
8.455810547E+08,-1.04905E+02
8.456115723E+08,-1.09885E+02
8.456420898E+08,-1.06665E+02
8.456726074E+08,-1.00705E+02
8.457031250E+08,-1.04545E+02
8.457336426E+08,-1.13305E+02
8.457641602E+08,-1.14765E+02
8.457946777E+08,-1.08265E+02
8.458251953E+08,-1.06805E+02
8.458557129E+08,-1.11525E+02
8.458862305E+08,-1.09925E+02
8.459167480E+08,-1.03665E+02
8.459472656E+08,-1.03645E+02
8.459777832E+08,-1.09585E+02
8.460083008E+08,-1.05725E+02
8.460388184E+08,-1.04345E+02
8.460693359E+08,-1.15485E+02
8.460998535E+08,-1.05125E+02
8.461303711E+08,-1.06325E+02
8.461608887E+08,-1.06765E+02
8.461914062E+08,-1.07745E+02
8.462219238E+08,-1.04605E+02
8.462524414E+08,-1.06345E+02
8.462829590E+08,-1.06285E+02
8.463134766E+08,-1.09065E+02
8.463439941E+08,-1.11885E+02
8.463745117E+08,-1.03065E+02
8.464050293E+08,-1.00225E+02
8.464355469E+08,-1.03605E+02
8.464660645E+08,-1.11965E+02
8.464965820E+08,-1.16145E+02
8.465270996E+08,-1.13865E+02
8.465576172E+08,-1.11505E+02
8.465881348E+08,-1.04725E+02
8.466186523E+08,-1.13745E+02
8.466491699E+08,-1.07905E+02
8.466796875E+08,-1.03745E+02
8.467102051E+08,-1.03785E+02
8.467407227E+08,-1.02745E+02
8.467712402E+08,-1.05405E+02
8.468017578E+08,-1.25985E+02
8.468322754E+08,-1.04745E+02
8.468627930E+08,-9.97654E+01
8.468933105E+08,-1.01245E+02
8.469238281E+08,-1.08365E+02
8.469543457E+08,-1.10645E+02
8.469848633E+08,-1.22665E+02
8.470153809E+08,-1.07705E+02
8.470458984E+08,-1.06605E+02
8.470764160E+08,-1.09765E+02
8.471069336E+08,-1.09405E+02
8.471374512E+08,-1.05505E+02
8.471679688E+08,-1.04685E+02
8.471984863E+08,-1.03205E+02
8.472290039E+08,-1.04845E+02
8.472595215E+08,-1.17925E+02
8.472900391E+08,-1.13145E+02
8.473205566E+08,-1.14105E+02
8.473510742E+08,-1.09365E+02
8.473815918E+08,-1.02985E+02
8.474121094E+08,-1.03045E+02
8.474426270E+08,-1.08265E+02
8.474731445E+08,-1.14205E+02
8.475036621E+08,-1.06965E+02
8.475341797E+08,-1.06725E+02
8.475646973E+08,-1.10885E+02
8.475952148E+08,-1.11785E+02
8.476257324E+08,-1.09305E+02
8.476562500E+08,-1.09105E+02
8.476867676E+08,-1.08325E+02
8.477172852E+08,-1.12665E+02
8.477478027E+08,-1.07585E+02
8.477783203E+08,-1.08085E+02
8.478088379E+08,-1.14945E+02
8.478393555E+08,-1.07665E+02
8.478698730E+08,-1.03385E+02
8.479003906E+08,-1.02725E+02
8.479309082E+08,-1.10905E+02
8.479614258E+08,-1.08725E+02
8.479919434E+08,-1.04805E+02
8.480224609E+08,-1.06245E+02
8.480529785E+08,-1.07625E+02
8.480834961E+08,-1.16845E+02
8.481140137E+08,-1.10885E+02
8.481445312E+08,-1.14165E+02
8.481750488E+08,-1.05025E+02
8.482055664E+08,-1.02345E+02
8.482360840E+08,-1.05445E+02
8.482666016E+08,-1.05245E+02
8.482971191E+08,-1.08545E+02
8.483276367E+08,-1.07045E+02
8.483581543E+08,-1.05565E+02
8.483886719E+08,-1.15045E+02
8.484191895E+08,-1.08105E+02
8.484497070E+08,-1.10845E+02
8.484802246E+08,-1.18525E+02
8.485107422E+08,-1.26305E+02
8.485412598E+08,-1.15065E+02
8.485717773E+08,-1.18165E+02
8.486022949E+08,-1.21365E+02
8.486328125E+08,-1.14205E+02
8.486633301E+08,-1.07945E+02
8.486938477E+08,-1.10785E+02
8.487243652E+08,-1.06505E+02
8.487548828E+08,-1.03385E+02
8.487854004E+08,-1.05905E+02
8.488159180E+08,-1.12565E+02
8.488464355E+08,-1.09885E+02
8.488769531E+08,-1.08245E+02
8.489074707E+08,-1.07905E+02
8.489379883E+08,-1.03825E+02
8.489685059E+08,-1.00385E+02
8.489990234E+08,-1.08465E+02
8.490295410E+08,-1.02925E+02
8.490600586E+08,-1.00905E+02
8.490905762E+08,-1.05965E+02
8.491210938E+08,-1.12405E+02
8.491516113E+08,-1.13545E+02
8.491821289E+08,-1.10085E+02
8.492126465E+08,-1.10345E+02
8.492431641E+08,-1.09165E+02
8.492736816E+08,-1.06485E+02
8.493041992E+08,-1.03705E+02
8.493347168E+08,-1.01665E+02
8.493652344E+08,-1.19365E+02
8.493957520E+08,-1.04105E+02
8.494262695E+08,-1.07985E+02
8.494567871E+08,-1.06025E+02
8.494873047E+08,-1.04685E+02
8.495178223E+08,-1.06105E+02
8.495483398E+08,-1.01505E+02
8.495788574E+08,-1.03865E+02
8.496093750E+08,-1.11665E+02
8.496398926E+08,-1.07165E+02
8.496704102E+08,-1.08545E+02
8.497009277E+08,-1.06485E+02
8.497314453E+08,-1.06125E+02
8.497619629E+08,-1.07165E+02
8.497924805E+08,-1.11305E+02
8.498229980E+08,-1.07005E+02
8.498535156E+08,-1.09165E+02
8.498840332E+08,-1.02965E+02
8.499145508E+08,-1.05025E+02
8.499450684E+08,-1.08485E+02
8.499755859E+08,-1.02525E+02
8.500061035E+08,-1.07465E+02
8.500366211E+08,-1.10505E+02
8.500671387E+08,-1.11945E+02
8.500976562E+08,-1.04265E+02
8.501281738E+08,-1.16405E+02
8.501586914E+08,-1.10585E+02
8.501892090E+08,-1.06905E+02
8.502197266E+08,-1.00785E+02
8.502502441E+08,-1.00045E+02
8.502807617E+08,-1.03745E+02
8.503112793E+08,-1.05765E+02
8.503417969E+08,-1.05985E+02
8.503723145E+08,-1.10785E+02
8.504028320E+08,-1.09125E+02
8.504333496E+08,-1.15025E+02
8.504638672E+08,-1.10705E+02
8.504943848E+08,-1.14345E+02
8.505249023E+08,-1.10765E+02
8.505554199E+08,-1.15305E+02
8.505859375E+08,-1.15385E+02
8.506164551E+08,-1.08605E+02
8.506469727E+08,-1.15345E+02
8.506774902E+08,-1.04505E+02
8.507080078E+08,-1.09405E+02
8.507385254E+08,-1.10685E+02
8.507690430E+08,-1.08045E+02
8.507995605E+08,-1.06085E+02
8.508300781E+08,-1.06345E+02
8.508605957E+08,-1.12085E+02
8.508911133E+08,-1.16605E+02
8.509216309E+08,-1.18045E+02
8.509521484E+08,-1.09585E+02
8.509826660E+08,-1.07125E+02
8.510131836E+08,-1.05265E+02
8.510437012E+08,-1.09125E+02
8.510742188E+08,-1.05125E+02
8.511047363E+08,-1.01925E+02
8.511352539E+08,-1.05285E+02
8.511657715E+08,-1.14665E+02
8.511962891E+08,-1.13585E+02
8.512268066E+08,-1.04845E+02
8.512573242E+08,-1.07485E+02
8.512878418E+08,-1.01585E+02
8.513183594E+08,-1.02625E+02
8.513488770E+08,-1.19885E+02
8.513793945E+08,-1.07125E+02
8.514099121E+08,-1.10325E+02
8.514404297E+08,-1.12565E+02
8.514709473E+08,-1.16505E+02
8.515014648E+08,-1.03305E+02
8.515319824E+08,-1.01745E+02
8.515625000E+08,-1.08625E+02
8.515930176E+08,-1.13705E+02
8.516235352E+08,-1.23125E+02
8.516540527E+08,-1.10725E+02
8.516845703E+08,-1.06165E+02
8.517150879E+08,-1.17785E+02
8.517456055E+08,-1.22045E+02
8.517761230E+08,-1.13665E+02
8.518066406E+08,-1.05805E+02
8.518371582E+08,-1.04005E+02
8.518676758E+08,-1.05725E+02
8.518981934E+08,-1.08105E+02
8.519287109E+08,-1.10745E+02
8.519592285E+08,-1.15305E+02
8.519897461E+08,-1.12265E+02
8.520202637E+08,-1.06885E+02
8.520507812E+08,-1.21885E+02
8.520812988E+08,-1.05985E+02
8.521118164E+08,-1.03425E+02
8.521423340E+08,-1.10785E+02
8.521728516E+08,-1.14345E+02
8.522033691E+08,-1.03965E+02
8.522338867E+08,-1.05585E+02
8.522644043E+08,-1.24685E+02
8.522949219E+08,-1.14365E+02
8.523254395E+08,-1.13165E+02
8.523559570E+08,-1.18165E+02
8.523864746E+08,-1.07405E+02
8.524169922E+08,-1.09965E+02
8.524475098E+08,-1.12305E+02
8.524780273E+08,-1.13745E+02
8.525085449E+08,-1.04445E+02
8.525390625E+08,-1.05885E+02
8.525695801E+08,-1.06705E+02
8.526000977E+08,-1.08525E+02
8.526306152E+08,-1.08485E+02
8.526611328E+08,-1.04945E+02
8.526916504E+08,-1.05845E+02
8.527221680E+08,-1.22445E+02
8.527526855E+08,-1.19225E+02
8.527832031E+08,-1.11605E+02
8.528137207E+08,-1.06445E+02
8.528442383E+08,-1.14965E+02
8.528747559E+08,-1.05505E+02
8.529052734E+08,-1.04445E+02
8.529357910E+08,-1.19225E+02
8.529663086E+08,-1.05605E+02
8.529968262E+08,-1.06725E+02
8.530273438E+08,-1.03965E+02
8.530578613E+08,-1.05665E+02
8.530883789E+08,-1.04425E+02
8.531188965E+08,-1.06505E+02
8.531494141E+08,-1.08865E+02
8.531799316E+08,-1.12725E+02
8.532104492E+08,-1.07825E+02
8.532409668E+08,-1.07705E+02
8.532714844E+08,-1.09585E+02
8.533020020E+08,-1.08665E+02
8.533325195E+08,-1.01285E+02
8.533630371E+08,-1.02245E+02
8.533935547E+08,-1.05245E+02
8.534240723E+08,-1.07285E+02
8.534545898E+08,-1.02905E+02
8.534851074E+08,-1.06765E+02
8.535156250E+08,-1.11845E+02
8.535461426E+08,-1.06965E+02
8.535766602E+08,-1.00545E+02
8.536071777E+08,-1.02005E+02
8.536376953E+08,-1.04105E+02
8.536682129E+08,-1.03485E+02
8.536987305E+08,-1.07565E+02
8.537292480E+08,-1.16105E+02
8.537597656E+08,-1.06525E+02
8.537902832E+08,-1.06165E+02
8.538208008E+08,-1.09265E+02
8.538513184E+08,-1.07785E+02
8.538818359E+08,-1.06045E+02
8.539123535E+08,-1.17265E+02
8.539428711E+08,-1.10125E+02
8.539733887E+08,-1.09005E+02
8.540039062E+08,-1.04005E+02
8.540344238E+08,-1.16045E+02
8.540649414E+08,-1.12265E+02
8.540954590E+08,-1.09265E+02
8.541259766E+08,-1.13465E+02
8.541564941E+08,-1.11745E+02
8.541870117E+08,-1.06305E+02
8.542175293E+08,-1.11505E+02
8.542480469E+08,-1.02025E+02
8.542785645E+08,-9.93654E+01
8.543090820E+08,-1.15545E+02
8.543395996E+08,-1.05305E+02
8.543701172E+08,-1.00845E+02
8.544006348E+08,-1.03025E+02
8.544311523E+08,-1.06725E+02
8.544616699E+08,-9.99654E+01
8.544921875E+08,-9.95854E+01
8.545227051E+08,-1.02885E+02
8.545532227E+08,-1.12245E+02
8.545837402E+08,-1.14225E+02
8.546142578E+08,-1.23865E+02
8.546447754E+08,-1.15405E+02
8.546752930E+08,-1.06745E+02
8.547058105E+08,-1.01805E+02
8.547363281E+08,-1.05085E+02
8.547668457E+08,-1.14105E+02
8.547973633E+08,-1.11345E+02
8.548278809E+08,-1.09105E+02
8.548583984E+08,-1.13365E+02
8.548889160E+08,-1.10685E+02
8.549194336E+08,-1.04245E+02
8.549499512E+08,-1.07285E+02
8.549804688E+08,-1.09585E+02
8.550109863E+08,-1.05065E+02
8.550415039E+08,-1.05605E+02
8.550720215E+08,-1.39665E+02
8.551025391E+08,-1.10825E+02
8.551330566E+08,-1.02425E+02
8.551635742E+08,-1.03885E+02
8.551940918E+08,-1.09205E+02
8.552246094E+08,-1.09305E+02
8.552551270E+08,-1.03665E+02
8.552856445E+08,-1.23725E+02
8.553161621E+08,-1.08805E+02
8.553466797E+08,-1.10545E+02
8.553771973E+08,-1.05925E+02
8.554077148E+08,-1.04585E+02
8.554382324E+08,-1.03965E+02
8.554687500E+08,-1.05385E+02
8.554992676E+08,-1.08465E+02
8.555297852E+08,-1.10725E+02
8.555603027E+08,-1.02765E+02
8.555908203E+08,-1.00185E+02
8.556213379E+08,-1.12465E+02
8.556518555E+08,-1.03965E+02
8.556823730E+08,-1.03725E+02
8.557128906E+08,-1.06745E+02
8.557434082E+08,-1.04445E+02
8.557739258E+08,-1.01205E+02
8.558044434E+08,-1.05225E+02
8.558349609E+08,-1.11725E+02
8.558654785E+08,-1.10645E+02
8.558959961E+08,-1.05765E+02
8.559265137E+08,-1.06065E+02
8.559570312E+08,-1.26865E+02
8.559875488E+08,-1.04185E+02
8.560180664E+08,-1.02745E+02
8.560485840E+08,-1.15245E+02
8.560791016E+08,-1.05965E+02
8.561096191E+08,-1.08745E+02
8.561401367E+08,-1.22665E+02
8.561706543E+08,-1.15545E+02
8.562011719E+08,-1.04225E+02
8.562316895E+08,-1.04005E+02
8.562622070E+08,-1.19705E+02
8.562927246E+08,-1.07285E+02
8.563232422E+08,-1.05645E+02
8.563537598E+08,-1.21225E+02
8.563842773E+08,-1.13985E+02
8.564147949E+08,-1.20605E+02
8.564453125E+08,-1.09345E+02
8.564758301E+08,-1.08325E+02
8.565063477E+08,-1.08245E+02
8.565368652E+08,-1.06665E+02
8.565673828E+08,-1.03005E+02
8.565979004E+08,-1.02205E+02
8.566284180E+08,-1.02265E+02
8.566589355E+08,-1.02705E+02
8.566894531E+08,-1.08085E+02
8.567199707E+08,-1.04425E+02
8.567504883E+08,-1.04805E+02
8.567810059E+08,-1.10565E+02
8.568115234E+08,-1.13905E+02
8.568420410E+08,-1.12885E+02
8.568725586E+08,-1.16105E+02
8.569030762E+08,-1.29845E+02
8.569335938E+08,-1.04445E+02
8.569641113E+08,-1.04345E+02
8.569946289E+08,-1.12425E+02
8.570251465E+08,-1.08345E+02
8.570556641E+08,-1.14105E+02
8.570861816E+08,-1.05585E+02
8.571166992E+08,-1.12785E+02
8.571472168E+08,-1.11185E+02
8.571777344E+08,-1.09965E+02
8.572082520E+08,-1.05245E+02
8.572387695E+08,-1.05045E+02
8.572692871E+08,-1.06065E+02
8.572998047E+08,-1.00305E+02
8.573303223E+08,-1.10305E+02
8.573608398E+08,-1.10345E+02
8.573913574E+08,-1.06485E+02
8.574218750E+08,-1.07625E+02
8.574523926E+08,-1.08725E+02
8.574829102E+08,-1.13565E+02
8.575134277E+08,-1.18205E+02
8.575439453E+08,-1.14905E+02
8.575744629E+08,-1.11345E+02
8.576049805E+08,-1.04105E+02
8.576354980E+08,-1.06045E+02
8.576660156E+08,-1.09165E+02
8.576965332E+08,-1.05505E+02
8.577270508E+08,-1.06405E+02
8.577575684E+08,-1.11645E+02
8.577880859E+08,-1.13645E+02
8.578186035E+08,-1.18205E+02
8.578491211E+08,-1.10865E+02
8.578796387E+08,-1.16305E+02
8.579101562E+08,-1.13065E+02
8.579406738E+08,-1.04465E+02
8.579711914E+08,-1.02125E+02
8.580017090E+08,-1.07585E+02
8.580322266E+08,-1.11485E+02
8.580627441E+08,-1.12025E+02
8.580932617E+08,-1.06405E+02
8.581237793E+08,-1.04585E+02
8.581542969E+08,-1.08465E+02
8.581848145E+08,-1.01045E+02
8.582153320E+08,-1.01845E+02
8.582458496E+08,-1.12305E+02
8.582763672E+08,-1.07685E+02
8.583068848E+08,-1.11825E+02
8.583374023E+08,-1.07445E+02
8.583679199E+08,-1.06285E+02
8.583984375E+08,-1.05265E+02
8.584289551E+08,-1.03205E+02
8.584594727E+08,-1.10185E+02
8.584899902E+08,-1.11905E+02
8.585205078E+08,-1.08345E+02
8.585510254E+08,-1.06205E+02
8.585815430E+08,-1.08245E+02
8.586120605E+08,-1.22625E+02
8.586425781E+08,-1.13825E+02
8.586730957E+08,-1.13185E+02
8.587036133E+08,-1.09225E+02
8.587341309E+08,-1.15045E+02
8.587646484E+08,-1.20605E+02
8.587951660E+08,-1.11365E+02
8.588256836E+08,-1.07545E+02
8.588562012E+08,-1.07625E+02
8.588867188E+08,-1.13185E+02
8.589172363E+08,-1.11345E+02
8.589477539E+08,-1.08245E+02
8.589782715E+08,-1.01925E+02
8.590087891E+08,-9.90654E+01
8.590393066E+08,-1.04065E+02
8.590698242E+08,-1.02845E+02
8.591003418E+08,-1.04665E+02
8.591308594E+08,-1.17825E+02
8.591613770E+08,-1.07545E+02
8.591918945E+08,-1.12625E+02
8.592224121E+08,-1.06505E+02
8.592529297E+08,-1.00965E+02
8.592834473E+08,-9.91654E+01
8.593139648E+08,-1.03745E+02
8.593444824E+08,-1.17385E+02
8.593750000E+08,-1.12825E+02
8.594055176E+08,-1.13565E+02
8.594360352E+08,-1.10345E+02
8.594665527E+08,-1.07025E+02
8.594970703E+08,-1.06925E+02
8.595275879E+08,-1.04445E+02
8.595581055E+08,-1.08865E+02
8.595886230E+08,-1.05785E+02
8.596191406E+08,-1.07825E+02
8.596496582E+08,-1.10445E+02
8.596801758E+08,-1.13365E+02
8.597106934E+08,-1.06185E+02
8.597412109E+08,-1.05825E+02
8.597717285E+08,-1.11805E+02
8.598022461E+08,-1.09165E+02
8.598327637E+08,-1.02285E+02
8.598632812E+08,-1.07805E+02
8.598937988E+08,-1.15205E+02
8.599243164E+08,-1.11445E+02
8.599548340E+08,-1.10005E+02
8.599853516E+08,-9.94454E+01
8.600158691E+08,-9.93054E+01
8.600463867E+08,-1.03565E+02
8.600769043E+08,-1.07825E+02
8.601074219E+08,-1.08565E+02
8.601379395E+08,-1.12405E+02
8.601684570E+08,-1.18845E+02
8.601989746E+08,-1.12745E+02
8.602294922E+08,-1.11645E+02
8.602600098E+08,-1.11565E+02
8.602905273E+08,-1.10465E+02
8.603210449E+08,-1.07325E+02
8.603515625E+08,-1.13525E+02
8.603820801E+08,-1.09405E+02
8.604125977E+08,-1.05125E+02
8.604431152E+08,-1.04845E+02
8.604736328E+08,-1.11185E+02
8.605041504E+08,-1.03805E+02
8.605346680E+08,-1.06165E+02
8.605651855E+08,-1.11965E+02
8.605957031E+08,-1.05165E+02
8.606262207E+08,-1.09265E+02
8.606567383E+08,-1.13505E+02
8.606872559E+08,-1.24205E+02
8.607177734E+08,-1.08725E+02
8.607482910E+08,-1.01585E+02
8.607788086E+08,-1.01425E+02
8.608093262E+08,-1.21145E+02
8.608398438E+08,-1.07625E+02
8.608703613E+08,-1.05145E+02
8.609008789E+08,-1.02925E+02
8.609313965E+08,-1.24245E+02
8.609619141E+08,-1.08165E+02
8.609924316E+08,-1.16785E+02
8.610229492E+08,-1.12705E+02
8.610534668E+08,-1.12625E+02
8.610839844E+08,-1.05605E+02
8.611145020E+08,-9.97454E+01
8.611450195E+08,-9.97054E+01
8.611755371E+08,-1.11265E+02
8.612060547E+08,-1.15245E+02
8.612365723E+08,-1.20765E+02
8.612670898E+08,-1.12585E+02
8.612976074E+08,-1.09005E+02
8.613281250E+08,-1.06505E+02
8.613586426E+08,-1.01845E+02
8.613891602E+08,-9.94454E+01
8.614196777E+08,-1.02085E+02
8.614501953E+08,-1.06605E+02
8.614807129E+08,-1.05985E+02
8.615112305E+08,-1.13505E+02
8.615417480E+08,-1.11265E+02
8.615722656E+08,-1.04585E+02
8.616027832E+08,-1.02865E+02
8.616333008E+08,-1.05065E+02
8.616638184E+08,-1.03685E+02
8.616943359E+08,-1.04385E+02
8.617248535E+08,-1.04525E+02
8.617553711E+08,-1.08725E+02
8.617858887E+08,-1.09485E+02
8.618164062E+08,-1.14865E+02
8.618469238E+08,-1.20765E+02
8.618774414E+08,-1.10085E+02
8.619079590E+08,-1.04385E+02
8.619384766E+08,-1.07005E+02
8.619689941E+08,-1.21125E+02
8.619995117E+08,-1.07345E+02
8.620300293E+08,-1.02885E+02
8.620605469E+08,-1.03765E+02
8.620910645E+08,-1.01605E+02
8.621215820E+08,-1.10905E+02
8.621520996E+08,-1.12545E+02
8.621826172E+08,-1.14625E+02
8.622131348E+08,-1.08265E+02
8.622436523E+08,-1.14185E+02
8.622741699E+08,-1.14625E+02
8.623046875E+08,-1.13565E+02
8.623352051E+08,-1.10805E+02
8.623657227E+08,-1.24225E+02
8.623962402E+08,-1.08085E+02
8.624267578E+08,-1.13885E+02
8.624572754E+08,-1.08365E+02
8.624877930E+08,-1.10685E+02
8.625183105E+08,-1.06925E+02
8.625488281E+08,-1.06445E+02
8.625793457E+08,-1.16165E+02
8.626098633E+08,-1.08745E+02
8.626403809E+08,-1.04085E+02
8.626708984E+08,-1.10045E+02
8.627014160E+08,-1.06585E+02
8.627319336E+08,-1.04045E+02
8.627624512E+08,-1.17565E+02
8.627929688E+08,-1.07185E+02
8.628234863E+08,-1.07525E+02
8.628540039E+08,-1.09485E+02
8.628845215E+08,-1.04705E+02
8.629150391E+08,-1.08205E+02
8.629455566E+08,-1.07145E+02
8.629760742E+08,-1.07845E+02
8.630065918E+08,-1.09065E+02
8.630371094E+08,-1.05125E+02
8.630676270E+08,-1.05945E+02
8.630981445E+08,-1.03565E+02
8.631286621E+08,-1.02545E+02
8.631591797E+08,-1.05165E+02
8.631896973E+08,-1.08285E+02
8.632202148E+08,-1.04725E+02
8.632507324E+08,-1.03325E+02
8.632812500E+08,-1.05105E+02
8.633117676E+08,-1.04445E+02
8.633422852E+08,-1.08785E+02
8.633728027E+08,-1.23785E+02
8.634033203E+08,-1.12565E+02
8.634338379E+08,-1.06625E+02
8.634643555E+08,-1.05605E+02
8.634948730E+08,-1.09585E+02
8.635253906E+08,-1.04205E+02
8.635559082E+08,-1.01585E+02
8.635864258E+08,-1.08085E+02
8.636169434E+08,-1.21925E+02
8.636474609E+08,-1.07625E+02
8.636779785E+08,-1.10665E+02
8.637084961E+08,-1.10225E+02
8.637390137E+08,-1.02105E+02
8.637695312E+08,-1.02485E+02
8.638000488E+08,-1.10565E+02
8.638305664E+08,-1.04965E+02
8.638610840E+08,-1.03105E+02
8.638916016E+08,-1.10925E+02
8.639221191E+08,-1.11045E+02
8.639526367E+08,-1.03825E+02
8.639831543E+08,-9.94454E+01
8.640136719E+08,-1.02885E+02
8.640441895E+08,-1.04185E+02
8.640747070E+08,-1.00805E+02
8.641052246E+08,-1.04065E+02
8.641357422E+08,-1.04105E+02
8.641662598E+08,-1.06125E+02
8.641967773E+08,-1.13685E+02
8.642272949E+08,-1.07585E+02
8.642578125E+08,-1.08025E+02
8.642883301E+08,-1.20265E+02
8.643188477E+08,-1.13585E+02
8.643493652E+08,-1.15365E+02
8.643798828E+08,-1.14105E+02
8.644104004E+08,-1.15225E+02
8.644409180E+08,-1.04705E+02
8.644714355E+08,-1.04525E+02
8.645019531E+08,-1.10265E+02
8.645324707E+08,-1.15605E+02
8.645629883E+08,-1.12945E+02
8.645935059E+08,-1.14165E+02
8.646240234E+08,-1.05285E+02
8.646545410E+08,-1.03165E+02
8.646850586E+08,-1.15785E+02
8.647155762E+08,-1.04625E+02
8.647460938E+08,-1.08405E+02
8.647766113E+08,-1.05065E+02
8.648071289E+08,-1.09925E+02
8.648376465E+08,-1.02925E+02
8.648681641E+08,-1.00605E+02
8.648986816E+08,-1.06305E+02
8.649291992E+08,-1.06365E+02
8.649597168E+08,-1.05205E+02
8.649902344E+08,-1.09925E+02
8.650207520E+08,-1.25025E+02
8.650512695E+08,-1.09665E+02
8.650817871E+08,-1.19305E+02
8.651123047E+08,-1.06745E+02
8.651428223E+08,-1.04005E+02
8.651733398E+08,-1.02865E+02
8.652038574E+08,-1.02885E+02
8.652343750E+08,-1.14685E+02
8.652648926E+08,-1.04505E+02
8.652954102E+08,-1.03725E+02
8.653259277E+08,-1.07825E+02
8.653564453E+08,-1.07905E+02
8.653869629E+08,-1.10625E+02
8.654174805E+08,-1.10605E+02
8.654479980E+08,-1.15425E+02
8.654785156E+08,-1.10265E+02
8.655090332E+08,-1.09745E+02
8.655395508E+08,-1.05445E+02
8.655700684E+08,-1.13905E+02
8.656005859E+08,-1.17605E+02
8.656311035E+08,-1.08605E+02
8.656616211E+08,-1.06785E+02
8.656921387E+08,-1.15025E+02
8.657226562E+08,-1.07425E+02
8.657531738E+08,-1.04605E+02
8.657836914E+08,-1.04905E+02
8.658142090E+08,-1.07745E+02
8.658447266E+08,-1.13045E+02
8.658752441E+08,-1.14405E+02
8.659057617E+08,-1.09545E+02
8.659362793E+08,-1.07485E+02
8.659667969E+08,-1.02245E+02
8.659973145E+08,-1.03285E+02
8.660278320E+08,-1.09445E+02
8.660583496E+08,-1.07605E+02
8.660888672E+08,-1.04205E+02
8.661193848E+08,-1.05605E+02
8.661499023E+08,-1.07925E+02
8.661804199E+08,-1.04065E+02
8.662109375E+08,-1.02905E+02
8.662414551E+08,-1.05925E+02
8.662719727E+08,-1.14665E+02
8.663024902E+08,-1.03305E+02
8.663330078E+08,-1.03005E+02
8.663635254E+08,-1.09705E+02
8.663940430E+08,-1.13605E+02
8.664245605E+08,-1.06925E+02
8.664550781E+08,-1.05865E+02
8.664855957E+08,-1.09345E+02
8.665161133E+08,-1.14385E+02
8.665466309E+08,-1.11905E+02
8.665771484E+08,-1.12345E+02
8.666076660E+08,-1.21325E+02
8.666381836E+08,-1.05285E+02
8.666687012E+08,-1.05185E+02
8.666992188E+08,-1.04565E+02
8.667297363E+08,-1.04745E+02
8.667602539E+08,-1.07125E+02
8.667907715E+08,-1.06405E+02
8.668212891E+08,-1.10685E+02
8.668518066E+08,-1.17545E+02
8.668823242E+08,-1.17125E+02
8.669128418E+08,-1.19485E+02
8.669433594E+08,-1.12105E+02
8.669738770E+08,-1.08425E+02
8.670043945E+08,-1.02905E+02
8.670349121E+08,-1.08105E+02
8.670654297E+08,-1.20225E+02
8.670959473E+08,-1.10365E+02
8.671264648E+08,-1.12725E+02
8.671569824E+08,-1.08485E+02
8.671875000E+08,-1.06665E+02
8.672180176E+08,-1.09885E+02
8.672485352E+08,-1.18845E+02
8.672790527E+08,-1.11205E+02
8.673095703E+08,-1.13525E+02
8.673400879E+08,-1.05925E+02
8.673706055E+08,-1.01625E+02
8.674011230E+08,-1.05225E+02
8.674316406E+08,-1.09745E+02
8.674621582E+08,-1.15085E+02
8.674926758E+08,-1.17045E+02
8.675231934E+08,-1.13285E+02
8.675537109E+08,-1.07345E+02
8.675842285E+08,-1.04485E+02
8.676147461E+08,-1.09585E+02
8.676452637E+08,-1.04845E+02
8.676757812E+08,-1.15165E+02
8.677062988E+08,-1.02885E+02
8.677368164E+08,-1.04525E+02
8.677673340E+08,-1.13965E+02
8.677978516E+08,-1.22225E+02
8.678283691E+08,-1.04245E+02
8.678588867E+08,-1.04665E+02
8.678894043E+08,-1.02645E+02
8.679199219E+08,-1.04065E+02
8.679504395E+08,-1.09345E+02
8.679809570E+08,-1.13225E+02
8.680114746E+08,-1.10405E+02
8.680419922E+08,-1.10305E+02
8.680725098E+08,-1.08565E+02
8.681030273E+08,-1.08525E+02
8.681335449E+08,-1.04685E+02
8.681640625E+08,-1.03365E+02
8.681945801E+08,-1.01325E+02
8.682250977E+08,-1.04905E+02
8.682556152E+08,-1.00085E+02
8.682861328E+08,-1.07985E+02
8.683166504E+08,-1.05165E+02
8.683471680E+08,-1.07205E+02
8.683776855E+08,-1.18685E+02
8.684082031E+08,-1.11365E+02
8.684387207E+08,-1.05625E+02
8.684692383E+08,-1.04885E+02
8.684997559E+08,-1.10585E+02
8.685302734E+08,-1.13245E+02
8.685607910E+08,-1.07225E+02
8.685913086E+08,-1.02565E+02
8.686218262E+08,-1.03045E+02
8.686523438E+08,-1.09705E+02
8.686828613E+08,-1.18805E+02
8.687133789E+08,-1.16425E+02
8.687438965E+08,-1.08045E+02
8.687744141E+08,-1.09925E+02
8.688049316E+08,-1.06725E+02
8.688354492E+08,-1.08205E+02
8.688659668E+08,-1.09885E+02
8.688964844E+08,-1.12165E+02
8.689270020E+08,-1.09545E+02
8.689575195E+08,-1.07065E+02
8.689880371E+08,-1.09125E+02
8.690185547E+08,-1.12485E+02
8.690490723E+08,-1.10045E+02
8.690795898E+08,-1.07065E+02
8.691101074E+08,-1.09165E+02
8.691406250E+08,-1.09005E+02
8.691711426E+08,-1.11105E+02
8.692016602E+08,-1.09585E+02
8.692321777E+08,-1.09805E+02
8.692626953E+08,-1.09625E+02
8.692932129E+08,-1.07725E+02
8.693237305E+08,-1.05585E+02
8.693542480E+08,-1.07445E+02
8.693847656E+08,-1.06005E+02
8.694152832E+08,-1.06865E+02
8.694458008E+08,-1.12825E+02
8.694763184E+08,-1.16565E+02
8.695068359E+08,-1.19405E+02
8.695373535E+08,-1.14405E+02
8.695678711E+08,-1.17105E+02
8.695983887E+08,-1.08625E+02
8.696289062E+08,-1.02425E+02
8.696594238E+08,-1.05825E+02
8.696899414E+08,-1.06665E+02
8.697204590E+08,-1.03505E+02
8.697509766E+08,-1.07025E+02
8.697814941E+08,-1.16545E+02
8.698120117E+08,-1.09745E+02
8.698425293E+08,-1.03725E+02
8.698730469E+08,-1.07265E+02
8.699035645E+08,-1.15645E+02
8.699340820E+08,-1.01085E+02
8.699645996E+08,-1.05765E+02
8.699951172E+08,-1.08685E+02
8.700256348E+08,-1.03225E+02
8.700561523E+08,-1.05345E+02
8.700866699E+08,-1.03545E+02
8.701171875E+08,-1.01105E+02
8.701477051E+08,-1.12445E+02
8.701782227E+08,-1.06585E+02
8.702087402E+08,-1.02925E+02
8.702392578E+08,-1.06425E+02
8.702697754E+08,-1.07545E+02
8.703002930E+08,-1.03285E+02
8.703308105E+08,-1.12765E+02
8.703613281E+08,-1.11085E+02
8.703918457E+08,-1.01925E+02
8.704223633E+08,-1.04225E+02
8.704528809E+08,-1.10265E+02
8.704833984E+08,-1.16685E+02
8.705139160E+08,-1.07085E+02
8.705444336E+08,-1.05165E+02
8.705749512E+08,-1.10745E+02
8.706054688E+08,-1.05585E+02
8.706359863E+08,-1.03085E+02
8.706665039E+08,-1.01265E+02
8.706970215E+08,-1.06265E+02
8.707275391E+08,-1.05365E+02
8.707580566E+08,-1.04605E+02
8.707885742E+08,-1.06805E+02
8.708190918E+08,-1.39445E+02
8.708496094E+08,-1.05585E+02
8.708801270E+08,-1.09585E+02
8.709106445E+08,-1.01145E+02
8.709411621E+08,-1.06465E+02
8.709716797E+08,-1.10525E+02
8.710021973E+08,-1.08865E+02
8.710327148E+08,-1.07345E+02
8.710632324E+08,-1.09065E+02
8.710937500E+08,-1.11005E+02
8.711242676E+08,-1.17445E+02
8.711547852E+08,-1.10005E+02
8.711853027E+08,-1.07165E+02
8.712158203E+08,-1.06325E+02
8.712463379E+08,-1.05645E+02
8.712768555E+08,-1.09105E+02
8.713073730E+08,-1.27805E+02
8.713378906E+08,-1.11825E+02
8.713684082E+08,-1.08045E+02
8.713989258E+08,-1.04325E+02
8.714294434E+08,-1.10005E+02
8.714599609E+08,-1.18685E+02
8.714904785E+08,-1.09405E+02
8.715209961E+08,-1.12725E+02
8.715515137E+08,-1.09705E+02
8.715820312E+08,-1.12025E+02
8.716125488E+08,-1.12385E+02
8.716430664E+08,-1.08565E+02
8.716735840E+08,-1.06745E+02
8.717041016E+08,-1.19345E+02
8.717346191E+08,-1.07065E+02
8.717651367E+08,-1.02605E+02
8.717956543E+08,-1.07225E+02
8.718261719E+08,-1.10825E+02
8.718566895E+08,-1.10045E+02
8.718872070E+08,-1.22345E+02
8.719177246E+08,-1.08405E+02
8.719482422E+08,-1.03905E+02
8.719787598E+08,-1.16065E+02
8.720092773E+08,-1.04385E+02
8.720397949E+08,-1.04885E+02
8.720703125E+08,-1.10625E+02
8.721008301E+08,-1.06965E+02
8.721313477E+08,-1.08345E+02
8.721618652E+08,-1.10665E+02
8.721923828E+08,-1.06185E+02
8.722229004E+08,-1.01625E+02
8.722534180E+08,-1.11245E+02
8.722839355E+08,-1.21805E+02
8.723144531E+08,-1.08845E+02
8.723449707E+08,-1.12345E+02
8.723754883E+08,-1.03465E+02
8.724060059E+08,-1.03745E+02
8.724365234E+08,-1.08565E+02
8.724670410E+08,-1.04005E+02
8.724975586E+08,-1.03825E+02
8.725280762E+08,-1.06145E+02
8.725585938E+08,-1.11005E+02
8.725891113E+08,-1.21565E+02
8.726196289E+08,-1.05365E+02
8.726501465E+08,-1.03025E+02
8.726806641E+08,-1.07925E+02
8.727111816E+08,-1.23205E+02
8.727416992E+08,-1.07045E+02
8.727722168E+08,-1.02905E+02
8.728027344E+08,-1.00225E+02
8.728332520E+08,-1.00125E+02
8.728637695E+08,-1.07705E+02
8.728942871E+08,-1.10665E+02
8.729248047E+08,-1.03045E+02
8.729553223E+08,-1.05165E+02
8.729858398E+08,-1.12485E+02
8.730163574E+08,-1.08345E+02
8.730468750E+08,-1.08525E+02
8.730773926E+08,-1.01005E+02
8.731079102E+08,-1.05605E+02
8.731384277E+08,-1.11365E+02
8.731689453E+08,-1.04505E+02
8.731994629E+08,-1.10505E+02
8.732299805E+08,-1.12245E+02
8.732604980E+08,-1.09405E+02
8.732910156E+08,-1.10445E+02
8.733215332E+08,-1.11965E+02
8.733520508E+08,-1.05625E+02
8.733825684E+08,-1.07785E+02
8.734130859E+08,-1.15745E+02
8.734436035E+08,-1.10005E+02
8.734741211E+08,-1.09225E+02
8.735046387E+08,-1.08045E+02
8.735351562E+08,-1.15525E+02
8.735656738E+08,-1.18845E+02
8.735961914E+08,-1.14165E+02
8.736267090E+08,-1.16845E+02
8.736572266E+08,-1.19585E+02
8.736877441E+08,-1.10225E+02
8.737182617E+08,-1.08745E+02
8.737487793E+08,-1.09705E+02
8.737792969E+08,-1.02005E+02
8.738098145E+08,-1.07385E+02
8.738403320E+08,-1.01105E+02
8.738708496E+08,-1.00845E+02
8.739013672E+08,-1.07065E+02
8.739318848E+08,-1.07565E+02
8.739624023E+08,-1.10005E+02
8.739929199E+08,-1.09305E+02
8.740234375E+08,-1.09005E+02
8.740539551E+08,-1.04805E+02
8.740844727E+08,-1.02645E+02
8.741149902E+08,-1.09125E+02
8.741455078E+08,-1.16685E+02
8.741760254E+08,-1.09885E+02
8.742065430E+08,-1.06405E+02
8.742370605E+08,-1.08565E+02
8.742675781E+08,-1.08285E+02
8.742980957E+08,-1.09405E+02
8.743286133E+08,-1.02605E+02
8.743591309E+08,-1.10085E+02
8.743896484E+08,-1.12105E+02
8.744201660E+08,-1.08245E+02
8.744506836E+08,-1.05645E+02
8.744812012E+08,-1.14845E+02
8.745117188E+08,-1.11085E+02
8.745422363E+08,-1.10625E+02
8.745727539E+08,-1.11505E+02
8.746032715E+08,-1.04885E+02
8.746337891E+08,-1.11625E+02
8.746643066E+08,-1.08845E+02
8.746948242E+08,-1.15025E+02
8.747253418E+08,-1.09125E+02
8.747558594E+08,-1.00625E+02
8.747863770E+08,-1.01885E+02
8.748168945E+08,-1.11065E+02
8.748474121E+08,-1.12605E+02
8.748779297E+08,-1.04205E+02
8.749084473E+08,-1.04265E+02
8.749389648E+08,-1.00605E+02
8.749694824E+08,-1.06005E+02
8.750000000E+08,-9.48654E+01
8.750305176E+08,-9.72854E+01
8.750610352E+08,-1.17865E+02
8.750915527E+08,-1.14225E+02
8.751220703E+08,-1.12425E+02
8.751525879E+08,-1.05485E+02
8.751831055E+08,-9.97454E+01
8.752136230E+08,-1.02045E+02
8.752441406E+08,-1.07105E+02
8.752746582E+08,-1.09705E+02
8.753051758E+08,-1.17545E+02
8.753356934E+08,-1.06365E+02
8.753662109E+08,-1.12665E+02
8.753967285E+08,-1.09345E+02
8.754272461E+08,-1.08565E+02
8.754577637E+08,-1.16285E+02
8.754882812E+08,-1.04345E+02
8.755187988E+08,-1.03325E+02
8.755493164E+08,-1.12745E+02
8.755798340E+08,-1.04625E+02
8.756103516E+08,-9.88454E+01
8.756408691E+08,-1.04465E+02
8.756713867E+08,-1.08725E+02
8.757019043E+08,-1.06865E+02
8.757324219E+08,-1.15685E+02
8.757629395E+08,-1.16345E+02
8.757934570E+08,-1.09925E+02
8.758239746E+08,-1.06745E+02
8.758544922E+08,-1.11565E+02
8.758850098E+08,-1.05205E+02
8.759155273E+08,-1.06505E+02
8.759460449E+08,-1.09365E+02
8.759765625E+08,-1.06485E+02
8.760070801E+08,-1.15505E+02
8.760375977E+08,-1.06085E+02
8.760681152E+08,-1.03265E+02
8.760986328E+08,-1.09405E+02
8.761291504E+08,-1.12925E+02
8.761596680E+08,-1.05625E+02
8.761901855E+08,-1.08485E+02
8.762207031E+08,-1.06085E+02
8.762512207E+08,-1.06145E+02
8.762817383E+08,-1.06485E+02
8.763122559E+08,-1.05705E+02
8.763427734E+08,-1.04265E+02
8.763732910E+08,-1.02685E+02
8.764038086E+08,-1.08725E+02
8.764343262E+08,-1.06585E+02
8.764648438E+08,-1.03005E+02
8.764953613E+08,-1.07585E+02
8.765258789E+08,-1.11185E+02
8.765563965E+08,-1.29625E+02
8.765869141E+08,-1.08905E+02
8.766174316E+08,-1.07005E+02
8.766479492E+08,-1.08605E+02
8.766784668E+08,-1.14505E+02
8.767089844E+08,-1.15045E+02
8.767395020E+08,-1.07425E+02
8.767700195E+08,-1.04725E+02
8.768005371E+08,-1.04845E+02
8.768310547E+08,-1.06605E+02
8.768615723E+08,-1.08805E+02
8.768920898E+08,-1.03245E+02
8.769226074E+08,-1.07725E+02
8.769531250E+08,-1.04645E+02
8.769836426E+08,-1.07205E+02
8.770141602E+08,-1.16585E+02
8.770446777E+08,-1.11025E+02
8.770751953E+08,-1.07045E+02
8.771057129E+08,-1.05825E+02
8.771362305E+08,-1.15285E+02
8.771667480E+08,-1.12625E+02
8.771972656E+08,-1.08185E+02
8.772277832E+08,-1.12885E+02
8.772583008E+08,-1.09705E+02
8.772888184E+08,-1.06565E+02
8.773193359E+08,-1.16805E+02
8.773498535E+08,-1.11025E+02
8.773803711E+08,-1.09445E+02
8.774108887E+08,-1.10265E+02
8.774414062E+08,-1.26705E+02
8.774719238E+08,-1.17985E+02
8.775024414E+08,-1.19065E+02
8.775329590E+08,-1.13205E+02
8.775634766E+08,-1.05525E+02
8.775939941E+08,-1.02425E+02
8.776245117E+08,-1.24225E+02
8.776550293E+08,-1.14105E+02
8.776855469E+08,-1.10565E+02
8.777160645E+08,-1.16485E+02
8.777465820E+08,-1.11745E+02
8.777770996E+08,-1.07905E+02
8.778076172E+08,-1.07685E+02
8.778381348E+08,-1.11105E+02
8.778686523E+08,-1.04785E+02
8.778991699E+08,-1.03625E+02
8.779296875E+08,-1.07545E+02
8.779602051E+08,-1.10345E+02
8.779907227E+08,-1.15785E+02
8.780212402E+08,-1.16485E+02
8.780517578E+08,-1.08325E+02
8.780822754E+08,-1.05785E+02
8.781127930E+08,-1.04845E+02
8.781433105E+08,-1.08085E+02
8.781738281E+08,-1.06265E+02
8.782043457E+08,-1.10925E+02
8.782348633E+08,-1.12085E+02
8.782653809E+08,-1.01845E+02
8.782958984E+08,-1.02325E+02
8.783264160E+08,-1.06485E+02
8.783569336E+08,-1.06245E+02
8.783874512E+08,-1.05705E+02
8.784179688E+08,-1.34245E+02
8.784484863E+08,-1.06225E+02
8.784790039E+08,-1.17725E+02
8.785095215E+08,-1.08265E+02
8.785400391E+08,-1.04945E+02
8.785705566E+08,-1.07585E+02
8.786010742E+08,-1.11685E+02
8.786315918E+08,-1.05825E+02
8.786621094E+08,-1.06265E+02
8.786926270E+08,-1.08085E+02
8.787231445E+08,-1.06165E+02
8.787536621E+08,-1.02685E+02
8.787841797E+08,-1.14045E+02
8.788146973E+08,-1.07865E+02
8.788452148E+08,-1.01325E+02
8.788757324E+08,-1.00565E+02
8.789062500E+08,-1.03865E+02
8.789367676E+08,-1.03265E+02
8.789672852E+08,-1.09705E+02
8.789978027E+08,-1.07365E+02
8.790283203E+08,-1.05745E+02
8.790588379E+08,-1.07165E+02
8.790893555E+08,-1.07085E+02
8.791198730E+08,-1.05805E+02
8.791503906E+08,-1.04085E+02
8.791809082E+08,-1.05685E+02
8.792114258E+08,-1.10005E+02
8.792419434E+08,-1.10225E+02
8.792724609E+08,-1.11325E+02
8.793029785E+08,-1.13005E+02
8.793334961E+08,-1.10185E+02
8.793640137E+08,-1.15345E+02
8.793945312E+08,-1.11905E+02
8.794250488E+08,-1.08805E+02
8.794555664E+08,-1.14685E+02
8.794860840E+08,-1.03265E+02
8.795166016E+08,-1.07205E+02
8.795471191E+08,-1.03925E+02
8.795776367E+08,-1.02745E+02
8.796081543E+08,-1.08485E+02
8.796386719E+08,-1.13705E+02
8.796691895E+08,-1.18865E+02
8.796997070E+08,-1.19265E+02
8.797302246E+08,-1.18525E+02
8.797607422E+08,-1.11245E+02
8.797912598E+08,-1.05585E+02
8.798217773E+08,-1.05305E+02
8.798522949E+08,-1.05505E+02
8.798828125E+08,-1.00085E+02
8.799133301E+08,-1.05185E+02
8.799438477E+08,-1.11705E+02
8.799743652E+08,-1.18785E+02
8.800048828E+08,-1.06505E+02
8.800354004E+08,-1.15485E+02
8.800659180E+08,-1.17945E+02
8.800964355E+08,-1.03725E+02
8.801269531E+08,-1.05385E+02
8.801574707E+08,-1.04885E+02
8.801879883E+08,-1.00665E+02
8.802185059E+08,-1.04325E+02
8.802490234E+08,-1.11265E+02
8.802795410E+08,-1.10865E+02
8.803100586E+08,-1.01465E+02
8.803405762E+08,-9.81854E+01
8.803710938E+08,-1.02905E+02
8.804016113E+08,-1.08745E+02
8.804321289E+08,-1.03505E+02
8.804626465E+08,-1.05825E+02
8.804931641E+08,-1.14725E+02
8.805236816E+08,-1.06625E+02
8.805541992E+08,-1.03625E+02
8.805847168E+08,-1.02725E+02
8.806152344E+08,-1.06065E+02
8.806457520E+08,-1.14085E+02
8.806762695E+08,-1.04145E+02
8.807067871E+08,-1.02185E+02
8.807373047E+08,-1.13085E+02
8.807678223E+08,-1.11505E+02
8.807983398E+08,-1.10485E+02
8.808288574E+08,-1.10645E+02
8.808593750E+08,-1.14225E+02
8.808898926E+08,-1.15485E+02
8.809204102E+08,-1.14025E+02
8.809509277E+08,-1.14505E+02
8.809814453E+08,-1.18805E+02
8.810119629E+08,-1.11065E+02
8.810424805E+08,-1.39625E+02
8.810729980E+08,-1.08865E+02
8.811035156E+08,-1.07285E+02
8.811340332E+08,-1.11005E+02
8.811645508E+08,-1.07085E+02
8.811950684E+08,-1.08365E+02
8.812255859E+08,-1.12965E+02
8.812561035E+08,-1.12565E+02
8.812866211E+08,-1.04945E+02
8.813171387E+08,-1.04845E+02
8.813476562E+08,-1.08905E+02
8.813781738E+08,-1.09705E+02
8.814086914E+08,-1.07985E+02
8.814392090E+08,-1.11285E+02
8.814697266E+08,-1.00885E+02
8.815002441E+08,-1.01685E+02
8.815307617E+08,-1.20745E+02
8.815612793E+08,-1.06025E+02
8.815917969E+08,-1.10905E+02
8.816223145E+08,-1.02945E+02
8.816528320E+08,-1.03885E+02
8.816833496E+08,-1.05045E+02
8.817138672E+08,-1.04605E+02
8.817443848E+08,-1.13125E+02
8.817749023E+08,-1.12645E+02
8.818054199E+08,-1.06805E+02
8.818359375E+08,-1.03685E+02
8.818664551E+08,-1.07745E+02
8.818969727E+08,-1.10945E+02
8.819274902E+08,-1.09345E+02
8.819580078E+08,-1.14385E+02
8.819885254E+08,-1.11365E+02
8.820190430E+08,-1.17785E+02
8.820495605E+08,-1.05065E+02
8.820800781E+08,-1.05545E+02
8.821105957E+08,-1.06245E+02
8.821411133E+08,-1.03365E+02
8.821716309E+08,-1.06845E+02
8.822021484E+08,-1.06085E+02
8.822326660E+08,-1.03625E+02
8.822631836E+08,-1.06825E+02
8.822937012E+08,-1.08365E+02
8.823242188E+08,-1.14365E+02
8.823547363E+08,-1.13105E+02
8.823852539E+08,-1.05705E+02
8.824157715E+08,-1.01685E+02
8.824462891E+08,-1.03465E+02
8.824768066E+08,-1.14105E+02
8.825073242E+08,-1.07665E+02
8.825378418E+08,-1.02645E+02
8.825683594E+08,-1.05345E+02
8.825988770E+08,-1.04065E+02
8.826293945E+08,-1.14245E+02
8.826599121E+08,-1.04805E+02
8.826904297E+08,-1.05725E+02
8.827209473E+08,-1.06585E+02
8.827514648E+08,-1.02625E+02
8.827819824E+08,-1.05525E+02
8.828125000E+08,-1.12625E+02
8.828430176E+08,-1.15065E+02
8.828735352E+08,-1.12925E+02
8.829040527E+08,-1.06345E+02
8.829345703E+08,-1.03885E+02
8.829650879E+08,-1.07025E+02
8.829956055E+08,-1.11885E+02
8.830261230E+08,-1.00805E+02
8.830566406E+08,-1.03785E+02
8.830871582E+08,-1.03325E+02
8.831176758E+08,-1.00785E+02
8.831481934E+08,-1.03105E+02
8.831787109E+08,-1.07065E+02
8.832092285E+08,-1.05285E+02
8.832397461E+08,-1.12385E+02
8.832702637E+08,-1.05485E+02
8.833007812E+08,-1.04885E+02
8.833312988E+08,-1.05185E+02
8.833618164E+08,-1.12445E+02
8.833923340E+08,-1.07685E+02
8.834228516E+08,-1.04185E+02
8.834533691E+08,-1.09105E+02
8.834838867E+08,-1.04985E+02
8.835144043E+08,-1.05505E+02
8.835449219E+08,-1.11425E+02
8.835754395E+08,-1.07605E+02
8.836059570E+08,-1.12505E+02
8.836364746E+08,-1.06945E+02
8.836669922E+08,-1.05285E+02
8.836975098E+08,-1.04005E+02
8.837280273E+08,-1.04265E+02
8.837585449E+08,-1.09665E+02
8.837890625E+08,-1.14945E+02
8.838195801E+08,-1.14165E+02
8.838500977E+08,-1.12065E+02
8.838806152E+08,-1.15245E+02
8.839111328E+08,-1.34885E+02
8.839416504E+08,-1.09405E+02
8.839721680E+08,-1.01325E+02
8.840026855E+08,-1.02225E+02
8.840332031E+08,-1.07525E+02
8.840637207E+08,-1.07365E+02
8.840942383E+08,-1.05925E+02
8.841247559E+08,-1.06665E+02
8.841552734E+08,-1.13805E+02
8.841857910E+08,-1.09445E+02
8.842163086E+08,-1.05905E+02
8.842468262E+08,-9.97454E+01
8.842773438E+08,-1.00225E+02
8.843078613E+08,-1.09505E+02
8.843383789E+08,-1.09545E+02
8.843688965E+08,-1.13205E+02
8.843994141E+08,-1.14085E+02
8.844299316E+08,-1.16525E+02
8.844604492E+08,-1.06365E+02
8.844909668E+08,-1.05785E+02
8.845214844E+08,-1.08545E+02
8.845520020E+08,-1.04025E+02
8.845825195E+08,-1.07605E+02
8.846130371E+08,-1.12145E+02
8.846435547E+08,-1.09105E+02
8.846740723E+08,-1.03025E+02
8.847045898E+08,-1.03825E+02
8.847351074E+08,-1.07205E+02
8.847656250E+08,-1.08685E+02
8.847961426E+08,-1.11605E+02
8.848266602E+08,-1.02785E+02
8.848571777E+08,-1.03465E+02
8.848876953E+08,-1.06285E+02
8.849182129E+08,-1.12225E+02
8.849487305E+08,-1.11445E+02
8.849792480E+08,-1.04785E+02
8.850097656E+08,-1.13465E+02
8.850402832E+08,-1.06205E+02
8.850708008E+08,-1.09405E+02
8.851013184E+08,-1.08665E+02
8.851318359E+08,-1.09885E+02
8.851623535E+08,-1.09105E+02
8.851928711E+08,-1.08805E+02
8.852233887E+08,-1.15665E+02
8.852539062E+08,-1.06465E+02
8.852844238E+08,-1.03645E+02
8.853149414E+08,-1.12585E+02
8.853454590E+08,-1.19625E+02
8.853759766E+08,-1.05845E+02
8.854064941E+08,-1.06585E+02
8.854370117E+08,-1.13625E+02
8.854675293E+08,-1.13905E+02
8.854980469E+08,-1.19705E+02
8.855285645E+08,-1.13125E+02
8.855590820E+08,-1.09625E+02
8.855895996E+08,-1.08845E+02
8.856201172E+08,-1.12845E+02
8.856506348E+08,-1.01745E+02
8.856811523E+08,-1.02505E+02
8.857116699E+08,-1.07725E+02
8.857421875E+08,-1.09225E+02
8.857727051E+08,-1.01925E+02
8.858032227E+08,-1.02565E+02
8.858337402E+08,-1.08405E+02
8.858642578E+08,-1.01065E+02
8.858947754E+08,-1.05385E+02
8.859252930E+08,-1.07205E+02
8.859558105E+08,-1.05725E+02
8.859863281E+08,-1.19805E+02
8.860168457E+08,-1.07445E+02
8.860473633E+08,-1.05245E+02
8.860778809E+08,-1.11485E+02
8.861083984E+08,-1.06165E+02
8.861389160E+08,-1.01425E+02
8.861694336E+08,-1.07165E+02
8.861999512E+08,-1.13645E+02
8.862304688E+08,-1.08405E+02
8.862609863E+08,-1.09105E+02
8.862915039E+08,-1.33245E+02
8.863220215E+08,-1.09925E+02
8.863525391E+08,-1.01525E+02
8.863830566E+08,-1.03905E+02
8.864135742E+08,-1.20885E+02
8.864440918E+08,-1.07045E+02
8.864746094E+08,-1.08745E+02
8.865051270E+08,-1.03265E+02
8.865356445E+08,-1.04465E+02
8.865661621E+08,-1.02045E+02
8.865966797E+08,-1.08185E+02
8.866271973E+08,-1.07405E+02
8.866577148E+08,-1.07245E+02
8.866882324E+08,-1.08285E+02
8.867187500E+08,-1.05665E+02
8.867492676E+08,-1.09885E+02
8.867797852E+08,-1.10925E+02
8.868103027E+08,-1.03105E+02
8.868408203E+08,-1.09125E+02
8.868713379E+08,-1.09505E+02
8.869018555E+08,-1.10405E+02
8.869323730E+08,-1.08945E+02
8.869628906E+08,-1.08965E+02
8.869934082E+08,-1.03685E+02
8.870239258E+08,-1.02225E+02
8.870544434E+08,-1.03705E+02
8.870849609E+08,-1.05305E+02
8.871154785E+08,-1.04205E+02
8.871459961E+08,-9.84254E+01
8.871765137E+08,-1.04185E+02
8.872070312E+08,-1.06025E+02
8.872375488E+08,-1.07825E+02
8.872680664E+08,-1.07445E+02
8.872985840E+08,-1.05585E+02
8.873291016E+08,-1.19265E+02
8.873596191E+08,-1.06545E+02
8.873901367E+08,-1.09405E+02
8.874206543E+08,-1.09225E+02
8.874511719E+08,-1.16405E+02
8.874816895E+08,-1.23345E+02
8.875122070E+08,-1.17325E+02
8.875427246E+08,-1.07905E+02
8.875732422E+08,-1.02025E+02
8.876037598E+08,-1.02605E+02
8.876342773E+08,-1.07245E+02
8.876647949E+08,-1.05825E+02
8.876953125E+08,-1.10965E+02
8.877258301E+08,-1.13305E+02
8.877563477E+08,-1.12105E+02
8.877868652E+08,-1.04905E+02
8.878173828E+08,-1.02885E+02
8.878479004E+08,-1.11265E+02
8.878784180E+08,-1.08605E+02
8.879089355E+08,-1.04505E+02
8.879394531E+08,-1.05065E+02
8.879699707E+08,-1.11205E+02
8.880004883E+08,-1.09545E+02
8.880310059E+08,-1.08525E+02
8.880615234E+08,-1.10005E+02
8.880920410E+08,-1.07285E+02
8.881225586E+08,-1.17745E+02
8.881530762E+08,-1.04045E+02
8.881835938E+08,-1.03305E+02
8.882141113E+08,-1.10185E+02
8.882446289E+08,-1.00465E+02
8.882751465E+08,-9.61654E+01
8.883056641E+08,-1.01165E+02
8.883361816E+08,-1.28865E+02
8.883666992E+08,-1.07405E+02
8.883972168E+08,-1.07005E+02
8.884277344E+08,-1.04625E+02
8.884582520E+08,-1.04305E+02
8.884887695E+08,-1.07325E+02
8.885192871E+08,-1.03565E+02
8.885498047E+08,-1.04045E+02
8.885803223E+08,-1.18205E+02
8.886108398E+08,-1.23585E+02
8.886413574E+08,-1.07225E+02
8.886718750E+08,-1.10605E+02
8.887023926E+08,-1.14925E+02
8.887329102E+08,-1.17685E+02
8.887634277E+08,-1.08345E+02
8.887939453E+08,-1.01765E+02
8.888244629E+08,-1.02725E+02
8.888549805E+08,-1.08805E+02
8.888854980E+08,-1.09225E+02
8.889160156E+08,-1.16405E+02
8.889465332E+08,-1.12885E+02
8.889770508E+08,-1.12325E+02
8.890075684E+08,-1.20185E+02
8.890380859E+08,-1.09505E+02
8.890686035E+08,-1.11205E+02
8.890991211E+08,-1.09585E+02
8.891296387E+08,-1.16085E+02
8.891601562E+08,-1.06085E+02
8.891906738E+08,-1.05285E+02
8.892211914E+08,-1.09165E+02
8.892517090E+08,-1.03145E+02
8.892822266E+08,-1.00845E+02
8.893127441E+08,-1.09205E+02
8.893432617E+08,-1.05985E+02
8.893737793E+08,-1.02465E+02
8.894042969E+08,-1.12865E+02
8.894348145E+08,-1.13505E+02
8.894653320E+08,-1.08545E+02
8.894958496E+08,-1.18285E+02
8.895263672E+08,-1.15865E+02
8.895568848E+08,-1.07585E+02
8.895874023E+08,-1.04445E+02
8.896179199E+08,-1.11945E+02
8.896484375E+08,-1.08045E+02
8.896789551E+08,-1.10465E+02
8.897094727E+08,-1.07065E+02
8.897399902E+08,-1.04965E+02
8.897705078E+08,-1.05985E+02
8.898010254E+08,-1.07565E+02
8.898315430E+08,-1.11405E+02
8.898620605E+08,-1.05165E+02
8.898925781E+08,-1.27605E+02
8.899230957E+08,-1.04605E+02
8.899536133E+08,-1.05265E+02
8.899841309E+08,-1.14445E+02
8.900146484E+08,-1.10125E+02
8.900451660E+08,-1.03185E+02
8.900756836E+08,-1.02265E+02
8.901062012E+08,-1.04385E+02
8.901367188E+08,-1.00345E+02
8.901672363E+08,-1.01485E+02
8.901977539E+08,-1.02145E+02
8.902282715E+08,-1.02325E+02
8.902587891E+08,-1.14365E+02
8.902893066E+08,-1.07745E+02
8.903198242E+08,-1.08465E+02
8.903503418E+08,-1.07805E+02
8.903808594E+08,-1.08105E+02
8.904113770E+08,-1.10885E+02
8.904418945E+08,-1.03785E+02
8.904724121E+08,-1.08685E+02
8.905029297E+08,-1.18805E+02
8.905334473E+08,-1.08625E+02
8.905639648E+08,-1.04805E+02
8.905944824E+08,-1.09925E+02
8.906250000E+08,-1.12885E+02
8.906555176E+08,-1.02605E+02
8.906860352E+08,-1.05465E+02
8.907165527E+08,-1.08465E+02
8.907470703E+08,-1.05425E+02
8.907775879E+08,-1.07585E+02
8.908081055E+08,-1.18205E+02
8.908386230E+08,-1.11145E+02
8.908691406E+08,-1.06825E+02
8.908996582E+08,-1.09805E+02
8.909301758E+08,-1.11325E+02
8.909606934E+08,-1.10405E+02
8.909912109E+08,-1.05225E+02
8.910217285E+08,-1.02705E+02
8.910522461E+08,-1.05705E+02
8.910827637E+08,-1.04745E+02
8.911132812E+08,-1.04885E+02
8.911437988E+08,-1.04585E+02
8.911743164E+08,-1.06945E+02
8.912048340E+08,-1.21185E+02
8.912353516E+08,-1.12665E+02
8.912658691E+08,-1.07185E+02
8.912963867E+08,-1.01505E+02
8.913269043E+08,-9.94054E+01
8.913574219E+08,-1.01625E+02
8.913879395E+08,-1.01505E+02
8.914184570E+08,-1.03305E+02
8.914489746E+08,-1.12525E+02
8.914794922E+08,-1.14465E+02
8.915100098E+08,-1.13145E+02
8.915405273E+08,-1.10305E+02
8.915710449E+08,-1.08205E+02
8.916015625E+08,-1.03905E+02
8.916320801E+08,-1.12465E+02
8.916625977E+08,-1.18605E+02
8.916931152E+08,-1.04605E+02
8.917236328E+08,-1.10985E+02
8.917541504E+08,-1.07925E+02
8.917846680E+08,-1.08325E+02
8.918151855E+08,-1.17405E+02
8.918457031E+08,-1.26105E+02
8.918762207E+08,-1.11485E+02
8.919067383E+08,-1.07465E+02
8.919372559E+08,-1.05205E+02
8.919677734E+08,-1.04805E+02
8.919982910E+08,-1.14505E+02
8.920288086E+08,-1.09705E+02
8.920593262E+08,-1.09305E+02
8.920898438E+08,-1.11045E+02
8.921203613E+08,-1.10765E+02
8.921508789E+08,-1.06345E+02
8.921813965E+08,-1.02925E+02
8.922119141E+08,-1.01865E+02
8.922424316E+08,-1.06525E+02
8.922729492E+08,-1.07345E+02
8.923034668E+08,-1.05545E+02
8.923339844E+08,-1.03265E+02
8.923645020E+08,-1.04565E+02
8.923950195E+08,-1.01205E+02
8.924255371E+08,-1.03405E+02
8.924560547E+08,-1.02805E+02
8.924865723E+08,-1.14545E+02
8.925170898E+08,-1.04045E+02
8.925476074E+08,-1.06165E+02
8.925781250E+08,-1.05705E+02
8.926086426E+08,-1.04125E+02
8.926391602E+08,-1.19065E+02
8.926696777E+08,-1.14105E+02
8.927001953E+08,-1.04725E+02
8.927307129E+08,-1.12645E+02
8.927612305E+08,-1.09585E+02
8.927917480E+08,-1.08005E+02
8.928222656E+08,-1.11945E+02
8.928527832E+08,-1.15165E+02
8.928833008E+08,-1.08345E+02
8.929138184E+08,-1.07365E+02
8.929443359E+08,-1.05865E+02
8.929748535E+08,-1.07525E+02
8.930053711E+08,-1.11165E+02
8.930358887E+08,-1.22365E+02
8.930664062E+08,-1.05245E+02
8.930969238E+08,-9.96254E+01
8.931274414E+08,-1.02785E+02
8.931579590E+08,-1.12705E+02
8.931884766E+08,-1.13865E+02
8.932189941E+08,-1.09165E+02
8.932495117E+08,-1.04545E+02
8.932800293E+08,-1.08245E+02
8.933105469E+08,-1.15245E+02
8.933410645E+08,-1.19965E+02
8.933715820E+08,-1.13705E+02
8.934020996E+08,-1.08125E+02
8.934326172E+08,-1.15125E+02
8.934631348E+08,-1.33405E+02
8.934936523E+08,-1.02125E+02
8.935241699E+08,-9.80454E+01
8.935546875E+08,-1.07605E+02
8.935852051E+08,-1.18285E+02
8.936157227E+08,-1.10225E+02
8.936462402E+08,-1.08845E+02
8.936767578E+08,-1.07265E+02
8.937072754E+08,-1.14085E+02
8.937377930E+08,-1.03225E+02
8.937683105E+08,-1.00305E+02
8.937988281E+08,-1.04185E+02
8.938293457E+08,-1.09165E+02
8.938598633E+08,-1.03385E+02
8.938903809E+08,-1.06825E+02
8.939208984E+08,-1.07845E+02
8.939514160E+08,-1.06065E+02
8.939819336E+08,-1.14585E+02
8.940124512E+08,-1.07345E+02
8.940429688E+08,-1.04025E+02
8.940734863E+08,-1.06685E+02
8.941040039E+08,-1.07465E+02
8.941345215E+08,-1.06565E+02
8.941650391E+08,-1.17085E+02
8.941955566E+08,-1.06065E+02
8.942260742E+08,-1.08205E+02
8.942565918E+08,-1.17005E+02
8.942871094E+08,-1.18125E+02
8.943176270E+08,-1.07365E+02
8.943481445E+08,-1.07685E+02
8.943786621E+08,-1.11405E+02
8.944091797E+08,-1.02525E+02
8.944396973E+08,-1.03425E+02
8.944702148E+08,-1.06165E+02
8.945007324E+08,-1.17165E+02
8.945312500E+08,-1.12265E+02
8.945617676E+08,-1.14225E+02
8.945922852E+08,-1.04825E+02
8.946228027E+08,-9.91254E+01
8.946533203E+08,-1.00325E+02
8.946838379E+08,-1.08005E+02
8.947143555E+08,-1.12085E+02
8.947448730E+08,-1.12425E+02
8.947753906E+08,-1.10525E+02
8.948059082E+08,-1.05225E+02
8.948364258E+08,-1.15885E+02
8.948669434E+08,-1.07385E+02
8.948974609E+08,-1.16505E+02
8.949279785E+08,-1.11465E+02
8.949584961E+08,-1.04385E+02
8.949890137E+08,-1.00885E+02
8.950195312E+08,-1.03745E+02
8.950500488E+08,-1.13165E+02
8.950805664E+08,-1.08125E+02
8.951110840E+08,-1.16605E+02
8.951416016E+08,-1.05045E+02
8.951721191E+08,-1.03865E+02
8.952026367E+08,-1.05185E+02
8.952331543E+08,-1.02505E+02
8.952636719E+08,-1.02085E+02
8.952941895E+08,-1.05085E+02
8.953247070E+08,-1.01425E+02
8.953552246E+08,-1.00525E+02
8.953857422E+08,-1.06845E+02
8.954162598E+08,-1.10725E+02
8.954467773E+08,-1.12545E+02
8.954772949E+08,-1.08405E+02
8.955078125E+08,-1.07325E+02
8.955383301E+08,-1.02425E+02
8.955688477E+08,-1.05485E+02
8.955993652E+08,-1.07165E+02
8.956298828E+08,-1.05985E+02
8.956604004E+08,-1.15105E+02
8.956909180E+08,-1.16585E+02
8.957214355E+08,-1.06645E+02
8.957519531E+08,-1.04505E+02
8.957824707E+08,-1.04505E+02
8.958129883E+08,-1.06805E+02
8.958435059E+08,-1.07725E+02
8.958740234E+08,-1.04225E+02
8.959045410E+08,-1.15125E+02
8.959350586E+08,-1.04285E+02
8.959655762E+08,-1.10345E+02
8.959960938E+08,-1.13905E+02
8.960266113E+08,-1.24305E+02
8.960571289E+08,-1.28425E+02
8.960876465E+08,-1.12325E+02
8.961181641E+08,-1.10225E+02
8.961486816E+08,-1.04545E+02
8.961791992E+08,-1.06065E+02
8.962097168E+08,-1.04765E+02
8.962402344E+08,-1.06385E+02
8.962707520E+08,-1.05245E+02
8.963012695E+08,-1.14265E+02
8.963317871E+08,-1.12685E+02
8.963623047E+08,-1.09225E+02
8.963928223E+08,-1.17985E+02
8.964233398E+08,-1.13505E+02
8.964538574E+08,-1.12125E+02
8.964843750E+08,-1.11605E+02
8.965148926E+08,-1.11485E+02
8.965454102E+08,-1.02325E+02
8.965759277E+08,-1.01065E+02
8.966064453E+08,-1.04525E+02
8.966369629E+08,-1.09765E+02
8.966674805E+08,-1.22285E+02
8.966979980E+08,-1.01425E+02
8.967285156E+08,-9.92254E+01
8.967590332E+08,-1.06445E+02
8.967895508E+08,-1.10785E+02
8.968200684E+08,-1.08485E+02
8.968505859E+08,-9.97654E+01
8.968811035E+08,-9.49454E+01
8.969116211E+08,-9.78254E+01
8.969421387E+08,-1.05405E+02
8.969726562E+08,-1.08745E+02
8.970031738E+08,-1.04245E+02
8.970336914E+08,-1.07485E+02
8.970642090E+08,-1.31405E+02
8.970947266E+08,-1.13565E+02
8.971252441E+08,-1.11105E+02
8.971557617E+08,-1.07745E+02
8.971862793E+08,-1.09625E+02
8.972167969E+08,-1.11505E+02
8.972473145E+08,-1.10765E+02
8.972778320E+08,-1.08965E+02
8.973083496E+08,-1.06405E+02
8.973388672E+08,-1.04345E+02
8.973693848E+08,-1.08025E+02
8.973999023E+08,-1.10705E+02
8.974304199E+08,-1.07385E+02
8.974609375E+08,-1.12045E+02
8.974914551E+08,-1.10125E+02
8.975219727E+08,-1.09665E+02
8.975524902E+08,-1.20565E+02
8.975830078E+08,-1.08545E+02
8.976135254E+08,-1.02285E+02
8.976440430E+08,-1.06065E+02
8.976745605E+08,-1.09845E+02
8.977050781E+08,-1.03205E+02
8.977355957E+08,-1.07125E+02
8.977661133E+08,-1.10345E+02
8.977966309E+08,-1.02985E+02
8.978271484E+08,-1.04885E+02
8.978576660E+08,-1.05545E+02
8.978881836E+08,-1.02745E+02
8.979187012E+08,-1.03945E+02
8.979492188E+08,-1.07185E+02
8.979797363E+08,-1.04625E+02
8.980102539E+08,-1.16585E+02
8.980407715E+08,-1.10265E+02
8.980712891E+08,-1.09505E+02
8.981018066E+08,-1.14665E+02
8.981323242E+08,-1.13625E+02
8.981628418E+08,-1.21665E+02
8.981933594E+08,-1.16385E+02
8.982238770E+08,-1.07685E+02
8.982543945E+08,-1.07545E+02
8.982849121E+08,-1.23325E+02
8.983154297E+08,-1.09205E+02
8.983459473E+08,-1.09005E+02
8.983764648E+08,-1.01445E+02
8.984069824E+08,-1.04785E+02
8.984375000E+08,-1.21325E+02
8.984680176E+08,-1.13105E+02
8.984985352E+08,-1.16865E+02
8.985290527E+08,-1.14265E+02
8.985595703E+08,-1.08525E+02
8.985900879E+08,-1.14885E+02
8.986206055E+08,-1.11385E+02
8.986511230E+08,-1.06585E+02
8.986816406E+08,-1.11305E+02
8.987121582E+08,-1.10525E+02
8.987426758E+08,-1.12345E+02
8.987731934E+08,-1.14865E+02
8.988037109E+08,-1.06605E+02
8.988342285E+08,-1.10865E+02
8.988647461E+08,-1.11145E+02
8.988952637E+08,-1.13265E+02
8.989257812E+08,-1.05425E+02
8.989562988E+08,-1.02925E+02
8.989868164E+08,-1.09845E+02
8.990173340E+08,-1.03645E+02
8.990478516E+08,-1.04705E+02
8.990783691E+08,-1.13425E+02
8.991088867E+08,-1.12065E+02
8.991394043E+08,-1.10525E+02
8.991699219E+08,-1.08425E+02
8.992004395E+08,-9.87854E+01
8.992309570E+08,-9.86854E+01
8.992614746E+08,-1.12225E+02
8.992919922E+08,-1.07565E+02
8.993225098E+08,-1.14385E+02
8.993530273E+08,-1.12285E+02
8.993835449E+08,-1.06745E+02
8.994140625E+08,-1.11225E+02
8.994445801E+08,-1.07145E+02
8.994750977E+08,-1.09925E+02
8.995056152E+08,-1.08245E+02
8.995361328E+08,-1.04645E+02
8.995666504E+08,-1.09065E+02
8.995971680E+08,-1.13745E+02
8.996276855E+08,-1.10525E+02
8.996582031E+08,-1.02305E+02
8.996887207E+08,-1.11305E+02
8.997192383E+08,-1.03645E+02
8.997497559E+08,-1.06065E+02
8.997802734E+08,-1.09665E+02
8.998107910E+08,-1.03025E+02
8.998413086E+08,-1.04465E+02
8.998718262E+08,-1.14905E+02
8.999023438E+08,-1.17005E+02
8.999328613E+08,-1.05125E+02
8.999633789E+08,-1.01665E+02
8.999938965E+08,-1.01445E+02
9.000244141E+08,-1.01165E+02
9.000549316E+08,-1.05725E+02
9.000854492E+08,-1.00505E+02
9.001159668E+08,-1.00225E+02
9.001464844E+08,-1.03605E+02
9.001770020E+08,-1.04845E+02
9.002075195E+08,-1.05565E+02
9.002380371E+08,-1.21225E+02
9.002685547E+08,-1.06225E+02
9.002990723E+08,-1.07825E+02
9.003295898E+08,-1.06525E+02
9.003601074E+08,-1.09805E+02
9.003906250E+08,-1.15045E+02
9.004211426E+08,-1.04885E+02
9.004516602E+08,-1.11725E+02
9.004821777E+08,-1.06945E+02
9.005126953E+08,-1.14725E+02
9.005432129E+08,-1.07145E+02
9.005737305E+08,-1.05225E+02
9.006042480E+08,-1.06365E+02
9.006347656E+08,-1.04085E+02
9.006652832E+08,-1.09925E+02
9.006958008E+08,-9.94854E+01
9.007263184E+08,-9.99254E+01
9.007568359E+08,-1.07725E+02
9.007873535E+08,-1.06685E+02
9.008178711E+08,-1.05025E+02
9.008483887E+08,-1.19205E+02
9.008789062E+08,-1.10825E+02
9.009094238E+08,-1.16165E+02
9.009399414E+08,-1.12965E+02
9.009704590E+08,-1.25845E+02
9.010009766E+08,-1.08205E+02
9.010314941E+08,-1.10185E+02
9.010620117E+08,-1.12705E+02
9.010925293E+08,-1.11805E+02
9.011230469E+08,-1.15825E+02
9.011535645E+08,-1.10045E+02
9.011840820E+08,-1.03985E+02
9.012145996E+08,-1.04585E+02
9.012451172E+08,-1.07725E+02
9.012756348E+08,-1.10225E+02
9.013061523E+08,-1.12365E+02
9.013366699E+08,-1.07465E+02
9.013671875E+08,-1.15725E+02
9.013977051E+08,-1.12925E+02
9.014282227E+08,-1.13125E+02
9.014587402E+08,-1.10305E+02
9.014892578E+08,-1.16745E+02
9.015197754E+08,-1.21705E+02
9.015502930E+08,-1.09805E+02
9.015808105E+08,-1.06025E+02
9.016113281E+08,-1.12605E+02
9.016418457E+08,-1.13605E+02
9.016723633E+08,-1.04565E+02
9.017028809E+08,-9.97654E+01
9.017333984E+08,-1.07345E+02
9.017639160E+08,-1.02865E+02
9.017944336E+08,-1.02645E+02
9.018249512E+08,-1.08745E+02
9.018554688E+08,-1.09805E+02
9.018859863E+08,-1.03705E+02
9.019165039E+08,-1.04545E+02
9.019470215E+08,-1.10705E+02
9.019775391E+08,-1.09705E+02
9.020080566E+08,-1.06585E+02
9.020385742E+08,-1.16345E+02
9.020690918E+08,-1.09705E+02
9.020996094E+08,-1.06705E+02
9.021301270E+08,-1.16045E+02
9.021606445E+08,-1.18465E+02
9.021911621E+08,-1.05845E+02
9.022216797E+08,-9.86254E+01
9.022521973E+08,-9.71654E+01
9.022827148E+08,-1.00125E+02
9.023132324E+08,-1.02505E+02
9.023437500E+08,-1.09305E+02
9.023742676E+08,-1.12965E+02
9.024047852E+08,-1.05845E+02
9.024353027E+08,-1.09545E+02
9.024658203E+08,-1.13425E+02
9.024963379E+08,-1.07605E+02
9.025268555E+08,-1.07465E+02
9.025573730E+08,-1.02285E+02
9.025878906E+08,-1.02105E+02
9.026184082E+08,-1.04725E+02
9.026489258E+08,-1.09845E+02
9.026794434E+08,-1.04925E+02
9.027099609E+08,-1.04525E+02
9.027404785E+08,-1.03465E+02
9.027709961E+08,-9.99654E+01
9.028015137E+08,-1.02025E+02
9.028320312E+08,-1.10965E+02
9.028625488E+08,-1.07585E+02
9.028930664E+08,-1.00125E+02
9.029235840E+08,-1.00085E+02
9.029541016E+08,-1.02265E+02
9.029846191E+08,-1.08665E+02
9.030151367E+08,-1.03745E+02
9.030456543E+08,-1.06005E+02
9.030761719E+08,-1.35645E+02
9.031066895E+08,-1.04165E+02
9.031372070E+08,-1.03125E+02
9.031677246E+08,-1.04325E+02
9.031982422E+08,-1.06225E+02
9.032287598E+08,-1.07445E+02
9.032592773E+08,-1.02685E+02
9.032897949E+08,-1.00185E+02
9.033203125E+08,-1.01565E+02
9.033508301E+08,-1.03365E+02
9.033813477E+08,-1.11625E+02
9.034118652E+08,-1.10765E+02
9.034423828E+08,-1.12985E+02
9.034729004E+08,-1.22185E+02
9.035034180E+08,-1.09345E+02
9.035339355E+08,-1.04825E+02
9.035644531E+08,-1.08465E+02
9.035949707E+08,-1.16965E+02
9.036254883E+08,-1.07145E+02
9.036560059E+08,-1.15905E+02
9.036865234E+08,-1.05965E+02
9.037170410E+08,-1.04905E+02
9.037475586E+08,-1.13745E+02
9.037780762E+08,-1.10685E+02
9.038085938E+08,-1.10305E+02
9.038391113E+08,-1.04665E+02
9.038696289E+08,-1.06165E+02
9.039001465E+08,-1.07805E+02
9.039306641E+08,-1.18465E+02
9.039611816E+08,-1.04905E+02
9.039916992E+08,-9.82054E+01
9.040222168E+08,-9.92254E+01
9.040527344E+08,-1.09625E+02
9.040832520E+08,-1.10545E+02
9.041137695E+08,-1.12065E+02
9.041442871E+08,-1.07445E+02
9.041748047E+08,-1.11145E+02
9.042053223E+08,-1.08345E+02
9.042358398E+08,-1.12885E+02
9.042663574E+08,-1.06725E+02
9.042968750E+08,-1.02685E+02
9.043273926E+08,-1.04265E+02
9.043579102E+08,-1.10685E+02
9.043884277E+08,-1.06405E+02
9.044189453E+08,-1.05325E+02
9.044494629E+08,-1.01785E+02
9.044799805E+08,-1.05045E+02
9.045104980E+08,-1.07225E+02
9.045410156E+08,-1.12585E+02
9.045715332E+08,-1.13205E+02
9.046020508E+08,-1.04885E+02
9.046325684E+08,-1.06945E+02
9.046630859E+08,-1.05685E+02
9.046936035E+08,-1.03465E+02
9.047241211E+08,-1.09365E+02
9.047546387E+08,-1.10885E+02
9.047851562E+08,-1.06065E+02
9.048156738E+08,-1.05705E+02
9.048461914E+08,-1.04125E+02
9.048767090E+08,-1.12045E+02
9.049072266E+08,-1.04985E+02
9.049377441E+08,-1.05345E+02
9.049682617E+08,-1.07845E+02
9.049987793E+08,-1.06565E+02
9.050292969E+08,-1.05345E+02
9.050598145E+08,-1.05085E+02
9.050903320E+08,-1.08345E+02
9.051208496E+08,-1.06085E+02
9.051513672E+08,-1.00625E+02
9.051818848E+08,-1.01605E+02
9.052124023E+08,-1.15625E+02
9.052429199E+08,-1.10845E+02
9.052734375E+08,-1.07345E+02
9.053039551E+08,-1.12205E+02
9.053344727E+08,-1.08325E+02
9.053649902E+08,-1.03625E+02
9.053955078E+08,-1.07825E+02
9.054260254E+08,-1.19125E+02
9.054565430E+08,-1.07585E+02
9.054870605E+08,-1.04965E+02
9.055175781E+08,-1.11285E+02
9.055480957E+08,-1.04585E+02
9.055786133E+08,-1.06065E+02
9.056091309E+08,-1.10085E+02
9.056396484E+08,-1.06065E+02
9.056701660E+08,-1.00945E+02
9.057006836E+08,-1.07365E+02
9.057312012E+08,-1.07925E+02
9.057617188E+08,-1.06965E+02
9.057922363E+08,-1.06065E+02
9.058227539E+08,-1.13565E+02
9.058532715E+08,-1.06545E+02
9.058837891E+08,-1.02345E+02
9.059143066E+08,-1.02865E+02
9.059448242E+08,-1.11265E+02
9.059753418E+08,-1.20985E+02
9.060058594E+08,-1.07425E+02
9.060363770E+08,-1.11465E+02
9.060668945E+08,-1.17745E+02
9.060974121E+08,-1.18365E+02
9.061279297E+08,-1.08125E+02
9.061584473E+08,-1.02265E+02
9.061889648E+08,-9.89654E+01
9.062194824E+08,-1.01625E+02
9.062500000E+08,-1.15745E+02
9.062805176E+08,-1.03705E+02
9.063110352E+08,-1.06065E+02
9.063415527E+08,-1.13725E+02
9.063720703E+08,-1.10785E+02
9.064025879E+08,-1.12245E+02
9.064331055E+08,-1.03525E+02
9.064636230E+08,-1.01525E+02
9.064941406E+08,-1.02825E+02
9.065246582E+08,-1.03905E+02
9.065551758E+08,-1.04185E+02
9.065856934E+08,-1.02985E+02
9.066162109E+08,-1.02325E+02
9.066467285E+08,-1.05385E+02
9.066772461E+08,-1.12625E+02
9.067077637E+08,-1.08205E+02
9.067382812E+08,-1.02965E+02
9.067687988E+08,-1.07325E+02
9.067993164E+08,-1.04885E+02
9.068298340E+08,-1.02825E+02
9.068603516E+08,-1.01065E+02
9.068908691E+08,-1.02185E+02
9.069213867E+08,-1.08005E+02
9.069519043E+08,-1.23145E+02
9.069824219E+08,-1.14745E+02
9.070129395E+08,-1.08725E+02
9.070434570E+08,-1.13105E+02
9.070739746E+08,-1.09745E+02
9.071044922E+08,-1.10005E+02
9.071350098E+08,-1.05765E+02
9.071655273E+08,-1.02865E+02
9.071960449E+08,-1.05585E+02
9.072265625E+08,-1.08725E+02
9.072570801E+08,-1.06625E+02
9.072875977E+08,-1.09065E+02
9.073181152E+08,-1.11985E+02
9.073486328E+08,-1.05445E+02
9.073791504E+08,-1.04545E+02
9.074096680E+08,-1.08045E+02
9.074401855E+08,-1.08565E+02
9.074707031E+08,-1.07405E+02
9.075012207E+08,-1.06485E+02
9.075317383E+08,-1.06745E+02
9.075622559E+08,-1.22865E+02
9.075927734E+08,-1.04465E+02
9.076232910E+08,-1.05005E+02
9.076538086E+08,-1.11125E+02
9.076843262E+08,-1.14785E+02
9.077148438E+08,-1.14845E+02
9.077453613E+08,-1.09625E+02
9.077758789E+08,-1.14785E+02
9.078063965E+08,-1.07325E+02
9.078369141E+08,-1.05165E+02
9.078674316E+08,-1.11405E+02
9.078979492E+08,-1.03865E+02
9.079284668E+08,-1.04705E+02
9.079589844E+08,-1.07945E+02
9.079895020E+08,-1.08625E+02
9.080200195E+08,-1.03705E+02
9.080505371E+08,-1.04745E+02
9.080810547E+08,-1.05205E+02
9.081115723E+08,-9.83254E+01
9.081420898E+08,-1.01845E+02
9.081726074E+08,-1.04205E+02
9.082031250E+08,-1.06385E+02
9.082336426E+08,-1.11525E+02
9.082641602E+08,-1.07585E+02
9.082946777E+08,-1.03665E+02
9.083251953E+08,-1.02885E+02
9.083557129E+08,-1.10665E+02
9.083862305E+08,-1.15485E+02
9.084167480E+08,-1.09965E+02
9.084472656E+08,-1.11405E+02
9.084777832E+08,-1.12845E+02
9.085083008E+08,-1.11245E+02
9.085388184E+08,-1.06885E+02
9.085693359E+08,-1.08805E+02
9.085998535E+08,-1.20805E+02
9.086303711E+08,-1.08405E+02
9.086608887E+08,-1.07785E+02
9.086914062E+08,-1.09225E+02
9.087219238E+08,-1.03245E+02
9.087524414E+08,-1.03025E+02
9.087829590E+08,-1.03465E+02
9.088134766E+08,-1.01845E+02
9.088439941E+08,-1.05005E+02
9.088745117E+08,-1.22185E+02
9.089050293E+08,-1.17485E+02
9.089355469E+08,-1.11665E+02
9.089660645E+08,-1.02685E+02
9.089965820E+08,-1.08525E+02
9.090270996E+08,-1.06505E+02
9.090576172E+08,-1.02645E+02
9.090881348E+08,-1.03785E+02
9.091186523E+08,-1.11665E+02
9.091491699E+08,-1.12365E+02
9.091796875E+08,-1.06145E+02
9.092102051E+08,-1.08745E+02
9.092407227E+08,-1.11585E+02
9.092712402E+08,-1.21145E+02
9.093017578E+08,-1.07165E+02
9.093322754E+08,-1.06145E+02
9.093627930E+08,-1.02405E+02
9.093933105E+08,-1.04265E+02
9.094238281E+08,-1.11865E+02
9.094543457E+08,-1.11705E+02
9.094848633E+08,-1.15385E+02
9.095153809E+08,-1.07345E+02
9.095458984E+08,-1.04525E+02
9.095764160E+08,-1.03825E+02
9.096069336E+08,-1.15865E+02
9.096374512E+08,-1.07105E+02
9.096679688E+08,-1.11225E+02
9.096984863E+08,-1.29305E+02
9.097290039E+08,-1.18745E+02
9.097595215E+08,-1.13465E+02
9.097900391E+08,-1.10045E+02
9.098205566E+08,-1.02385E+02
9.098510742E+08,-1.01825E+02
9.098815918E+08,-1.05185E+02
9.099121094E+08,-1.07605E+02
9.099426270E+08,-1.05625E+02
9.099731445E+08,-1.04285E+02
9.100036621E+08,-1.03805E+02
9.100341797E+08,-1.03305E+02
9.100646973E+08,-1.03605E+02
9.100952148E+08,-1.07625E+02
9.101257324E+08,-1.06925E+02
9.101562500E+08,-1.05145E+02
9.101867676E+08,-1.11705E+02
9.102172852E+08,-1.10725E+02
9.102478027E+08,-1.04325E+02
9.102783203E+08,-1.13165E+02
9.103088379E+08,-1.08865E+02
9.103393555E+08,-1.08905E+02
9.103698730E+08,-1.08005E+02
9.104003906E+08,-1.18265E+02
9.104309082E+08,-1.09125E+02
9.104614258E+08,-1.06225E+02
9.104919434E+08,-1.13905E+02
9.105224609E+08,-1.09745E+02
9.105529785E+08,-1.12185E+02
9.105834961E+08,-1.06725E+02
9.106140137E+08,-1.07165E+02
9.106445312E+08,-1.16205E+02
9.106750488E+08,-1.11005E+02
9.107055664E+08,-1.12045E+02
9.107360840E+08,-1.08405E+02
9.107666016E+08,-1.06065E+02
9.107971191E+08,-1.06265E+02
9.108276367E+08,-1.09745E+02
9.108581543E+08,-1.09845E+02
9.108886719E+08,-1.13805E+02
9.109191895E+08,-1.11085E+02
9.109497070E+08,-1.04205E+02
9.109802246E+08,-9.83654E+01
9.110107422E+08,-9.87454E+01
9.110412598E+08,-1.04965E+02
9.110717773E+08,-1.06965E+02
9.111022949E+08,-1.05565E+02
9.111328125E+08,-1.04085E+02
9.111633301E+08,-1.10305E+02
9.111938477E+08,-1.05025E+02
9.112243652E+08,-1.01505E+02
9.112548828E+08,-1.08845E+02
9.112854004E+08,-1.06585E+02
9.113159180E+08,-1.05865E+02
9.113464355E+08,-1.11685E+02
9.113769531E+08,-1.08865E+02
9.114074707E+08,-1.09105E+02
9.114379883E+08,-1.07405E+02
9.114685059E+08,-1.06705E+02
9.114990234E+08,-1.20505E+02
9.115295410E+08,-1.07725E+02
9.115600586E+08,-1.05345E+02
9.115905762E+08,-1.09485E+02
9.116210938E+08,-1.15245E+02
9.116516113E+08,-1.09505E+02
9.116821289E+08,-1.10525E+02
9.117126465E+08,-1.14225E+02
9.117431641E+08,-1.09005E+02
9.117736816E+08,-1.10085E+02
9.118041992E+08,-1.14945E+02
9.118347168E+08,-1.06845E+02
9.118652344E+08,-1.04745E+02
9.118957520E+08,-1.06265E+02
9.119262695E+08,-1.11945E+02
9.119567871E+08,-1.15545E+02
9.119873047E+08,-1.10345E+02
9.120178223E+08,-1.11485E+02
9.120483398E+08,-1.15885E+02
9.120788574E+08,-1.11805E+02
9.121093750E+08,-1.06165E+02
9.121398926E+08,-1.08005E+02
9.121704102E+08,-1.13905E+02
9.122009277E+08,-1.07105E+02
9.122314453E+08,-1.06405E+02
9.122619629E+08,-1.06185E+02
9.122924805E+08,-1.10225E+02
9.123229980E+08,-1.09505E+02
9.123535156E+08,-1.05545E+02
9.123840332E+08,-1.19885E+02
9.124145508E+08,-1.05685E+02
9.124450684E+08,-1.11365E+02
9.124755859E+08,-1.25145E+02
9.125061035E+08,-1.10125E+02
9.125366211E+08,-1.03625E+02
9.125671387E+08,-9.89454E+01
9.125976562E+08,-1.03245E+02
9.126281738E+08,-1.12465E+02
9.126586914E+08,-1.06785E+02
9.126892090E+08,-1.02345E+02
9.127197266E+08,-1.01625E+02
9.127502441E+08,-1.04825E+02
9.127807617E+08,-1.06985E+02
9.128112793E+08,-1.14805E+02
9.128417969E+08,-1.09925E+02
9.128723145E+08,-1.05745E+02
9.129028320E+08,-1.13025E+02
9.129333496E+08,-1.11705E+02
9.129638672E+08,-1.07605E+02
9.129943848E+08,-1.00765E+02
9.130249023E+08,-1.05025E+02
9.130554199E+08,-1.04545E+02
9.130859375E+08,-1.19305E+02
9.131164551E+08,-1.02385E+02
9.131469727E+08,-1.05125E+02
9.131774902E+08,-1.03445E+02
9.132080078E+08,-1.03325E+02
9.132385254E+08,-1.08245E+02
9.132690430E+08,-1.06165E+02
9.132995605E+08,-1.05365E+02
9.133300781E+08,-1.12885E+02
9.133605957E+08,-1.16265E+02
9.133911133E+08,-1.14685E+02
9.134216309E+08,-1.11905E+02
9.134521484E+08,-1.21125E+02
9.134826660E+08,-1.09885E+02
9.135131836E+08,-1.07325E+02
9.135437012E+08,-1.08265E+02
9.135742188E+08,-1.09265E+02
9.136047363E+08,-1.04585E+02
9.136352539E+08,-1.04225E+02
9.136657715E+08,-1.07345E+02
9.136962891E+08,-1.05805E+02
9.137268066E+08,-1.00705E+02
9.137573242E+08,-1.04545E+02
9.137878418E+08,-1.09165E+02
9.138183594E+08,-1.30185E+02
9.138488770E+08,-1.04785E+02
9.138793945E+08,-1.03325E+02
9.139099121E+08,-1.08665E+02
9.139404297E+08,-1.06105E+02
9.139709473E+08,-9.95454E+01
9.140014648E+08,-1.03105E+02
9.140319824E+08,-1.11125E+02
9.140625000E+08,-1.05825E+02
9.140930176E+08,-1.14805E+02
9.141235352E+08,-1.17525E+02
9.141540527E+08,-1.15925E+02
9.141845703E+08,-1.08905E+02
9.142150879E+08,-1.12785E+02
9.142456055E+08,-1.15925E+02
9.142761230E+08,-1.06585E+02
9.143066406E+08,-1.07425E+02
9.143371582E+08,-1.06305E+02
9.143676758E+08,-1.10385E+02
9.143981934E+08,-1.11245E+02
9.144287109E+08,-1.05385E+02
9.144592285E+08,-1.01845E+02
9.144897461E+08,-1.00785E+02
9.145202637E+08,-1.01185E+02
9.145507812E+08,-1.05425E+02
9.145812988E+08,-1.11765E+02
9.146118164E+08,-1.02825E+02
9.146423340E+08,-1.01825E+02
9.146728516E+08,-1.06805E+02
9.147033691E+08,-1.12365E+02
9.147338867E+08,-1.08865E+02
9.147644043E+08,-1.04525E+02
9.147949219E+08,-1.08865E+02
9.148254395E+08,-1.06125E+02
9.148559570E+08,-1.06645E+02
9.148864746E+08,-1.08805E+02
9.149169922E+08,-1.08745E+02
9.149475098E+08,-1.15245E+02
9.149780273E+08,-1.15765E+02
9.150085449E+08,-1.14405E+02
9.150390625E+08,-1.07205E+02
9.150695801E+08,-1.01825E+02
9.151000977E+08,-9.98054E+01
9.151306152E+08,-1.01645E+02
9.151611328E+08,-1.29125E+02
9.151916504E+08,-1.09625E+02
9.152221680E+08,-1.13965E+02
9.152526855E+08,-1.12845E+02
9.152832031E+08,-1.09345E+02
9.153137207E+08,-1.15965E+02
9.153442383E+08,-1.06845E+02
9.153747559E+08,-1.07205E+02
9.154052734E+08,-1.02405E+02
9.154357910E+08,-1.01425E+02
9.154663086E+08,-1.00765E+02
9.154968262E+08,-1.00905E+02
9.155273438E+08,-1.02185E+02
9.155578613E+08,-1.02125E+02
9.155883789E+08,-1.10345E+02
9.156188965E+08,-1.07665E+02
9.156494141E+08,-1.04825E+02
9.156799316E+08,-1.09445E+02
9.157104492E+08,-1.14265E+02
9.157409668E+08,-1.10365E+02
9.157714844E+08,-1.14005E+02
9.158020020E+08,-1.04185E+02
9.158325195E+08,-1.02105E+02
9.158630371E+08,-1.08045E+02
9.158935547E+08,-1.25845E+02
9.159240723E+08,-1.20585E+02
9.159545898E+08,-1.10505E+02
9.159851074E+08,-1.07925E+02
9.160156250E+08,-1.09705E+02
9.160461426E+08,-1.01785E+02
9.160766602E+08,-1.02345E+02
9.161071777E+08,-1.04085E+02
9.161376953E+08,-1.10085E+02
9.161682129E+08,-1.02125E+02
9.161987305E+08,-9.86254E+01
9.162292480E+08,-1.03305E+02
9.162597656E+08,-1.07425E+02
9.162902832E+08,-1.02465E+02
9.163208008E+08,-1.01785E+02
9.163513184E+08,-1.05385E+02
9.163818359E+08,-1.19205E+02
9.164123535E+08,-1.06425E+02
9.164428711E+08,-1.19125E+02
9.164733887E+08,-1.15205E+02
9.165039062E+08,-1.12845E+02
9.165344238E+08,-1.25425E+02
9.165649414E+08,-1.03885E+02
9.165954590E+08,-1.00945E+02
9.166259766E+08,-1.04725E+02
9.166564941E+08,-1.14265E+02
9.166870117E+08,-1.07005E+02
9.167175293E+08,-1.04925E+02
9.167480469E+08,-1.17085E+02
9.167785645E+08,-1.04445E+02
9.168090820E+08,-1.08685E+02
9.168395996E+08,-1.00665E+02
9.168701172E+08,-1.01365E+02
9.169006348E+08,-1.27165E+02
9.169311523E+08,-1.06485E+02
9.169616699E+08,-1.07585E+02
9.169921875E+08,-1.05525E+02
9.170227051E+08,-1.04505E+02
9.170532227E+08,-1.15165E+02
9.170837402E+08,-1.09585E+02
9.171142578E+08,-1.20265E+02
9.171447754E+08,-1.04725E+02
9.171752930E+08,-1.01985E+02
9.172058105E+08,-1.23725E+02
9.172363281E+08,-1.12165E+02
9.172668457E+08,-1.15925E+02
9.172973633E+08,-1.13085E+02
9.173278809E+08,-1.07165E+02
9.173583984E+08,-1.03445E+02
9.173889160E+08,-1.10005E+02
9.174194336E+08,-1.07365E+02
9.174499512E+08,-1.00265E+02
9.174804688E+08,-1.03765E+02
9.175109863E+08,-1.30465E+02
9.175415039E+08,-1.12645E+02
9.175720215E+08,-1.12705E+02
9.176025391E+08,-1.02625E+02
9.176330566E+08,-1.00125E+02
9.176635742E+08,-1.04945E+02
9.176940918E+08,-1.17805E+02
9.177246094E+08,-1.07905E+02
9.177551270E+08,-1.07685E+02
9.177856445E+08,-1.07785E+02
9.178161621E+08,-1.05905E+02
9.178466797E+08,-1.05725E+02
9.178771973E+08,-1.06165E+02
9.179077148E+08,-1.02885E+02
9.179382324E+08,-1.09885E+02
9.179687500E+08,-1.12205E+02
9.179992676E+08,-1.06685E+02
9.180297852E+08,-1.00825E+02
9.180603027E+08,-1.03685E+02
9.180908203E+08,-1.13085E+02
9.181213379E+08,-1.09485E+02
9.181518555E+08,-1.16625E+02
9.181823730E+08,-1.08465E+02
9.182128906E+08,-1.02185E+02
9.182434082E+08,-1.01825E+02
9.182739258E+08,-1.05825E+02
9.183044434E+08,-1.04465E+02
9.183349609E+08,-1.04085E+02
9.183654785E+08,-1.04505E+02
9.183959961E+08,-1.04085E+02
9.184265137E+08,-1.10945E+02
9.184570312E+08,-1.16845E+02
9.184875488E+08,-1.12985E+02
9.185180664E+08,-1.19365E+02
9.185485840E+08,-1.14625E+02
9.185791016E+08,-1.04025E+02
9.186096191E+08,-1.02605E+02
9.186401367E+08,-1.05225E+02
9.186706543E+08,-1.04685E+02
9.187011719E+08,-9.94054E+01
9.187316895E+08,-9.90054E+01
9.187622070E+08,-1.04385E+02
9.187927246E+08,-1.14185E+02
9.188232422E+08,-1.08785E+02
9.188537598E+08,-1.04345E+02
9.188842773E+08,-1.37745E+02
9.189147949E+08,-1.07785E+02
9.189453125E+08,-1.12945E+02
9.189758301E+08,-1.12925E+02
9.190063477E+08,-1.08465E+02
9.190368652E+08,-1.08685E+02
9.190673828E+08,-1.05825E+02
9.190979004E+08,-1.06665E+02
9.191284180E+08,-1.06345E+02
9.191589355E+08,-1.15705E+02
9.191894531E+08,-1.03405E+02
9.192199707E+08,-1.04785E+02
9.192504883E+08,-1.12605E+02
9.192810059E+08,-1.16345E+02
9.193115234E+08,-1.07045E+02
9.193420410E+08,-1.12185E+02
9.193725586E+08,-1.07925E+02
9.194030762E+08,-1.15705E+02
9.194335938E+08,-1.05345E+02
9.194641113E+08,-1.03105E+02
9.194946289E+08,-1.03885E+02
9.195251465E+08,-1.05625E+02
9.195556641E+08,-1.06605E+02
9.195861816E+08,-1.01745E+02
9.196166992E+08,-1.03565E+02
9.196472168E+08,-1.18365E+02
9.196777344E+08,-1.08625E+02
9.197082520E+08,-1.03865E+02
9.197387695E+08,-1.08805E+02
9.197692871E+08,-1.29205E+02
9.197998047E+08,-1.14865E+02
9.198303223E+08,-1.11185E+02
9.198608398E+08,-1.12285E+02
9.198913574E+08,-1.11125E+02
9.199218750E+08,-1.04525E+02
9.199523926E+08,-1.03365E+02
9.199829102E+08,-1.05025E+02
9.200134277E+08,-1.08005E+02
9.200439453E+08,-1.04665E+02
9.200744629E+08,-1.07785E+02
9.201049805E+08,-1.10085E+02
9.201354980E+08,-1.07125E+02
9.201660156E+08,-1.00045E+02
9.201965332E+08,-1.00725E+02
9.202270508E+08,-1.02965E+02
9.202575684E+08,-1.07265E+02
9.202880859E+08,-1.05785E+02
9.203186035E+08,-1.03465E+02
9.203491211E+08,-1.02965E+02
9.203796387E+08,-1.07225E+02
9.204101562E+08,-1.04685E+02
9.204406738E+08,-1.04265E+02
9.204711914E+08,-1.02965E+02
9.205017090E+08,-1.00225E+02
9.205322266E+08,-1.06965E+02
9.205627441E+08,-1.15705E+02
9.205932617E+08,-1.16205E+02
9.206237793E+08,-1.05805E+02
9.206542969E+08,-1.04925E+02
9.206848145E+08,-1.10565E+02
9.207153320E+08,-1.14965E+02
9.207458496E+08,-1.22605E+02
9.207763672E+08,-1.05285E+02
9.208068848E+08,-1.04845E+02
9.208374023E+08,-1.08345E+02
9.208679199E+08,-1.14605E+02
9.208984375E+08,-1.12385E+02
9.209289551E+08,-1.06285E+02
9.209594727E+08,-1.05705E+02
9.209899902E+08,-1.19545E+02
9.210205078E+08,-1.04845E+02
9.210510254E+08,-1.07605E+02
9.210815430E+08,-1.17225E+02
9.211120605E+08,-1.07905E+02
9.211425781E+08,-1.16765E+02
9.211730957E+08,-1.19005E+02
9.212036133E+08,-1.16705E+02
9.212341309E+08,-1.13105E+02
9.212646484E+08,-1.11065E+02
9.212951660E+08,-1.17185E+02
9.213256836E+08,-1.10125E+02
9.213562012E+08,-1.21025E+02
9.213867188E+08,-1.04145E+02
9.214172363E+08,-1.03945E+02
9.214477539E+08,-1.20525E+02
9.214782715E+08,-1.13565E+02
9.215087891E+08,-1.19545E+02
9.215393066E+08,-1.11485E+02
9.215698242E+08,-1.09665E+02
9.216003418E+08,-1.06605E+02
9.216308594E+08,-1.08125E+02
9.216613770E+08,-1.08245E+02
9.216918945E+08,-1.02405E+02
9.217224121E+08,-1.03145E+02
9.217529297E+08,-1.05865E+02
9.217834473E+08,-1.10005E+02
9.218139648E+08,-1.07445E+02
9.218444824E+08,-1.01345E+02
9.218750000E+08,-1.03905E+02
9.219055176E+08,-1.06985E+02
9.219360352E+08,-1.07925E+02
9.219665527E+08,-1.08565E+02
9.219970703E+08,-1.09925E+02
9.220275879E+08,-1.08625E+02
9.220581055E+08,-1.14185E+02
9.220886230E+08,-1.13605E+02
9.221191406E+08,-1.15485E+02
9.221496582E+08,-1.15185E+02
9.221801758E+08,-1.16645E+02
9.222106934E+08,-1.14525E+02
9.222412109E+08,-1.07325E+02
9.222717285E+08,-1.11245E+02
9.223022461E+08,-1.17025E+02
9.223327637E+08,-1.10785E+02
9.223632812E+08,-1.13105E+02
9.223937988E+08,-1.04605E+02
9.224243164E+08,-1.06865E+02
9.224548340E+08,-1.14105E+02
9.224853516E+08,-1.09965E+02
9.225158691E+08,-1.06265E+02
9.225463867E+08,-1.04705E+02
9.225769043E+08,-1.05125E+02
9.226074219E+08,-1.05645E+02
9.226379395E+08,-1.01505E+02
9.226684570E+08,-1.02845E+02
9.226989746E+08,-1.03725E+02
9.227294922E+08,-1.03865E+02
9.227600098E+08,-1.03585E+02
9.227905273E+08,-1.03705E+02
9.228210449E+08,-1.12345E+02
9.228515625E+08,-1.18085E+02
9.228820801E+08,-1.11985E+02
9.229125977E+08,-1.02425E+02
9.229431152E+08,-1.00945E+02
9.229736328E+08,-1.12685E+02
9.230041504E+08,-1.12965E+02
9.230346680E+08,-1.00785E+02
9.230651855E+08,-9.93454E+01
9.230957031E+08,-1.07085E+02
9.231262207E+08,-1.11165E+02
9.231567383E+08,-1.04625E+02
9.231872559E+08,-1.05905E+02
9.232177734E+08,-1.15725E+02
9.232482910E+08,-1.12965E+02
9.232788086E+08,-1.16625E+02
9.233093262E+08,-1.03845E+02
9.233398438E+08,-1.10345E+02
9.233703613E+08,-1.01265E+02
9.234008789E+08,-1.01505E+02
9.234313965E+08,-1.06585E+02
9.234619141E+08,-1.11245E+02
9.234924316E+08,-1.15925E+02
9.235229492E+08,-1.07485E+02
9.235534668E+08,-1.07665E+02
9.235839844E+08,-1.00005E+02
9.236145020E+08,-9.93454E+01
9.236450195E+08,-1.05165E+02
9.236755371E+08,-1.07445E+02
9.237060547E+08,-1.03345E+02
9.237365723E+08,-1.02405E+02
9.237670898E+08,-1.12685E+02
9.237976074E+08,-1.10185E+02
9.238281250E+08,-1.12105E+02
9.238586426E+08,-1.09585E+02
9.238891602E+08,-1.06305E+02
9.239196777E+08,-1.06265E+02
9.239501953E+08,-1.09345E+02
9.239807129E+08,-1.06585E+02
9.240112305E+08,-1.07685E+02
9.240417480E+08,-1.20125E+02
9.240722656E+08,-1.16525E+02
9.241027832E+08,-1.01305E+02
9.241333008E+08,-1.01485E+02
9.241638184E+08,-1.20985E+02
9.241943359E+08,-1.07045E+02
9.242248535E+08,-1.18545E+02
9.242553711E+08,-1.07325E+02
9.242858887E+08,-1.08425E+02
9.243164062E+08,-1.18165E+02
9.243469238E+08,-1.12165E+02
9.243774414E+08,-1.11265E+02
9.244079590E+08,-1.10185E+02
9.244384766E+08,-1.08865E+02
9.244689941E+08,-1.06485E+02
9.244995117E+08,-1.04565E+02
9.245300293E+08,-1.08245E+02
9.245605469E+08,-1.15885E+02
9.245910645E+08,-1.10525E+02
9.246215820E+08,-1.09845E+02
9.246520996E+08,-1.11545E+02
9.246826172E+08,-1.06665E+02
9.247131348E+08,-1.00965E+02
9.247436523E+08,-1.04325E+02
9.247741699E+08,-1.09805E+02
9.248046875E+08,-1.06925E+02
9.248352051E+08,-1.10925E+02
9.248657227E+08,-1.16945E+02
9.248962402E+08,-1.07045E+02
9.249267578E+08,-1.05665E+02
9.249572754E+08,-1.05965E+02
9.249877930E+08,-1.07145E+02
9.250183105E+08,-1.04905E+02
9.250488281E+08,-1.05805E+02
9.250793457E+08,-1.14985E+02
9.251098633E+08,-1.32165E+02
9.251403809E+08,-1.10225E+02
9.251708984E+08,-1.04465E+02
9.252014160E+08,-1.04585E+02
9.252319336E+08,-1.12525E+02
9.252624512E+08,-1.11765E+02
9.252929688E+08,-1.07745E+02
9.253234863E+08,-1.01505E+02
9.253540039E+08,-1.00265E+02
9.253845215E+08,-1.02305E+02
9.254150391E+08,-1.03305E+02
9.254455566E+08,-1.06965E+02
9.254760742E+08,-1.07365E+02
9.255065918E+08,-1.04785E+02
9.255371094E+08,-9.79454E+01
9.255676270E+08,-9.81254E+01
9.255981445E+08,-1.02305E+02
9.256286621E+08,-1.09125E+02
9.256591797E+08,-1.12905E+02
9.256896973E+08,-1.13605E+02
9.257202148E+08,-1.07585E+02
9.257507324E+08,-1.11865E+02
9.257812500E+08,-1.20045E+02
9.258117676E+08,-1.11005E+02
9.258422852E+08,-1.04085E+02
9.258728027E+08,-1.05645E+02
9.259033203E+08,-1.11005E+02
9.259338379E+08,-1.12125E+02
9.259643555E+08,-1.18865E+02
9.259948730E+08,-1.15805E+02
9.260253906E+08,-1.07845E+02
9.260559082E+08,-1.05045E+02
9.260864258E+08,-1.03945E+02
9.261169434E+08,-1.05825E+02
9.261474609E+08,-1.13165E+02
9.261779785E+08,-1.03065E+02
9.262084961E+08,-1.09205E+02
9.262390137E+08,-1.13245E+02
9.262695312E+08,-1.05905E+02
9.263000488E+08,-1.30885E+02
9.263305664E+08,-1.05905E+02
9.263610840E+08,-1.16005E+02
9.263916016E+08,-1.07405E+02
9.264221191E+08,-1.07285E+02
9.264526367E+08,-1.05525E+02
9.264831543E+08,-1.02445E+02
9.265136719E+08,-1.05385E+02
9.265441895E+08,-1.16765E+02
9.265747070E+08,-1.12985E+02
9.266052246E+08,-1.09305E+02
9.266357422E+08,-1.02925E+02
9.266662598E+08,-1.00925E+02
9.266967773E+08,-1.04105E+02
9.267272949E+08,-1.06485E+02
9.267578125E+08,-1.07865E+02
9.267883301E+08,-1.10045E+02
9.268188477E+08,-1.11525E+02
9.268493652E+08,-1.12665E+02
9.268798828E+08,-1.14525E+02
9.269104004E+08,-1.12725E+02
9.269409180E+08,-1.01445E+02
9.269714355E+08,-1.04945E+02
9.270019531E+08,-1.07065E+02
9.270324707E+08,-1.04105E+02
9.270629883E+08,-1.07125E+02
9.270935059E+08,-1.04805E+02
9.271240234E+08,-1.03385E+02
9.271545410E+08,-1.06905E+02
9.271850586E+08,-1.07805E+02
9.272155762E+08,-1.01125E+02
9.272460938E+08,-1.04605E+02
9.272766113E+08,-1.03065E+02
9.273071289E+08,-9.88054E+01
9.273376465E+08,-1.03705E+02
9.273681641E+08,-1.05905E+02
9.273986816E+08,-9.94854E+01
9.274291992E+08,-1.03385E+02
9.274597168E+08,-1.15345E+02
9.274902344E+08,-1.09265E+02
9.275207520E+08,-1.04525E+02
9.275512695E+08,-1.04305E+02
9.275817871E+08,-1.00725E+02
9.276123047E+08,-1.01365E+02
9.276428223E+08,-1.00805E+02
9.276733398E+08,-1.02045E+02
9.277038574E+08,-1.11105E+02
9.277343750E+08,-1.13045E+02
9.277648926E+08,-1.07265E+02
9.277954102E+08,-1.03605E+02
9.278259277E+08,-9.96254E+01
9.278564453E+08,-9.95054E+01
9.278869629E+08,-1.02025E+02
9.279174805E+08,-1.05425E+02
9.279479980E+08,-1.06805E+02
9.279785156E+08,-1.12845E+02
9.280090332E+08,-1.04145E+02
9.280395508E+08,-1.03605E+02
9.280700684E+08,-1.06645E+02
9.281005859E+08,-1.07625E+02
9.281311035E+08,-1.02485E+02
9.281616211E+08,-1.03445E+02
9.281921387E+08,-1.03705E+02
9.282226562E+08,-1.08105E+02
9.282531738E+08,-1.08465E+02
9.282836914E+08,-1.02725E+02
9.283142090E+08,-1.03365E+02
9.283447266E+08,-1.05525E+02
9.283752441E+08,-1.15385E+02
9.284057617E+08,-1.15585E+02
9.284362793E+08,-1.08105E+02
9.284667969E+08,-1.07405E+02
9.284973145E+08,-1.07985E+02
9.285278320E+08,-1.09065E+02
9.285583496E+08,-1.11605E+02
9.285888672E+08,-1.03925E+02
9.286193848E+08,-1.04685E+02
9.286499023E+08,-1.05985E+02
9.286804199E+08,-1.08105E+02
9.287109375E+08,-1.07445E+02
9.287414551E+08,-1.06585E+02
9.287719727E+08,-1.05385E+02
9.288024902E+08,-1.03305E+02
9.288330078E+08,-1.03605E+02
9.288635254E+08,-1.06345E+02
9.288940430E+08,-1.07325E+02
9.289245605E+08,-1.07485E+02
9.289550781E+08,-1.11665E+02
9.289855957E+08,-1.12645E+02
9.290161133E+08,-1.06765E+02
9.290466309E+08,-1.01425E+02
9.290771484E+08,-1.02905E+02
9.291076660E+08,-1.13565E+02
9.291381836E+08,-1.16265E+02
9.291687012E+08,-1.17905E+02
9.291992188E+08,-1.18005E+02
9.292297363E+08,-1.06105E+02
9.292602539E+08,-1.02325E+02
9.292907715E+08,-1.13045E+02
9.293212891E+08,-1.02525E+02
9.293518066E+08,-1.04065E+02
9.293823242E+08,-1.14365E+02
9.294128418E+08,-1.10225E+02
9.294433594E+08,-1.06805E+02
9.294738770E+08,-1.10805E+02
9.295043945E+08,-1.02745E+02
9.295349121E+08,-1.03185E+02
9.295654297E+08,-1.01325E+02
9.295959473E+08,-1.05925E+02
9.296264648E+08,-1.14665E+02
9.296569824E+08,-1.04605E+02
9.296875000E+08,-1.08025E+02
9.297180176E+08,-1.16145E+02
9.297485352E+08,-1.14185E+02
9.297790527E+08,-1.08025E+02
9.298095703E+08,-1.04765E+02
9.298400879E+08,-1.06765E+02
9.298706055E+08,-1.05465E+02
9.299011230E+08,-1.04845E+02
9.299316406E+08,-1.06685E+02
9.299621582E+08,-1.04305E+02
9.299926758E+08,-1.15185E+02
9.300231934E+08,-1.09705E+02
9.300537109E+08,-1.08685E+02
9.300842285E+08,-1.12725E+02
9.301147461E+08,-1.08245E+02
9.301452637E+08,-1.12025E+02
9.301757812E+08,-1.06485E+02
9.302062988E+08,-1.09705E+02
9.302368164E+08,-1.05385E+02
9.302673340E+08,-1.02005E+02
9.302978516E+08,-1.08725E+02
9.303283691E+08,-1.11105E+02
9.303588867E+08,-1.13545E+02
9.303894043E+08,-1.04885E+02
9.304199219E+08,-1.07125E+02
9.304504395E+08,-1.13685E+02
9.304809570E+08,-1.06945E+02
9.305114746E+08,-1.01705E+02
9.305419922E+08,-1.00845E+02
9.305725098E+08,-1.02465E+02
9.306030273E+08,-1.04725E+02
9.306335449E+08,-1.10785E+02
9.306640625E+08,-1.21365E+02
9.306945801E+08,-1.08185E+02
9.307250977E+08,-1.07725E+02
9.307556152E+08,-1.06705E+02
9.307861328E+08,-1.07565E+02
9.308166504E+08,-1.28605E+02
9.308471680E+08,-1.13505E+02
9.308776855E+08,-1.11145E+02
9.309082031E+08,-1.16545E+02
9.309387207E+08,-1.13265E+02
9.309692383E+08,-1.10265E+02
9.309997559E+08,-1.10085E+02
9.310302734E+08,-1.13685E+02
9.310607910E+08,-1.11865E+02
9.310913086E+08,-1.04845E+02
9.311218262E+08,-1.05965E+02
9.311523438E+08,-1.06105E+02
9.311828613E+08,-1.04385E+02
9.312133789E+08,-1.00865E+02
9.312438965E+08,-1.01925E+02
9.312744141E+08,-1.10125E+02
9.313049316E+08,-1.07125E+02
9.313354492E+08,-1.06065E+02
9.313659668E+08,-1.05825E+02
9.313964844E+08,-1.05005E+02
9.314270020E+08,-1.12005E+02
9.314575195E+08,-1.19845E+02
9.314880371E+08,-1.17165E+02
9.315185547E+08,-1.09225E+02
9.315490723E+08,-1.12825E+02
9.315795898E+08,-1.04905E+02
9.316101074E+08,-1.10865E+02
9.316406250E+08,-1.14105E+02
9.316711426E+08,-1.17565E+02
9.317016602E+08,-1.08365E+02
9.317321777E+08,-1.01925E+02
9.317626953E+08,-1.02325E+02
9.317932129E+08,-1.03985E+02
9.318237305E+08,-1.04685E+02
9.318542480E+08,-1.07945E+02
9.318847656E+08,-1.08325E+02
9.319152832E+08,-1.01905E+02
9.319458008E+08,-1.06745E+02
9.319763184E+08,-1.11185E+02
9.320068359E+08,-1.10005E+02
9.320373535E+08,-1.05685E+02
9.320678711E+08,-1.12945E+02
9.320983887E+08,-1.02445E+02
9.321289062E+08,-9.95054E+01
9.321594238E+08,-1.01965E+02
9.321899414E+08,-1.13965E+02
9.322204590E+08,-1.02225E+02
9.322509766E+08,-9.94054E+01
9.322814941E+08,-1.03725E+02
9.323120117E+08,-1.05885E+02
9.323425293E+08,-1.05125E+02
9.323730469E+08,-1.04205E+02
9.324035645E+08,-1.05285E+02
9.324340820E+08,-1.07825E+02
9.324645996E+08,-1.04045E+02
9.324951172E+08,-1.02765E+02
9.325256348E+08,-1.03245E+02
9.325561523E+08,-1.06585E+02
9.325866699E+08,-1.18625E+02
9.326171875E+08,-1.08905E+02
9.326477051E+08,-1.12925E+02
9.326782227E+08,-1.18425E+02
9.327087402E+08,-1.02805E+02
9.327392578E+08,-9.91654E+01
9.327697754E+08,-1.00865E+02
9.328002930E+08,-1.09505E+02
9.328308105E+08,-1.09585E+02
9.328613281E+08,-1.12705E+02
9.328918457E+08,-1.08325E+02
9.329223633E+08,-9.92054E+01
9.329528809E+08,-1.03765E+02
9.329833984E+08,-1.05665E+02
9.330139160E+08,-1.05985E+02
9.330444336E+08,-1.08005E+02
9.330749512E+08,-1.01845E+02
9.331054688E+08,-1.10265E+02
9.331359863E+08,-1.09705E+02
9.331665039E+08,-1.27185E+02
9.331970215E+08,-1.16045E+02
9.332275391E+08,-1.06305E+02
9.332580566E+08,-1.10405E+02
9.332885742E+08,-1.04725E+02
9.333190918E+08,-1.01945E+02
9.333496094E+08,-1.02645E+02
9.333801270E+08,-1.08405E+02
9.334106445E+08,-1.07905E+02
9.334411621E+08,-1.00865E+02
9.334716797E+08,-1.03745E+02
9.335021973E+08,-1.08465E+02
9.335327148E+08,-1.03805E+02
9.335632324E+08,-1.01785E+02
9.335937500E+08,-1.01325E+02
9.336242676E+08,-1.02625E+02
9.336547852E+08,-1.13245E+02
9.336853027E+08,-1.07325E+02
9.337158203E+08,-1.21725E+02
9.337463379E+08,-1.11585E+02
9.337768555E+08,-1.08365E+02
9.338073730E+08,-1.16405E+02
9.338378906E+08,-1.05785E+02
9.338684082E+08,-1.05485E+02
9.338989258E+08,-1.13845E+02
9.339294434E+08,-1.09505E+02
9.339599609E+08,-1.03065E+02
9.339904785E+08,-9.97454E+01
9.340209961E+08,-1.07025E+02
9.340515137E+08,-1.07805E+02
9.340820312E+08,-1.07205E+02
9.341125488E+08,-1.10585E+02
9.341430664E+08,-1.06905E+02
9.341735840E+08,-1.14905E+02
9.342041016E+08,-1.20965E+02
9.342346191E+08,-1.10905E+02
9.342651367E+08,-1.07685E+02
9.342956543E+08,-1.06065E+02
9.343261719E+08,-1.09885E+02
9.343566895E+08,-1.20045E+02
9.343872070E+08,-1.13285E+02
9.344177246E+08,-1.06045E+02
9.344482422E+08,-1.05525E+02
9.344787598E+08,-1.10545E+02
9.345092773E+08,-1.10885E+02
9.345397949E+08,-1.12505E+02
9.345703125E+08,-1.12985E+02
9.346008301E+08,-1.04145E+02
9.346313477E+08,-1.02085E+02
9.346618652E+08,-1.04745E+02
9.346923828E+08,-1.12765E+02
9.347229004E+08,-1.09205E+02
9.347534180E+08,-1.05885E+02
9.347839355E+08,-1.14945E+02
9.348144531E+08,-1.09125E+02
9.348449707E+08,-1.03925E+02
9.348754883E+08,-1.16645E+02
9.349060059E+08,-1.02905E+02
9.349365234E+08,-1.01045E+02
9.349670410E+08,-1.08245E+02
9.349975586E+08,-1.00765E+02
9.350280762E+08,-9.91654E+01
9.350585938E+08,-1.10705E+02
9.350891113E+08,-1.10125E+02
9.351196289E+08,-1.16025E+02
9.351501465E+08,-1.14025E+02
9.351806641E+08,-1.08105E+02
9.352111816E+08,-1.07865E+02
9.352416992E+08,-1.01325E+02
9.352722168E+08,-1.01845E+02
9.353027344E+08,-1.03385E+02
9.353332520E+08,-1.04345E+02
9.353637695E+08,-1.06725E+02
9.353942871E+08,-1.09405E+02
9.354248047E+08,-1.11545E+02
9.354553223E+08,-1.22105E+02
9.354858398E+08,-1.13025E+02
9.355163574E+08,-1.08805E+02
9.355468750E+08,-1.05605E+02
9.355773926E+08,-1.08785E+02
9.356079102E+08,-1.11045E+02
9.356384277E+08,-1.16805E+02
9.356689453E+08,-1.12125E+02
9.356994629E+08,-1.16145E+02
9.357299805E+08,-1.08045E+02
9.357604980E+08,-1.05265E+02
9.357910156E+08,-1.01745E+02
9.358215332E+08,-9.99654E+01
9.358520508E+08,-1.04265E+02
9.358825684E+08,-1.06905E+02
9.359130859E+08,-1.05545E+02
9.359436035E+08,-1.06385E+02
9.359741211E+08,-1.06245E+02
9.360046387E+08,-1.10005E+02
9.360351562E+08,-1.16345E+02
9.360656738E+08,-1.06905E+02
9.360961914E+08,-1.07165E+02
9.361267090E+08,-1.07225E+02
9.361572266E+08,-1.00585E+02
9.361877441E+08,-1.04865E+02
9.362182617E+08,-1.28745E+02
9.362487793E+08,-1.09705E+02
9.362792969E+08,-1.14965E+02
9.363098145E+08,-1.14245E+02
9.363403320E+08,-1.08565E+02
9.363708496E+08,-1.07845E+02
9.364013672E+08,-1.04665E+02
9.364318848E+08,-1.12065E+02
9.364624023E+08,-1.11385E+02
9.364929199E+08,-1.03365E+02
9.365234375E+08,-1.07005E+02
9.365539551E+08,-1.11725E+02
9.365844727E+08,-1.07865E+02
9.366149902E+08,-1.12665E+02
9.366455078E+08,-1.12165E+02
9.366760254E+08,-1.20845E+02
9.367065430E+08,-1.06625E+02
9.367370605E+08,-1.06585E+02
9.367675781E+08,-1.05785E+02
9.367980957E+08,-1.11025E+02
9.368286133E+08,-1.08325E+02
9.368591309E+08,-1.01885E+02
9.368896484E+08,-1.02845E+02
9.369201660E+08,-1.07185E+02
9.369506836E+08,-1.18085E+02
9.369812012E+08,-1.01765E+02
9.370117188E+08,-9.96654E+01
9.370422363E+08,-1.00085E+02
9.370727539E+08,-1.04285E+02
9.371032715E+08,-1.07525E+02
9.371337891E+08,-1.11485E+02
9.371643066E+08,-1.09225E+02
9.371948242E+08,-1.09225E+02
9.372253418E+08,-1.19665E+02
9.372558594E+08,-1.22265E+02
9.372863770E+08,-1.12425E+02
9.373168945E+08,-1.09225E+02
9.373474121E+08,-1.14745E+02
9.373779297E+08,-1.19885E+02
9.374084473E+08,-1.04345E+02
9.374389648E+08,-1.00085E+02
9.374694824E+08,-1.03705E+02
9.375000000E+08,-1.07545E+02
9.375305176E+08,-1.14665E+02
9.375610352E+08,-1.05045E+02
9.375915527E+08,-1.03845E+02
9.376220703E+08,-1.05645E+02
9.376525879E+08,-1.03005E+02
9.376831055E+08,-1.06765E+02
9.377136230E+08,-1.28625E+02
9.377441406E+08,-1.13585E+02
9.377746582E+08,-1.05645E+02
9.378051758E+08,-1.01465E+02
9.378356934E+08,-1.04985E+02
9.378662109E+08,-1.03125E+02
9.378967285E+08,-1.04425E+02
9.379272461E+08,-1.06285E+02
9.379577637E+08,-1.03945E+02
9.379882812E+08,-1.01705E+02
9.380187988E+08,-1.04685E+02
9.380493164E+08,-1.06285E+02
9.380798340E+08,-1.16605E+02
9.381103516E+08,-1.08685E+02
9.381408691E+08,-1.03165E+02
9.381713867E+08,-1.00085E+02
9.382019043E+08,-9.82654E+01
9.382324219E+08,-9.98454E+01
9.382629395E+08,-1.03545E+02
9.382934570E+08,-1.08865E+02
9.383239746E+08,-1.23865E+02
9.383544922E+08,-1.12785E+02
9.383850098E+08,-1.17825E+02
9.384155273E+08,-1.09025E+02
9.384460449E+08,-1.10045E+02
9.384765625E+08,-1.09405E+02
9.385070801E+08,-1.07265E+02
9.385375977E+08,-1.02305E+02
9.385681152E+08,-1.03445E+02
9.385986328E+08,-1.08485E+02
9.386291504E+08,-1.10525E+02
9.386596680E+08,-1.22845E+02
9.386901855E+08,-1.08545E+02
9.387207031E+08,-1.12525E+02
9.387512207E+08,-1.22845E+02
9.387817383E+08,-1.12965E+02
9.388122559E+08,-1.07685E+02
9.388427734E+08,-1.21825E+02
9.388732910E+08,-1.08565E+02
9.389038086E+08,-1.15625E+02
9.389343262E+08,-1.11145E+02
9.389648438E+08,-1.03905E+02
9.389953613E+08,-9.97454E+01
9.390258789E+08,-1.01125E+02
9.390563965E+08,-1.08465E+02
9.390869141E+08,-1.03785E+02
9.391174316E+08,-1.02585E+02
9.391479492E+08,-1.08285E+02
9.391784668E+08,-1.03405E+02
9.392089844E+08,-1.13565E+02
9.392395020E+08,-1.22565E+02
9.392700195E+08,-1.11445E+02
9.393005371E+08,-1.06725E+02
9.393310547E+08,-1.04945E+02
9.393615723E+08,-1.03865E+02
9.393920898E+08,-1.07425E+02
9.394226074E+08,-1.04545E+02
9.394531250E+08,-1.02765E+02
9.394836426E+08,-1.12465E+02
9.395141602E+08,-1.11445E+02
9.395446777E+08,-1.04265E+02
9.395751953E+08,-1.06785E+02
9.396057129E+08,-1.07345E+02
9.396362305E+08,-1.09305E+02
9.396667480E+08,-1.02405E+02
9.396972656E+08,-9.89654E+01
9.397277832E+08,-9.92654E+01
9.397583008E+08,-1.02845E+02
9.397888184E+08,-1.03785E+02
9.398193359E+08,-1.05905E+02
9.398498535E+08,-1.19265E+02
9.398803711E+08,-1.05885E+02
9.399108887E+08,-1.08845E+02
9.399414062E+08,-1.17445E+02
9.399719238E+08,-1.00485E+02
9.400024414E+08,-9.79254E+01
9.400329590E+08,-9.94854E+01
9.400634766E+08,-1.01505E+02
9.400939941E+08,-1.03625E+02
9.401245117E+08,-1.05525E+02
9.401550293E+08,-1.02305E+02
9.401855469E+08,-1.00585E+02
9.402160645E+08,-1.03005E+02
9.402465820E+08,-1.12265E+02
9.402770996E+08,-1.10265E+02
9.403076172E+08,-1.09025E+02
9.403381348E+08,-1.18165E+02
9.403686523E+08,-1.12965E+02
9.403991699E+08,-1.10905E+02
9.404296875E+08,-1.19125E+02
9.404602051E+08,-1.13765E+02
9.404907227E+08,-1.04985E+02
9.405212402E+08,-1.04545E+02
9.405517578E+08,-1.09125E+02
9.405822754E+08,-1.17985E+02
9.406127930E+08,-1.26405E+02
9.406433105E+08,-1.13685E+02
9.406738281E+08,-1.17605E+02
9.407043457E+08,-1.14865E+02
9.407348633E+08,-1.11365E+02
9.407653809E+08,-1.05645E+02
9.407958984E+08,-1.15425E+02
9.408264160E+08,-1.11685E+02
9.408569336E+08,-1.11065E+02
9.408874512E+08,-1.07585E+02
9.409179688E+08,-1.08845E+02
9.409484863E+08,-1.14205E+02
9.409790039E+08,-1.06545E+02
9.410095215E+08,-9.86654E+01
9.410400391E+08,-9.92054E+01
9.410705566E+08,-1.01325E+02
9.411010742E+08,-1.05345E+02
9.411315918E+08,-1.04185E+02
9.411621094E+08,-1.07085E+02
9.411926270E+08,-1.08325E+02
9.412231445E+08,-1.06045E+02
9.412536621E+08,-1.07045E+02
9.412841797E+08,-1.04305E+02
9.413146973E+08,-1.05725E+02
9.413452148E+08,-1.04685E+02
9.413757324E+08,-1.02305E+02
9.414062500E+08,-1.09585E+02
9.414367676E+08,-1.13885E+02
9.414672852E+08,-1.13825E+02
9.414978027E+08,-1.07785E+02
9.415283203E+08,-1.08845E+02
9.415588379E+08,-1.06645E+02
9.415893555E+08,-1.18805E+02
9.416198730E+08,-1.22505E+02
9.416503906E+08,-1.23065E+02
9.416809082E+08,-1.29405E+02
9.417114258E+08,-1.19305E+02
9.417419434E+08,-1.20665E+02
9.417724609E+08,-1.10805E+02
9.418029785E+08,-1.15585E+02
9.418334961E+08,-1.04585E+02
9.418640137E+08,-1.04125E+02
9.418945312E+08,-1.11625E+02
9.419250488E+08,-1.20365E+02
9.419555664E+08,-1.06805E+02
9.419860840E+08,-1.01305E+02
9.420166016E+08,-1.05925E+02
9.420471191E+08,-1.08545E+02
9.420776367E+08,-1.04625E+02
9.421081543E+08,-1.10885E+02
9.421386719E+08,-1.06005E+02
9.421691895E+08,-1.03165E+02
9.421997070E+08,-1.04145E+02
9.422302246E+08,-1.04745E+02
9.422607422E+08,-1.03465E+02
9.422912598E+08,-1.02105E+02
9.423217773E+08,-1.00945E+02
9.423522949E+08,-1.03045E+02
9.423828125E+08,-1.11565E+02
9.424133301E+08,-1.13725E+02
9.424438477E+08,-1.15025E+02
9.424743652E+08,-1.05185E+02
9.425048828E+08,-1.20085E+02
9.425354004E+08,-1.04065E+02
9.425659180E+08,-1.09365E+02
9.425964355E+08,-1.20885E+02
9.426269531E+08,-1.06745E+02
9.426574707E+08,-1.06365E+02
9.426879883E+08,-1.11225E+02
9.427185059E+08,-1.05165E+02
9.427490234E+08,-1.14805E+02
9.427795410E+08,-1.05925E+02
9.428100586E+08,-1.01425E+02
9.428405762E+08,-1.05025E+02
9.428710938E+08,-1.15125E+02
9.429016113E+08,-1.05445E+02
9.429321289E+08,-1.11105E+02
9.429626465E+08,-1.04005E+02
9.429931641E+08,-1.01585E+02
9.430236816E+08,-1.08425E+02
9.430541992E+08,-1.07445E+02
9.430847168E+08,-1.10845E+02
9.431152344E+08,-1.08665E+02
9.431457520E+08,-1.05285E+02
9.431762695E+08,-1.16065E+02
9.432067871E+08,-1.02825E+02
9.432373047E+08,-9.97454E+01
9.432678223E+08,-1.06325E+02
9.432983398E+08,-1.06605E+02
9.433288574E+08,-1.02745E+02
9.433593750E+08,-1.05285E+02
9.433898926E+08,-1.13145E+02
9.434204102E+08,-1.03905E+02
9.434509277E+08,-1.05445E+02
9.434814453E+08,-1.21805E+02
9.435119629E+08,-1.20505E+02
9.435424805E+08,-1.09345E+02
9.435729980E+08,-1.13905E+02
9.436035156E+08,-1.12785E+02
9.436340332E+08,-1.07365E+02
9.436645508E+08,-1.10825E+02
9.436950684E+08,-1.05245E+02
9.437255859E+08,-1.12845E+02
9.437561035E+08,-1.08865E+02
9.437866211E+08,-1.09065E+02
9.438171387E+08,-1.16045E+02
9.438476562E+08,-1.11385E+02
9.438781738E+08,-1.07145E+02
9.439086914E+08,-1.03885E+02
9.439392090E+08,-1.03685E+02
9.439697266E+08,-1.06125E+02
9.440002441E+08,-1.06965E+02
9.440307617E+08,-1.18685E+02
9.440612793E+08,-1.09205E+02
9.440917969E+08,-1.03865E+02
9.441223145E+08,-1.08085E+02
9.441528320E+08,-1.03205E+02
9.441833496E+08,-1.03045E+02
9.442138672E+08,-1.08545E+02
9.442443848E+08,-1.06405E+02
9.442749023E+08,-1.07825E+02
9.443054199E+08,-1.17565E+02
9.443359375E+08,-1.01845E+02
9.443664551E+08,-1.02065E+02
9.443969727E+08,-1.05105E+02
9.444274902E+08,-1.05385E+02
9.444580078E+08,-1.08785E+02
9.444885254E+08,-1.04385E+02
9.445190430E+08,-1.15305E+02
9.445495605E+08,-1.14425E+02
9.445800781E+08,-1.09445E+02
9.446105957E+08,-1.02745E+02
9.446411133E+08,-1.05085E+02
9.446716309E+08,-1.16225E+02
9.447021484E+08,-1.20305E+02
9.447326660E+08,-1.04585E+02
9.447631836E+08,-1.00865E+02
9.447937012E+08,-1.04565E+02
9.448242188E+08,-1.10925E+02
9.448547363E+08,-1.06545E+02
9.448852539E+08,-1.03685E+02
9.449157715E+08,-1.09745E+02
9.449462891E+08,-1.13485E+02
9.449768066E+08,-1.07345E+02
9.450073242E+08,-1.11185E+02
9.450378418E+08,-1.12545E+02
9.450683594E+08,-1.08805E+02
9.450988770E+08,-1.08325E+02
9.451293945E+08,-1.07405E+02
9.451599121E+08,-1.05045E+02
9.451904297E+08,-1.06945E+02
9.452209473E+08,-1.05265E+02
9.452514648E+08,-1.14525E+02
9.452819824E+08,-1.13385E+02
9.453125000E+08,-1.08345E+02
9.453430176E+08,-1.07485E+02
9.453735352E+08,-1.15485E+02
9.454040527E+08,-1.02625E+02
9.454345703E+08,-1.00745E+02
9.454650879E+08,-1.04425E+02
9.454956055E+08,-1.09885E+02
9.455261230E+08,-1.14805E+02
9.455566406E+08,-1.07025E+02
9.455871582E+08,-1.08125E+02
9.456176758E+08,-1.11185E+02
9.456481934E+08,-1.04665E+02
9.456787109E+08,-1.00265E+02
9.457092285E+08,-1.05045E+02
9.457397461E+08,-1.00665E+02
9.457702637E+08,-1.02545E+02
9.458007812E+08,-1.04585E+02
9.458312988E+08,-1.02385E+02
9.458618164E+08,-9.95054E+01
9.458923340E+08,-9.85654E+01
9.459228516E+08,-1.05665E+02
9.459533691E+08,-1.10425E+02
9.459838867E+08,-1.06465E+02
9.460144043E+08,-1.09025E+02
9.460449219E+08,-1.07705E+02
9.460754395E+08,-1.04625E+02
9.461059570E+08,-1.02325E+02
9.461364746E+08,-1.02105E+02
9.461669922E+08,-1.11485E+02
9.461975098E+08,-1.10045E+02
9.462280273E+08,-1.11365E+02
9.462585449E+08,-1.05025E+02
9.462890625E+08,-1.03685E+02
9.463195801E+08,-1.07665E+02
9.463500977E+08,-1.09305E+02
9.463806152E+08,-1.08085E+02
9.464111328E+08,-1.09805E+02
9.464416504E+08,-1.10405E+02
9.464721680E+08,-1.10225E+02
9.465026855E+08,-1.09745E+02
9.465332031E+08,-1.07625E+02
9.465637207E+08,-1.10185E+02
9.465942383E+08,-1.28565E+02
9.466247559E+08,-1.06785E+02
9.466552734E+08,-1.03865E+02
9.466857910E+08,-1.02925E+02
9.467163086E+08,-1.05105E+02
9.467468262E+08,-1.08605E+02
9.467773438E+08,-1.12965E+02
9.468078613E+08,-1.04805E+02
9.468383789E+08,-1.02425E+02
9.468688965E+08,-1.04945E+02
9.468994141E+08,-1.03145E+02
9.469299316E+08,-1.04425E+02
9.469604492E+08,-1.09505E+02
9.469909668E+08,-1.10365E+02
9.470214844E+08,-1.25265E+02
9.470520020E+08,-1.05465E+02
9.470825195E+08,-1.07685E+02
9.471130371E+08,-1.24685E+02
9.471435547E+08,-1.09225E+02
9.471740723E+08,-1.03165E+02
9.472045898E+08,-1.18165E+02
9.472351074E+08,-1.14925E+02
9.472656250E+08,-1.08265E+02
9.472961426E+08,-1.05765E+02
9.473266602E+08,-1.05265E+02
9.473571777E+08,-1.07085E+02
9.473876953E+08,-1.11245E+02
9.474182129E+08,-1.09965E+02
9.474487305E+08,-1.00765E+02
9.474792480E+08,-1.02425E+02
9.475097656E+08,-1.13505E+02
9.475402832E+08,-1.13025E+02
9.475708008E+08,-1.08345E+02
9.476013184E+08,-1.06945E+02
9.476318359E+08,-1.06985E+02
9.476623535E+08,-1.08725E+02
9.476928711E+08,-1.08345E+02
9.477233887E+08,-1.11305E+02
9.477539062E+08,-1.24665E+02
9.477844238E+08,-1.09705E+02
9.478149414E+08,-1.12865E+02
9.478454590E+08,-1.05685E+02
9.478759766E+08,-1.05365E+02
9.479064941E+08,-1.08805E+02
9.479370117E+08,-1.08125E+02
9.479675293E+08,-1.06465E+02
9.479980469E+08,-1.00345E+02
9.480285645E+08,-1.03685E+02
9.480590820E+08,-1.01325E+02
9.480895996E+08,-1.05825E+02
9.481201172E+08,-1.16265E+02
9.481506348E+08,-1.12885E+02
9.481811523E+08,-1.07525E+02
9.482116699E+08,-1.06125E+02
9.482421875E+08,-1.22525E+02
9.482727051E+08,-1.07605E+02
9.483032227E+08,-1.14205E+02
9.483337402E+08,-1.07705E+02
9.483642578E+08,-1.02205E+02
9.483947754E+08,-1.03385E+02
9.484252930E+08,-1.07085E+02
9.484558105E+08,-1.07445E+02
9.484863281E+08,-1.09485E+02
9.485168457E+08,-1.12545E+02
9.485473633E+08,-1.22545E+02
9.485778809E+08,-1.05185E+02
9.486083984E+08,-9.95454E+01
9.486389160E+08,-9.97654E+01
9.486694336E+08,-1.05745E+02
9.486999512E+08,-1.04425E+02
9.487304688E+08,-9.98054E+01
9.487609863E+08,-1.00005E+02
9.487915039E+08,-1.02945E+02
9.488220215E+08,-1.07225E+02
9.488525391E+08,-1.10785E+02
9.488830566E+08,-1.11605E+02
9.489135742E+08,-1.13645E+02
9.489440918E+08,-1.07265E+02
9.489746094E+08,-1.01685E+02
9.490051270E+08,-1.06925E+02
9.490356445E+08,-1.06585E+02
9.490661621E+08,-1.08605E+02
9.490966797E+08,-1.31525E+02
9.491271973E+08,-1.10785E+02
9.491577148E+08,-1.05525E+02
9.491882324E+08,-1.11385E+02
9.492187500E+08,-1.08665E+02
9.492492676E+08,-1.03045E+02
9.492797852E+08,-1.08565E+02
9.493103027E+08,-1.16365E+02
9.493408203E+08,-1.14845E+02
9.493713379E+08,-1.08905E+02
9.494018555E+08,-1.04845E+02
9.494323730E+08,-1.02245E+02
9.494628906E+08,-1.03405E+02
9.494934082E+08,-1.05025E+02
9.495239258E+08,-1.21605E+02
9.495544434E+08,-1.05865E+02
9.495849609E+08,-1.02345E+02
9.496154785E+08,-1.04525E+02
9.496459961E+08,-1.11165E+02
9.496765137E+08,-1.04945E+02
9.497070312E+08,-1.04945E+02
9.497375488E+08,-1.07845E+02
9.497680664E+08,-1.08785E+02
9.497985840E+08,-1.14805E+02
9.498291016E+08,-1.08345E+02
9.498596191E+08,-1.02825E+02
9.498901367E+08,-1.04745E+02
9.499206543E+08,-1.11185E+02
9.499511719E+08,-1.12925E+02
9.499816895E+08,-1.12485E+02
9.500122070E+08,-1.06425E+02
9.500427246E+08,-1.23845E+02
9.500732422E+08,-1.04345E+02
9.501037598E+08,-1.04585E+02
9.501342773E+08,-1.01925E+02
9.501647949E+08,-9.84254E+01
9.501953125E+08,-9.46054E+01
9.502258301E+08,-9.67654E+01
9.502563477E+08,-9.82454E+01
9.502868652E+08,-9.81854E+01
9.503173828E+08,-1.10885E+02
9.503479004E+08,-1.09545E+02
9.503784180E+08,-1.16505E+02
9.504089355E+08,-1.11045E+02
9.504394531E+08,-1.03505E+02
9.504699707E+08,-1.05645E+02
9.505004883E+08,-1.13385E+02
9.505310059E+08,-1.28565E+02
9.505615234E+08,-1.02745E+02
9.505920410E+08,-1.02985E+02
9.506225586E+08,-1.04185E+02
9.506530762E+08,-9.66454E+01
9.506835938E+08,-9.89054E+01
9.507141113E+08,-1.05585E+02
9.507446289E+08,-1.01985E+02
9.507751465E+08,-1.10405E+02
9.508056641E+08,-1.09585E+02
9.508361816E+08,-1.06745E+02
9.508666992E+08,-1.10305E+02
9.508972168E+08,-1.09225E+02
9.509277344E+08,-1.11105E+02
9.509582520E+08,-1.27565E+02
9.509887695E+08,-1.04485E+02
9.510192871E+08,-1.03045E+02
9.510498047E+08,-1.13825E+02
9.510803223E+08,-1.07365E+02
9.511108398E+08,-1.07685E+02
9.511413574E+08,-1.07165E+02
9.511718750E+08,-1.14725E+02
9.512023926E+08,-1.00265E+02
9.512329102E+08,-9.97054E+01
9.512634277E+08,-1.01105E+02
9.512939453E+08,-1.04785E+02
9.513244629E+08,-1.09505E+02
9.513549805E+08,-1.14405E+02
9.513854980E+08,-1.09065E+02
9.514160156E+08,-1.05445E+02
9.514465332E+08,-1.03205E+02
9.514770508E+08,-1.04645E+02
9.515075684E+08,-1.05705E+02
9.515380859E+08,-1.01905E+02
9.515686035E+08,-1.01545E+02
9.515991211E+08,-1.07585E+02
9.516296387E+08,-1.11085E+02
9.516601562E+08,-1.07525E+02
9.516906738E+08,-1.17185E+02
9.517211914E+08,-1.10225E+02
9.517517090E+08,-1.07045E+02
9.517822266E+08,-1.07785E+02
9.518127441E+08,-1.06225E+02
9.518432617E+08,-1.15845E+02
9.518737793E+08,-1.07285E+02
9.519042969E+08,-1.06345E+02
9.519348145E+08,-1.19745E+02
9.519653320E+08,-1.08965E+02
9.519958496E+08,-1.18605E+02
9.520263672E+08,-1.07025E+02
9.520568848E+08,-1.14065E+02
9.520874023E+08,-1.02965E+02
9.521179199E+08,-1.07525E+02
9.521484375E+08,-1.05345E+02
9.521789551E+08,-1.07325E+02
9.522094727E+08,-1.13685E+02
9.522399902E+08,-1.07485E+02
9.522705078E+08,-1.04505E+02
9.523010254E+08,-1.06925E+02
9.523315430E+08,-1.03525E+02
9.523620605E+08,-1.13465E+02
9.523925781E+08,-1.15785E+02
9.524230957E+08,-1.07525E+02
9.524536133E+08,-1.08845E+02
9.524841309E+08,-1.07725E+02
9.525146484E+08,-1.07565E+02
9.525451660E+08,-1.13565E+02
9.525756836E+08,-1.07125E+02
9.526062012E+08,-1.01265E+02
9.526367188E+08,-1.04905E+02
9.526672363E+08,-1.06045E+02
9.526977539E+08,-1.01845E+02
9.527282715E+08,-1.02565E+02
9.527587891E+08,-1.10605E+02
9.527893066E+08,-1.11425E+02
9.528198242E+08,-1.02905E+02
9.528503418E+08,-1.05045E+02
9.528808594E+08,-1.16785E+02
9.529113770E+08,-1.06345E+02
9.529418945E+08,-1.10685E+02
9.529724121E+08,-1.16465E+02
9.530029297E+08,-1.09805E+02
9.530334473E+08,-1.09445E+02
9.530639648E+08,-1.11585E+02
9.530944824E+08,-1.09705E+02
9.531250000E+08,-1.08245E+02
9.531555176E+08,-1.09705E+02
9.531860352E+08,-1.10265E+02
9.532165527E+08,-1.06765E+02
9.532470703E+08,-1.11765E+02
9.532775879E+08,-1.16625E+02
9.533081055E+08,-1.11245E+02
9.533386230E+08,-1.06545E+02
9.533691406E+08,-1.07185E+02
9.533996582E+08,-1.02525E+02
9.534301758E+08,-1.02545E+02
9.534606934E+08,-1.01925E+02
9.534912109E+08,-1.04985E+02
9.535217285E+08,-1.04045E+02
9.535522461E+08,-9.73454E+01
9.535827637E+08,-1.00445E+02
9.536132812E+08,-1.15565E+02
9.536437988E+08,-1.13845E+02
9.536743164E+08,-1.09885E+02
9.537048340E+08,-9.91654E+01
9.537353516E+08,-1.00465E+02
9.537658691E+08,-1.10985E+02
9.537963867E+08,-1.13805E+02
9.538269043E+08,-1.09345E+02
9.538574219E+08,-1.04565E+02
9.538879395E+08,-1.04265E+02
9.539184570E+08,-1.08625E+02
9.539489746E+08,-1.12565E+02
9.539794922E+08,-1.13265E+02
9.540100098E+08,-1.27045E+02
9.540405273E+08,-1.09745E+02
9.540710449E+08,-1.12205E+02
9.541015625E+08,-1.03245E+02
9.541320801E+08,-1.02085E+02
9.541625977E+08,-1.05985E+02
9.541931152E+08,-1.21825E+02
9.542236328E+08,-1.21285E+02
9.542541504E+08,-1.08185E+02
9.542846680E+08,-1.02265E+02
9.543151855E+08,-1.01645E+02
9.543457031E+08,-1.00125E+02
9.543762207E+08,-1.02925E+02
9.544067383E+08,-1.12705E+02
9.544372559E+08,-1.21265E+02
9.544677734E+08,-1.08045E+02
9.544982910E+08,-1.09365E+02
9.545288086E+08,-1.16385E+02
9.545593262E+08,-1.04785E+02
9.545898438E+08,-1.01705E+02
9.546203613E+08,-1.02845E+02
9.546508789E+08,-1.03825E+02
9.546813965E+08,-1.01905E+02
9.547119141E+08,-1.01705E+02
9.547424316E+08,-1.06165E+02
9.547729492E+08,-1.05525E+02
9.548034668E+08,-1.03725E+02
9.548339844E+08,-1.12325E+02
9.548645020E+08,-1.06425E+02
9.548950195E+08,-1.00225E+02
9.549255371E+08,-9.98454E+01
9.549560547E+08,-1.01045E+02
9.549865723E+08,-1.02825E+02
9.550170898E+08,-1.07445E+02
9.550476074E+08,-1.06765E+02
9.550781250E+08,-1.06125E+02
9.551086426E+08,-1.02085E+02
9.551391602E+08,-1.07605E+02
9.551696777E+08,-1.12825E+02
9.552001953E+08,-1.06985E+02
9.552307129E+08,-1.01645E+02
9.552612305E+08,-1.01885E+02
9.552917480E+08,-1.07205E+02
9.553222656E+08,-1.05465E+02
9.553527832E+08,-1.07405E+02
9.553833008E+08,-1.06265E+02
9.554138184E+08,-1.03045E+02
9.554443359E+08,-1.06745E+02
9.554748535E+08,-1.16825E+02
9.555053711E+08,-1.11325E+02
9.555358887E+08,-1.14345E+02
9.555664062E+08,-1.06405E+02
9.555969238E+08,-1.06325E+02
9.556274414E+08,-1.05285E+02
9.556579590E+08,-1.02025E+02
9.556884766E+08,-1.20905E+02
9.557189941E+08,-1.01545E+02
9.557495117E+08,-1.04445E+02
9.557800293E+08,-1.07425E+02
9.558105469E+08,-1.08965E+02
9.558410645E+08,-1.02965E+02
9.558715820E+08,-1.05165E+02
9.559020996E+08,-1.05965E+02
9.559326172E+08,-1.06625E+02
9.559631348E+08,-1.06405E+02
9.559936523E+08,-1.20305E+02
9.560241699E+08,-1.04605E+02
9.560546875E+08,-1.05825E+02
9.560852051E+08,-1.14725E+02
9.561157227E+08,-1.04005E+02
9.561462402E+08,-1.02665E+02
9.561767578E+08,-1.01685E+02
9.562072754E+08,-1.10725E+02
9.562377930E+08,-1.06765E+02
9.562683105E+08,-1.10225E+02
9.562988281E+08,-1.16485E+02
9.563293457E+08,-1.07445E+02
9.563598633E+08,-1.13925E+02
9.563903809E+08,-1.06005E+02
9.564208984E+08,-1.04705E+02
9.564514160E+08,-1.20185E+02
9.564819336E+08,-1.07325E+02
9.565124512E+08,-1.03585E+02
9.565429688E+08,-1.04845E+02
9.565734863E+08,-1.07425E+02
9.566040039E+08,-1.09105E+02
9.566345215E+08,-1.19705E+02
9.566650391E+08,-1.07445E+02
9.566955566E+08,-1.03965E+02
9.567260742E+08,-1.05205E+02
9.567565918E+08,-1.08245E+02
9.567871094E+08,-1.24305E+02
9.568176270E+08,-1.07165E+02
9.568481445E+08,-1.00125E+02
9.568786621E+08,-9.97654E+01
9.569091797E+08,-1.05665E+02
9.569396973E+08,-1.08165E+02
9.569702148E+08,-1.08905E+02
9.570007324E+08,-1.06025E+02
9.570312500E+08,-1.18125E+02
9.570617676E+08,-1.07605E+02
9.570922852E+08,-1.03785E+02
9.571228027E+08,-1.05145E+02
9.571533203E+08,-1.08085E+02
9.571838379E+08,-1.16565E+02
9.572143555E+08,-1.20525E+02
9.572448730E+08,-1.09005E+02
9.572753906E+08,-1.09305E+02
9.573059082E+08,-1.11845E+02
9.573364258E+08,-1.25565E+02
9.573669434E+08,-1.04905E+02
9.573974609E+08,-9.97654E+01
9.574279785E+08,-1.00325E+02
9.574584961E+08,-1.07485E+02
9.574890137E+08,-1.08545E+02
9.575195312E+08,-1.05285E+02
9.575500488E+08,-1.10685E+02
9.575805664E+08,-1.07005E+02
9.576110840E+08,-1.02945E+02
9.576416016E+08,-9.95454E+01
9.576721191E+08,-1.00505E+02
9.577026367E+08,-1.03665E+02
9.577331543E+08,-1.09005E+02
9.577636719E+08,-1.03445E+02
9.577941895E+08,-1.02005E+02
9.578247070E+08,-1.20885E+02
9.578552246E+08,-1.06585E+02
9.578857422E+08,-1.17225E+02
9.579162598E+08,-1.09845E+02
9.579467773E+08,-1.05385E+02
9.579772949E+08,-1.05185E+02
9.580078125E+08,-1.01265E+02
9.580383301E+08,-1.04085E+02
9.580688477E+08,-1.13845E+02
9.580993652E+08,-1.02605E+02
9.581298828E+08,-1.02065E+02
9.581604004E+08,-1.01245E+02
9.581909180E+08,-9.64454E+01
9.582214355E+08,-9.67854E+01
9.582519531E+08,-1.01865E+02
9.582824707E+08,-1.08965E+02
9.583129883E+08,-1.07985E+02
9.583435059E+08,-1.10765E+02
9.583740234E+08,-1.03805E+02
9.584045410E+08,-1.02965E+02
9.584350586E+08,-1.15705E+02
9.584655762E+08,-1.11445E+02
9.584960938E+08,-1.08105E+02
9.585266113E+08,-9.94054E+01
9.585571289E+08,-1.02105E+02
9.585876465E+08,-1.14325E+02
9.586181641E+08,-1.11145E+02
9.586486816E+08,-1.05205E+02
9.586791992E+08,-1.04025E+02
9.587097168E+08,-1.06425E+02
9.587402344E+08,-1.07625E+02
9.587707520E+08,-1.02085E+02
9.588012695E+08,-1.20985E+02
9.588317871E+08,-1.05665E+02
9.588623047E+08,-1.00225E+02
9.588928223E+08,-1.09205E+02
9.589233398E+08,-9.92254E+01
9.589538574E+08,-9.67654E+01
9.589843750E+08,-1.04525E+02
9.590148926E+08,-1.10125E+02
9.590454102E+08,-1.07065E+02
9.590759277E+08,-1.06245E+02
9.591064453E+08,-1.07805E+02
9.591369629E+08,-1.05185E+02
9.591674805E+08,-1.07865E+02
9.591979980E+08,-1.10745E+02
9.592285156E+08,-1.00225E+02
9.592590332E+08,-1.01765E+02
9.592895508E+08,-1.10525E+02
9.593200684E+08,-1.10485E+02
9.593505859E+08,-1.04545E+02
9.593811035E+08,-1.03485E+02
9.594116211E+08,-1.07085E+02
9.594421387E+08,-1.21305E+02
9.594726562E+08,-1.05765E+02
9.595031738E+08,-1.01685E+02
9.595336914E+08,-1.02605E+02
9.595642090E+08,-1.18965E+02
9.595947266E+08,-1.12405E+02
9.596252441E+08,-1.08265E+02
9.596557617E+08,-1.02445E+02
9.596862793E+08,-1.07725E+02
9.597167969E+08,-1.08565E+02
9.597473145E+08,-1.12605E+02
9.597778320E+08,-1.12385E+02
9.598083496E+08,-1.10965E+02
9.598388672E+08,-1.08085E+02
9.598693848E+08,-1.04985E+02
9.598999023E+08,-1.05305E+02
9.599304199E+08,-1.14245E+02
9.599609375E+08,-1.06405E+02
9.599914551E+08,-1.03845E+02
9.600219727E+08,-1.03285E+02
9.600524902E+08,-1.01545E+02
9.600830078E+08,-1.09625E+02
9.601135254E+08,-1.16825E+02
9.601440430E+08,-1.06565E+02
9.601745605E+08,-1.06925E+02
9.602050781E+08,-1.05905E+02
9.602355957E+08,-1.01265E+02
9.602661133E+08,-9.96654E+01
9.602966309E+08,-1.00785E+02
9.603271484E+08,-1.04325E+02
9.603576660E+08,-1.03765E+02
9.603881836E+08,-1.05565E+02
9.604187012E+08,-1.12345E+02
9.604492188E+08,-1.04745E+02
9.604797363E+08,-1.06065E+02
9.605102539E+08,-1.10885E+02
9.605407715E+08,-1.10925E+02
9.605712891E+08,-1.06225E+02
9.606018066E+08,-1.14985E+02
9.606323242E+08,-1.12245E+02
9.606628418E+08,-1.10665E+02
9.606933594E+08,-1.19205E+02
9.607238770E+08,-1.06445E+02
9.607543945E+08,-1.07565E+02
9.607849121E+08,-1.14045E+02
9.608154297E+08,-1.25285E+02
9.608459473E+08,-1.09765E+02
9.608764648E+08,-1.03365E+02
9.609069824E+08,-1.01945E+02
9.609375000E+08,-1.05565E+02
9.609680176E+08,-1.19105E+02
9.609985352E+08,-1.13605E+02
9.610290527E+08,-1.06745E+02
9.610595703E+08,-1.06545E+02
9.610900879E+08,-1.09265E+02
9.611206055E+08,-1.11865E+02
9.611511230E+08,-1.11745E+02
9.611816406E+08,-1.20845E+02
9.612121582E+08,-1.08085E+02
9.612426758E+08,-1.04945E+02
9.612731934E+08,-1.16465E+02
9.613037109E+08,-9.90254E+01
9.613342285E+08,-1.03005E+02
9.613647461E+08,-1.16765E+02
9.613952637E+08,-1.17745E+02
9.614257812E+08,-1.06325E+02
9.614562988E+08,-1.14805E+02
9.614868164E+08,-1.03285E+02
9.615173340E+08,-1.00225E+02
9.615478516E+08,-1.03425E+02
9.615783691E+08,-1.05585E+02
9.616088867E+08,-9.97054E+01
9.616394043E+08,-1.01405E+02
9.616699219E+08,-1.11625E+02
9.617004395E+08,-1.07865E+02
9.617309570E+08,-1.06805E+02
9.617614746E+08,-1.09485E+02
9.617919922E+08,-1.07025E+02
9.618225098E+08,-1.06485E+02
9.618530273E+08,-1.16525E+02
9.618835449E+08,-1.06405E+02
9.619140625E+08,-1.07825E+02
9.619445801E+08,-1.17565E+02
9.619750977E+08,-1.03825E+02
9.620056152E+08,-1.03225E+02
9.620361328E+08,-1.06945E+02
9.620666504E+08,-1.01405E+02
9.620971680E+08,-1.09665E+02
9.621276855E+08,-1.25925E+02
9.621582031E+08,-1.04245E+02
9.621887207E+08,-1.10185E+02
9.622192383E+08,-1.08245E+02
9.622497559E+08,-1.07525E+02
9.622802734E+08,-1.14465E+02
9.623107910E+08,-1.14925E+02
9.623413086E+08,-1.06665E+02
9.623718262E+08,-1.09165E+02
9.624023438E+08,-1.05645E+02
9.624328613E+08,-1.01305E+02
9.624633789E+08,-1.08665E+02
9.624938965E+08,-1.02405E+02
9.625244141E+08,-1.01345E+02
9.625549316E+08,-1.03025E+02
9.625854492E+08,-1.07065E+02
9.626159668E+08,-1.04985E+02
9.626464844E+08,-1.19505E+02
9.626770020E+08,-1.10505E+02
9.627075195E+08,-1.01865E+02
9.627380371E+08,-1.00865E+02
9.627685547E+08,-1.09585E+02
9.627990723E+08,-1.05645E+02
9.628295898E+08,-1.09025E+02
9.628601074E+08,-1.15905E+02
9.628906250E+08,-1.05905E+02
9.629211426E+08,-1.07445E+02
9.629516602E+08,-1.09925E+02
9.629821777E+08,-1.08485E+02
9.630126953E+08,-1.14305E+02
9.630432129E+08,-1.25145E+02
9.630737305E+08,-1.07425E+02
9.631042480E+08,-1.09025E+02
9.631347656E+08,-1.11725E+02
9.631652832E+08,-1.09265E+02
9.631958008E+08,-1.02985E+02
9.632263184E+08,-1.03665E+02
9.632568359E+08,-1.07045E+02
9.632873535E+08,-1.17085E+02
9.633178711E+08,-1.08345E+02
9.633483887E+08,-1.13565E+02
9.633789062E+08,-1.01345E+02
9.634094238E+08,-1.03925E+02
9.634399414E+08,-1.07125E+02
9.634704590E+08,-1.03085E+02
9.635009766E+08,-1.10045E+02
9.635314941E+08,-1.13825E+02
9.635620117E+08,-1.02665E+02
9.635925293E+08,-1.05825E+02
9.636230469E+08,-1.18005E+02
9.636535645E+08,-1.13105E+02
9.636840820E+08,-1.11945E+02
9.637145996E+08,-1.11025E+02
9.637451172E+08,-1.03565E+02
9.637756348E+08,-1.03205E+02
9.638061523E+08,-1.02405E+02
9.638366699E+08,-1.06105E+02
9.638671875E+08,-1.12565E+02
9.638977051E+08,-1.12005E+02
9.639282227E+08,-1.11605E+02
9.639587402E+08,-1.12045E+02
9.639892578E+08,-1.13105E+02
9.640197754E+08,-1.03865E+02
9.640502930E+08,-1.04885E+02
9.640808105E+08,-1.07225E+02
9.641113281E+08,-1.11085E+02
9.641418457E+08,-1.08025E+02
9.641723633E+08,-1.06005E+02
9.642028809E+08,-1.06185E+02
9.642333984E+08,-1.10505E+02
9.642639160E+08,-1.05845E+02
9.642944336E+08,-1.06525E+02
9.643249512E+08,-1.11185E+02
9.643554688E+08,-1.03065E+02
9.643859863E+08,-1.00565E+02
9.644165039E+08,-1.05985E+02
9.644470215E+08,-1.10825E+02
9.644775391E+08,-1.09125E+02
9.645080566E+08,-1.14585E+02
9.645385742E+08,-1.18965E+02
9.645690918E+08,-1.10565E+02
9.645996094E+08,-1.05205E+02
9.646301270E+08,-1.02185E+02
9.646606445E+08,-1.06625E+02
9.646911621E+08,-1.11305E+02
9.647216797E+08,-1.14905E+02
9.647521973E+08,-1.01785E+02
9.647827148E+08,-1.06765E+02
9.648132324E+08,-1.04625E+02
9.648437500E+08,-1.02145E+02
9.648742676E+08,-1.01805E+02
9.649047852E+08,-9.92054E+01
9.649353027E+08,-1.00085E+02
9.649658203E+08,-1.06365E+02
9.649963379E+08,-1.13125E+02
9.650268555E+08,-1.08045E+02
9.650573730E+08,-1.13865E+02
9.650878906E+08,-1.06685E+02
9.651184082E+08,-1.00085E+02
9.651489258E+08,-1.00565E+02
9.651794434E+08,-1.07045E+02
9.652099609E+08,-1.11885E+02
9.652404785E+08,-1.10045E+02
9.652709961E+08,-1.04805E+02
9.653015137E+08,-1.00605E+02
9.653320312E+08,-1.05765E+02
9.653625488E+08,-1.08905E+02
9.653930664E+08,-1.03245E+02
9.654235840E+08,-9.99654E+01
9.654541016E+08,-1.04665E+02
9.654846191E+08,-1.08105E+02
9.655151367E+08,-1.02145E+02
9.655456543E+08,-1.04565E+02
9.655761719E+08,-1.05365E+02
9.656066895E+08,-1.08545E+02
9.656372070E+08,-1.12185E+02
9.656677246E+08,-1.09745E+02
9.656982422E+08,-1.07385E+02
9.657287598E+08,-1.06265E+02
9.657592773E+08,-1.13565E+02
9.657897949E+08,-1.14345E+02
9.658203125E+08,-1.06745E+02
9.658508301E+08,-1.00545E+02
9.658813477E+08,-1.03505E+02
9.659118652E+08,-1.08785E+02
9.659423828E+08,-1.13885E+02
9.659729004E+08,-1.05905E+02
9.660034180E+08,-1.03965E+02
9.660339355E+08,-1.21625E+02
9.660644531E+08,-1.04805E+02
9.660949707E+08,-1.06165E+02
9.661254883E+08,-1.14425E+02
9.661560059E+08,-1.07105E+02
9.661865234E+08,-1.05525E+02
9.662170410E+08,-1.08865E+02
9.662475586E+08,-1.04465E+02
9.662780762E+08,-1.03925E+02
9.663085938E+08,-1.02685E+02
9.663391113E+08,-1.08345E+02
9.663696289E+08,-1.08425E+02
9.664001465E+08,-1.00885E+02
9.664306641E+08,-1.01385E+02
9.664611816E+08,-1.03465E+02
9.664916992E+08,-1.04625E+02
9.665222168E+08,-1.01065E+02
9.665527344E+08,-1.05685E+02
9.665832520E+08,-1.07865E+02
9.666137695E+08,-1.07745E+02
9.666442871E+08,-1.05425E+02
9.666748047E+08,-1.05845E+02
9.667053223E+08,-1.12845E+02
9.667358398E+08,-1.04985E+02
9.667663574E+08,-1.01605E+02
9.667968750E+08,-1.03565E+02
9.668273926E+08,-1.07565E+02
9.668579102E+08,-1.12485E+02
9.668884277E+08,-1.10085E+02
9.669189453E+08,-1.19445E+02
9.669494629E+08,-1.18405E+02
9.669799805E+08,-1.08325E+02
9.670104980E+08,-1.05085E+02
9.670410156E+08,-1.02125E+02
9.670715332E+08,-1.03205E+02
9.671020508E+08,-1.04465E+02
9.671325684E+08,-1.08485E+02
9.671630859E+08,-1.03445E+02
9.671936035E+08,-1.01585E+02
9.672241211E+08,-1.07365E+02
9.672546387E+08,-1.09545E+02
9.672851562E+08,-1.07285E+02
9.673156738E+08,-1.04665E+02
9.673461914E+08,-1.09125E+02
9.673767090E+08,-1.07065E+02
9.674072266E+08,-1.04085E+02
9.674377441E+08,-1.03325E+02
9.674682617E+08,-1.10685E+02
9.674987793E+08,-1.07125E+02
9.675292969E+08,-1.02565E+02
9.675598145E+08,-1.03385E+02
9.675903320E+08,-1.08425E+02
9.676208496E+08,-1.10465E+02
9.676513672E+08,-1.02665E+02
9.676818848E+08,-1.02105E+02
9.677124023E+08,-1.03845E+02
9.677429199E+08,-1.09885E+02
9.677734375E+08,-1.05905E+02
9.678039551E+08,-1.06765E+02
9.678344727E+08,-1.07865E+02
9.678649902E+08,-1.11845E+02
9.678955078E+08,-1.19225E+02
9.679260254E+08,-1.13765E+02
9.679565430E+08,-1.07605E+02
9.679870605E+08,-1.14145E+02
9.680175781E+08,-1.03465E+02
9.680480957E+08,-1.05145E+02
9.680786133E+08,-1.12865E+02
9.681091309E+08,-1.07325E+02
9.681396484E+08,-1.02665E+02
9.681701660E+08,-1.16745E+02
9.682006836E+08,-1.10945E+02
9.682312012E+08,-1.12045E+02
9.682617188E+08,-1.21185E+02
9.682922363E+08,-1.06565E+02
9.683227539E+08,-1.09925E+02
9.683532715E+08,-1.11485E+02
9.683837891E+08,-1.04205E+02
9.684143066E+08,-1.02165E+02
9.684448242E+08,-1.00425E+02
9.684753418E+08,-1.00225E+02
9.685058594E+08,-1.01185E+02
9.685363770E+08,-1.00825E+02
9.685668945E+08,-1.01365E+02
9.685974121E+08,-1.01745E+02
9.686279297E+08,-1.08345E+02
9.686584473E+08,-1.04685E+02
9.686889648E+08,-1.01985E+02
9.687194824E+08,-1.02445E+02
9.687500000E+08,-1.05865E+02
9.687805176E+08,-1.02345E+02
9.688110352E+08,-1.08845E+02
9.688415527E+08,-1.08165E+02
9.688720703E+08,-1.06305E+02
9.689025879E+08,-1.03725E+02
9.689331055E+08,-1.05625E+02
9.689636230E+08,-1.04665E+02
9.689941406E+08,-1.08845E+02
9.690246582E+08,-1.15665E+02
9.690551758E+08,-1.14045E+02
9.690856934E+08,-1.19505E+02
9.691162109E+08,-1.15745E+02
9.691467285E+08,-1.09165E+02
9.691772461E+08,-1.17805E+02
9.692077637E+08,-1.08165E+02
9.692382812E+08,-1.19745E+02
9.692687988E+08,-1.03105E+02
9.692993164E+08,-1.00185E+02
9.693298340E+08,-1.03925E+02
9.693603516E+08,-1.05245E+02
9.693908691E+08,-1.22685E+02
9.694213867E+08,-1.02645E+02
9.694519043E+08,-1.04005E+02
9.694824219E+08,-1.08105E+02
9.695129395E+08,-1.04985E+02
9.695434570E+08,-1.15105E+02
9.695739746E+08,-1.10405E+02
9.696044922E+08,-1.13025E+02
9.696350098E+08,-1.07825E+02
9.696655273E+08,-1.09125E+02
9.696960449E+08,-1.07845E+02
9.697265625E+08,-1.01405E+02
9.697570801E+08,-1.11065E+02
9.697875977E+08,-1.18745E+02
9.698181152E+08,-1.10405E+02
9.698486328E+08,-1.07105E+02
9.698791504E+08,-1.07485E+02
9.699096680E+08,-1.09205E+02
9.699401855E+08,-1.13125E+02
9.699707031E+08,-1.08125E+02
9.700012207E+08,-1.07785E+02
9.700317383E+08,-1.07405E+02
9.700622559E+08,-1.09265E+02
9.700927734E+08,-1.13805E+02
9.701232910E+08,-1.07905E+02
9.701538086E+08,-1.12425E+02
9.701843262E+08,-1.06745E+02
9.702148438E+08,-1.06585E+02
9.702453613E+08,-1.19265E+02
9.702758789E+08,-1.08485E+02
9.703063965E+08,-1.06165E+02
9.703369141E+08,-1.05565E+02
9.703674316E+08,-1.17545E+02
9.703979492E+08,-1.06725E+02
9.704284668E+08,-1.02185E+02
9.704589844E+08,-1.02625E+02
9.704895020E+08,-1.20265E+02
9.705200195E+08,-1.04925E+02
9.705505371E+08,-1.06825E+02
9.705810547E+08,-1.02965E+02
9.706115723E+08,-1.13605E+02
9.706420898E+08,-1.06465E+02
9.706726074E+08,-1.07725E+02
9.707031250E+08,-1.07405E+02
9.707336426E+08,-1.06965E+02
9.707641602E+08,-1.16625E+02
9.707946777E+08,-1.02205E+02
9.708251953E+08,-1.08405E+02
9.708557129E+08,-1.14785E+02
9.708862305E+08,-1.09485E+02
9.709167480E+08,-1.00325E+02
9.709472656E+08,-1.02025E+02
9.709777832E+08,-1.13105E+02
9.710083008E+08,-1.10985E+02
9.710388184E+08,-1.08965E+02
9.710693359E+08,-1.11025E+02
9.710998535E+08,-1.11045E+02
9.711303711E+08,-1.05885E+02
9.711608887E+08,-1.07545E+02
9.711914062E+08,-1.18285E+02
9.712219238E+08,-1.09805E+02
9.712524414E+08,-1.03505E+02
9.712829590E+08,-1.01185E+02
9.713134766E+08,-1.03145E+02
9.713439941E+08,-1.03505E+02
9.713745117E+08,-1.05705E+02
9.714050293E+08,-1.11245E+02
9.714355469E+08,-1.12565E+02
9.714660645E+08,-1.03465E+02
9.714965820E+08,-1.02825E+02
9.715270996E+08,-1.00885E+02
9.715576172E+08,-1.02245E+02
9.715881348E+08,-1.08785E+02
9.716186523E+08,-1.12465E+02
9.716491699E+08,-1.08805E+02
9.716796875E+08,-1.16405E+02
9.717102051E+08,-1.04625E+02
9.717407227E+08,-1.01505E+02
9.717712402E+08,-1.02525E+02
9.718017578E+08,-1.09585E+02
9.718322754E+08,-1.06845E+02
9.718627930E+08,-1.04985E+02
9.718933105E+08,-1.12805E+02
9.719238281E+08,-1.06945E+02
9.719543457E+08,-1.00425E+02
9.719848633E+08,-9.97654E+01
9.720153809E+08,-1.06225E+02
9.720458984E+08,-1.20305E+02
9.720764160E+08,-1.13045E+02
9.721069336E+08,-1.10225E+02
9.721374512E+08,-1.18465E+02
9.721679688E+08,-1.08725E+02
9.721984863E+08,-1.08845E+02
9.722290039E+08,-1.15645E+02
9.722595215E+08,-1.08685E+02
9.722900391E+08,-1.13405E+02
9.723205566E+08,-1.17205E+02
9.723510742E+08,-1.03565E+02
9.723815918E+08,-1.07665E+02
9.724121094E+08,-1.08785E+02
9.724426270E+08,-1.09125E+02
9.724731445E+08,-1.12465E+02
9.725036621E+08,-1.13045E+02
9.725341797E+08,-1.10945E+02
9.725646973E+08,-1.13705E+02
9.725952148E+08,-1.10905E+02
9.726257324E+08,-1.08805E+02
9.726562500E+08,-1.05045E+02
9.726867676E+08,-1.11345E+02
9.727172852E+08,-1.04825E+02
9.727478027E+08,-1.07445E+02
9.727783203E+08,-1.03925E+02
9.728088379E+08,-1.12765E+02
9.728393555E+08,-1.07545E+02
9.728698730E+08,-1.08905E+02
9.729003906E+08,-1.07705E+02
9.729309082E+08,-1.10385E+02
9.729614258E+08,-1.10765E+02
9.729919434E+08,-1.08485E+02
9.730224609E+08,-1.09365E+02
9.730529785E+08,-1.04365E+02
9.730834961E+08,-1.05305E+02
9.731140137E+08,-1.09105E+02
9.731445312E+08,-1.07485E+02
9.731750488E+08,-1.09705E+02
9.732055664E+08,-1.13285E+02
9.732360840E+08,-1.05165E+02
9.732666016E+08,-1.04125E+02
9.732971191E+08,-1.05405E+02
9.733276367E+08,-1.07705E+02
9.733581543E+08,-1.07325E+02
9.733886719E+08,-1.01465E+02
9.734191895E+08,-1.05425E+02
9.734497070E+08,-1.33405E+02
9.734802246E+08,-1.12285E+02
9.735107422E+08,-1.01425E+02
9.735412598E+08,-1.01405E+02
9.735717773E+08,-1.13305E+02
9.736022949E+08,-1.10665E+02
9.736328125E+08,-1.08165E+02
9.736633301E+08,-1.06145E+02
9.736938477E+08,-1.08185E+02
9.737243652E+08,-1.12025E+02
9.737548828E+08,-1.11425E+02
9.737854004E+08,-1.11245E+02
9.738159180E+08,-1.08545E+02
9.738464355E+08,-1.11465E+02
9.738769531E+08,-1.00565E+02
9.739074707E+08,-1.02265E+02
9.739379883E+08,-1.04685E+02
9.739685059E+08,-1.06585E+02
9.739990234E+08,-1.11705E+02
9.740295410E+08,-1.01945E+02
9.740600586E+08,-9.94854E+01
9.740905762E+08,-1.00745E+02
9.741210938E+08,-1.00125E+02
9.741516113E+08,-1.03225E+02
9.741821289E+08,-1.13625E+02
9.742126465E+08,-1.07165E+02
9.742431641E+08,-1.03005E+02
9.742736816E+08,-1.12065E+02
9.743041992E+08,-1.25105E+02
9.743347168E+08,-1.11205E+02
9.743652344E+08,-1.07525E+02
9.743957520E+08,-1.06305E+02
9.744262695E+08,-1.09545E+02
9.744567871E+08,-1.16665E+02
9.744873047E+08,-1.10365E+02
9.745178223E+08,-1.09025E+02
9.745483398E+08,-1.16525E+02
9.745788574E+08,-1.06005E+02
9.746093750E+08,-1.04585E+02
9.746398926E+08,-1.07925E+02
9.746704102E+08,-1.01465E+02
9.747009277E+08,-1.02365E+02
9.747314453E+08,-1.06005E+02
9.747619629E+08,-1.03185E+02
9.747924805E+08,-1.02105E+02
9.748229980E+08,-1.13985E+02
9.748535156E+08,-1.03445E+02
9.748840332E+08,-1.02405E+02
9.749145508E+08,-1.01505E+02
9.749450684E+08,-1.01085E+02
9.749755859E+08,-1.06045E+02
9.750061035E+08,-1.02405E+02
9.750366211E+08,-1.04945E+02
9.750671387E+08,-1.22945E+02
9.750976562E+08,-1.05705E+02
9.751281738E+08,-1.03425E+02
9.751586914E+08,-1.12325E+02
9.751892090E+08,-1.12565E+02
9.752197266E+08,-1.07685E+02
9.752502441E+08,-1.06665E+02
9.752807617E+08,-1.06825E+02
9.753112793E+08,-1.08945E+02
9.753417969E+08,-1.05825E+02
9.753723145E+08,-1.04425E+02
9.754028320E+08,-1.15985E+02
9.754333496E+08,-1.14045E+02
9.754638672E+08,-1.08685E+02
9.754943848E+08,-1.10045E+02
9.755249023E+08,-1.05205E+02
9.755554199E+08,-1.07025E+02
9.755859375E+08,-1.09765E+02
9.756164551E+08,-1.05705E+02
9.756469727E+08,-1.09845E+02
9.756774902E+08,-1.08085E+02
9.757080078E+08,-1.00565E+02
9.757385254E+08,-1.01745E+02
9.757690430E+08,-1.00645E+02
9.757995605E+08,-1.03145E+02
9.758300781E+08,-1.11065E+02
9.758605957E+08,-1.11025E+02
9.758911133E+08,-1.02985E+02
9.759216309E+08,-1.01245E+02
9.759521484E+08,-1.13045E+02
9.759826660E+08,-1.07325E+02
9.760131836E+08,-1.11505E+02
9.760437012E+08,-1.12665E+02
9.760742188E+08,-1.06345E+02
9.761047363E+08,-1.12925E+02
9.761352539E+08,-1.10685E+02
9.761657715E+08,-1.05745E+02
9.761962891E+08,-1.10125E+02
9.762268066E+08,-1.07665E+02
9.762573242E+08,-1.20505E+02
9.762878418E+08,-1.10725E+02
9.763183594E+08,-1.05145E+02
9.763488770E+08,-1.01945E+02
9.763793945E+08,-1.02525E+02
9.764099121E+08,-1.05325E+02
9.764404297E+08,-1.09805E+02
9.764709473E+08,-1.15105E+02
9.765014648E+08,-1.07165E+02
9.765319824E+08,-1.07985E+02
9.765625000E+08,-1.02305E+02
9.765930176E+08,-9.98054E+01
9.766235352E+08,-1.02025E+02
9.766540527E+08,-1.07385E+02
9.766845703E+08,-1.08565E+02
9.767150879E+08,-1.12765E+02
9.767456055E+08,-1.10565E+02
9.767761230E+08,-1.09925E+02
9.768066406E+08,-1.18725E+02
9.768371582E+08,-1.21225E+02
9.768676758E+08,-1.11885E+02
9.768981934E+08,-1.16985E+02
9.769287109E+08,-1.10945E+02
9.769592285E+08,-1.09445E+02
9.769897461E+08,-1.08265E+02
9.770202637E+08,-1.10265E+02
9.770507812E+08,-1.10185E+02
9.770812988E+08,-1.14025E+02
9.771118164E+08,-1.09005E+02
9.771423340E+08,-1.04505E+02
9.771728516E+08,-1.09445E+02
9.772033691E+08,-1.07245E+02
9.772338867E+08,-1.09485E+02
9.772644043E+08,-1.07425E+02
9.772949219E+08,-1.03865E+02
9.773254395E+08,-1.05285E+02
9.773559570E+08,-1.11765E+02
9.773864746E+08,-1.06785E+02
9.774169922E+08,-1.11065E+02
9.774475098E+08,-1.11945E+02
9.774780273E+08,-1.05725E+02
9.775085449E+08,-1.02165E+02
9.775390625E+08,-1.11005E+02
9.775695801E+08,-1.05085E+02
9.776000977E+08,-1.00825E+02
9.776306152E+08,-1.09585E+02
9.776611328E+08,-1.04165E+02
9.776916504E+08,-1.23305E+02
9.777221680E+08,-1.04825E+02
9.777526855E+08,-1.06925E+02
9.777832031E+08,-1.22885E+02
9.778137207E+08,-1.09765E+02
9.778442383E+08,-1.03945E+02
9.778747559E+08,-1.06945E+02
9.779052734E+08,-1.05625E+02
9.779357910E+08,-1.04285E+02
9.779663086E+08,-1.02925E+02
9.779968262E+08,-9.81854E+01
9.780273438E+08,-1.03105E+02
9.780578613E+08,-1.07065E+02
9.780883789E+08,-1.06965E+02
9.781188965E+08,-1.03725E+02
9.781494141E+08,-1.10585E+02
9.781799316E+08,-1.14505E+02
9.782104492E+08,-1.15125E+02
9.782409668E+08,-1.04725E+02
9.782714844E+08,-1.01105E+02
9.783020020E+08,-1.04925E+02
9.783325195E+08,-1.27125E+02
9.783630371E+08,-1.20385E+02
9.783935547E+08,-1.15705E+02
9.784240723E+08,-1.06125E+02
9.784545898E+08,-1.05045E+02
9.784851074E+08,-1.05385E+02
9.785156250E+08,-1.06465E+02
9.785461426E+08,-1.13885E+02
9.785766602E+08,-1.09805E+02
9.786071777E+08,-1.09705E+02
9.786376953E+08,-1.12825E+02
9.786682129E+08,-1.10085E+02
9.786987305E+08,-1.12785E+02
9.787292480E+08,-1.06505E+02
9.787597656E+08,-1.01705E+02
9.787902832E+08,-1.05005E+02
9.788208008E+08,-1.06165E+02
9.788513184E+08,-1.02285E+02
9.788818359E+08,-1.00325E+02
9.789123535E+08,-1.01905E+02
9.789428711E+08,-1.07145E+02
9.789733887E+08,-1.08465E+02
9.790039062E+08,-1.06065E+02
9.790344238E+08,-1.05525E+02
9.790649414E+08,-1.03685E+02
9.790954590E+08,-1.05125E+02
9.791259766E+08,-1.02425E+02
9.791564941E+08,-1.00965E+02
9.791870117E+08,-1.05165E+02
9.792175293E+08,-1.03145E+02
9.792480469E+08,-1.05445E+02
9.792785645E+08,-1.20365E+02
9.793090820E+08,-1.15685E+02
9.793395996E+08,-1.11225E+02
9.793701172E+08,-1.08805E+02
9.794006348E+08,-1.11065E+02
9.794311523E+08,-1.16645E+02
9.794616699E+08,-1.05705E+02
9.794921875E+08,-1.10265E+02
9.795227051E+08,-1.15585E+02
9.795532227E+08,-1.03585E+02
9.795837402E+08,-1.02145E+02
9.796142578E+08,-1.12285E+02
9.796447754E+08,-1.15245E+02
9.796752930E+08,-1.22185E+02
9.797058105E+08,-1.14785E+02
9.797363281E+08,-1.12285E+02
9.797668457E+08,-1.08625E+02
9.797973633E+08,-1.03665E+02
9.798278809E+08,-1.08845E+02
9.798583984E+08,-1.08325E+02
9.798889160E+08,-9.92054E+01
9.799194336E+08,-9.67054E+01
9.799499512E+08,-1.00265E+02
9.799804688E+08,-1.03885E+02
9.800109863E+08,-1.09765E+02
9.800415039E+08,-1.07285E+02
9.800720215E+08,-1.15125E+02
9.801025391E+08,-1.19445E+02
9.801330566E+08,-1.13265E+02
9.801635742E+08,-1.17545E+02
9.801940918E+08,-1.15565E+02
9.802246094E+08,-1.11925E+02
9.802551270E+08,-1.04945E+02
9.802856445E+08,-1.03745E+02
9.803161621E+08,-1.10625E+02
9.803466797E+08,-1.09125E+02
9.803771973E+08,-1.02805E+02
9.804077148E+08,-1.08025E+02
9.804382324E+08,-1.04045E+02
9.804687500E+08,-1.06845E+02
9.804992676E+08,-1.14505E+02
9.805297852E+08,-1.02785E+02
9.805603027E+08,-1.01905E+02
9.805908203E+08,-1.20665E+02
9.806213379E+08,-1.04645E+02
9.806518555E+08,-1.07265E+02
9.806823730E+08,-1.09805E+02
9.807128906E+08,-1.28125E+02
9.807434082E+08,-1.06865E+02
9.807739258E+08,-1.06805E+02
9.808044434E+08,-1.06025E+02
9.808349609E+08,-1.10125E+02
9.808654785E+08,-1.17725E+02
9.808959961E+08,-1.10765E+02
9.809265137E+08,-1.13485E+02
9.809570312E+08,-1.13465E+02
9.809875488E+08,-1.12265E+02
9.810180664E+08,-1.13825E+02
9.810485840E+08,-1.25205E+02
9.810791016E+08,-1.10185E+02
9.811096191E+08,-1.09445E+02
9.811401367E+08,-1.13765E+02
9.811706543E+08,-1.13925E+02
9.812011719E+08,-1.09505E+02
9.812316895E+08,-1.05485E+02
9.812622070E+08,-1.12525E+02
9.812927246E+08,-1.15185E+02
9.813232422E+08,-1.17705E+02
9.813537598E+08,-1.14685E+02
9.813842773E+08,-1.06105E+02
9.814147949E+08,-1.04005E+02
9.814453125E+08,-1.08205E+02
9.814758301E+08,-1.09365E+02
9.815063477E+08,-1.15685E+02
9.815368652E+08,-1.09345E+02
9.815673828E+08,-1.05125E+02
9.815979004E+08,-1.07745E+02
9.816284180E+08,-1.12045E+02
9.816589355E+08,-1.13145E+02
9.816894531E+08,-1.01605E+02
9.817199707E+08,-1.04725E+02
9.817504883E+08,-1.08365E+02
9.817810059E+08,-1.11325E+02
9.818115234E+08,-1.08965E+02
9.818420410E+08,-1.10725E+02
9.818725586E+08,-1.08325E+02
9.819030762E+08,-1.02565E+02
9.819335938E+08,-1.03745E+02
9.819641113E+08,-1.01545E+02
9.819946289E+08,-1.00345E+02
9.820251465E+08,-1.04365E+02
9.820556641E+08,-1.18665E+02
9.820861816E+08,-1.12725E+02
9.821166992E+08,-1.09105E+02
9.821472168E+08,-1.04725E+02
9.821777344E+08,-1.00505E+02
9.822082520E+08,-1.00665E+02
9.822387695E+08,-1.11365E+02
9.822692871E+08,-1.06625E+02
9.822998047E+08,-1.03045E+02
9.823303223E+08,-1.10045E+02
9.823608398E+08,-1.13065E+02
9.823913574E+08,-1.12665E+02
9.824218750E+08,-1.12305E+02
9.824523926E+08,-1.02845E+02
9.824829102E+08,-1.05565E+02
9.825134277E+08,-1.08565E+02
9.825439453E+08,-1.10785E+02
9.825744629E+08,-1.09545E+02
9.826049805E+08,-1.06785E+02
9.826354980E+08,-1.08205E+02
9.826660156E+08,-1.10865E+02
9.826965332E+08,-1.12885E+02
9.827270508E+08,-1.13565E+02
9.827575684E+08,-1.11725E+02
9.827880859E+08,-1.07945E+02
9.828186035E+08,-1.09845E+02
9.828491211E+08,-1.06205E+02
9.828796387E+08,-1.10505E+02
9.829101562E+08,-1.05965E+02
9.829406738E+08,-1.01605E+02
9.829711914E+08,-1.14945E+02
9.830017090E+08,-1.13305E+02
9.830322266E+08,-1.15825E+02
9.830627441E+08,-1.05485E+02
9.830932617E+08,-1.04965E+02
9.831237793E+08,-1.13925E+02
9.831542969E+08,-1.11765E+02
9.831848145E+08,-1.33405E+02
9.832153320E+08,-1.08045E+02
9.832458496E+08,-1.12845E+02
9.832763672E+08,-1.30645E+02
9.833068848E+08,-1.05485E+02
9.833374023E+08,-1.06645E+02
9.833679199E+08,-1.11925E+02
9.833984375E+08,-1.04585E+02
9.834289551E+08,-1.01565E+02
9.834594727E+08,-1.02325E+02
9.834899902E+08,-1.14765E+02
9.835205078E+08,-1.10945E+02
9.835510254E+08,-1.03525E+02
9.835815430E+08,-1.01285E+02
9.836120605E+08,-1.11025E+02
9.836425781E+08,-1.09345E+02
9.836730957E+08,-1.08625E+02
9.837036133E+08,-1.07405E+02
9.837341309E+08,-1.01545E+02
9.837646484E+08,-1.01865E+02
9.837951660E+08,-1.08165E+02
9.838256836E+08,-1.22085E+02
9.838562012E+08,-1.15485E+02
9.838867188E+08,-1.07685E+02
9.839172363E+08,-1.04365E+02
9.839477539E+08,-1.05865E+02
9.839782715E+08,-1.15345E+02
9.840087891E+08,-1.06545E+02
9.840393066E+08,-1.06405E+02
9.840698242E+08,-1.18085E+02
9.841003418E+08,-1.07045E+02
9.841308594E+08,-1.19885E+02
9.841613770E+08,-1.04265E+02
9.841918945E+08,-1.05965E+02
9.842224121E+08,-1.08805E+02
9.842529297E+08,-1.06905E+02
9.842834473E+08,-1.06585E+02
9.843139648E+08,-1.12945E+02
9.843444824E+08,-1.00505E+02
9.843750000E+08,-9.99254E+01
9.844055176E+08,-1.10805E+02
9.844360352E+08,-1.24605E+02
9.844665527E+08,-1.21685E+02
9.844970703E+08,-1.14325E+02
9.845275879E+08,-1.09365E+02
9.845581055E+08,-1.14845E+02
9.845886230E+08,-1.06385E+02
9.846191406E+08,-1.08605E+02
9.846496582E+08,-1.09445E+02
9.846801758E+08,-1.09005E+02
9.847106934E+08,-1.11645E+02
9.847412109E+08,-1.19065E+02
9.847717285E+08,-1.10465E+02
9.848022461E+08,-1.10845E+02
9.848327637E+08,-1.11265E+02
9.848632812E+08,-1.07625E+02
9.848937988E+08,-1.04545E+02
9.849243164E+08,-1.14425E+02
9.849548340E+08,-1.08845E+02
9.849853516E+08,-1.06665E+02
9.850158691E+08,-1.00545E+02
9.850463867E+08,-1.06305E+02
9.850769043E+08,-1.09445E+02
9.851074219E+08,-1.04945E+02
9.851379395E+08,-1.07845E+02
9.851684570E+08,-1.04465E+02
9.851989746E+08,-1.02405E+02
9.852294922E+08,-1.10725E+02
9.852600098E+08,-1.07705E+02
9.852905273E+08,-1.01385E+02
9.853210449E+08,-1.02605E+02
9.853515625E+08,-1.08165E+02
9.853820801E+08,-1.11305E+02
9.854125977E+08,-1.13725E+02
9.854431152E+08,-1.16845E+02
9.854736328E+08,-1.14225E+02
9.855041504E+08,-1.04785E+02
9.855346680E+08,-1.07825E+02
9.855651855E+08,-1.04325E+02
9.855957031E+08,-1.04985E+02
9.856262207E+08,-1.06045E+02
9.856567383E+08,-1.10705E+02
9.856872559E+08,-1.05985E+02
9.857177734E+08,-1.07665E+02
9.857482910E+08,-1.11845E+02
9.857788086E+08,-1.10525E+02
9.858093262E+08,-1.06585E+02
9.858398438E+08,-1.00585E+02
9.858703613E+08,-1.02745E+02
9.859008789E+08,-1.01905E+02
9.859313965E+08,-1.00545E+02
9.859619141E+08,-1.01705E+02
9.859924316E+08,-1.02265E+02
9.860229492E+08,-1.07945E+02
9.860534668E+08,-1.05045E+02
9.860839844E+08,-1.05425E+02
9.861145020E+08,-1.11085E+02
9.861450195E+08,-1.11625E+02
9.861755371E+08,-1.12465E+02
9.862060547E+08,-1.05985E+02
9.862365723E+08,-1.06565E+02
9.862670898E+08,-1.08965E+02
9.862976074E+08,-1.04165E+02
9.863281250E+08,-1.02005E+02
9.863586426E+08,-1.06105E+02
9.863891602E+08,-1.08365E+02
9.864196777E+08,-1.01145E+02
9.864501953E+08,-9.99254E+01
9.864807129E+08,-1.01085E+02
9.865112305E+08,-1.01645E+02
9.865417480E+08,-1.06845E+02
9.865722656E+08,-1.11825E+02
9.866027832E+08,-1.06405E+02
9.866333008E+08,-1.04425E+02
9.866638184E+08,-1.07285E+02
9.866943359E+08,-1.11965E+02
9.867248535E+08,-1.10225E+02
9.867553711E+08,-1.15445E+02
9.867858887E+08,-1.15325E+02
9.868164062E+08,-1.05385E+02
9.868469238E+08,-1.05005E+02
9.868774414E+08,-1.07545E+02
9.869079590E+08,-1.08685E+02
9.869384766E+08,-1.09745E+02
9.869689941E+08,-1.06165E+02
9.869995117E+08,-1.20345E+02
9.870300293E+08,-1.08125E+02
9.870605469E+08,-1.25945E+02
9.870910645E+08,-1.02045E+02
9.871215820E+08,-1.04105E+02
9.871520996E+08,-1.03565E+02
9.871826172E+08,-1.02305E+02
9.872131348E+08,-1.05885E+02
9.872436523E+08,-1.14125E+02
9.872741699E+08,-1.01425E+02
9.873046875E+08,-1.03145E+02
9.873352051E+08,-1.04985E+02
9.873657227E+08,-1.07785E+02
9.873962402E+08,-1.08005E+02
9.874267578E+08,-1.02505E+02
9.874572754E+08,-1.00685E+02
9.874877930E+08,-1.07045E+02
9.875183105E+08,-1.02685E+02
9.875488281E+08,-1.01405E+02
9.875793457E+08,-1.03645E+02
9.876098633E+08,-1.02225E+02
9.876403809E+08,-1.03285E+02
9.876708984E+08,-1.17745E+02
9.877014160E+08,-1.02485E+02
9.877319336E+08,-1.06445E+02
9.877624512E+08,-1.20305E+02
9.877929688E+08,-1.08805E+02
9.878234863E+08,-1.07445E+02
9.878540039E+08,-1.10465E+02
9.878845215E+08,-1.09625E+02
9.879150391E+08,-1.18265E+02
9.879455566E+08,-1.04945E+02
9.879760742E+08,-1.04705E+02
9.880065918E+08,-1.05625E+02
9.880371094E+08,-1.00565E+02
9.880676270E+08,-9.78254E+01
9.880981445E+08,-1.11865E+02
9.881286621E+08,-1.03765E+02
9.881591797E+08,-1.07345E+02
9.881896973E+08,-1.20185E+02
9.882202148E+08,-1.04505E+02
9.882507324E+08,-1.10905E+02
9.882812500E+08,-1.09105E+02
9.883117676E+08,-1.03185E+02
9.883422852E+08,-1.05305E+02
9.883728027E+08,-1.13045E+02
9.884033203E+08,-1.14625E+02
9.884338379E+08,-1.12525E+02
9.884643555E+08,-1.11545E+02
9.884948730E+08,-1.06405E+02
9.885253906E+08,-1.03365E+02
9.885559082E+08,-1.04925E+02
9.885864258E+08,-1.27745E+02
9.886169434E+08,-1.05505E+02
9.886474609E+08,-1.09065E+02
9.886779785E+08,-1.11105E+02
9.887084961E+08,-1.06885E+02
9.887390137E+08,-1.11265E+02
9.887695312E+08,-1.14725E+02
9.888000488E+08,-1.04265E+02
9.888305664E+08,-1.04445E+02
9.888610840E+08,-1.06765E+02
9.888916016E+08,-1.01925E+02
9.889221191E+08,-1.03345E+02
9.889526367E+08,-1.11165E+02
9.889831543E+08,-1.12145E+02
9.890136719E+08,-1.18265E+02
9.890441895E+08,-1.08125E+02
9.890747070E+08,-1.05685E+02
9.891052246E+08,-1.07345E+02
9.891357422E+08,-1.12065E+02
9.891662598E+08,-1.14265E+02
9.891967773E+08,-1.10305E+02
9.892272949E+08,-1.06885E+02
9.892578125E+08,-1.05945E+02
9.892883301E+08,-1.12465E+02
9.893188477E+08,-1.10525E+02
9.893493652E+08,-1.05505E+02
9.893798828E+08,-1.10725E+02
9.894104004E+08,-1.09885E+02
9.894409180E+08,-1.03925E+02
9.894714355E+08,-1.10805E+02
9.895019531E+08,-1.16585E+02
9.895324707E+08,-1.10765E+02
9.895629883E+08,-1.11585E+02
9.895935059E+08,-1.19405E+02
9.896240234E+08,-1.14025E+02
9.896545410E+08,-1.17865E+02
9.896850586E+08,-1.11165E+02
9.897155762E+08,-1.07245E+02
9.897460938E+08,-1.09205E+02
9.897766113E+08,-1.13685E+02
9.898071289E+08,-1.17245E+02
9.898376465E+08,-1.16385E+02
9.898681641E+08,-1.08905E+02
9.898986816E+08,-1.06405E+02
9.899291992E+08,-1.02745E+02
9.899597168E+08,-1.02545E+02
9.899902344E+08,-1.03305E+02
9.900207520E+08,-1.04205E+02
9.900512695E+08,-1.08725E+02
9.900817871E+08,-1.11365E+02
9.901123047E+08,-1.07745E+02
9.901428223E+08,-1.04445E+02
9.901733398E+08,-1.06485E+02
9.902038574E+08,-1.11625E+02
9.902343750E+08,-1.25845E+02
9.902648926E+08,-1.16065E+02
9.902954102E+08,-1.15765E+02
9.903259277E+08,-1.11225E+02
9.903564453E+08,-1.09445E+02
9.903869629E+08,-1.26745E+02
9.904174805E+08,-1.06585E+02
9.904479980E+08,-1.05645E+02
9.904785156E+08,-1.15425E+02
9.905090332E+08,-1.04165E+02
9.905395508E+08,-1.02965E+02
9.905700684E+08,-1.10665E+02
9.906005859E+08,-1.14165E+02
9.906311035E+08,-1.12265E+02
9.906616211E+08,-1.12625E+02
9.906921387E+08,-1.11065E+02
9.907226562E+08,-1.06185E+02
9.907531738E+08,-1.06765E+02
9.907836914E+08,-1.06945E+02
9.908142090E+08,-1.04025E+02
9.908447266E+08,-1.00265E+02
9.908752441E+08,-1.03565E+02
9.909057617E+08,-1.06425E+02
9.909362793E+08,-1.00845E+02
9.909667969E+08,-1.08805E+02
9.909973145E+08,-1.06625E+02
9.910278320E+08,-1.02225E+02
9.910583496E+08,-1.01565E+02
9.910888672E+08,-1.03765E+02
9.911193848E+08,-1.41985E+02
9.911499023E+08,-1.13125E+02
9.911804199E+08,-1.10085E+02
9.912109375E+08,-1.05245E+02
9.912414551E+08,-1.04185E+02
9.912719727E+08,-1.04585E+02
9.913024902E+08,-9.88454E+01
9.913330078E+08,-9.89454E+01
9.913635254E+08,-1.06045E+02
9.913940430E+08,-1.05505E+02
9.914245605E+08,-1.04425E+02
9.914550781E+08,-1.08045E+02
9.914855957E+08,-1.03045E+02
9.915161133E+08,-1.04365E+02
9.915466309E+08,-1.17925E+02
9.915771484E+08,-1.10185E+02
9.916076660E+08,-1.03385E+02
9.916381836E+08,-9.97054E+01
9.916687012E+08,-1.01005E+02
9.916992188E+08,-1.05105E+02
9.917297363E+08,-1.05485E+02
9.917602539E+08,-1.06665E+02
9.917907715E+08,-1.09105E+02
9.918212891E+08,-1.07165E+02
9.918518066E+08,-1.08945E+02
9.918823242E+08,-1.12785E+02
9.919128418E+08,-1.11965E+02
9.919433594E+08,-1.14425E+02
9.919738770E+08,-1.09845E+02
9.920043945E+08,-1.07985E+02
9.920349121E+08,-1.07045E+02
9.920654297E+08,-1.08045E+02
9.920959473E+08,-1.10225E+02
9.921264648E+08,-1.13785E+02
9.921569824E+08,-1.12585E+02
9.921875000E+08,-1.08045E+02
9.922180176E+08,-1.03745E+02
9.922485352E+08,-9.93454E+01
9.922790527E+08,-9.93654E+01
9.923095703E+08,-1.04305E+02
9.923400879E+08,-1.06845E+02
9.923706055E+08,-1.12525E+02
9.924011230E+08,-1.13905E+02
9.924316406E+08,-1.11105E+02
9.924621582E+08,-1.07485E+02
9.924926758E+08,-9.79254E+01
9.925231934E+08,-1.05765E+02
9.925537109E+08,-1.03705E+02
9.925842285E+08,-1.05305E+02
9.926147461E+08,-1.03945E+02
9.926452637E+08,-1.08565E+02
9.926757812E+08,-1.03005E+02
9.927062988E+08,-1.01085E+02
9.927368164E+08,-1.05165E+02
9.927673340E+08,-1.09885E+02
9.927978516E+08,-1.08105E+02
9.928283691E+08,-1.20185E+02
9.928588867E+08,-1.06885E+02
9.928894043E+08,-1.02425E+02
9.929199219E+08,-1.05085E+02
9.929504395E+08,-1.03725E+02
9.929809570E+08,-1.01045E+02
9.930114746E+08,-1.06465E+02
9.930419922E+08,-1.09485E+02
9.930725098E+08,-1.16085E+02
9.931030273E+08,-1.09205E+02
9.931335449E+08,-1.05725E+02
9.931640625E+08,-1.14265E+02
9.931945801E+08,-1.08945E+02
9.932250977E+08,-1.10005E+02
9.932556152E+08,-1.12365E+02
9.932861328E+08,-1.10765E+02
9.933166504E+08,-1.12985E+02
9.933471680E+08,-1.07065E+02
9.933776855E+08,-1.01245E+02
9.934082031E+08,-9.98854E+01
9.934387207E+08,-1.01285E+02
9.934692383E+08,-1.11685E+02
9.934997559E+08,-1.10545E+02
9.935302734E+08,-1.05485E+02
9.935607910E+08,-1.01165E+02
9.935913086E+08,-1.07085E+02
9.936218262E+08,-1.07865E+02
9.936523438E+08,-1.01865E+02
9.936828613E+08,-1.04085E+02
9.937133789E+08,-1.16465E+02
9.937438965E+08,-1.00305E+02
9.937744141E+08,-1.08125E+02
9.938049316E+08,-1.02505E+02
9.938354492E+08,-1.10085E+02
9.938659668E+08,-1.16485E+02
9.938964844E+08,-1.08465E+02
9.939270020E+08,-1.10565E+02
9.939575195E+08,-1.10505E+02
9.939880371E+08,-1.06685E+02
9.940185547E+08,-1.07565E+02
9.940490723E+08,-1.05645E+02
9.940795898E+08,-1.03765E+02
9.941101074E+08,-1.06105E+02
9.941406250E+08,-1.12165E+02
9.941711426E+08,-1.05085E+02
9.942016602E+08,-1.01825E+02
9.942321777E+08,-1.07465E+02
9.942626953E+08,-9.77254E+01
9.942932129E+08,-1.06505E+02
9.943237305E+08,-1.01485E+02
9.943542480E+08,-1.03625E+02
9.943847656E+08,-9.69454E+01
9.944152832E+08,-1.08185E+02
9.944458008E+08,-1.07025E+02
9.944763184E+08,-1.10085E+02
9.945068359E+08,-1.02985E+02
9.945373535E+08,-1.02645E+02
9.945678711E+08,-1.04025E+02
9.945983887E+08,-1.02525E+02
9.946289062E+08,-1.04945E+02
9.946594238E+08,-1.18125E+02
9.946899414E+08,-1.09345E+02
9.947204590E+08,-1.05105E+02
9.947509766E+08,-1.05405E+02
9.947814941E+08,-1.03625E+02
9.948120117E+08,-1.13245E+02
9.948425293E+08,-1.24265E+02
9.948730469E+08,-1.05765E+02
9.949035645E+08,-1.01925E+02
9.949340820E+08,-1.07205E+02
9.949645996E+08,-1.09625E+02
9.949951172E+08,-1.02825E+02
9.950256348E+08,-1.01665E+02
9.950561523E+08,-1.05725E+02
9.950866699E+08,-9.80454E+01
9.951171875E+08,-9.87854E+01
9.951477051E+08,-1.08485E+02
9.951782227E+08,-1.00665E+02
9.952087402E+08,-1.01425E+02
9.952392578E+08,-1.10545E+02
9.952697754E+08,-1.08785E+02
9.953002930E+08,-1.05385E+02
9.953308105E+08,-1.04665E+02
9.953613281E+08,-1.05965E+02
9.953918457E+08,-1.15085E+02
9.954223633E+08,-1.06305E+02
9.954528809E+08,-1.02685E+02
9.954833984E+08,-1.01665E+02
9.955139160E+08,-1.05465E+02
9.955444336E+08,-1.08905E+02
9.955749512E+08,-1.05125E+02
9.956054688E+08,-9.72454E+01
9.956359863E+08,-9.69854E+01
9.956665039E+08,-1.05285E+02
9.956970215E+08,-1.11945E+02
9.957275391E+08,-1.02505E+02
9.957580566E+08,-1.03245E+02
9.957885742E+08,-1.04025E+02
9.958190918E+08,-1.12185E+02
9.958496094E+08,-1.03525E+02
9.958801270E+08,-1.06405E+02
9.959106445E+08,-1.04605E+02
9.959411621E+08,-1.02685E+02
9.959716797E+08,-1.12165E+02
9.960021973E+08,-1.01105E+02
9.960327148E+08,-9.93454E+01
9.960632324E+08,-1.00405E+02
9.960937500E+08,-1.05085E+02
9.961242676E+08,-1.02445E+02
9.961547852E+08,-1.05285E+02
9.961853027E+08,-1.16685E+02
9.962158203E+08,-1.03585E+02
9.962463379E+08,-9.74254E+01
9.962768555E+08,-9.70654E+01
9.963073730E+08,-1.01385E+02
9.963378906E+08,-1.07425E+02
9.963684082E+08,-1.17925E+02
9.963989258E+08,-9.97054E+01
9.964294434E+08,-9.60254E+01
9.964599609E+08,-9.84654E+01
9.964904785E+08,-1.11225E+02
9.965209961E+08,-9.92654E+01
9.965515137E+08,-1.02125E+02
9.965820312E+08,-1.08525E+02
9.966125488E+08,-1.07105E+02
9.966430664E+08,-1.08565E+02
9.966735840E+08,-1.02365E+02
9.967041016E+08,-1.02445E+02
9.967346191E+08,-1.10305E+02
9.967651367E+08,-1.01505E+02
9.967956543E+08,-1.09065E+02
9.968261719E+08,-1.03545E+02
9.968566895E+08,-9.69454E+01
9.968872070E+08,-9.35454E+01
9.969177246E+08,-9.51654E+01
9.969482422E+08,-1.03605E+02
9.969787598E+08,-9.61054E+01
9.970092773E+08,-1.06365E+02
9.970397949E+08,-1.04385E+02
9.970703125E+08,-1.01965E+02
9.971008301E+08,-1.11785E+02
9.971313477E+08,-1.02785E+02
9.971618652E+08,-1.05285E+02
9.971923828E+08,-1.07445E+02
9.972229004E+08,-1.16685E+02
9.972534180E+08,-1.19305E+02
9.972839355E+08,-1.10085E+02
9.973144531E+08,-1.13165E+02
9.973449707E+08,-1.03225E+02
9.973754883E+08,-1.02345E+02
9.974060059E+08,-1.02665E+02
9.974365234E+08,-1.06685E+02
9.974670410E+08,-9.76854E+01
9.974975586E+08,-9.15854E+01
9.975280762E+08,-9.50454E+01
9.975585938E+08,-1.04665E+02
9.975891113E+08,-1.04085E+02
9.976196289E+08,-1.05685E+02
9.976501465E+08,-1.08365E+02
9.976806641E+08,-1.01005E+02
9.977111816E+08,-1.01685E+02
9.977416992E+08,-1.10265E+02
9.977722168E+08,-1.09005E+02
9.978027344E+08,-1.02285E+02
9.978332520E+08,-1.00865E+02
9.978637695E+08,-1.00805E+02
9.978942871E+08,-1.14345E+02
9.979248047E+08,-1.02765E+02
9.979553223E+08,-1.05045E+02
9.979858398E+08,-9.83254E+01
9.980163574E+08,-1.04645E+02
9.980468750E+08,-9.83654E+01
9.980773926E+08,-9.40054E+01
9.981079102E+08,-1.07345E+02
9.981384277E+08,-1.17285E+02
9.981689453E+08,-9.35854E+01
9.981994629E+08,-9.73854E+01
9.982299805E+08,-1.14505E+02
9.982604980E+08,-1.12405E+02
9.982910156E+08,-1.23505E+02
9.983215332E+08,-1.09845E+02
9.983520508E+08,-1.03605E+02
9.983825684E+08,-1.02845E+02
9.984130859E+08,-1.06445E+02
9.984436035E+08,-1.04105E+02
9.984741211E+08,-1.06585E+02
9.985046387E+08,-1.04505E+02
9.985351562E+08,-9.68654E+01
9.985656738E+08,-9.62854E+01
9.985961914E+08,-1.01445E+02
9.986267090E+08,-1.09445E+02
9.986572266E+08,-1.06245E+02
9.986877441E+08,-1.08485E+02
9.987182617E+08,-1.10265E+02
9.987487793E+08,-1.18325E+02
9.987792969E+08,-9.92254E+01
9.988098145E+08,-9.83654E+01
9.988403320E+08,-1.05085E+02
9.988708496E+08,-1.07385E+02
9.989013672E+08,-1.15125E+02
9.989318848E+08,-1.03765E+02
9.989624023E+08,-1.00705E+02
9.989929199E+08,-1.01545E+02
9.990234375E+08,-1.11345E+02
9.990539551E+08,-1.11445E+02
9.990844727E+08,-1.06705E+02
9.991149902E+08,-9.93654E+01
9.991455078E+08,-1.00325E+02
9.991760254E+08,-1.36705E+02
9.992065430E+08,-1.01865E+02
9.992370605E+08,-9.80454E+01
9.992675781E+08,-9.69054E+01
9.992980957E+08,-1.02365E+02
9.993286133E+08,-9.37054E+01
9.993591309E+08,-9.70254E+01
9.993896484E+08,-9.65054E+01
9.994201660E+08,-9.57654E+01
9.994506836E+08,-1.19005E+02
9.994812012E+08,-9.45054E+01
9.995117188E+08,-9.74054E+01
9.995422363E+08,-1.04525E+02
9.995727539E+08,-1.13485E+02
9.996032715E+08,-1.15465E+02
9.996337891E+08,-1.10885E+02
9.996643066E+08,-1.06005E+02
9.996948242E+08,-1.13085E+02
9.997253418E+08,-1.04725E+02
9.997558594E+08,-1.01045E+02
9.997863770E+08,-1.04245E+02
9.998168945E+08,-1.00505E+02
9.998474121E+08,-1.00625E+02
9.998779297E+08,-1.02125E+02
9.999084473E+08,-9.95454E+01
9.999389648E+08,-1.08345E+02
9.999694824E+08,-8.80454E+01
