[s],CH1[V]
-7.79950E-06,1.339E-02
-7.79900E-06,1.299E-02
-7.79850E-06,1.339E-02
-7.79800E-06,1.339E-02
-7.79750E-06,1.339E-02
-7.79700E-06,1.299E-02
-7.79650E-06,1.339E-02
-7.79600E-06,1.339E-02
-7.79550E-06,1.339E-02
-7.79500E-06,1.339E-02
-7.79450E-06,1.339E-02
-7.79400E-06,1.339E-02
-7.79350E-06,1.339E-02
-7.79300E-06,1.339E-02
-7.79250E-06,1.379E-02
-7.79200E-06,1.339E-02
-7.79150E-06,1.339E-02
-7.79100E-06,1.339E-02
-7.79050E-06,1.379E-02
-7.79000E-06,1.379E-02
-7.78950E-06,1.379E-02
-7.78900E-06,1.379E-02
-7.78850E-06,1.379E-02
-7.78800E-06,1.379E-02
-7.78750E-06,1.419E-02
-7.78700E-06,1.379E-02
-7.78650E-06,1.419E-02
-7.78600E-06,1.379E-02
-7.78550E-06,1.419E-02
-7.78500E-06,1.379E-02
-7.78450E-06,1.419E-02
-7.78400E-06,1.379E-02
-7.78350E-06,1.379E-02
-7.78300E-06,1.379E-02
-7.78250E-06,1.379E-02
-7.78200E-06,1.379E-02
-7.78150E-06,1.419E-02
-7.78100E-06,1.419E-02
-7.78050E-06,1.419E-02
-7.78000E-06,1.419E-02
-7.77950E-06,1.419E-02
-7.77900E-06,1.419E-02
-7.77850E-06,1.419E-02
-7.77800E-06,1.419E-02
-7.77750E-06,1.459E-02
-7.77700E-06,1.419E-02
-7.77650E-06,1.419E-02
-7.77600E-06,1.419E-02
-7.77550E-06,1.419E-02
-7.77500E-06,1.419E-02
-7.77450E-06,1.459E-02
-7.77400E-06,1.419E-02
-7.77350E-06,1.459E-02
-7.77300E-06,1.419E-02
-7.77250E-06,1.459E-02
-7.77200E-06,1.419E-02
-7.77150E-06,1.459E-02
-7.77100E-06,1.459E-02
-7.77050E-06,1.459E-02
-7.77000E-06,1.459E-02
-7.76950E-06,1.459E-02
-7.76900E-06,1.459E-02
-7.76850E-06,1.459E-02
-7.76800E-06,1.459E-02
-7.76750E-06,1.459E-02
-7.76700E-06,1.459E-02
-7.76650E-06,1.499E-02
-7.76600E-06,1.499E-02
-7.76550E-06,1.539E-02
-7.76500E-06,1.499E-02
-7.76450E-06,1.539E-02
-7.76400E-06,1.499E-02
-7.76350E-06,1.539E-02
-7.76300E-06,1.499E-02
-7.76250E-06,1.499E-02
-7.76200E-06,1.459E-02
-7.76150E-06,1.499E-02
-7.76100E-06,1.459E-02
-7.76050E-06,1.499E-02
-7.76000E-06,1.499E-02
-7.75950E-06,1.539E-02
-7.75900E-06,1.499E-02
-7.75850E-06,1.539E-02
-7.75800E-06,1.499E-02
-7.75750E-06,1.499E-02
-7.75700E-06,1.459E-02
-7.75650E-06,1.459E-02
-7.75600E-06,1.499E-02
-7.75550E-06,1.459E-02
-7.75500E-06,1.459E-02
-7.75450E-06,1.499E-02
-7.75400E-06,1.499E-02
-7.75350E-06,1.539E-02
-7.75300E-06,1.539E-02
-7.75250E-06,1.579E-02
-7.75200E-06,1.539E-02
-7.75150E-06,1.539E-02
-7.75100E-06,1.539E-02
-7.75050E-06,1.539E-02
-7.75000E-06,1.539E-02
-7.74950E-06,1.539E-02
-7.74900E-06,1.499E-02
-7.74850E-06,1.539E-02
-7.74800E-06,1.539E-02
-7.74750E-06,1.539E-02
-7.74700E-06,1.539E-02
-7.74650E-06,1.539E-02
-7.74600E-06,1.539E-02
-7.74550E-06,1.539E-02
-7.74500E-06,1.539E-02
-7.74450E-06,1.539E-02
-7.74400E-06,1.579E-02
-7.74350E-06,1.579E-02
-7.74300E-06,1.579E-02
-7.74250E-06,1.619E-02
-7.74200E-06,1.579E-02
-7.74150E-06,1.579E-02
-7.74100E-06,1.579E-02
-7.74050E-06,1.579E-02
-7.74000E-06,1.579E-02
-7.73950E-06,1.619E-02
-7.73900E-06,1.579E-02
-7.73850E-06,1.619E-02
-7.73800E-06,1.579E-02
-7.73750E-06,1.619E-02
-7.73700E-06,1.579E-02
-7.73650E-06,1.659E-02
-7.73600E-06,1.619E-02
-7.73550E-06,1.619E-02
-7.73500E-06,1.619E-02
-7.73450E-06,1.659E-02
-7.73400E-06,1.619E-02
-7.73350E-06,1.619E-02
-7.73300E-06,1.659E-02
-7.73250E-06,1.619E-02
-7.73200E-06,1.619E-02
-7.73150E-06,1.619E-02
-7.73100E-06,1.579E-02
-7.73050E-06,1.619E-02
-7.73000E-06,1.579E-02
-7.72950E-06,1.619E-02
-7.72900E-06,1.579E-02
-7.72850E-06,1.619E-02
-7.72800E-06,1.619E-02
-7.72750E-06,1.659E-02
-7.72700E-06,1.619E-02
-7.72650E-06,1.619E-02
-7.72600E-06,1.579E-02
-7.72550E-06,1.619E-02
-7.72500E-06,1.619E-02
-7.72450E-06,1.619E-02
-7.72400E-06,1.579E-02
-7.72350E-06,1.619E-02
-7.72300E-06,1.619E-02
-7.72250E-06,1.619E-02
-7.72200E-06,1.619E-02
-7.72150E-06,1.659E-02
-7.72100E-06,1.659E-02
-7.72050E-06,1.659E-02
-7.72000E-06,1.659E-02
-7.71950E-06,1.659E-02
-7.71900E-06,1.659E-02
-7.71850E-06,1.659E-02
-7.71800E-06,1.699E-02
-7.71750E-06,1.659E-02
-7.71700E-06,1.659E-02
-7.71650E-06,1.659E-02
-7.71600E-06,1.659E-02
-7.71550E-06,1.659E-02
-7.71500E-06,1.619E-02
-7.71450E-06,1.659E-02
-7.71400E-06,1.619E-02
-7.71350E-06,1.659E-02
-7.71300E-06,1.659E-02
-7.71250E-06,1.699E-02
-7.71200E-06,1.699E-02
-7.71150E-06,1.699E-02
-7.71100E-06,1.699E-02
-7.71050E-06,1.699E-02
-7.71000E-06,1.699E-02
-7.70950E-06,1.699E-02
-7.70900E-06,1.659E-02
-7.70850E-06,1.659E-02
-7.70800E-06,1.659E-02
-7.70750E-06,1.699E-02
-7.70700E-06,1.659E-02
-7.70650E-06,1.699E-02
-7.70600E-06,1.699E-02
-7.70550E-06,1.699E-02
-7.70500E-06,1.699E-02
-7.70450E-06,1.699E-02
-7.70400E-06,1.699E-02
-7.70350E-06,1.699E-02
-7.70300E-06,1.699E-02
-7.70250E-06,1.659E-02
-7.70200E-06,1.699E-02
-7.70150E-06,1.699E-02
-7.70100E-06,1.699E-02
-7.70050E-06,1.699E-02
-7.70000E-06,1.699E-02
-7.69950E-06,1.699E-02
-7.69900E-06,1.699E-02
-7.69850E-06,1.699E-02
-7.69800E-06,1.699E-02
-7.69750E-06,1.699E-02
-7.69700E-06,1.699E-02
-7.69650E-06,1.699E-02
-7.69600E-06,1.699E-02
-7.69550E-06,1.739E-02
-7.69500E-06,1.739E-02
-7.69450E-06,1.739E-02
-7.69400E-06,1.739E-02
-7.69350E-06,1.739E-02
-7.69300E-06,1.739E-02
-7.69250E-06,1.739E-02
-7.69200E-06,1.699E-02
-7.69150E-06,1.699E-02
-7.69100E-06,1.699E-02
-7.69050E-06,1.739E-02
-7.69000E-06,1.699E-02
-7.68950E-06,1.739E-02
-7.68900E-06,1.699E-02
-7.68850E-06,1.699E-02
-7.68800E-06,1.739E-02
-7.68750E-06,1.779E-02
-7.68700E-06,1.739E-02
-7.68650E-06,1.779E-02
-7.68600E-06,1.739E-02
-7.68550E-06,1.739E-02
-7.68500E-06,1.739E-02
-7.68450E-06,1.739E-02
-7.68400E-06,1.739E-02
-7.68350E-06,1.739E-02
-7.68300E-06,1.739E-02
-7.68250E-06,1.739E-02
-7.68200E-06,1.739E-02
-7.68150E-06,1.739E-02
-7.68100E-06,1.739E-02
-7.68050E-06,1.739E-02
-7.68000E-06,1.739E-02
-7.67950E-06,1.699E-02
-7.67900E-06,1.699E-02
-7.67850E-06,1.739E-02
-7.67800E-06,1.739E-02
-7.67750E-06,1.739E-02
-7.67700E-06,1.739E-02
-7.67650E-06,1.739E-02
-7.67600E-06,1.739E-02
-7.67550E-06,1.739E-02
-7.67500E-06,1.779E-02
-7.67450E-06,1.739E-02
-7.67400E-06,1.739E-02
-7.67350E-06,1.779E-02
-7.67300E-06,1.779E-02
-7.67250E-06,1.779E-02
-7.67200E-06,1.779E-02
-7.67150E-06,1.779E-02
-7.67100E-06,1.779E-02
-7.67050E-06,1.779E-02
-7.67000E-06,1.779E-02
-7.66950E-06,1.779E-02
-7.66900E-06,1.779E-02
-7.66850E-06,1.779E-02
-7.66800E-06,1.779E-02
-7.66750E-06,1.779E-02
-7.66700E-06,1.779E-02
-7.66650E-06,1.779E-02
-7.66600E-06,1.779E-02
-7.66550E-06,1.819E-02
-7.66500E-06,1.779E-02
-7.66450E-06,1.779E-02
-7.66400E-06,1.779E-02
-7.66350E-06,1.819E-02
-7.66300E-06,1.779E-02
-7.66250E-06,1.779E-02
-7.66200E-06,1.779E-02
-7.66150E-06,1.739E-02
-7.66100E-06,1.739E-02
-7.66050E-06,1.779E-02
-7.66000E-06,1.779E-02
-7.65950E-06,1.779E-02
-7.65900E-06,1.779E-02
-7.65850E-06,1.779E-02
-7.65800E-06,1.779E-02
-7.65750E-06,1.779E-02
-7.65700E-06,1.779E-02
-7.65650E-06,1.779E-02
-7.65600E-06,1.779E-02
-7.65550E-06,1.779E-02
-7.65500E-06,1.739E-02
-7.65450E-06,1.779E-02
-7.65400E-06,1.739E-02
-7.65350E-06,1.779E-02
-7.65300E-06,1.779E-02
-7.65250E-06,1.779E-02
-7.65200E-06,1.739E-02
-7.65150E-06,1.779E-02
-7.65100E-06,1.779E-02
-7.65050E-06,1.779E-02
-7.65000E-06,1.779E-02
-7.64950E-06,1.779E-02
-7.64900E-06,1.779E-02
-7.64850E-06,1.779E-02
-7.64800E-06,1.779E-02
-7.64750E-06,1.819E-02
-7.64700E-06,1.779E-02
-7.64650E-06,1.779E-02
-7.64600E-06,1.779E-02
-7.64550E-06,1.779E-02
-7.64500E-06,1.779E-02
-7.64450E-06,1.779E-02
-7.64400E-06,1.779E-02
-7.64350E-06,1.779E-02
-7.64300E-06,1.779E-02
-7.64250E-06,1.779E-02
-7.64200E-06,1.779E-02
-7.64150E-06,1.779E-02
-7.64100E-06,1.779E-02
-7.64050E-06,1.779E-02
-7.64000E-06,1.779E-02
-7.63950E-06,1.779E-02
-7.63900E-06,1.739E-02
-7.63850E-06,1.819E-02
-7.63800E-06,1.819E-02
-7.63750E-06,1.819E-02
-7.63700E-06,1.819E-02
-7.63650E-06,1.819E-02
-7.63600E-06,1.779E-02
-7.63550E-06,1.779E-02
-7.63500E-06,1.779E-02
-7.63450E-06,1.739E-02
-7.63400E-06,1.779E-02
-7.63350E-06,1.779E-02
-7.63300E-06,1.779E-02
-7.63250E-06,1.819E-02
-7.63200E-06,1.779E-02
-7.63150E-06,1.819E-02
-7.63100E-06,1.819E-02
-7.63050E-06,1.779E-02
-7.63000E-06,1.779E-02
-7.62950E-06,1.779E-02
-7.62900E-06,1.779E-02
-7.62850E-06,1.779E-02
-7.62800E-06,1.779E-02
-7.62750E-06,1.779E-02
-7.62700E-06,1.779E-02
-7.62650E-06,1.779E-02
-7.62600E-06,1.779E-02
-7.62550E-06,1.779E-02
-7.62500E-06,1.779E-02
-7.62450E-06,1.779E-02
-7.62400E-06,1.779E-02
-7.62350E-06,1.819E-02
-7.62300E-06,1.779E-02
-7.62250E-06,1.819E-02
-7.62200E-06,1.779E-02
-7.62150E-06,1.779E-02
-7.62100E-06,1.779E-02
-7.62050E-06,1.779E-02
-7.62000E-06,1.779E-02
-7.61950E-06,1.819E-02
-7.61900E-06,1.779E-02
-7.61850E-06,1.819E-02
-7.61800E-06,1.819E-02
-7.61750E-06,1.819E-02
-7.61700E-06,1.779E-02
-7.61650E-06,1.819E-02
-7.61600E-06,1.779E-02
-7.61550E-06,1.779E-02
-7.61500E-06,1.779E-02
-7.61450E-06,1.779E-02
-7.61400E-06,1.779E-02
-7.61350E-06,1.779E-02
-7.61300E-06,1.779E-02
-7.61250E-06,1.779E-02
-7.61200E-06,1.779E-02
-7.61150E-06,1.819E-02
-7.61100E-06,1.819E-02
-7.61050E-06,1.779E-02
-7.61000E-06,1.779E-02
-7.60950E-06,1.779E-02
-7.60900E-06,1.779E-02
-7.60850E-06,1.779E-02
-7.60800E-06,1.779E-02
-7.60750E-06,1.779E-02
-7.60700E-06,1.779E-02
-7.60650E-06,1.819E-02
-7.60600E-06,1.819E-02
-7.60550E-06,1.819E-02
-7.60500E-06,1.819E-02
-7.60450E-06,1.779E-02
-7.60400E-06,1.779E-02
-7.60350E-06,1.779E-02
-7.60300E-06,1.779E-02
-7.60250E-06,1.779E-02
-7.60200E-06,1.779E-02
-7.60150E-06,1.779E-02
-7.60100E-06,1.779E-02
-7.60050E-06,1.819E-02
-7.60000E-06,1.779E-02
-7.59950E-06,1.779E-02
-7.59900E-06,1.819E-02
-7.59850E-06,1.779E-02
-7.59800E-06,1.779E-02
-7.59750E-06,1.779E-02
-7.59700E-06,1.779E-02
-7.59650E-06,1.739E-02
-7.59600E-06,1.779E-02
-7.59550E-06,1.779E-02
-7.59500E-06,1.779E-02
-7.59450E-06,1.819E-02
-7.59400E-06,1.779E-02
-7.59350E-06,1.819E-02
-7.59300E-06,1.779E-02
-7.59250E-06,1.819E-02
-7.59200E-06,1.779E-02
-7.59150E-06,1.819E-02
-7.59100E-06,1.819E-02
-7.59050E-06,1.819E-02
-7.59000E-06,1.779E-02
-7.58950E-06,1.779E-02
-7.58900E-06,1.819E-02
-7.58850E-06,1.819E-02
-7.58800E-06,1.779E-02
-7.58750E-06,1.779E-02
-7.58700E-06,1.779E-02
-7.58650E-06,1.779E-02
-7.58600E-06,1.779E-02
-7.58550E-06,1.779E-02
-7.58500E-06,1.739E-02
-7.58450E-06,1.739E-02
-7.58400E-06,1.779E-02
-7.58350E-06,1.779E-02
-7.58300E-06,1.739E-02
-7.58250E-06,1.739E-02
-7.58200E-06,1.739E-02
-7.58150E-06,1.739E-02
-7.58100E-06,1.739E-02
-7.58050E-06,1.739E-02
-7.58000E-06,1.739E-02
-7.57950E-06,1.779E-02
-7.57900E-06,1.779E-02
-7.57850E-06,1.779E-02
-7.57800E-06,1.779E-02
-7.57750E-06,1.779E-02
-7.57700E-06,1.779E-02
-7.57650E-06,1.779E-02
-7.57600E-06,1.779E-02
-7.57550E-06,1.779E-02
-7.57500E-06,1.779E-02
-7.57450E-06,1.739E-02
-7.57400E-06,1.779E-02
-7.57350E-06,1.739E-02
-7.57300E-06,1.739E-02
-7.57250E-06,1.739E-02
-7.57200E-06,1.739E-02
-7.57150E-06,1.739E-02
-7.57100E-06,1.739E-02
-7.57050E-06,1.699E-02
-7.57000E-06,1.739E-02
-7.56950E-06,1.739E-02
-7.56900E-06,1.739E-02
-7.56850E-06,1.779E-02
-7.56800E-06,1.739E-02
-7.56750E-06,1.739E-02
-7.56700E-06,1.739E-02
-7.56650E-06,1.779E-02
-7.56600E-06,1.779E-02
-7.56550E-06,1.779E-02
-7.56500E-06,1.779E-02
-7.56450E-06,1.779E-02
-7.56400E-06,1.739E-02
-7.56350E-06,1.779E-02
-7.56300E-06,1.739E-02
-7.56250E-06,1.739E-02
-7.56200E-06,1.699E-02
-7.56150E-06,1.699E-02
-7.56100E-06,1.699E-02
-7.56050E-06,1.739E-02
-7.56000E-06,1.739E-02
-7.55950E-06,1.739E-02
-7.55900E-06,1.779E-02
-7.55850E-06,1.779E-02
-7.55800E-06,1.739E-02
-7.55750E-06,1.779E-02
-7.55700E-06,1.739E-02
-7.55650E-06,1.739E-02
-7.55600E-06,1.739E-02
-7.55550E-06,1.739E-02
-7.55500E-06,1.699E-02
-7.55450E-06,1.739E-02
-7.55400E-06,1.739E-02
-7.55350E-06,1.739E-02
-7.55300E-06,1.739E-02
-7.55250E-06,1.779E-02
-7.55200E-06,1.739E-02
-7.55150E-06,1.779E-02
-7.55100E-06,1.739E-02
-7.55050E-06,1.779E-02
-7.55000E-06,1.739E-02
-7.54950E-06,1.739E-02
-7.54900E-06,1.699E-02
-7.54850E-06,1.699E-02
-7.54800E-06,1.699E-02
-7.54750E-06,1.699E-02
-7.54700E-06,1.699E-02
-7.54650E-06,1.739E-02
-7.54600E-06,1.699E-02
-7.54550E-06,1.739E-02
-7.54500E-06,1.699E-02
-7.54450E-06,1.699E-02
-7.54400E-06,1.699E-02
-7.54350E-06,1.699E-02
-7.54300E-06,1.699E-02
-7.54250E-06,1.699E-02
-7.54200E-06,1.699E-02
-7.54150E-06,1.739E-02
-7.54100E-06,1.699E-02
-7.54050E-06,1.739E-02
-7.54000E-06,1.699E-02
-7.53950E-06,1.699E-02
-7.53900E-06,1.699E-02
-7.53850E-06,1.699E-02
-7.53800E-06,1.699E-02
-7.53750E-06,1.699E-02
-7.53700E-06,1.699E-02
-7.53650E-06,1.739E-02
-7.53600E-06,1.699E-02
-7.53550E-06,1.699E-02
-7.53500E-06,1.699E-02
-7.53450E-06,1.699E-02
-7.53400E-06,1.739E-02
-7.53350E-06,1.699E-02
-7.53300E-06,1.699E-02
-7.53250E-06,1.699E-02
-7.53200E-06,1.699E-02
-7.53150E-06,1.699E-02
-7.53100E-06,1.699E-02
-7.53050E-06,1.739E-02
-7.53000E-06,1.699E-02
-7.52950E-06,1.699E-02
-7.52900E-06,1.699E-02
-7.52850E-06,1.699E-02
-7.52800E-06,1.659E-02
-7.52750E-06,1.699E-02
-7.52700E-06,1.659E-02
-7.52650E-06,1.659E-02
-7.52600E-06,1.659E-02
-7.52550E-06,1.699E-02
-7.52500E-06,1.659E-02
-7.52450E-06,1.659E-02
-7.52400E-06,1.659E-02
-7.52350E-06,1.699E-02
-7.52300E-06,1.659E-02
-7.52250E-06,1.659E-02
-7.52200E-06,1.659E-02
-7.52150E-06,1.699E-02
-7.52100E-06,1.659E-02
-7.52050E-06,1.659E-02
-7.52000E-06,1.659E-02
-7.51950E-06,1.659E-02
-7.51900E-06,1.659E-02
-7.51850E-06,1.659E-02
-7.51800E-06,1.659E-02
-7.51750E-06,1.659E-02
-7.51700E-06,1.659E-02
-7.51650E-06,1.619E-02
-7.51600E-06,1.619E-02
-7.51550E-06,1.619E-02
-7.51500E-06,1.619E-02
-7.51450E-06,1.619E-02
-7.51400E-06,1.619E-02
-7.51350E-06,1.659E-02
-7.51300E-06,1.619E-02
-7.51250E-06,1.659E-02
-7.51200E-06,1.659E-02
-7.51150E-06,1.659E-02
-7.51100E-06,1.619E-02
-7.51050E-06,1.619E-02
-7.51000E-06,1.619E-02
-7.50950E-06,1.619E-02
-7.50900E-06,1.619E-02
-7.50850E-06,1.619E-02
-7.50800E-06,1.579E-02
-7.50750E-06,1.619E-02
-7.50700E-06,1.619E-02
-7.50650E-06,1.619E-02
-7.50600E-06,1.619E-02
-7.50550E-06,1.619E-02
-7.50500E-06,1.619E-02
-7.50450E-06,1.619E-02
-7.50400E-06,1.579E-02
-7.50350E-06,1.579E-02
-7.50300E-06,1.579E-02
-7.50250E-06,1.539E-02
-7.50200E-06,1.579E-02
-7.50150E-06,1.579E-02
-7.50100E-06,1.579E-02
-7.50050E-06,1.579E-02
-7.50000E-06,1.579E-02
-7.49950E-06,1.579E-02
-7.49900E-06,1.579E-02
-7.49850E-06,1.579E-02
-7.49800E-06,1.539E-02
-7.49750E-06,1.539E-02
-7.49700E-06,1.539E-02
-7.49650E-06,1.579E-02
-7.49600E-06,1.579E-02
-7.49550E-06,1.579E-02
-7.49500E-06,1.499E-02
-7.49450E-06,1.539E-02
-7.49400E-06,1.539E-02
-7.49350E-06,1.579E-02
-7.49300E-06,1.539E-02
-7.49250E-06,1.579E-02
-7.49200E-06,1.539E-02
-7.49150E-06,1.539E-02
-7.49100E-06,1.499E-02
-7.49050E-06,1.499E-02
-7.49000E-06,1.499E-02
-7.48950E-06,1.499E-02
-7.48900E-06,1.459E-02
-7.48850E-06,1.539E-02
-7.48800E-06,1.499E-02
-7.48750E-06,1.539E-02
-7.48700E-06,1.499E-02
-7.48650E-06,1.539E-02
-7.48600E-06,1.499E-02
-7.48550E-06,1.539E-02
-7.48500E-06,1.499E-02
-7.48450E-06,1.539E-02
-7.48400E-06,1.499E-02
-7.48350E-06,1.539E-02
-7.48300E-06,1.499E-02
-7.48250E-06,1.539E-02
-7.48200E-06,1.539E-02
-7.48150E-06,1.539E-02
-7.48100E-06,1.499E-02
-7.48050E-06,1.539E-02
-7.48000E-06,1.499E-02
-7.47950E-06,1.539E-02
-7.47900E-06,1.499E-02
-7.47850E-06,1.539E-02
-7.47800E-06,1.459E-02
-7.47750E-06,1.499E-02
-7.47700E-06,1.459E-02
-7.47650E-06,1.539E-02
-7.47600E-06,1.499E-02
-7.47550E-06,1.499E-02
-7.47500E-06,1.459E-02
-7.47450E-06,1.499E-02
-7.47400E-06,1.499E-02
-7.47350E-06,1.499E-02
-7.47300E-06,1.459E-02
-7.47250E-06,1.499E-02
-7.47200E-06,1.459E-02
-7.47150E-06,1.499E-02
-7.47100E-06,1.459E-02
-7.47050E-06,1.499E-02
-7.47000E-06,1.419E-02
-7.46950E-06,1.499E-02
-7.46900E-06,1.459E-02
-7.46850E-06,1.499E-02
-7.46800E-06,1.459E-02
-7.46750E-06,1.459E-02
-7.46700E-06,1.459E-02
-7.46650E-06,1.499E-02
-7.46600E-06,1.459E-02
-7.46550E-06,1.459E-02
-7.46500E-06,1.459E-02
-7.46450E-06,1.459E-02
-7.46400E-06,1.459E-02
-7.46350E-06,1.499E-02
-7.46300E-06,1.419E-02
-7.46250E-06,1.419E-02
-7.46200E-06,1.419E-02
-7.46150E-06,1.419E-02
-7.46100E-06,1.379E-02
-7.46050E-06,1.419E-02
-7.46000E-06,1.379E-02
-7.45950E-06,1.459E-02
-7.45900E-06,1.419E-02
-7.45850E-06,1.459E-02
-7.45800E-06,1.419E-02
-7.45750E-06,1.459E-02
-7.45700E-06,1.379E-02
-7.45650E-06,1.419E-02
-7.45600E-06,1.379E-02
-7.45550E-06,1.419E-02
-7.45500E-06,1.379E-02
-7.45450E-06,1.419E-02
-7.45400E-06,1.419E-02
-7.45350E-06,1.379E-02
-7.45300E-06,1.379E-02
-7.45250E-06,1.419E-02
-7.45200E-06,1.379E-02
-7.45150E-06,1.379E-02
-7.45100E-06,1.339E-02
-7.45050E-06,1.339E-02
-7.45000E-06,1.339E-02
-7.44950E-06,1.379E-02
-7.44900E-06,1.379E-02
-7.44850E-06,1.379E-02
-7.44800E-06,1.339E-02
-7.44750E-06,1.339E-02
-7.44700E-06,1.339E-02
-7.44650E-06,1.379E-02
-7.44600E-06,1.339E-02
-7.44550E-06,1.339E-02
-7.44500E-06,1.339E-02
-7.44450E-06,1.339E-02
-7.44400E-06,1.379E-02
-7.44350E-06,1.379E-02
-7.44300E-06,1.339E-02
-7.44250E-06,1.379E-02
-7.44200E-06,1.339E-02
-7.44150E-06,1.339E-02
-7.44100E-06,1.339E-02
-7.44050E-06,1.339E-02
-7.44000E-06,1.339E-02
-7.43950E-06,1.379E-02
-7.43900E-06,1.339E-02
-7.43850E-06,1.339E-02
-7.43800E-06,1.339E-02
-7.43750E-06,1.339E-02
-7.43700E-06,1.339E-02
-7.43650E-06,1.339E-02
-7.43600E-06,1.299E-02
-7.43550E-06,1.299E-02
-7.43500E-06,1.299E-02
-7.43450E-06,1.339E-02
-7.43400E-06,1.299E-02
-7.43350E-06,1.299E-02
-7.43300E-06,1.259E-02
-7.43250E-06,1.259E-02
-7.43200E-06,1.259E-02
-7.43150E-06,1.299E-02
-7.43100E-06,1.299E-02
-7.43050E-06,1.259E-02
-7.43000E-06,1.259E-02
-7.42950E-06,1.299E-02
-7.42900E-06,1.299E-02
-7.42850E-06,1.299E-02
-7.42800E-06,1.259E-02
-7.42750E-06,1.299E-02
-7.42700E-06,1.299E-02
-7.42650E-06,1.299E-02
-7.42600E-06,1.259E-02
-7.42550E-06,1.259E-02
-7.42500E-06,1.259E-02
-7.42450E-06,1.259E-02
-7.42400E-06,1.259E-02
-7.42350E-06,1.299E-02
-7.42300E-06,1.259E-02
-7.42250E-06,1.259E-02
-7.42200E-06,1.259E-02
-7.42150E-06,1.219E-02
-7.42100E-06,1.219E-02
-7.42050E-06,1.219E-02
-7.42000E-06,1.179E-02
-7.41950E-06,1.219E-02
-7.41900E-06,1.179E-02
-7.41850E-06,1.179E-02
-7.41800E-06,1.179E-02
-7.41750E-06,1.219E-02
-7.41700E-06,1.179E-02
-7.41650E-06,1.179E-02
-7.41600E-06,1.179E-02
-7.41550E-06,1.139E-02
-7.41500E-06,1.139E-02
-7.41450E-06,1.139E-02
-7.41400E-06,1.139E-02
-7.41350E-06,1.179E-02
-7.41300E-06,1.179E-02
-7.41250E-06,1.179E-02
-7.41200E-06,1.179E-02
-7.41150E-06,1.179E-02
-7.41100E-06,1.219E-02
-7.41050E-06,1.179E-02
-7.41000E-06,1.179E-02
-7.40950E-06,1.139E-02
-7.40900E-06,1.139E-02
-7.40850E-06,1.139E-02
-7.40800E-06,1.099E-02
-7.40750E-06,1.099E-02
-7.40700E-06,1.139E-02
-7.40650E-06,1.179E-02
-7.40600E-06,1.139E-02
-7.40550E-06,1.179E-02
-7.40500E-06,1.139E-02
-7.40450E-06,1.139E-02
-7.40400E-06,1.099E-02
-7.40350E-06,1.099E-02
-7.40300E-06,1.059E-02
-7.40250E-06,1.059E-02
-7.40200E-06,1.099E-02
-7.40150E-06,1.059E-02
-7.40100E-06,1.099E-02
-7.40050E-06,1.099E-02
-7.40000E-06,1.099E-02
-7.39950E-06,1.099E-02
-7.39900E-06,1.099E-02
-7.39850E-06,1.099E-02
-7.39800E-06,1.059E-02
-7.39750E-06,1.059E-02
-7.39700E-06,1.099E-02
-7.39650E-06,1.059E-02
-7.39600E-06,1.019E-02
-7.39550E-06,1.059E-02
-7.39500E-06,1.059E-02
-7.39450E-06,1.059E-02
-7.39400E-06,1.059E-02
-7.39350E-06,1.059E-02
-7.39300E-06,1.059E-02
-7.39250E-06,1.059E-02
-7.39200E-06,1.059E-02
-7.39150E-06,1.059E-02
-7.39100E-06,1.059E-02
-7.39050E-06,1.059E-02
-7.39000E-06,1.059E-02
-7.38950E-06,1.019E-02
-7.38900E-06,1.019E-02
-7.38850E-06,1.059E-02
-7.38800E-06,1.019E-02
-7.38750E-06,1.059E-02
-7.38700E-06,1.019E-02
-7.38650E-06,1.019E-02
-7.38600E-06,1.019E-02
-7.38550E-06,1.019E-02
-7.38500E-06,9.787E-03
-7.38450E-06,1.019E-02
-7.38400E-06,9.787E-03
-7.38350E-06,1.019E-02
-7.38300E-06,1.019E-02
-7.38250E-06,1.019E-02
-7.38200E-06,1.019E-02
-7.38150E-06,1.019E-02
-7.38100E-06,1.019E-02
-7.38050E-06,9.787E-03
-7.38000E-06,1.019E-02
-7.37950E-06,1.019E-02
-7.37900E-06,1.019E-02
-7.37850E-06,1.019E-02
-7.37800E-06,9.787E-03
-7.37750E-06,1.019E-02
-7.37700E-06,9.387E-03
-7.37650E-06,9.787E-03
-7.37600E-06,9.387E-03
-7.37550E-06,9.787E-03
-7.37500E-06,9.787E-03
-7.37450E-06,9.787E-03
-7.37400E-06,9.387E-03
-7.37350E-06,9.387E-03
-7.37300E-06,9.387E-03
-7.37250E-06,9.787E-03
-7.37200E-06,9.387E-03
-7.37150E-06,9.387E-03
-7.37100E-06,9.387E-03
-7.37050E-06,9.387E-03
-7.37000E-06,8.987E-03
-7.36950E-06,9.387E-03
-7.36900E-06,8.987E-03
-7.36850E-06,8.987E-03
-7.36800E-06,8.987E-03
-7.36750E-06,8.987E-03
-7.36700E-06,8.987E-03
-7.36650E-06,8.987E-03
-7.36600E-06,8.987E-03
-7.36550E-06,8.987E-03
-7.36500E-06,8.987E-03
-7.36450E-06,8.987E-03
-7.36400E-06,8.987E-03
-7.36350E-06,8.587E-03
-7.36300E-06,8.587E-03
-7.36250E-06,8.187E-03
-7.36200E-06,8.587E-03
-7.36150E-06,8.187E-03
-7.36100E-06,8.187E-03
-7.36050E-06,8.187E-03
-7.36000E-06,8.187E-03
-7.35950E-06,8.587E-03
-7.35900E-06,8.587E-03
-7.35850E-06,8.587E-03
-7.35800E-06,8.587E-03
-7.35750E-06,8.587E-03
-7.35700E-06,8.587E-03
-7.35650E-06,8.187E-03
-7.35600E-06,8.187E-03
-7.35550E-06,8.587E-03
-7.35500E-06,8.187E-03
-7.35450E-06,7.787E-03
-7.35400E-06,8.187E-03
-7.35350E-06,8.187E-03
-7.35300E-06,8.187E-03
-7.35250E-06,8.187E-03
-7.35200E-06,8.187E-03
-7.35150E-06,8.187E-03
-7.35100E-06,8.187E-03
-7.35050E-06,7.787E-03
-7.35000E-06,8.187E-03
-7.34950E-06,8.187E-03
-7.34900E-06,8.187E-03
-7.34850E-06,7.787E-03
-7.34800E-06,8.187E-03
-7.34750E-06,8.187E-03
-7.34700E-06,7.787E-03
-7.34650E-06,7.787E-03
-7.34600E-06,7.787E-03
-7.34550E-06,7.387E-03
-7.34500E-06,7.787E-03
-7.34450E-06,7.787E-03
-7.34400E-06,7.387E-03
-7.34350E-06,7.787E-03
-7.34300E-06,7.787E-03
-7.34250E-06,7.787E-03
-7.34200E-06,7.387E-03
-7.34150E-06,7.787E-03
-7.34100E-06,7.387E-03
-7.34050E-06,7.387E-03
-7.34000E-06,7.387E-03
-7.33950E-06,7.387E-03
-7.33900E-06,7.387E-03
-7.33850E-06,6.987E-03
-7.33800E-06,7.387E-03
-7.33750E-06,7.387E-03
-7.33700E-06,7.387E-03
-7.33650E-06,6.987E-03
-7.33600E-06,6.987E-03
-7.33550E-06,6.987E-03
-7.33500E-06,6.987E-03
-7.33450E-06,6.587E-03
-7.33400E-06,6.587E-03
-7.33350E-06,6.587E-03
-7.33300E-06,6.587E-03
-7.33250E-06,6.587E-03
-7.33200E-06,6.587E-03
-7.33150E-06,6.187E-03
-7.33100E-06,6.187E-03
-7.33050E-06,6.587E-03
-7.33000E-06,6.587E-03
-7.32950E-06,6.587E-03
-7.32900E-06,6.587E-03
-7.32850E-06,6.587E-03
-7.32800E-06,6.587E-03
-7.32750E-06,6.587E-03
-7.32700E-06,6.587E-03
-7.32650E-06,6.587E-03
-7.32600E-06,6.187E-03
-7.32550E-06,6.187E-03
-7.32500E-06,6.187E-03
-7.32450E-06,6.187E-03
-7.32400E-06,6.187E-03
-7.32350E-06,6.187E-03
-7.32300E-06,6.187E-03
-7.32250E-06,6.187E-03
-7.32200E-06,6.187E-03
-7.32150E-06,6.187E-03
-7.32100E-06,5.787E-03
-7.32050E-06,6.187E-03
-7.32000E-06,5.787E-03
-7.31950E-06,6.187E-03
-7.31900E-06,5.787E-03
-7.31850E-06,5.787E-03
-7.31800E-06,5.787E-03
-7.31750E-06,5.787E-03
-7.31700E-06,5.787E-03
-7.31650E-06,5.787E-03
-7.31600E-06,5.787E-03
-7.31550E-06,5.387E-03
-7.31500E-06,5.387E-03
-7.31450E-06,5.387E-03
-7.31400E-06,5.387E-03
-7.31350E-06,5.387E-03
-7.31300E-06,5.387E-03
-7.31250E-06,5.387E-03
-7.31200E-06,5.387E-03
-7.31150E-06,5.387E-03
-7.31100E-06,5.387E-03
-7.31050E-06,5.387E-03
-7.31000E-06,5.387E-03
-7.30950E-06,4.987E-03
-7.30900E-06,4.587E-03
-7.30850E-06,4.987E-03
-7.30800E-06,4.587E-03
-7.30750E-06,4.987E-03
-7.30700E-06,4.987E-03
-7.30650E-06,4.987E-03
-7.30600E-06,4.987E-03
-7.30550E-06,4.987E-03
-7.30500E-06,4.987E-03
-7.30450E-06,4.587E-03
-7.30400E-06,4.587E-03
-7.30350E-06,4.587E-03
-7.30300E-06,4.587E-03
-7.30250E-06,4.587E-03
-7.30200E-06,4.587E-03
-7.30150E-06,4.587E-03
-7.30100E-06,4.587E-03
-7.30050E-06,4.187E-03
-7.30000E-06,4.187E-03
-7.29950E-06,4.187E-03
-7.29900E-06,4.187E-03
-7.29850E-06,4.187E-03
-7.29800E-06,4.587E-03
-7.29750E-06,4.187E-03
-7.29700E-06,4.587E-03
-7.29650E-06,4.587E-03
-7.29600E-06,4.587E-03
-7.29550E-06,4.587E-03
-7.29500E-06,4.587E-03
-7.29450E-06,4.187E-03
-7.29400E-06,4.187E-03
-7.29350E-06,4.187E-03
-7.29300E-06,3.787E-03
-7.29250E-06,3.787E-03
-7.29200E-06,3.387E-03
-7.29150E-06,3.787E-03
-7.29100E-06,3.787E-03
-7.29050E-06,3.787E-03
-7.29000E-06,3.787E-03
-7.28950E-06,3.787E-03
-7.28900E-06,3.787E-03
-7.28850E-06,3.787E-03
-7.28800E-06,3.787E-03
-7.28750E-06,3.787E-03
-7.28700E-06,3.787E-03
-7.28650E-06,3.787E-03
-7.28600E-06,3.787E-03
-7.28550E-06,3.787E-03
-7.28500E-06,3.387E-03
-7.28450E-06,3.387E-03
-7.28400E-06,3.387E-03
-7.28350E-06,3.387E-03
-7.28300E-06,3.387E-03
-7.28250E-06,3.387E-03
-7.28200E-06,3.387E-03
-7.28150E-06,2.987E-03
-7.28100E-06,3.387E-03
-7.28050E-06,3.387E-03
-7.28000E-06,3.387E-03
-7.27950E-06,3.387E-03
-7.27900E-06,2.987E-03
-7.27850E-06,3.387E-03
-7.27800E-06,3.387E-03
-7.27750E-06,2.987E-03
-7.27700E-06,2.987E-03
-7.27650E-06,2.987E-03
-7.27600E-06,2.587E-03
-7.27550E-06,2.587E-03
-7.27500E-06,2.587E-03
-7.27450E-06,2.587E-03
-7.27400E-06,2.587E-03
-7.27350E-06,2.587E-03
-7.27300E-06,2.187E-03
-7.27250E-06,2.187E-03
-7.27200E-06,2.187E-03
-7.27150E-06,2.187E-03
-7.27100E-06,1.787E-03
-7.27050E-06,2.587E-03
-7.27000E-06,2.187E-03
-7.26950E-06,2.587E-03
-7.26900E-06,2.187E-03
-7.26850E-06,2.587E-03
-7.26800E-06,2.187E-03
-7.26750E-06,2.187E-03
-7.26700E-06,2.187E-03
-7.26650E-06,1.787E-03
-7.26600E-06,2.187E-03
-7.26550E-06,1.787E-03
-7.26500E-06,2.187E-03
-7.26450E-06,1.787E-03
-7.26400E-06,1.787E-03
-7.26350E-06,1.787E-03
-7.26300E-06,1.787E-03
-7.26250E-06,1.787E-03
-7.26200E-06,1.387E-03
-7.26150E-06,1.387E-03
-7.26100E-06,1.387E-03
-7.26050E-06,1.387E-03
-7.26000E-06,1.387E-03
-7.25950E-06,1.387E-03
-7.25900E-06,1.387E-03
-7.25850E-06,1.387E-03
-7.25800E-06,1.787E-03
-7.25750E-06,1.387E-03
-7.25700E-06,1.387E-03
-7.25650E-06,1.387E-03
-7.25600E-06,1.387E-03
-7.25550E-06,1.387E-03
-7.25500E-06,1.387E-03
-7.25450E-06,1.387E-03
-7.25400E-06,1.387E-03
-7.25350E-06,9.866E-04
-7.25300E-06,9.866E-04
-7.25250E-06,9.866E-04
-7.25200E-06,9.866E-04
-7.25150E-06,5.866E-04
-7.25100E-06,9.866E-04
-7.25050E-06,5.866E-04
-7.25000E-06,5.866E-04
-7.24950E-06,5.866E-04
-7.24900E-06,1.866E-04
-7.24850E-06,5.866E-04
-7.24800E-06,5.866E-04
-7.24750E-06,5.866E-04
-7.24700E-06,9.866E-04
-7.24650E-06,5.866E-04
-7.24600E-06,5.866E-04
-7.24550E-06,5.866E-04
-7.24500E-06,5.866E-04
-7.24450E-06,5.866E-04
-7.24400E-06,5.866E-04
-7.24350E-06,1.866E-04
-7.24300E-06,1.866E-04
-7.24250E-06,5.866E-04
-7.24200E-06,1.866E-04
-7.24150E-06,1.866E-04
-7.24100E-06,1.866E-04
-7.24050E-06,1.866E-04
-7.24000E-06,1.866E-04
-7.23950E-06,-2.134E-04
-7.23900E-06,-2.134E-04
-7.23850E-06,1.866E-04
-7.23800E-06,1.866E-04
-7.23750E-06,-2.134E-04
-7.23700E-06,-2.134E-04
-7.23650E-06,-2.134E-04
-7.23600E-06,-6.134E-04
-7.23550E-06,-6.134E-04
-7.23500E-06,-1.013E-03
-7.23450E-06,-6.134E-04
-7.23400E-06,-6.134E-04
-7.23350E-06,-6.134E-04
-7.23300E-06,-6.134E-04
-7.23250E-06,-1.013E-03
-7.23200E-06,-6.134E-04
-7.23150E-06,-1.013E-03
-7.23100E-06,-1.013E-03
-7.23050E-06,-1.013E-03
-7.23000E-06,-1.013E-03
-7.22950E-06,-1.013E-03
-7.22900E-06,-1.013E-03
-7.22850E-06,-1.413E-03
-7.22800E-06,-1.013E-03
-7.22750E-06,-1.413E-03
-7.22700E-06,-1.013E-03
-7.22650E-06,-1.413E-03
-7.22600E-06,-1.013E-03
-7.22550E-06,-1.013E-03
-7.22500E-06,-1.013E-03
-7.22450E-06,-1.413E-03
-7.22400E-06,-1.413E-03
-7.22350E-06,-1.013E-03
-7.22300E-06,-1.413E-03
-7.22250E-06,-1.413E-03
-7.22200E-06,-1.413E-03
-7.22150E-06,-1.013E-03
-7.22100E-06,-1.013E-03
-7.22050E-06,-1.413E-03
-7.22000E-06,-1.413E-03
-7.21950E-06,-1.813E-03
-7.21900E-06,-1.813E-03
-7.21850E-06,-1.813E-03
-7.21800E-06,-1.813E-03
-7.21750E-06,-1.813E-03
-7.21700E-06,-1.813E-03
-7.21650E-06,-1.813E-03
-7.21600E-06,-1.813E-03
-7.21550E-06,-1.813E-03
-7.21500E-06,-1.813E-03
-7.21450E-06,-1.813E-03
-7.21400E-06,-2.213E-03
-7.21350E-06,-1.813E-03
-7.21300E-06,-1.813E-03
-7.21250E-06,-1.813E-03
-7.21200E-06,-1.813E-03
-7.21150E-06,-1.813E-03
-7.21100E-06,-1.813E-03
-7.21050E-06,-2.213E-03
-7.21000E-06,-2.213E-03
-7.20950E-06,-2.613E-03
-7.20900E-06,-2.613E-03
-7.20850E-06,-2.613E-03
-7.20800E-06,-2.613E-03
-7.20750E-06,-2.613E-03
-7.20700E-06,-2.613E-03
-7.20650E-06,-2.213E-03
-7.20600E-06,-2.213E-03
-7.20550E-06,-2.213E-03
-7.20500E-06,-2.613E-03
-7.20450E-06,-2.613E-03
-7.20400E-06,-2.613E-03
-7.20350E-06,-2.613E-03
-7.20300E-06,-3.013E-03
-7.20250E-06,-3.013E-03
-7.20200E-06,-3.013E-03
-7.20150E-06,-3.013E-03
-7.20100E-06,-3.013E-03
-7.20050E-06,-3.013E-03
-7.20000E-06,-3.013E-03
-7.19950E-06,-3.013E-03
-7.19900E-06,-3.013E-03
-7.19850E-06,-3.013E-03
-7.19800E-06,-3.013E-03
-7.19750E-06,-3.413E-03
-7.19700E-06,-3.813E-03
-7.19650E-06,-3.413E-03
-7.19600E-06,-3.813E-03
-7.19550E-06,-3.813E-03
-7.19500E-06,-3.813E-03
-7.19450E-06,-3.413E-03
-7.19400E-06,-3.413E-03
-7.19350E-06,-3.413E-03
-7.19300E-06,-3.413E-03
-7.19250E-06,-3.413E-03
-7.19200E-06,-3.413E-03
-7.19150E-06,-3.413E-03
-7.19100E-06,-3.413E-03
-7.19050E-06,-3.413E-03
-7.19000E-06,-3.813E-03
-7.18950E-06,-3.813E-03
-7.18900E-06,-3.813E-03
-7.18850E-06,-3.813E-03
-7.18800E-06,-3.813E-03
-7.18750E-06,-4.213E-03
-7.18700E-06,-4.213E-03
-7.18650E-06,-4.213E-03
-7.18600E-06,-3.813E-03
-7.18550E-06,-4.213E-03
-7.18500E-06,-4.213E-03
-7.18450E-06,-4.213E-03
-7.18400E-06,-4.213E-03
-7.18350E-06,-4.213E-03
-7.18300E-06,-4.213E-03
-7.18250E-06,-4.613E-03
-7.18200E-06,-4.613E-03
-7.18150E-06,-4.613E-03
-7.18100E-06,-4.613E-03
-7.18050E-06,-4.613E-03
-7.18000E-06,-4.613E-03
-7.17950E-06,-4.613E-03
-7.17900E-06,-5.013E-03
-7.17850E-06,-4.613E-03
-7.17800E-06,-4.613E-03
-7.17750E-06,-5.013E-03
-7.17700E-06,-5.013E-03
-7.17650E-06,-5.013E-03
-7.17600E-06,-4.613E-03
-7.17550E-06,-4.613E-03
-7.17500E-06,-5.013E-03
-7.17450E-06,-5.013E-03
-7.17400E-06,-5.013E-03
-7.17350E-06,-5.013E-03
-7.17300E-06,-5.413E-03
-7.17250E-06,-5.413E-03
-7.17200E-06,-5.413E-03
-7.17150E-06,-5.013E-03
-7.17100E-06,-5.413E-03
-7.17050E-06,-5.413E-03
-7.17000E-06,-5.413E-03
-7.16950E-06,-5.413E-03
-7.16900E-06,-5.413E-03
-7.16850E-06,-5.413E-03
-7.16800E-06,-5.413E-03
-7.16750E-06,-5.813E-03
-7.16700E-06,-5.813E-03
-7.16650E-06,-5.813E-03
-7.16600E-06,-5.413E-03
-7.16550E-06,-5.813E-03
-7.16500E-06,-5.413E-03
-7.16450E-06,-5.813E-03
-7.16400E-06,-5.413E-03
-7.16350E-06,-5.813E-03
-7.16300E-06,-5.813E-03
-7.16250E-06,-6.213E-03
-7.16200E-06,-6.213E-03
-7.16150E-06,-6.213E-03
-7.16100E-06,-6.213E-03
-7.16050E-06,-6.213E-03
-7.16000E-06,-6.213E-03
-7.15950E-06,-6.213E-03
-7.15900E-06,-6.213E-03
-7.15850E-06,-6.213E-03
-7.15800E-06,-6.213E-03
-7.15750E-06,-6.213E-03
-7.15700E-06,-6.213E-03
-7.15650E-06,-6.613E-03
-7.15600E-06,-6.613E-03
-7.15550E-06,-7.013E-03
-7.15500E-06,-7.013E-03
-7.15450E-06,-7.013E-03
-7.15400E-06,-7.013E-03
-7.15350E-06,-7.013E-03
-7.15300E-06,-7.013E-03
-7.15250E-06,-7.013E-03
-7.15200E-06,-6.613E-03
-7.15150E-06,-6.613E-03
-7.15100E-06,-7.013E-03
-7.15050E-06,-7.013E-03
-7.15000E-06,-7.013E-03
-7.14950E-06,-7.013E-03
-7.14900E-06,-7.413E-03
-7.14850E-06,-7.413E-03
-7.14800E-06,-7.413E-03
-7.14750E-06,-7.413E-03
-7.14700E-06,-7.413E-03
-7.14650E-06,-7.413E-03
-7.14600E-06,-7.013E-03
-7.14550E-06,-7.013E-03
-7.14500E-06,-7.413E-03
-7.14450E-06,-7.413E-03
-7.14400E-06,-7.413E-03
-7.14350E-06,-7.413E-03
-7.14300E-06,-7.413E-03
-7.14250E-06,-7.413E-03
-7.14200E-06,-7.813E-03
-7.14150E-06,-7.813E-03
-7.14100E-06,-7.813E-03
-7.14050E-06,-7.813E-03
-7.14000E-06,-8.213E-03
-7.13950E-06,-7.813E-03
-7.13900E-06,-7.813E-03
-7.13850E-06,-7.813E-03
-7.13800E-06,-7.813E-03
-7.13750E-06,-7.813E-03
-7.13700E-06,-7.813E-03
-7.13650E-06,-7.813E-03
-7.13600E-06,-7.813E-03
-7.13550E-06,-7.813E-03
-7.13500E-06,-8.213E-03
-7.13450E-06,-7.813E-03
-7.13400E-06,-7.813E-03
-7.13350E-06,-7.813E-03
-7.13300E-06,-8.213E-03
-7.13250E-06,-8.613E-03
-7.13200E-06,-8.613E-03
-7.13150E-06,-8.213E-03
-7.13100E-06,-8.613E-03
-7.13050E-06,-8.213E-03
-7.13000E-06,-8.613E-03
-7.12950E-06,-8.613E-03
-7.12900E-06,-8.213E-03
-7.12850E-06,-8.213E-03
-7.12800E-06,-8.613E-03
-7.12750E-06,-8.613E-03
-7.12700E-06,-8.613E-03
-7.12650E-06,-9.013E-03
-7.12600E-06,-8.613E-03
-7.12550E-06,-9.013E-03
-7.12500E-06,-8.613E-03
-7.12450E-06,-8.613E-03
-7.12400E-06,-8.613E-03
-7.12350E-06,-8.613E-03
-7.12300E-06,-8.613E-03
-7.12250E-06,-8.613E-03
-7.12200E-06,-8.613E-03
-7.12150E-06,-8.613E-03
-7.12100E-06,-9.013E-03
-7.12050E-06,-9.013E-03
-7.12000E-06,-9.013E-03
-7.11950E-06,-9.413E-03
-7.11900E-06,-9.013E-03
-7.11850E-06,-9.013E-03
-7.11800E-06,-9.013E-03
-7.11750E-06,-9.413E-03
-7.11700E-06,-9.013E-03
-7.11650E-06,-9.413E-03
-7.11600E-06,-9.413E-03
-7.11550E-06,-9.413E-03
-7.11500E-06,-9.413E-03
-7.11450E-06,-9.413E-03
-7.11400E-06,-9.413E-03
-7.11350E-06,-9.013E-03
-7.11300E-06,-9.813E-03
-7.11250E-06,-9.413E-03
-7.11200E-06,-9.413E-03
-7.11150E-06,-9.413E-03
-7.11100E-06,-9.413E-03
-7.11050E-06,-9.413E-03
-7.11000E-06,-9.813E-03
-7.10950E-06,-1.021E-02
-7.10900E-06,-9.813E-03
-7.10850E-06,-1.021E-02
-7.10800E-06,-1.021E-02
-7.10750E-06,-1.021E-02
-7.10700E-06,-1.021E-02
-7.10650E-06,-1.021E-02
-7.10600E-06,-9.813E-03
-7.10550E-06,-9.813E-03
-7.10500E-06,-9.813E-03
-7.10450E-06,-9.813E-03
-7.10400E-06,-1.021E-02
-7.10350E-06,-1.021E-02
-7.10300E-06,-1.021E-02
-7.10250E-06,-1.061E-02
-7.10200E-06,-1.061E-02
-7.10150E-06,-1.021E-02
-7.10100E-06,-1.021E-02
-7.10050E-06,-1.061E-02
-7.10000E-06,-1.101E-02
-7.09950E-06,-1.061E-02
-7.09900E-06,-1.061E-02
-7.09850E-06,-1.061E-02
-7.09800E-06,-1.061E-02
-7.09750E-06,-1.061E-02
-7.09700E-06,-1.061E-02
-7.09650E-06,-1.061E-02
-7.09600E-06,-1.101E-02
-7.09550E-06,-1.101E-02
-7.09500E-06,-1.101E-02
-7.09450E-06,-1.101E-02
-7.09400E-06,-1.101E-02
-7.09350E-06,-1.101E-02
-7.09300E-06,-1.101E-02
-7.09250E-06,-1.101E-02
-7.09200E-06,-1.101E-02
-7.09150E-06,-1.101E-02
-7.09100E-06,-1.101E-02
-7.09050E-06,-1.101E-02
-7.09000E-06,-1.141E-02
-7.08950E-06,-1.101E-02
-7.08900E-06,-1.141E-02
-7.08850E-06,-1.141E-02
-7.08800E-06,-1.141E-02
-7.08750E-06,-1.181E-02
-7.08700E-06,-1.141E-02
-7.08650E-06,-1.141E-02
-7.08600E-06,-1.101E-02
-7.08550E-06,-1.141E-02
-7.08500E-06,-1.101E-02
-7.08450E-06,-1.141E-02
-7.08400E-06,-1.101E-02
-7.08350E-06,-1.181E-02
-7.08300E-06,-1.141E-02
-7.08250E-06,-1.181E-02
-7.08200E-06,-1.181E-02
-7.08150E-06,-1.181E-02
-7.08100E-06,-1.181E-02
-7.08050E-06,-1.181E-02
-7.08000E-06,-1.181E-02
-7.07950E-06,-1.181E-02
-7.07900E-06,-1.181E-02
-7.07850E-06,-1.221E-02
-7.07800E-06,-1.181E-02
-7.07750E-06,-1.221E-02
-7.07700E-06,-1.221E-02
-7.07650E-06,-1.221E-02
-7.07600E-06,-1.221E-02
-7.07550E-06,-1.221E-02
-7.07500E-06,-1.261E-02
-7.07450E-06,-1.261E-02
-7.07400E-06,-1.221E-02
-7.07350E-06,-1.261E-02
-7.07300E-06,-1.221E-02
-7.07250E-06,-1.261E-02
-7.07200E-06,-1.261E-02
-7.07150E-06,-1.261E-02
-7.07100E-06,-1.221E-02
-7.07050E-06,-1.261E-02
-7.07000E-06,-1.261E-02
-7.06950E-06,-1.261E-02
-7.06900E-06,-1.301E-02
-7.06850E-06,-1.301E-02
-7.06800E-06,-1.261E-02
-7.06750E-06,-1.301E-02
-7.06700E-06,-1.261E-02
-7.06650E-06,-1.301E-02
-7.06600E-06,-1.301E-02
-7.06550E-06,-1.261E-02
-7.06500E-06,-1.261E-02
-7.06450E-06,-1.261E-02
-7.06400E-06,-1.221E-02
-7.06350E-06,-1.301E-02
-7.06300E-06,-1.261E-02
-7.06250E-06,-1.301E-02
-7.06200E-06,-1.301E-02
-7.06150E-06,-1.301E-02
-7.06100E-06,-1.301E-02
-7.06050E-06,-1.301E-02
-7.06000E-06,-1.301E-02
-7.05950E-06,-1.341E-02
-7.05900E-06,-1.301E-02
-7.05850E-06,-1.301E-02
-7.05800E-06,-1.341E-02
-7.05750E-06,-1.341E-02
-7.05700E-06,-1.341E-02
-7.05650E-06,-1.381E-02
-7.05600E-06,-1.381E-02
-7.05550E-06,-1.341E-02
-7.05500E-06,-1.341E-02
-7.05450E-06,-1.341E-02
-7.05400E-06,-1.341E-02
-7.05350E-06,-1.341E-02
-7.05300E-06,-1.341E-02
-7.05250E-06,-1.381E-02
-7.05200E-06,-1.381E-02
-7.05150E-06,-1.381E-02
-7.05100E-06,-1.421E-02
-7.05050E-06,-1.381E-02
-7.05000E-06,-1.381E-02
-7.04950E-06,-1.421E-02
-7.04900E-06,-1.381E-02
-7.04850E-06,-1.381E-02
-7.04800E-06,-1.381E-02
-7.04750E-06,-1.421E-02
-7.04700E-06,-1.381E-02
-7.04650E-06,-1.421E-02
-7.04600E-06,-1.421E-02
-7.04550E-06,-1.421E-02
-7.04500E-06,-1.421E-02
-7.04450E-06,-1.421E-02
-7.04400E-06,-1.381E-02
-7.04350E-06,-1.421E-02
-7.04300E-06,-1.421E-02
-7.04250E-06,-1.421E-02
-7.04200E-06,-1.421E-02
-7.04150E-06,-1.421E-02
-7.04100E-06,-1.421E-02
-7.04050E-06,-1.461E-02
-7.04000E-06,-1.461E-02
-7.03950E-06,-1.421E-02
-7.03900E-06,-1.421E-02
-7.03850E-06,-1.461E-02
-7.03800E-06,-1.461E-02
-7.03750E-06,-1.461E-02
-7.03700E-06,-1.461E-02
-7.03650E-06,-1.461E-02
-7.03600E-06,-1.461E-02
-7.03550E-06,-1.461E-02
-7.03500E-06,-1.461E-02
-7.03450E-06,-1.461E-02
-7.03400E-06,-1.501E-02
-7.03350E-06,-1.501E-02
-7.03300E-06,-1.501E-02
-7.03250E-06,-1.501E-02
-7.03200E-06,-1.501E-02
-7.03150E-06,-1.501E-02
-7.03100E-06,-1.501E-02
-7.03050E-06,-1.501E-02
-7.03000E-06,-1.501E-02
-7.02950E-06,-1.501E-02
-7.02900E-06,-1.501E-02
-7.02850E-06,-1.541E-02
-7.02800E-06,-1.501E-02
-7.02750E-06,-1.541E-02
-7.02700E-06,-1.501E-02
-7.02650E-06,-1.501E-02
-7.02600E-06,-1.541E-02
-7.02550E-06,-1.501E-02
-7.02500E-06,-1.541E-02
-7.02450E-06,-1.541E-02
-7.02400E-06,-1.501E-02
-7.02350E-06,-1.541E-02
-7.02300E-06,-1.541E-02
-7.02250E-06,-1.541E-02
-7.02200E-06,-1.501E-02
-7.02150E-06,-1.541E-02
-7.02100E-06,-1.581E-02
-7.02050E-06,-1.541E-02
-7.02000E-06,-1.581E-02
-7.01950E-06,-1.581E-02
-7.01900E-06,-1.541E-02
-7.01850E-06,-1.541E-02
-7.01800E-06,-1.541E-02
-7.01750E-06,-1.541E-02
-7.01700E-06,-1.541E-02
-7.01650E-06,-1.541E-02
-7.01600E-06,-1.541E-02
-7.01550E-06,-1.541E-02
-7.01500E-06,-1.581E-02
-7.01450E-06,-1.581E-02
-7.01400E-06,-1.581E-02
-7.01350E-06,-1.621E-02
-7.01300E-06,-1.581E-02
-7.01250E-06,-1.581E-02
-7.01200E-06,-1.581E-02
-7.01150E-06,-1.581E-02
-7.01100E-06,-1.581E-02
-7.01050E-06,-1.621E-02
-7.01000E-06,-1.621E-02
-7.00950E-06,-1.661E-02
-7.00900E-06,-1.621E-02
-7.00850E-06,-1.661E-02
-7.00800E-06,-1.661E-02
-7.00750E-06,-1.661E-02
-7.00700E-06,-1.621E-02
-7.00650E-06,-1.621E-02
-7.00600E-06,-1.581E-02
-7.00550E-06,-1.621E-02
-7.00500E-06,-1.621E-02
-7.00450E-06,-1.621E-02
-7.00400E-06,-1.621E-02
-7.00350E-06,-1.661E-02
-7.00300E-06,-1.661E-02
-7.00250E-06,-1.661E-02
-7.00200E-06,-1.701E-02
-7.00150E-06,-1.701E-02
-7.00100E-06,-1.661E-02
-7.00050E-06,-1.701E-02
-7.00000E-06,-1.661E-02
-6.99950E-06,-1.661E-02
-6.99900E-06,-1.661E-02
-6.99850E-06,-1.661E-02
-6.99800E-06,-1.661E-02
-6.99750E-06,-1.661E-02
-6.99700E-06,-1.701E-02
-6.99650E-06,-1.701E-02
-6.99600E-06,-1.701E-02
-6.99550E-06,-1.701E-02
-6.99500E-06,-1.701E-02
-6.99450E-06,-1.701E-02
-6.99400E-06,-1.701E-02
-6.99350E-06,-1.701E-02
-6.99300E-06,-1.701E-02
-6.99250E-06,-1.701E-02
-6.99200E-06,-1.701E-02
-6.99150E-06,-1.701E-02
-6.99100E-06,-1.701E-02
-6.99050E-06,-1.741E-02
-6.99000E-06,-1.701E-02
-6.98950E-06,-1.701E-02
-6.98900E-06,-1.701E-02
-6.98850E-06,-1.701E-02
-6.98800E-06,-1.701E-02
-6.98750E-06,-1.701E-02
-6.98700E-06,-1.661E-02
-6.98650E-06,-1.701E-02
-6.98600E-06,-1.701E-02
-6.98550E-06,-1.701E-02
-6.98500E-06,-1.701E-02
-6.98450E-06,-1.741E-02
-6.98400E-06,-1.741E-02
-6.98350E-06,-1.741E-02
-6.98300E-06,-1.741E-02
-6.98250E-06,-1.741E-02
-6.98200E-06,-1.741E-02
-6.98150E-06,-1.741E-02
-6.98100E-06,-1.741E-02
-6.98050E-06,-1.741E-02
-6.98000E-06,-1.741E-02
-6.97950E-06,-1.781E-02
-6.97900E-06,-1.741E-02
-6.97850E-06,-1.741E-02
-6.97800E-06,-1.741E-02
-6.97750E-06,-1.781E-02
-6.97700E-06,-1.781E-02
-6.97650E-06,-1.781E-02
-6.97600E-06,-1.781E-02
-6.97550E-06,-1.781E-02
-6.97500E-06,-1.781E-02
-6.97450E-06,-1.781E-02
-6.97400E-06,-1.781E-02
-6.97350E-06,-1.781E-02
-6.97300E-06,-1.781E-02
-6.97250E-06,-1.781E-02
-6.97200E-06,-1.781E-02
-6.97150E-06,-1.821E-02
-6.97100E-06,-1.821E-02
-6.97050E-06,-1.821E-02
-6.97000E-06,-1.821E-02
-6.96950E-06,-1.821E-02
-6.96900E-06,-1.821E-02
-6.96850E-06,-1.821E-02
-6.96800E-06,-1.781E-02
-6.96750E-06,-1.821E-02
-6.96700E-06,-1.781E-02
-6.96650E-06,-1.821E-02
-6.96600E-06,-1.821E-02
-6.96550E-06,-1.821E-02
-6.96500E-06,-1.821E-02
-6.96450E-06,-1.821E-02
-6.96400E-06,-1.821E-02
-6.96350E-06,-1.861E-02
-6.96300E-06,-1.861E-02
-6.96250E-06,-1.861E-02
-6.96200E-06,-1.861E-02
-6.96150E-06,-1.861E-02
-6.96100E-06,-1.821E-02
-6.96050E-06,-1.821E-02
-6.96000E-06,-1.821E-02
-6.95950E-06,-1.821E-02
-6.95900E-06,-1.821E-02
-6.95850E-06,-1.781E-02
-6.95800E-06,-1.821E-02
-6.95750E-06,-1.861E-02
-6.95700E-06,-1.861E-02
-6.95650E-06,-1.861E-02
-6.95600E-06,-1.901E-02
-6.95550E-06,-1.901E-02
-6.95500E-06,-1.901E-02
-6.95450E-06,-1.901E-02
-6.95400E-06,-1.861E-02
-6.95350E-06,-1.901E-02
-6.95300E-06,-1.861E-02
-6.95250E-06,-1.861E-02
-6.95200E-06,-1.861E-02
-6.95150E-06,-1.861E-02
-6.95100E-06,-1.861E-02
-6.95050E-06,-1.861E-02
-6.95000E-06,-1.861E-02
-6.94950E-06,-1.861E-02
-6.94900E-06,-1.861E-02
-6.94850E-06,-1.861E-02
-6.94800E-06,-1.901E-02
-6.94750E-06,-1.901E-02
-6.94700E-06,-1.901E-02
-6.94650E-06,-1.901E-02
-6.94600E-06,-1.901E-02
-6.94550E-06,-1.901E-02
-6.94500E-06,-1.901E-02
-6.94450E-06,-1.861E-02
-6.94400E-06,-1.901E-02
-6.94350E-06,-1.901E-02
-6.94300E-06,-1.901E-02
-6.94250E-06,-1.901E-02
-6.94200E-06,-1.901E-02
-6.94150E-06,-1.901E-02
-6.94100E-06,-1.941E-02
-6.94050E-06,-1.901E-02
-6.94000E-06,-1.901E-02
-6.93950E-06,-1.941E-02
-6.93900E-06,-1.941E-02
-6.93850E-06,-1.941E-02
-6.93800E-06,-1.981E-02
-6.93750E-06,-1.941E-02
-6.93700E-06,-1.941E-02
-6.93650E-06,-1.941E-02
-6.93600E-06,-1.941E-02
-6.93550E-06,-1.941E-02
-6.93500E-06,-1.981E-02
-6.93450E-06,-1.941E-02
-6.93400E-06,-1.941E-02
-6.93350E-06,-1.941E-02
-6.93300E-06,-1.941E-02
-6.93250E-06,-1.941E-02
-6.93200E-06,-1.901E-02
-6.93150E-06,-1.941E-02
-6.93100E-06,-1.941E-02
-6.93050E-06,-1.941E-02
-6.93000E-06,-1.941E-02
-6.92950E-06,-1.941E-02
-6.92900E-06,-1.941E-02
-6.92850E-06,-1.941E-02
-6.92800E-06,-1.941E-02
-6.92750E-06,-1.981E-02
-6.92700E-06,-1.941E-02
-6.92650E-06,-1.941E-02
-6.92600E-06,-1.981E-02
-6.92550E-06,-1.981E-02
-6.92500E-06,-1.981E-02
-6.92450E-06,-1.981E-02
-6.92400E-06,-1.981E-02
-6.92350E-06,-2.021E-02
-6.92300E-06,-2.021E-02
-6.92250E-06,-2.021E-02
-6.92200E-06,-2.021E-02
-6.92150E-06,-2.021E-02
-6.92100E-06,-1.981E-02
-6.92050E-06,-1.981E-02
-6.92000E-06,-2.021E-02
-6.91950E-06,-2.021E-02
-6.91900E-06,-2.021E-02
-6.91850E-06,-2.021E-02
-6.91800E-06,-2.021E-02
-6.91750E-06,-1.981E-02
-6.91700E-06,-2.021E-02
-6.91650E-06,-2.021E-02
-6.91600E-06,-2.021E-02
-6.91550E-06,-2.021E-02
-6.91500E-06,-2.021E-02
-6.91450E-06,-2.021E-02
-6.91400E-06,-2.061E-02
-6.91350E-06,-2.021E-02
-6.91300E-06,-2.021E-02
-6.91250E-06,-1.941E-02
-6.91200E-06,-1.981E-02
-6.91150E-06,-1.981E-02
-6.91100E-06,-1.981E-02
-6.91050E-06,-1.981E-02
-6.91000E-06,-1.981E-02
-6.90950E-06,-2.021E-02
-6.90900E-06,-2.061E-02
-6.90850E-06,-2.021E-02
-6.90800E-06,-2.021E-02
-6.90750E-06,-2.021E-02
-6.90700E-06,-2.021E-02
-6.90650E-06,-1.981E-02
-6.90600E-06,-1.981E-02
-6.90550E-06,-2.021E-02
-6.90500E-06,-2.021E-02
-6.90450E-06,-2.021E-02
-6.90400E-06,-2.021E-02
-6.90350E-06,-2.021E-02
-6.90300E-06,-2.021E-02
-6.90250E-06,-2.061E-02
-6.90200E-06,-2.061E-02
-6.90150E-06,-2.061E-02
-6.90100E-06,-2.061E-02
-6.90050E-06,-2.061E-02
-6.90000E-06,-2.061E-02
-6.89950E-06,-2.021E-02
-6.89900E-06,-2.061E-02
-6.89850E-06,-2.061E-02
-6.89800E-06,-2.021E-02
-6.89750E-06,-2.021E-02
-6.89700E-06,-2.061E-02
-6.89650E-06,-2.061E-02
-6.89600E-06,-2.061E-02
-6.89550E-06,-2.061E-02
-6.89500E-06,-2.061E-02
-6.89450E-06,-2.101E-02
-6.89400E-06,-2.061E-02
-6.89350E-06,-2.061E-02
-6.89300E-06,-2.061E-02
-6.89250E-06,-2.061E-02
-6.89200E-06,-2.061E-02
-6.89150E-06,-2.061E-02
-6.89100E-06,-2.061E-02
-6.89050E-06,-2.061E-02
-6.89000E-06,-2.101E-02
-6.88950E-06,-2.061E-02
-6.88900E-06,-2.101E-02
-6.88850E-06,-2.061E-02
-6.88800E-06,-2.061E-02
-6.88750E-06,-2.101E-02
-6.88700E-06,-2.101E-02
-6.88650E-06,-2.101E-02
-6.88600E-06,-2.101E-02
-6.88550E-06,-2.061E-02
-6.88500E-06,-2.101E-02
-6.88450E-06,-2.061E-02
-6.88400E-06,-2.061E-02
-6.88350E-06,-2.061E-02
-6.88300E-06,-2.101E-02
-6.88250E-06,-2.101E-02
-6.88200E-06,-2.101E-02
-6.88150E-06,-2.061E-02
-6.88100E-06,-2.101E-02
-6.88050E-06,-2.061E-02
-6.88000E-06,-2.101E-02
-6.87950E-06,-2.061E-02
-6.87900E-06,-2.061E-02
-6.87850E-06,-2.101E-02
-6.87800E-06,-2.061E-02
-6.87750E-06,-2.101E-02
-6.87700E-06,-2.141E-02
-6.87650E-06,-2.101E-02
-6.87600E-06,-2.101E-02
-6.87550E-06,-2.101E-02
-6.87500E-06,-2.101E-02
-6.87450E-06,-2.101E-02
-6.87400E-06,-2.101E-02
-6.87350E-06,-2.101E-02
-6.87300E-06,-2.101E-02
-6.87250E-06,-2.101E-02
-6.87200E-06,-2.101E-02
-6.87150E-06,-2.101E-02
-6.87100E-06,-2.101E-02
-6.87050E-06,-2.101E-02
-6.87000E-06,-2.101E-02
-6.86950E-06,-2.101E-02
-6.86900E-06,-2.141E-02
-6.86850E-06,-2.101E-02
-6.86800E-06,-2.141E-02
-6.86750E-06,-2.141E-02
-6.86700E-06,-2.141E-02
-6.86650E-06,-2.101E-02
-6.86600E-06,-2.101E-02
-6.86550E-06,-2.061E-02
-6.86500E-06,-2.101E-02
-6.86450E-06,-2.101E-02
-6.86400E-06,-2.101E-02
-6.86350E-06,-2.101E-02
-6.86300E-06,-2.141E-02
-6.86250E-06,-2.141E-02
-6.86200E-06,-2.141E-02
-6.86150E-06,-2.141E-02
-6.86100E-06,-2.141E-02
-6.86050E-06,-2.101E-02
-6.86000E-06,-2.141E-02
-6.85950E-06,-2.101E-02
-6.85900E-06,-2.141E-02
-6.85850E-06,-2.101E-02
-6.85800E-06,-2.101E-02
-6.85750E-06,-2.141E-02
-6.85700E-06,-2.141E-02
-6.85650E-06,-2.141E-02
-6.85600E-06,-2.141E-02
-6.85550E-06,-2.141E-02
-6.85500E-06,-2.141E-02
-6.85450E-06,-2.101E-02
-6.85400E-06,-2.101E-02
-6.85350E-06,-2.101E-02
-6.85300E-06,-2.101E-02
-6.85250E-06,-2.101E-02
-6.85200E-06,-2.101E-02
-6.85150E-06,-2.101E-02
-6.85100E-06,-2.141E-02
-6.85050E-06,-2.101E-02
-6.85000E-06,-2.141E-02
-6.84950E-06,-2.141E-02
-6.84900E-06,-2.141E-02
-6.84850E-06,-2.141E-02
-6.84800E-06,-2.141E-02
-6.84750E-06,-2.141E-02
-6.84700E-06,-2.141E-02
-6.84650E-06,-2.141E-02
-6.84600E-06,-2.101E-02
-6.84550E-06,-2.101E-02
-6.84500E-06,-2.141E-02
-6.84450E-06,-2.141E-02
-6.84400E-06,-2.141E-02
-6.84350E-06,-2.141E-02
-6.84300E-06,-2.141E-02
-6.84250E-06,-2.101E-02
-6.84200E-06,-2.141E-02
-6.84150E-06,-2.101E-02
-6.84100E-06,-2.141E-02
-6.84050E-06,-2.101E-02
-6.84000E-06,-2.101E-02
-6.83950E-06,-2.101E-02
-6.83900E-06,-2.101E-02
-6.83850E-06,-2.101E-02
-6.83800E-06,-2.141E-02
-6.83750E-06,-2.101E-02
-6.83700E-06,-2.141E-02
-6.83650E-06,-2.101E-02
-6.83600E-06,-2.101E-02
-6.83550E-06,-2.101E-02
-6.83500E-06,-2.141E-02
-6.83450E-06,-2.141E-02
-6.83400E-06,-2.141E-02
-6.83350E-06,-2.141E-02
-6.83300E-06,-2.141E-02
-6.83250E-06,-2.141E-02
-6.83200E-06,-2.141E-02
-6.83150E-06,-2.101E-02
-6.83100E-06,-2.141E-02
-6.83050E-06,-2.101E-02
-6.83000E-06,-2.101E-02
-6.82950E-06,-2.101E-02
-6.82900E-06,-2.141E-02
-6.82850E-06,-2.101E-02
-6.82800E-06,-2.141E-02
-6.82750E-06,-2.101E-02
-6.82700E-06,-2.141E-02
-6.82650E-06,-2.061E-02
-6.82600E-06,-2.101E-02
-6.82550E-06,-2.101E-02
-6.82500E-06,-2.101E-02
-6.82450E-06,-2.101E-02
-6.82400E-06,-2.141E-02
-6.82350E-06,-2.141E-02
-6.82300E-06,-2.141E-02
-6.82250E-06,-2.141E-02
-6.82200E-06,-2.181E-02
-6.82150E-06,-2.141E-02
-6.82100E-06,-2.181E-02
-6.82050E-06,-2.141E-02
-6.82000E-06,-2.181E-02
-6.81950E-06,-2.181E-02
-6.81900E-06,-2.181E-02
-6.81850E-06,-2.141E-02
-6.81800E-06,-2.181E-02
-6.81750E-06,-2.181E-02
-6.81700E-06,-2.181E-02
-6.81650E-06,-2.181E-02
-6.81600E-06,-2.181E-02
-6.81550E-06,-2.181E-02
-6.81500E-06,-2.181E-02
-6.81450E-06,-2.181E-02
-6.81400E-06,-2.181E-02
-6.81350E-06,-2.141E-02
-6.81300E-06,-2.181E-02
-6.81250E-06,-2.141E-02
-6.81200E-06,-2.141E-02
-6.81150E-06,-2.101E-02
-6.81100E-06,-2.101E-02
-6.81050E-06,-2.101E-02
-6.81000E-06,-2.141E-02
-6.80950E-06,-2.141E-02
-6.80900E-06,-2.181E-02
-6.80850E-06,-2.181E-02
-6.80800E-06,-2.181E-02
-6.80750E-06,-2.141E-02
-6.80700E-06,-2.141E-02
-6.80650E-06,-2.141E-02
-6.80600E-06,-2.141E-02
-6.80550E-06,-2.101E-02
-6.80500E-06,-2.101E-02
-6.80450E-06,-2.101E-02
-6.80400E-06,-2.141E-02
-6.80350E-06,-2.141E-02
-6.80300E-06,-2.141E-02
-6.80250E-06,-2.141E-02
-6.80200E-06,-2.141E-02
-6.80150E-06,-2.141E-02
-6.80100E-06,-2.141E-02
-6.80050E-06,-2.141E-02
-6.80000E-06,-2.141E-02
-6.79950E-06,-2.141E-02
-6.79900E-06,-2.181E-02
-6.79850E-06,-2.141E-02
-6.79800E-06,-2.141E-02
-6.79750E-06,-2.141E-02
-6.79700E-06,-2.141E-02
-6.79650E-06,-2.141E-02
-6.79600E-06,-2.141E-02
-6.79550E-06,-2.141E-02
-6.79500E-06,-2.181E-02
-6.79450E-06,-2.101E-02
-6.79400E-06,-2.141E-02
-6.79350E-06,-2.101E-02
-6.79300E-06,-2.141E-02
-6.79250E-06,-2.141E-02
-6.79200E-06,-2.141E-02
-6.79150E-06,-2.141E-02
-6.79100E-06,-2.141E-02
-6.79050E-06,-2.141E-02
-6.79000E-06,-2.141E-02
-6.78950E-06,-2.141E-02
-6.78900E-06,-2.141E-02
-6.78850E-06,-2.141E-02
-6.78800E-06,-2.101E-02
-6.78750E-06,-2.141E-02
-6.78700E-06,-2.141E-02
-6.78650E-06,-2.141E-02
-6.78600E-06,-2.101E-02
-6.78550E-06,-2.101E-02
-6.78500E-06,-2.101E-02
-6.78450E-06,-2.101E-02
-6.78400E-06,-2.101E-02
-6.78350E-06,-2.101E-02
-6.78300E-06,-2.141E-02
-6.78250E-06,-2.101E-02
-6.78200E-06,-2.141E-02
-6.78150E-06,-2.101E-02
-6.78100E-06,-2.141E-02
-6.78050E-06,-2.101E-02
-6.78000E-06,-2.101E-02
-6.77950E-06,-2.141E-02
-6.77900E-06,-2.141E-02
-6.77850E-06,-2.101E-02
-6.77800E-06,-2.101E-02
-6.77750E-06,-2.101E-02
-6.77700E-06,-2.101E-02
-6.77650E-06,-2.101E-02
-6.77600E-06,-2.101E-02
-6.77550E-06,-2.101E-02
-6.77500E-06,-2.101E-02
-6.77450E-06,-2.101E-02
-6.77400E-06,-2.061E-02
-6.77350E-06,-2.101E-02
-6.77300E-06,-2.101E-02
-6.77250E-06,-2.101E-02
-6.77200E-06,-2.141E-02
-6.77150E-06,-2.101E-02
-6.77100E-06,-2.101E-02
-6.77050E-06,-2.101E-02
-6.77000E-06,-2.141E-02
-6.76950E-06,-2.101E-02
-6.76900E-06,-2.141E-02
-6.76850E-06,-2.141E-02
-6.76800E-06,-2.101E-02
-6.76750E-06,-2.141E-02
-6.76700E-06,-2.101E-02
-6.76650E-06,-2.101E-02
-6.76600E-06,-2.101E-02
-6.76550E-06,-2.101E-02
-6.76500E-06,-2.101E-02
-6.76450E-06,-2.061E-02
-6.76400E-06,-2.101E-02
-6.76350E-06,-2.061E-02
-6.76300E-06,-2.101E-02
-6.76250E-06,-2.101E-02
-6.76200E-06,-2.101E-02
-6.76150E-06,-2.101E-02
-6.76100E-06,-2.101E-02
-6.76050E-06,-2.101E-02
-6.76000E-06,-2.101E-02
-6.75950E-06,-2.101E-02
-6.75900E-06,-2.101E-02
-6.75850E-06,-2.061E-02
-6.75800E-06,-2.061E-02
-6.75750E-06,-2.061E-02
-6.75700E-06,-2.101E-02
-6.75650E-06,-2.101E-02
-6.75600E-06,-2.141E-02
-6.75550E-06,-2.101E-02
-6.75500E-06,-2.101E-02
-6.75450E-06,-2.101E-02
-6.75400E-06,-2.061E-02
-6.75350E-06,-2.061E-02
-6.75300E-06,-2.061E-02
-6.75250E-06,-2.061E-02
-6.75200E-06,-2.061E-02
-6.75150E-06,-2.061E-02
-6.75100E-06,-2.061E-02
-6.75050E-06,-2.061E-02
-6.75000E-06,-2.101E-02
-6.74950E-06,-2.061E-02
-6.74900E-06,-2.101E-02
-6.74850E-06,-2.061E-02
-6.74800E-06,-2.101E-02
-6.74750E-06,-2.101E-02
-6.74700E-06,-2.101E-02
-6.74650E-06,-2.101E-02
-6.74600E-06,-2.101E-02
-6.74550E-06,-2.061E-02
-6.74500E-06,-2.061E-02
-6.74450E-06,-2.101E-02
-6.74400E-06,-2.101E-02
-6.74350E-06,-2.061E-02
-6.74300E-06,-2.061E-02
-6.74250E-06,-2.061E-02
-6.74200E-06,-2.101E-02
-6.74150E-06,-2.061E-02
-6.74100E-06,-2.061E-02
-6.74050E-06,-2.061E-02
-6.74000E-06,-2.061E-02
-6.73950E-06,-2.061E-02
-6.73900E-06,-2.061E-02
-6.73850E-06,-2.021E-02
-6.73800E-06,-2.021E-02
-6.73750E-06,-2.021E-02
-6.73700E-06,-2.021E-02
-6.73650E-06,-2.021E-02
-6.73600E-06,-2.021E-02
-6.73550E-06,-2.021E-02
-6.73500E-06,-2.021E-02
-6.73450E-06,-2.021E-02
-6.73400E-06,-2.061E-02
-6.73350E-06,-2.061E-02
-6.73300E-06,-2.061E-02
-6.73250E-06,-2.061E-02
-6.73200E-06,-2.061E-02
-6.73150E-06,-2.021E-02
-6.73100E-06,-2.061E-02
-6.73050E-06,-2.021E-02
-6.73000E-06,-2.061E-02
-6.72950E-06,-2.021E-02
-6.72900E-06,-2.021E-02
-6.72850E-06,-2.021E-02
-6.72800E-06,-2.061E-02
-6.72750E-06,-2.021E-02
-6.72700E-06,-2.021E-02
-6.72650E-06,-2.021E-02
-6.72600E-06,-2.021E-02
-6.72550E-06,-1.981E-02
-6.72500E-06,-1.981E-02
-6.72450E-06,-1.941E-02
-6.72400E-06,-2.021E-02
-6.72350E-06,-1.981E-02
-6.72300E-06,-2.021E-02
-6.72250E-06,-2.021E-02
-6.72200E-06,-2.021E-02
-6.72150E-06,-2.021E-02
-6.72100E-06,-2.021E-02
-6.72050E-06,-2.021E-02
-6.72000E-06,-1.981E-02
-6.71950E-06,-1.981E-02
-6.71900E-06,-2.021E-02
-6.71850E-06,-1.981E-02
-6.71800E-06,-1.981E-02
-6.71750E-06,-1.981E-02
-6.71700E-06,-1.981E-02
-6.71650E-06,-1.981E-02
-6.71600E-06,-1.981E-02
-6.71550E-06,-2.021E-02
-6.71500E-06,-2.021E-02
-6.71450E-06,-1.981E-02
-6.71400E-06,-2.021E-02
-6.71350E-06,-2.021E-02
-6.71300E-06,-2.021E-02
-6.71250E-06,-1.981E-02
-6.71200E-06,-1.941E-02
-6.71150E-06,-1.941E-02
-6.71100E-06,-1.941E-02
-6.71050E-06,-1.981E-02
-6.71000E-06,-1.981E-02
-6.70950E-06,-1.941E-02
-6.70900E-06,-1.981E-02
-6.70850E-06,-1.981E-02
-6.70800E-06,-2.021E-02
-6.70750E-06,-1.981E-02
-6.70700E-06,-1.981E-02
-6.70650E-06,-1.941E-02
-6.70600E-06,-1.941E-02
-6.70550E-06,-1.941E-02
-6.70500E-06,-1.941E-02
-6.70450E-06,-1.941E-02
-6.70400E-06,-1.941E-02
-6.70350E-06,-1.941E-02
-6.70300E-06,-1.941E-02
-6.70250E-06,-1.941E-02
-6.70200E-06,-1.941E-02
-6.70150E-06,-1.941E-02
-6.70100E-06,-1.981E-02
-6.70050E-06,-1.941E-02
-6.70000E-06,-1.981E-02
-6.69950E-06,-1.941E-02
-6.69900E-06,-1.941E-02
-6.69850E-06,-1.941E-02
-6.69800E-06,-1.941E-02
-6.69750E-06,-1.901E-02
-6.69700E-06,-1.941E-02
-6.69650E-06,-1.901E-02
-6.69600E-06,-1.941E-02
-6.69550E-06,-1.941E-02
-6.69500E-06,-1.941E-02
-6.69450E-06,-1.941E-02
-6.69400E-06,-1.941E-02
-6.69350E-06,-1.941E-02
-6.69300E-06,-1.901E-02
-6.69250E-06,-1.901E-02
-6.69200E-06,-1.941E-02
-6.69150E-06,-1.901E-02
-6.69100E-06,-1.901E-02
-6.69050E-06,-1.861E-02
-6.69000E-06,-1.901E-02
-6.68950E-06,-1.861E-02
-6.68900E-06,-1.861E-02
-6.68850E-06,-1.861E-02
-6.68800E-06,-1.821E-02
-6.68750E-06,-1.861E-02
-6.68700E-06,-1.861E-02
-6.68650E-06,-1.821E-02
-6.68600E-06,-1.861E-02
-6.68550E-06,-1.861E-02
-6.68500E-06,-1.861E-02
-6.68450E-06,-1.861E-02
-6.68400E-06,-1.901E-02
-6.68350E-06,-1.901E-02
-6.68300E-06,-1.901E-02
-6.68250E-06,-1.901E-02
-6.68200E-06,-1.861E-02
-6.68150E-06,-1.861E-02
-6.68100E-06,-1.821E-02
-6.68050E-06,-1.861E-02
-6.68000E-06,-1.861E-02
-6.67950E-06,-1.861E-02
-6.67900E-06,-1.821E-02
-6.67850E-06,-1.861E-02
-6.67800E-06,-1.861E-02
-6.67750E-06,-1.861E-02
-6.67700E-06,-1.821E-02
-6.67650E-06,-1.861E-02
-6.67600E-06,-1.861E-02
-6.67550E-06,-1.821E-02
-6.67500E-06,-1.861E-02
-6.67450E-06,-1.861E-02
-6.67400E-06,-1.861E-02
-6.67350E-06,-1.821E-02
-6.67300E-06,-1.861E-02
-6.67250E-06,-1.861E-02
-6.67200E-06,-1.821E-02
-6.67150E-06,-1.861E-02
-6.67100E-06,-1.821E-02
-6.67050E-06,-1.821E-02
-6.67000E-06,-1.821E-02
-6.66950E-06,-1.821E-02
-6.66900E-06,-1.821E-02
-6.66850E-06,-1.821E-02
-6.66800E-06,-1.821E-02
-6.66750E-06,-1.781E-02
-6.66700E-06,-1.821E-02
-6.66650E-06,-1.821E-02
-6.66600E-06,-1.821E-02
-6.66550E-06,-1.821E-02
-6.66500E-06,-1.781E-02
-6.66450E-06,-1.781E-02
-6.66400E-06,-1.781E-02
-6.66350E-06,-1.821E-02
-6.66300E-06,-1.781E-02
-6.66250E-06,-1.781E-02
-6.66200E-06,-1.821E-02
-6.66150E-06,-1.781E-02
-6.66100E-06,-1.781E-02
-6.66050E-06,-1.781E-02
-6.66000E-06,-1.781E-02
-6.65950E-06,-1.781E-02
-6.65900E-06,-1.741E-02
-6.65850E-06,-1.741E-02
-6.65800E-06,-1.741E-02
-6.65750E-06,-1.741E-02
-6.65700E-06,-1.741E-02
-6.65650E-06,-1.741E-02
-6.65600E-06,-1.741E-02
-6.65550E-06,-1.741E-02
-6.65500E-06,-1.741E-02
-6.65450E-06,-1.741E-02
-6.65400E-06,-1.741E-02
-6.65350E-06,-1.741E-02
-6.65300E-06,-1.701E-02
-6.65250E-06,-1.741E-02
-6.65200E-06,-1.701E-02
-6.65150E-06,-1.741E-02
-6.65100E-06,-1.701E-02
-6.65050E-06,-1.701E-02
-6.65000E-06,-1.661E-02
-6.64950E-06,-1.701E-02
-6.64900E-06,-1.701E-02
-6.64850E-06,-1.701E-02
-6.64800E-06,-1.701E-02
-6.64750E-06,-1.701E-02
-6.64700E-06,-1.701E-02
-6.64650E-06,-1.701E-02
-6.64600E-06,-1.701E-02
-6.64550E-06,-1.701E-02
-6.64500E-06,-1.661E-02
-6.64450E-06,-1.701E-02
-6.64400E-06,-1.661E-02
-6.64350E-06,-1.661E-02
-6.64300E-06,-1.701E-02
-6.64250E-06,-1.661E-02
-6.64200E-06,-1.661E-02
-6.64150E-06,-1.661E-02
-6.64100E-06,-1.661E-02
-6.64050E-06,-1.661E-02
-6.64000E-06,-1.661E-02
-6.63950E-06,-1.661E-02
-6.63900E-06,-1.661E-02
-6.63850E-06,-1.661E-02
-6.63800E-06,-1.661E-02
-6.63750E-06,-1.661E-02
-6.63700E-06,-1.661E-02
-6.63650E-06,-1.661E-02
-6.63600E-06,-1.661E-02
-6.63550E-06,-1.661E-02
-6.63500E-06,-1.621E-02
-6.63450E-06,-1.661E-02
-6.63400E-06,-1.661E-02
-6.63350E-06,-1.661E-02
-6.63300E-06,-1.661E-02
-6.63250E-06,-1.661E-02
-6.63200E-06,-1.661E-02
-6.63150E-06,-1.661E-02
-6.63100E-06,-1.661E-02
-6.63050E-06,-1.661E-02
-6.63000E-06,-1.661E-02
-6.62950E-06,-1.661E-02
-6.62900E-06,-1.661E-02
-6.62850E-06,-1.621E-02
-6.62800E-06,-1.661E-02
-6.62750E-06,-1.661E-02
-6.62700E-06,-1.621E-02
-6.62650E-06,-1.621E-02
-6.62600E-06,-1.621E-02
-6.62550E-06,-1.621E-02
-6.62500E-06,-1.621E-02
-6.62450E-06,-1.621E-02
-6.62400E-06,-1.621E-02
-6.62350E-06,-1.621E-02
-6.62300E-06,-1.621E-02
-6.62250E-06,-1.581E-02
-6.62200E-06,-1.581E-02
-6.62150E-06,-1.581E-02
-6.62100E-06,-1.581E-02
-6.62050E-06,-1.581E-02
-6.62000E-06,-1.581E-02
-6.61950E-06,-1.581E-02
-6.61900E-06,-1.541E-02
-6.61850E-06,-1.581E-02
-6.61800E-06,-1.581E-02
-6.61750E-06,-1.581E-02
-6.61700E-06,-1.581E-02
-6.61650E-06,-1.541E-02
-6.61600E-06,-1.581E-02
-6.61550E-06,-1.581E-02
-6.61500E-06,-1.581E-02
-6.61450E-06,-1.581E-02
-6.61400E-06,-1.581E-02
-6.61350E-06,-1.501E-02
-6.61300E-06,-1.541E-02
-6.61250E-06,-1.501E-02
-6.61200E-06,-1.461E-02
-6.61150E-06,-1.461E-02
-6.61100E-06,-1.461E-02
-6.61050E-06,-1.501E-02
-6.61000E-06,-1.501E-02
-6.60950E-06,-1.501E-02
-6.60900E-06,-1.501E-02
-6.60850E-06,-1.501E-02
-6.60800E-06,-1.541E-02
-6.60750E-06,-1.501E-02
-6.60700E-06,-1.461E-02
-6.60650E-06,-1.501E-02
-6.60600E-06,-1.461E-02
-6.60550E-06,-1.501E-02
-6.60500E-06,-1.501E-02
-6.60450E-06,-1.501E-02
-6.60400E-06,-1.501E-02
-6.60350E-06,-1.541E-02
-6.60300E-06,-1.501E-02
-6.60250E-06,-1.501E-02
-6.60200E-06,-1.501E-02
-6.60150E-06,-1.501E-02
-6.60100E-06,-1.501E-02
-6.60050E-06,-1.461E-02
-6.60000E-06,-1.461E-02
-6.59950E-06,-1.461E-02
-6.59900E-06,-1.461E-02
-6.59850E-06,-1.501E-02
-6.59800E-06,-1.461E-02
-6.59750E-06,-1.461E-02
-6.59700E-06,-1.501E-02
-6.59650E-06,-1.461E-02
-6.59600E-06,-1.421E-02
-6.59550E-06,-1.421E-02
-6.59500E-06,-1.421E-02
-6.59450E-06,-1.421E-02
-6.59400E-06,-1.421E-02
-6.59350E-06,-1.421E-02
-6.59300E-06,-1.421E-02
-6.59250E-06,-1.421E-02
-6.59200E-06,-1.421E-02
-6.59150E-06,-1.421E-02
-6.59100E-06,-1.381E-02
-6.59050E-06,-1.421E-02
-6.59000E-06,-1.381E-02
-6.58950E-06,-1.421E-02
-6.58900E-06,-1.381E-02
-6.58850E-06,-1.381E-02
-6.58800E-06,-1.421E-02
-6.58750E-06,-1.381E-02
-6.58700E-06,-1.381E-02
-6.58650E-06,-1.381E-02
-6.58600E-06,-1.381E-02
-6.58550E-06,-1.381E-02
-6.58500E-06,-1.341E-02
-6.58450E-06,-1.341E-02
-6.58400E-06,-1.381E-02
-6.58350E-06,-1.341E-02
-6.58300E-06,-1.341E-02
-6.58250E-06,-1.341E-02
-6.58200E-06,-1.341E-02
-6.58150E-06,-1.381E-02
-6.58100E-06,-1.341E-02
-6.58050E-06,-1.381E-02
-6.58000E-06,-1.341E-02
-6.57950E-06,-1.381E-02
-6.57900E-06,-1.341E-02
-6.57850E-06,-1.381E-02
-6.57800E-06,-1.341E-02
-6.57750E-06,-1.341E-02
-6.57700E-06,-1.301E-02
-6.57650E-06,-1.341E-02
-6.57600E-06,-1.341E-02
-6.57550E-06,-1.301E-02
-6.57500E-06,-1.301E-02
-6.57450E-06,-1.301E-02
-6.57400E-06,-1.261E-02
-6.57350E-06,-1.301E-02
-6.57300E-06,-1.301E-02
-6.57250E-06,-1.261E-02
-6.57200E-06,-1.301E-02
-6.57150E-06,-1.261E-02
-6.57100E-06,-1.261E-02
-6.57050E-06,-1.261E-02
-6.57000E-06,-1.261E-02
-6.56950E-06,-1.261E-02
-6.56900E-06,-1.221E-02
-6.56850E-06,-1.261E-02
-6.56800E-06,-1.261E-02
-6.56750E-06,-1.261E-02
-6.56700E-06,-1.261E-02
-6.56650E-06,-1.261E-02
-6.56600E-06,-1.221E-02
-6.56550E-06,-1.261E-02
-6.56500E-06,-1.221E-02
-6.56450E-06,-1.221E-02
-6.56400E-06,-1.221E-02
-6.56350E-06,-1.261E-02
-6.56300E-06,-1.261E-02
-6.56250E-06,-1.261E-02
-6.56200E-06,-1.261E-02
-6.56150E-06,-1.261E-02
-6.56100E-06,-1.261E-02
-6.56050E-06,-1.301E-02
-6.56000E-06,-1.261E-02
-6.55950E-06,-1.261E-02
-6.55900E-06,-1.181E-02
-6.55850E-06,-1.221E-02
-6.55800E-06,-1.221E-02
-6.55750E-06,-1.221E-02
-6.55700E-06,-1.221E-02
-6.55650E-06,-1.221E-02
-6.55600E-06,-1.221E-02
-6.55550E-06,-1.221E-02
-6.55500E-06,-1.221E-02
-6.55450E-06,-1.221E-02
-6.55400E-06,-1.221E-02
-6.55350E-06,-1.221E-02
-6.55300E-06,-1.181E-02
-6.55250E-06,-1.141E-02
-6.55200E-06,-1.181E-02
-6.55150E-06,-1.141E-02
-6.55100E-06,-1.141E-02
-6.55050E-06,-1.181E-02
-6.55000E-06,-1.181E-02
-6.54950E-06,-1.141E-02
-6.54900E-06,-1.141E-02
-6.54850E-06,-1.141E-02
-6.54800E-06,-1.141E-02
-6.54750E-06,-1.181E-02
-6.54700E-06,-1.141E-02
-6.54650E-06,-1.141E-02
-6.54600E-06,-1.181E-02
-6.54550E-06,-1.141E-02
-6.54500E-06,-1.141E-02
-6.54450E-06,-1.141E-02
-6.54400E-06,-1.101E-02
-6.54350E-06,-1.061E-02
-6.54300E-06,-1.061E-02
-6.54250E-06,-1.061E-02
-6.54200E-06,-1.061E-02
-6.54150E-06,-1.061E-02
-6.54100E-06,-1.021E-02
-6.54050E-06,-1.021E-02
-6.54000E-06,-1.061E-02
-6.53950E-06,-9.813E-03
-6.53900E-06,-9.813E-03
-6.53850E-06,-9.813E-03
-6.53800E-06,-9.813E-03
-6.53750E-06,-9.413E-03
-6.53700E-06,-9.813E-03
-6.53650E-06,-1.021E-02
-6.53600E-06,-9.813E-03
-6.53550E-06,-9.413E-03
-6.53500E-06,-1.021E-02
-6.53450E-06,-1.021E-02
-6.53400E-06,-1.021E-02
-6.53350E-06,-1.061E-02
-6.53300E-06,-1.061E-02
-6.53250E-06,-1.061E-02
-6.53200E-06,-1.061E-02
-6.53150E-06,-1.061E-02
-6.53100E-06,-1.061E-02
-6.53050E-06,-1.061E-02
-6.53000E-06,-1.061E-02
-6.52950E-06,-1.101E-02
-6.52900E-06,-1.101E-02
-6.52850E-06,-1.061E-02
-6.52800E-06,-1.101E-02
-6.52750E-06,-1.061E-02
-6.52700E-06,-1.021E-02
-6.52650E-06,-1.021E-02
-6.52600E-06,-1.021E-02
-6.52550E-06,-9.813E-03
-6.52500E-06,-9.813E-03
-6.52450E-06,-1.021E-02
-6.52400E-06,-9.813E-03
-6.52350E-06,-9.813E-03
-6.52300E-06,-9.813E-03
-6.52250E-06,-9.413E-03
-6.52200E-06,-9.413E-03
-6.52150E-06,-9.013E-03
-6.52100E-06,-9.413E-03
-6.52050E-06,-9.413E-03
-6.52000E-06,-9.413E-03
-6.51950E-06,-9.413E-03
-6.51900E-06,-9.413E-03
-6.51850E-06,-9.013E-03
-6.51800E-06,-9.013E-03
-6.51750E-06,-9.413E-03
-6.51700E-06,-9.013E-03
-6.51650E-06,-9.413E-03
-6.51600E-06,-9.413E-03
-6.51550E-06,-9.413E-03
-6.51500E-06,-9.413E-03
-6.51450E-06,-9.413E-03
-6.51400E-06,-9.413E-03
-6.51350E-06,-9.013E-03
-6.51300E-06,-8.613E-03
-6.51250E-06,-8.613E-03
-6.51200E-06,-8.213E-03
-6.51150E-06,-8.213E-03
-6.51100E-06,-8.213E-03
-6.51050E-06,-8.213E-03
-6.51000E-06,-7.813E-03
-6.50950E-06,-8.213E-03
-6.50900E-06,-8.213E-03
-6.50850E-06,-8.613E-03
-6.50800E-06,-8.213E-03
-6.50750E-06,-7.813E-03
-6.50700E-06,-8.213E-03
-6.50650E-06,-7.813E-03
-6.50600E-06,-7.813E-03
-6.50550E-06,-7.813E-03
-6.50500E-06,-8.213E-03
-6.50450E-06,-8.213E-03
-6.50400E-06,-8.213E-03
-6.50350E-06,-9.013E-03
-6.50300E-06,-8.613E-03
-6.50250E-06,-8.213E-03
-6.50200E-06,-8.613E-03
-6.50150E-06,-8.613E-03
-6.50100E-06,-8.613E-03
-6.50050E-06,-8.213E-03
-6.50000E-06,-8.213E-03
-6.49950E-06,-8.213E-03
-6.49900E-06,-8.213E-03
-6.49850E-06,-8.213E-03
-6.49800E-06,-8.213E-03
-6.49750E-06,-8.213E-03
-6.49700E-06,-7.813E-03
-6.49650E-06,-7.813E-03
-6.49600E-06,-7.813E-03
-6.49550E-06,-7.813E-03
-6.49500E-06,-7.413E-03
-6.49450E-06,-7.413E-03
-6.49400E-06,-7.413E-03
-6.49350E-06,-7.013E-03
-6.49300E-06,-7.413E-03
-6.49250E-06,-7.413E-03
-6.49200E-06,-7.413E-03
-6.49150E-06,-7.413E-03
-6.49100E-06,-7.413E-03
-6.49050E-06,-7.413E-03
-6.49000E-06,-7.413E-03
-6.48950E-06,-7.413E-03
-6.48900E-06,-7.413E-03
-6.48850E-06,-7.413E-03
-6.48800E-06,-7.013E-03
-6.48750E-06,-7.013E-03
-6.48700E-06,-6.613E-03
-6.48650E-06,-7.013E-03
-6.48600E-06,-6.613E-03
-6.48550E-06,-7.013E-03
-6.48500E-06,-6.613E-03
-6.48450E-06,-7.013E-03
-6.48400E-06,-6.613E-03
-6.48350E-06,-6.613E-03
-6.48300E-06,-6.613E-03
-6.48250E-06,-6.613E-03
-6.48200E-06,-6.213E-03
-6.48150E-06,-6.213E-03
-6.48100E-06,-6.213E-03
-6.48050E-06,-6.213E-03
-6.48000E-06,-6.213E-03
-6.47950E-06,-6.213E-03
-6.47900E-06,-5.813E-03
-6.47850E-06,-6.213E-03
-6.47800E-06,-6.213E-03
-6.47750E-06,-5.813E-03
-6.47700E-06,-6.213E-03
-6.47650E-06,-6.213E-03
-6.47600E-06,-6.613E-03
-6.47550E-06,-6.613E-03
-6.47500E-06,-6.213E-03
-6.47450E-06,-6.613E-03
-6.47400E-06,-6.613E-03
-6.47350E-06,-6.213E-03
-6.47300E-06,-6.213E-03
-6.47250E-06,-6.213E-03
-6.47200E-06,-5.813E-03
-6.47150E-06,-6.213E-03
-6.47100E-06,-5.813E-03
-6.47050E-06,-6.213E-03
-6.47000E-06,-5.813E-03
-6.46950E-06,-5.813E-03
-6.46900E-06,-5.413E-03
-6.46850E-06,-5.813E-03
-6.46800E-06,-5.413E-03
-6.46750E-06,-5.413E-03
-6.46700E-06,-5.413E-03
-6.46650E-06,-5.413E-03
-6.46600E-06,-5.013E-03
-6.46550E-06,-5.013E-03
-6.46500E-06,-5.013E-03
-6.46450E-06,-5.013E-03
-6.46400E-06,-5.013E-03
-6.46350E-06,-5.413E-03
-6.46300E-06,-5.013E-03
-6.46250E-06,-5.013E-03
-6.46200E-06,-5.413E-03
-6.46150E-06,-5.413E-03
-6.46100E-06,-5.413E-03
-6.46050E-06,-5.413E-03
-6.46000E-06,-5.413E-03
-6.45950E-06,-5.413E-03
-6.45900E-06,-5.013E-03
-6.45850E-06,-5.013E-03
-6.45800E-06,-5.013E-03
-6.45750E-06,-5.013E-03
-6.45700E-06,-5.013E-03
-6.45650E-06,-5.013E-03
-6.45600E-06,-5.013E-03
-6.45550E-06,-5.013E-03
-6.45500E-06,-4.613E-03
-6.45450E-06,-4.613E-03
-6.45400E-06,-4.613E-03
-6.45350E-06,-4.613E-03
-6.45300E-06,-4.613E-03
-6.45250E-06,-4.213E-03
-6.45200E-06,-4.213E-03
-6.45150E-06,-4.213E-03
-6.45100E-06,-4.213E-03
-6.45050E-06,-4.213E-03
-6.45000E-06,-4.213E-03
-6.44950E-06,-4.213E-03
-6.44900E-06,-4.213E-03
-6.44850E-06,-4.213E-03
-6.44800E-06,-3.813E-03
-6.44750E-06,-4.213E-03
-6.44700E-06,-4.213E-03
-6.44650E-06,-4.213E-03
-6.44600E-06,-3.813E-03
-6.44550E-06,-4.213E-03
-6.44500E-06,-3.813E-03
-6.44450E-06,-3.813E-03
-6.44400E-06,-3.813E-03
-6.44350E-06,-3.813E-03
-6.44300E-06,-3.413E-03
-6.44250E-06,-3.413E-03
-6.44200E-06,-3.413E-03
-6.44150E-06,-3.413E-03
-6.44100E-06,-3.413E-03
-6.44050E-06,-3.413E-03
-6.44000E-06,-3.413E-03
-6.43950E-06,-3.413E-03
-6.43900E-06,-3.413E-03
-6.43850E-06,-3.413E-03
-6.43800E-06,-3.413E-03
-6.43750E-06,-3.013E-03
-6.43700E-06,-3.013E-03
-6.43650E-06,-3.413E-03
-6.43600E-06,-3.013E-03
-6.43550E-06,-3.013E-03
-6.43500E-06,-3.013E-03
-6.43450E-06,-3.013E-03
-6.43400E-06,-2.613E-03
-6.43350E-06,-2.613E-03
-6.43300E-06,-3.013E-03
-6.43250E-06,-3.013E-03
-6.43200E-06,-3.013E-03
-6.43150E-06,-3.013E-03
-6.43100E-06,-2.613E-03
-6.43050E-06,-3.013E-03
-6.43000E-06,-2.613E-03
-6.42950E-06,-2.613E-03
-6.42900E-06,-2.613E-03
-6.42850E-06,-2.613E-03
-6.42800E-06,-2.213E-03
-6.42750E-06,-2.213E-03
-6.42700E-06,-2.613E-03
-6.42650E-06,-2.613E-03
-6.42600E-06,-2.613E-03
-6.42550E-06,-2.213E-03
-6.42500E-06,-2.213E-03
-6.42450E-06,-2.613E-03
-6.42400E-06,-2.613E-03
-6.42350E-06,-1.813E-03
-6.42300E-06,-2.213E-03
-6.42250E-06,-2.213E-03
-6.42200E-06,-2.213E-03
-6.42150E-06,-2.613E-03
-6.42100E-06,-2.213E-03
-6.42050E-06,-2.213E-03
-6.42000E-06,-2.213E-03
-6.41950E-06,-2.213E-03
-6.41900E-06,-2.213E-03
-6.41850E-06,-2.213E-03
-6.41800E-06,-1.813E-03
-6.41750E-06,-1.813E-03
-6.41700E-06,-1.813E-03
-6.41650E-06,-1.813E-03
-6.41600E-06,-1.813E-03
-6.41550E-06,-1.413E-03
-6.41500E-06,-1.413E-03
-6.41450E-06,-1.413E-03
-6.41400E-06,-1.413E-03
-6.41350E-06,-1.013E-03
-6.41300E-06,-1.013E-03
-6.41250E-06,-1.013E-03
-6.41200E-06,-6.134E-04
-6.41150E-06,-6.134E-04
-6.41100E-06,-6.134E-04
-6.41050E-06,-6.134E-04
-6.41000E-06,-1.013E-03
-6.40950E-06,-1.013E-03
-6.40900E-06,-1.013E-03
-6.40850E-06,-6.134E-04
-6.40800E-06,-6.134E-04
-6.40750E-06,-6.134E-04
-6.40700E-06,-2.134E-04
-6.40650E-06,-6.134E-04
-6.40600E-06,-2.134E-04
-6.40550E-06,-2.134E-04
-6.40500E-06,-2.134E-04
-6.40450E-06,-2.134E-04
-6.40400E-06,-2.134E-04
-6.40350E-06,-2.134E-04
-6.40300E-06,-6.134E-04
-6.40250E-06,-6.134E-04
-6.40200E-06,-2.134E-04
-6.40150E-06,-6.134E-04
-6.40100E-06,-2.134E-04
-6.40050E-06,-2.134E-04
-6.40000E-06,1.866E-04
-6.39950E-06,-2.134E-04
-6.39900E-06,-2.134E-04
-6.39850E-06,-2.134E-04
-6.39800E-06,-2.134E-04
-6.39750E-06,-2.134E-04
-6.39700E-06,-2.134E-04
-6.39650E-06,-2.134E-04
-6.39600E-06,-2.134E-04
-6.39550E-06,-2.134E-04
-6.39500E-06,-2.134E-04
-6.39450E-06,-2.134E-04
-6.39400E-06,1.866E-04
-6.39350E-06,1.866E-04
-6.39300E-06,1.866E-04
-6.39250E-06,-2.134E-04
-6.39200E-06,1.866E-04
-6.39150E-06,1.866E-04
-6.39100E-06,1.866E-04
-6.39050E-06,1.866E-04
-6.39000E-06,1.866E-04
-6.38950E-06,1.866E-04
-6.38900E-06,1.866E-04
-6.38850E-06,1.866E-04
-6.38800E-06,1.866E-04
-6.38750E-06,5.866E-04
-6.38700E-06,5.866E-04
-6.38650E-06,5.866E-04
-6.38600E-06,5.866E-04
-6.38550E-06,9.866E-04
-6.38500E-06,9.866E-04
-6.38450E-06,5.866E-04
-6.38400E-06,9.866E-04
-6.38350E-06,9.866E-04
-6.38300E-06,9.866E-04
-6.38250E-06,9.866E-04
-6.38200E-06,9.866E-04
-6.38150E-06,9.866E-04
-6.38100E-06,9.866E-04
-6.38050E-06,9.866E-04
-6.38000E-06,9.866E-04
-6.37950E-06,9.866E-04
-6.37900E-06,9.866E-04
-6.37850E-06,9.866E-04
-6.37800E-06,1.387E-03
-6.37750E-06,1.387E-03
-6.37700E-06,1.387E-03
-6.37650E-06,1.387E-03
-6.37600E-06,1.387E-03
-6.37550E-06,1.387E-03
-6.37500E-06,1.787E-03
-6.37450E-06,1.787E-03
-6.37400E-06,1.787E-03
-6.37350E-06,1.787E-03
-6.37300E-06,2.187E-03
-6.37250E-06,2.187E-03
-6.37200E-06,2.187E-03
-6.37150E-06,2.187E-03
-6.37100E-06,2.187E-03
-6.37050E-06,2.187E-03
-6.37000E-06,2.187E-03
-6.36950E-06,2.187E-03
-6.36900E-06,2.187E-03
-6.36850E-06,1.787E-03
-6.36800E-06,2.187E-03
-6.36750E-06,1.787E-03
-6.36700E-06,2.187E-03
-6.36650E-06,2.187E-03
-6.36600E-06,2.187E-03
-6.36550E-06,2.587E-03
-6.36500E-06,2.587E-03
-6.36450E-06,2.587E-03
-6.36400E-06,2.587E-03
-6.36350E-06,2.587E-03
-6.36300E-06,2.987E-03
-6.36250E-06,2.587E-03
-6.36200E-06,2.587E-03
-6.36150E-06,2.587E-03
-6.36100E-06,2.587E-03
-6.36050E-06,2.587E-03
-6.36000E-06,2.587E-03
-6.35950E-06,2.987E-03
-6.35900E-06,2.987E-03
-6.35850E-06,2.987E-03
-6.35800E-06,2.987E-03
-6.35750E-06,2.587E-03
-6.35700E-06,2.987E-03
-6.35650E-06,2.587E-03
-6.35600E-06,2.987E-03
-6.35550E-06,2.587E-03
-6.35500E-06,2.587E-03
-6.35450E-06,2.587E-03
-6.35400E-06,2.987E-03
-6.35350E-06,2.987E-03
-6.35300E-06,3.387E-03
-6.35250E-06,3.387E-03
-6.35200E-06,3.387E-03
-6.35150E-06,3.387E-03
-6.35100E-06,3.387E-03
-6.35050E-06,3.387E-03
-6.35000E-06,3.387E-03
-6.34950E-06,3.387E-03
-6.34900E-06,3.387E-03
-6.34850E-06,3.787E-03
-6.34800E-06,3.387E-03
-6.34750E-06,3.787E-03
-6.34700E-06,3.387E-03
-6.34650E-06,3.787E-03
-6.34600E-06,3.387E-03
-6.34550E-06,3.787E-03
-6.34500E-06,3.787E-03
-6.34450E-06,3.387E-03
-6.34400E-06,3.787E-03
-6.34350E-06,3.787E-03
-6.34300E-06,3.787E-03
-6.34250E-06,3.787E-03
-6.34200E-06,3.787E-03
-6.34150E-06,3.787E-03
-6.34100E-06,3.787E-03
-6.34050E-06,4.187E-03
-6.34000E-06,4.187E-03
-6.33950E-06,4.187E-03
-6.33900E-06,4.587E-03
-6.33850E-06,4.587E-03
-6.33800E-06,4.587E-03
-6.33750E-06,4.587E-03
-6.33700E-06,4.587E-03
-6.33650E-06,4.587E-03
-6.33600E-06,4.987E-03
-6.33550E-06,4.987E-03
-6.33500E-06,4.987E-03
-6.33450E-06,4.587E-03
-6.33400E-06,4.987E-03
-6.33350E-06,4.587E-03
-6.33300E-06,4.587E-03
-6.33250E-06,4.587E-03
-6.33200E-06,4.987E-03
-6.33150E-06,4.587E-03
-6.33100E-06,4.987E-03
-6.33050E-06,4.987E-03
-6.33000E-06,4.987E-03
-6.32950E-06,4.987E-03
-6.32900E-06,4.987E-03
-6.32850E-06,4.987E-03
-6.32800E-06,5.387E-03
-6.32750E-06,4.987E-03
-6.32700E-06,5.387E-03
-6.32650E-06,5.387E-03
-6.32600E-06,5.387E-03
-6.32550E-06,5.387E-03
-6.32500E-06,5.387E-03
-6.32450E-06,5.387E-03
-6.32400E-06,5.387E-03
-6.32350E-06,5.387E-03
-6.32300E-06,5.387E-03
-6.32250E-06,5.387E-03
-6.32200E-06,5.387E-03
-6.32150E-06,5.787E-03
-6.32100E-06,5.387E-03
-6.32050E-06,5.387E-03
-6.32000E-06,5.387E-03
-6.31950E-06,5.787E-03
-6.31900E-06,6.187E-03
-6.31850E-06,5.787E-03
-6.31800E-06,6.187E-03
-6.31750E-06,5.787E-03
-6.31700E-06,6.187E-03
-6.31650E-06,6.187E-03
-6.31600E-06,6.187E-03
-6.31550E-06,6.187E-03
-6.31500E-06,6.187E-03
-6.31450E-06,6.187E-03
-6.31400E-06,6.187E-03
-6.31350E-06,6.587E-03
-6.31300E-06,6.587E-03
-6.31250E-06,6.587E-03
-6.31200E-06,6.587E-03
-6.31150E-06,6.587E-03
-6.31100E-06,6.587E-03
-6.31050E-06,6.587E-03
-6.31000E-06,6.587E-03
-6.30950E-06,6.587E-03
-6.30900E-06,6.587E-03
-6.30850E-06,6.187E-03
-6.30800E-06,6.187E-03
-6.30750E-06,6.587E-03
-6.30700E-06,6.587E-03
-6.30650E-06,6.587E-03
-6.30600E-06,6.987E-03
-6.30550E-06,6.987E-03
-6.30500E-06,6.987E-03
-6.30450E-06,6.587E-03
-6.30400E-06,6.587E-03
-6.30350E-06,6.587E-03
-6.30300E-06,6.587E-03
-6.30250E-06,6.587E-03
-6.30200E-06,6.587E-03
-6.30150E-06,6.587E-03
-6.30100E-06,6.987E-03
-6.30050E-06,6.987E-03
-6.30000E-06,6.987E-03
-6.29950E-06,6.987E-03
-6.29900E-06,7.387E-03
-6.29850E-06,7.387E-03
-6.29800E-06,7.387E-03
-6.29750E-06,6.987E-03
-6.29700E-06,7.387E-03
-6.29650E-06,7.387E-03
-6.29600E-06,7.787E-03
-6.29550E-06,7.787E-03
-6.29500E-06,7.787E-03
-6.29450E-06,7.787E-03
-6.29400E-06,8.187E-03
-6.29350E-06,7.787E-03
-6.29300E-06,7.787E-03
-6.29250E-06,7.787E-03
-6.29200E-06,7.787E-03
-6.29150E-06,7.387E-03
-6.29100E-06,7.787E-03
-6.29050E-06,7.387E-03
-6.29000E-06,7.387E-03
-6.28950E-06,7.787E-03
-6.28900E-06,7.387E-03
-6.28850E-06,7.787E-03
-6.28800E-06,7.787E-03
-6.28750E-06,7.787E-03
-6.28700E-06,8.187E-03
-6.28650E-06,8.187E-03
-6.28600E-06,8.187E-03
-6.28550E-06,7.787E-03
-6.28500E-06,7.787E-03
-6.28450E-06,7.787E-03
-6.28400E-06,8.187E-03
-6.28350E-06,8.187E-03
-6.28300E-06,8.187E-03
-6.28250E-06,8.187E-03
-6.28200E-06,8.187E-03
-6.28150E-06,8.187E-03
-6.28100E-06,8.587E-03
-6.28050E-06,8.187E-03
-6.28000E-06,8.187E-03
-6.27950E-06,8.587E-03
-6.27900E-06,8.587E-03
-6.27850E-06,8.587E-03
-6.27800E-06,8.587E-03
-6.27750E-06,8.587E-03
-6.27700E-06,8.587E-03
-6.27650E-06,8.587E-03
-6.27600E-06,8.987E-03
-6.27550E-06,8.987E-03
-6.27500E-06,8.987E-03
-6.27450E-06,8.987E-03
-6.27400E-06,8.987E-03
-6.27350E-06,9.387E-03
-6.27300E-06,8.987E-03
-6.27250E-06,9.387E-03
-6.27200E-06,9.387E-03
-6.27150E-06,9.387E-03
-6.27100E-06,9.387E-03
-6.27050E-06,9.387E-03
-6.27000E-06,8.987E-03
-6.26950E-06,8.987E-03
-6.26900E-06,8.987E-03
-6.26850E-06,8.987E-03
-6.26800E-06,8.987E-03
-6.26750E-06,8.987E-03
-6.26700E-06,8.987E-03
-6.26650E-06,9.387E-03
-6.26600E-06,8.987E-03
-6.26550E-06,9.387E-03
-6.26500E-06,9.387E-03
-6.26450E-06,9.787E-03
-6.26400E-06,9.787E-03
-6.26350E-06,9.387E-03
-6.26300E-06,8.987E-03
-6.26250E-06,9.387E-03
-6.26200E-06,9.387E-03
-6.26150E-06,9.387E-03
-6.26100E-06,9.787E-03
-6.26050E-06,9.387E-03
-6.26000E-06,9.787E-03
-6.25950E-06,9.787E-03
-6.25900E-06,9.787E-03
-6.25850E-06,9.787E-03
-6.25800E-06,9.787E-03
-6.25750E-06,9.787E-03
-6.25700E-06,9.787E-03
-6.25650E-06,9.787E-03
-6.25600E-06,9.787E-03
-6.25550E-06,9.787E-03
-6.25500E-06,9.787E-03
-6.25450E-06,9.787E-03
-6.25400E-06,1.019E-02
-6.25350E-06,1.019E-02
-6.25300E-06,1.019E-02
-6.25250E-06,1.019E-02
-6.25200E-06,1.019E-02
-6.25150E-06,1.019E-02
-6.25100E-06,1.019E-02
-6.25050E-06,1.059E-02
-6.25000E-06,1.019E-02
-6.24950E-06,1.019E-02
-6.24900E-06,1.059E-02
-6.24850E-06,1.059E-02
-6.24800E-06,1.019E-02
-6.24750E-06,1.059E-02
-6.24700E-06,1.059E-02
-6.24650E-06,1.059E-02
-6.24600E-06,1.019E-02
-6.24550E-06,1.059E-02
-6.24500E-06,1.059E-02
-6.24450E-06,1.059E-02
-6.24400E-06,1.059E-02
-6.24350E-06,1.099E-02
-6.24300E-06,1.099E-02
-6.24250E-06,1.099E-02
-6.24200E-06,1.099E-02
-6.24150E-06,1.099E-02
-6.24100E-06,1.099E-02
-6.24050E-06,1.099E-02
-6.24000E-06,1.099E-02
-6.23950E-06,1.099E-02
-6.23900E-06,1.099E-02
-6.23850E-06,1.099E-02
-6.23800E-06,1.099E-02
-6.23750E-06,1.099E-02
-6.23700E-06,1.099E-02
-6.23650E-06,1.139E-02
-6.23600E-06,1.139E-02
-6.23550E-06,1.139E-02
-6.23500E-06,1.139E-02
-6.23450E-06,1.139E-02
-6.23400E-06,1.139E-02
-6.23350E-06,1.139E-02
-6.23300E-06,1.099E-02
-6.23250E-06,1.099E-02
-6.23200E-06,1.099E-02
-6.23150E-06,1.139E-02
-6.23100E-06,1.099E-02
-6.23050E-06,1.139E-02
-6.23000E-06,1.139E-02
-6.22950E-06,1.139E-02
-6.22900E-06,1.179E-02
-6.22850E-06,1.139E-02
-6.22800E-06,1.139E-02
-6.22750E-06,1.139E-02
-6.22700E-06,1.179E-02
-6.22650E-06,1.219E-02
-6.22600E-06,1.179E-02
-6.22550E-06,1.179E-02
-6.22500E-06,1.179E-02
-6.22450E-06,1.219E-02
-6.22400E-06,1.179E-02
-6.22350E-06,1.219E-02
-6.22300E-06,1.179E-02
-6.22250E-06,1.219E-02
-6.22200E-06,1.219E-02
-6.22150E-06,1.219E-02
-6.22100E-06,1.219E-02
-6.22050E-06,1.219E-02
-6.22000E-06,1.219E-02
-6.21950E-06,1.219E-02
-6.21900E-06,1.219E-02
-6.21850E-06,1.219E-02
-6.21800E-06,1.179E-02
-6.21750E-06,1.219E-02
-6.21700E-06,1.219E-02
-6.21650E-06,1.219E-02
-6.21600E-06,1.219E-02
-6.21550E-06,1.179E-02
-6.21500E-06,1.219E-02
-6.21450E-06,1.219E-02
-6.21400E-06,1.219E-02
-6.21350E-06,1.259E-02
-6.21300E-06,1.259E-02
-6.21250E-06,1.259E-02
-6.21200E-06,1.259E-02
-6.21150E-06,1.299E-02
-6.21100E-06,1.259E-02
-6.21050E-06,1.299E-02
-6.21000E-06,1.259E-02
-6.20950E-06,1.259E-02
-6.20900E-06,1.219E-02
-6.20850E-06,1.259E-02
-6.20800E-06,1.219E-02
-6.20750E-06,1.259E-02
-6.20700E-06,1.299E-02
-6.20650E-06,1.299E-02
-6.20600E-06,1.299E-02
-6.20550E-06,1.299E-02
-6.20500E-06,1.259E-02
-6.20450E-06,1.299E-02
-6.20400E-06,1.259E-02
-6.20350E-06,1.299E-02
-6.20300E-06,1.259E-02
-6.20250E-06,1.299E-02
-6.20200E-06,1.259E-02
-6.20150E-06,1.339E-02
-6.20100E-06,1.299E-02
-6.20050E-06,1.339E-02
-6.20000E-06,1.299E-02
-6.19950E-06,1.299E-02
-6.19900E-06,1.339E-02
-6.19850E-06,1.339E-02
-6.19800E-06,1.299E-02
-6.19750E-06,1.339E-02
-6.19700E-06,1.299E-02
-6.19650E-06,1.339E-02
-6.19600E-06,1.339E-02
-6.19550E-06,1.339E-02
-6.19500E-06,1.299E-02
-6.19450E-06,1.339E-02
-6.19400E-06,1.339E-02
-6.19350E-06,1.339E-02
-6.19300E-06,1.339E-02
-6.19250E-06,1.339E-02
-6.19200E-06,1.339E-02
-6.19150E-06,1.339E-02
-6.19100E-06,1.339E-02
-6.19050E-06,1.379E-02
-6.19000E-06,1.379E-02
-6.18950E-06,1.379E-02
-6.18900E-06,1.339E-02
-6.18850E-06,1.379E-02
-6.18800E-06,1.339E-02
-6.18750E-06,1.379E-02
-6.18700E-06,1.339E-02
-6.18650E-06,1.379E-02
-6.18600E-06,1.379E-02
-6.18550E-06,1.379E-02
-6.18500E-06,1.379E-02
-6.18450E-06,1.379E-02
-6.18400E-06,1.379E-02
-6.18350E-06,1.379E-02
-6.18300E-06,1.379E-02
-6.18250E-06,1.379E-02
-6.18200E-06,1.379E-02
-6.18150E-06,1.419E-02
-6.18100E-06,1.379E-02
-6.18050E-06,1.419E-02
-6.18000E-06,1.379E-02
-6.17950E-06,1.419E-02
-6.17900E-06,1.419E-02
-6.17850E-06,1.419E-02
-6.17800E-06,1.379E-02
-6.17750E-06,1.419E-02
-6.17700E-06,1.419E-02
-6.17650E-06,1.419E-02
-6.17600E-06,1.419E-02
-6.17550E-06,1.419E-02
-6.17500E-06,1.419E-02
-6.17450E-06,1.419E-02
-6.17400E-06,1.419E-02
-6.17350E-06,1.459E-02
-6.17300E-06,1.419E-02
-6.17250E-06,1.459E-02
-6.17200E-06,1.419E-02
-6.17150E-06,1.419E-02
-6.17100E-06,1.419E-02
-6.17050E-06,1.459E-02
-6.17000E-06,1.419E-02
-6.16950E-06,1.459E-02
-6.16900E-06,1.459E-02
-6.16850E-06,1.459E-02
-6.16800E-06,1.459E-02
-6.16750E-06,1.459E-02
-6.16700E-06,1.459E-02
-6.16650E-06,1.459E-02
-6.16600E-06,1.499E-02
-6.16550E-06,1.499E-02
-6.16500E-06,1.499E-02
-6.16450E-06,1.539E-02
-6.16400E-06,1.499E-02
-6.16350E-06,1.499E-02
-6.16300E-06,1.499E-02
-6.16250E-06,1.499E-02
-6.16200E-06,1.499E-02
-6.16150E-06,1.499E-02
-6.16100E-06,1.499E-02
-6.16050E-06,1.539E-02
-6.16000E-06,1.499E-02
-6.15950E-06,1.539E-02
-6.15900E-06,1.539E-02
-6.15850E-06,1.539E-02
-6.15800E-06,1.499E-02
-6.15750E-06,1.539E-02
-6.15700E-06,1.499E-02
-6.15650E-06,1.539E-02
-6.15600E-06,1.459E-02
-6.15550E-06,1.459E-02
-6.15500E-06,1.459E-02
-6.15450E-06,1.499E-02
-6.15400E-06,1.499E-02
-6.15350E-06,1.539E-02
-6.15300E-06,1.539E-02
-6.15250E-06,1.539E-02
-6.15200E-06,1.579E-02
-6.15150E-06,1.579E-02
-6.15100E-06,1.579E-02
-6.15050E-06,1.579E-02
-6.15000E-06,1.579E-02
-6.14950E-06,1.579E-02
-6.14900E-06,1.579E-02
-6.14850E-06,1.579E-02
-6.14800E-06,1.539E-02
-6.14750E-06,1.539E-02
-6.14700E-06,1.539E-02
-6.14650E-06,1.539E-02
-6.14600E-06,1.539E-02
-6.14550E-06,1.579E-02
-6.14500E-06,1.539E-02
-6.14450E-06,1.579E-02
-6.14400E-06,1.539E-02
-6.14350E-06,1.539E-02
-6.14300E-06,1.579E-02
-6.14250E-06,1.579E-02
-6.14200E-06,1.579E-02
-6.14150E-06,1.539E-02
-6.14100E-06,1.539E-02
-6.14050E-06,1.539E-02
-6.14000E-06,1.499E-02
-6.13950E-06,1.539E-02
-6.13900E-06,1.579E-02
-6.13850E-06,1.579E-02
-6.13800E-06,1.579E-02
-6.13750E-06,1.579E-02
-6.13700E-06,1.579E-02
-6.13650E-06,1.579E-02
-6.13600E-06,1.579E-02
-6.13550E-06,1.619E-02
-6.13500E-06,1.579E-02
-6.13450E-06,1.619E-02
-6.13400E-06,1.619E-02
-6.13350E-06,1.619E-02
-6.13300E-06,1.579E-02
-6.13250E-06,1.619E-02
-6.13200E-06,1.619E-02
-6.13150E-06,1.579E-02
-6.13100E-06,1.579E-02
-6.13050E-06,1.619E-02
-6.13000E-06,1.619E-02
-6.12950E-06,1.619E-02
-6.12900E-06,1.619E-02
-6.12850E-06,1.619E-02
-6.12800E-06,1.579E-02
-6.12750E-06,1.619E-02
-6.12700E-06,1.619E-02
-6.12650E-06,1.659E-02
-6.12600E-06,1.619E-02
-6.12550E-06,1.619E-02
-6.12500E-06,1.579E-02
-6.12450E-06,1.619E-02
-6.12400E-06,1.579E-02
-6.12350E-06,1.619E-02
-6.12300E-06,1.619E-02
-6.12250E-06,1.619E-02
-6.12200E-06,1.579E-02
-6.12150E-06,1.659E-02
-6.12100E-06,1.659E-02
-6.12050E-06,1.659E-02
-6.12000E-06,1.659E-02
-6.11950E-06,1.659E-02
-6.11900E-06,1.659E-02
-6.11850E-06,1.659E-02
-6.11800E-06,1.659E-02
-6.11750E-06,1.699E-02
-6.11700E-06,1.659E-02
-6.11650E-06,1.659E-02
-6.11600E-06,1.619E-02
-6.11550E-06,1.619E-02
-6.11500E-06,1.619E-02
-6.11450E-06,1.619E-02
-6.11400E-06,1.659E-02
-6.11350E-06,1.659E-02
-6.11300E-06,1.659E-02
-6.11250E-06,1.699E-02
-6.11200E-06,1.659E-02
-6.11150E-06,1.699E-02
-6.11100E-06,1.699E-02
-6.11050E-06,1.659E-02
-6.11000E-06,1.659E-02
-6.10950E-06,1.659E-02
-6.10900E-06,1.619E-02
-6.10850E-06,1.619E-02
-6.10800E-06,1.659E-02
-6.10750E-06,1.619E-02
-6.10700E-06,1.659E-02
-6.10650E-06,1.659E-02
-6.10600E-06,1.699E-02
-6.10550E-06,1.659E-02
-6.10500E-06,1.699E-02
-6.10450E-06,1.699E-02
-6.10400E-06,1.699E-02
-6.10350E-06,1.659E-02
-6.10300E-06,1.699E-02
-6.10250E-06,1.659E-02
-6.10200E-06,1.699E-02
-6.10150E-06,1.699E-02
-6.10100E-06,1.699E-02
-6.10050E-06,1.699E-02
-6.10000E-06,1.699E-02
-6.09950E-06,1.699E-02
-6.09900E-06,1.699E-02
-6.09850E-06,1.739E-02
-6.09800E-06,1.739E-02
-6.09750E-06,1.739E-02
-6.09700E-06,1.739E-02
-6.09650E-06,1.739E-02
-6.09600E-06,1.739E-02
-6.09550E-06,1.699E-02
-6.09500E-06,1.739E-02
-6.09450E-06,1.739E-02
-6.09400E-06,1.699E-02
-6.09350E-06,1.699E-02
-6.09300E-06,1.699E-02
-6.09250E-06,1.699E-02
-6.09200E-06,1.659E-02
-6.09150E-06,1.739E-02
-6.09100E-06,1.699E-02
-6.09050E-06,1.699E-02
-6.09000E-06,1.699E-02
-6.08950E-06,1.699E-02
-6.08900E-06,1.699E-02
-6.08850E-06,1.739E-02
-6.08800E-06,1.699E-02
-6.08750E-06,1.699E-02
-6.08700E-06,1.699E-02
-6.08650E-06,1.739E-02
-6.08600E-06,1.739E-02
-6.08550E-06,1.739E-02
-6.08500E-06,1.739E-02
-6.08450E-06,1.779E-02
-6.08400E-06,1.779E-02
-6.08350E-06,1.739E-02
-6.08300E-06,1.739E-02
-6.08250E-06,1.779E-02
-6.08200E-06,1.739E-02
-6.08150E-06,1.739E-02
-6.08100E-06,1.779E-02
-6.08050E-06,1.779E-02
-6.08000E-06,1.779E-02
-6.07950E-06,1.779E-02
-6.07900E-06,1.739E-02
-6.07850E-06,1.739E-02
-6.07800E-06,1.739E-02
-6.07750E-06,1.779E-02
-6.07700E-06,1.779E-02
-6.07650E-06,1.779E-02
-6.07600E-06,1.739E-02
-6.07550E-06,1.739E-02
-6.07500E-06,1.779E-02
-6.07450E-06,1.739E-02
-6.07400E-06,1.779E-02
-6.07350E-06,1.739E-02
-6.07300E-06,1.739E-02
-6.07250E-06,1.739E-02
-6.07200E-06,1.739E-02
-6.07150E-06,1.699E-02
-6.07100E-06,1.739E-02
-6.07050E-06,1.699E-02
-6.07000E-06,1.699E-02
-6.06950E-06,1.739E-02
-6.06900E-06,1.739E-02
-6.06850E-06,1.779E-02
-6.06800E-06,1.779E-02
-6.06750E-06,1.739E-02
-6.06700E-06,1.739E-02
-6.06650E-06,1.739E-02
-6.06600E-06,1.779E-02
-6.06550E-06,1.779E-02
-6.06500E-06,1.779E-02
-6.06450E-06,1.779E-02
-6.06400E-06,1.739E-02
-6.06350E-06,1.779E-02
-6.06300E-06,1.779E-02
-6.06250E-06,1.779E-02
-6.06200E-06,1.779E-02
-6.06150E-06,1.739E-02
-6.06100E-06,1.739E-02
-6.06050E-06,1.779E-02
-6.06000E-06,1.779E-02
-6.05950E-06,1.819E-02
-6.05900E-06,1.779E-02
-6.05850E-06,1.819E-02
-6.05800E-06,1.819E-02
-6.05750E-06,1.779E-02
-6.05700E-06,1.779E-02
-6.05650E-06,1.779E-02
-6.05600E-06,1.739E-02
-6.05550E-06,1.779E-02
-6.05500E-06,1.739E-02
-6.05450E-06,1.779E-02
-6.05400E-06,1.779E-02
-6.05350E-06,1.779E-02
-6.05300E-06,1.779E-02
-6.05250E-06,1.779E-02
-6.05200E-06,1.739E-02
-6.05150E-06,1.779E-02
-6.05100E-06,1.779E-02
-6.05050E-06,1.779E-02
-6.05000E-06,1.779E-02
-6.04950E-06,1.779E-02
-6.04900E-06,1.779E-02
-6.04850E-06,1.779E-02
-6.04800E-06,1.779E-02
-6.04750E-06,1.779E-02
-6.04700E-06,1.779E-02
-6.04650E-06,1.779E-02
-6.04600E-06,1.779E-02
-6.04550E-06,1.779E-02
-6.04500E-06,1.779E-02
-6.04450E-06,1.779E-02
-6.04400E-06,1.779E-02
-6.04350E-06,1.779E-02
-6.04300E-06,1.819E-02
-6.04250E-06,1.779E-02
-6.04200E-06,1.779E-02
-6.04150E-06,1.779E-02
-6.04100E-06,1.819E-02
-6.04050E-06,1.779E-02
-6.04000E-06,1.819E-02
-6.03950E-06,1.819E-02
-6.03900E-06,1.819E-02
-6.03850E-06,1.779E-02
-6.03800E-06,1.819E-02
-6.03750E-06,1.819E-02
-6.03700E-06,1.819E-02
-6.03650E-06,1.819E-02
-6.03600E-06,1.819E-02
-6.03550E-06,1.819E-02
-6.03500E-06,1.819E-02
-6.03450E-06,1.819E-02
-6.03400E-06,1.779E-02
-6.03350E-06,1.779E-02
-6.03300E-06,1.779E-02
-6.03250E-06,1.779E-02
-6.03200E-06,1.779E-02
-6.03150E-06,1.819E-02
-6.03100E-06,1.779E-02
-6.03050E-06,1.819E-02
-6.03000E-06,1.819E-02
-6.02950E-06,1.819E-02
-6.02900E-06,1.819E-02
-6.02850E-06,1.819E-02
-6.02800E-06,1.819E-02
-6.02750E-06,1.819E-02
-6.02700E-06,1.819E-02
-6.02650E-06,1.819E-02
-6.02600E-06,1.819E-02
-6.02550E-06,1.819E-02
-6.02500E-06,1.819E-02
-6.02450E-06,1.819E-02
-6.02400E-06,1.819E-02
-6.02350E-06,1.819E-02
-6.02300E-06,1.779E-02
-6.02250E-06,1.819E-02
-6.02200E-06,1.779E-02
-6.02150E-06,1.819E-02
-6.02100E-06,1.779E-02
-6.02050E-06,1.819E-02
-6.02000E-06,1.779E-02
-6.01950E-06,1.779E-02
-6.01900E-06,1.779E-02
-6.01850E-06,1.819E-02
-6.01800E-06,1.779E-02
-6.01750E-06,1.779E-02
-6.01700E-06,1.779E-02
-6.01650E-06,1.779E-02
-6.01600E-06,1.779E-02
-6.01550E-06,1.779E-02
-6.01500E-06,1.779E-02
-6.01450E-06,1.779E-02
-6.01400E-06,1.779E-02
-6.01350E-06,1.779E-02
-6.01300E-06,1.779E-02
-6.01250E-06,1.779E-02
-6.01200E-06,1.819E-02
-6.01150E-06,1.779E-02
-6.01100E-06,1.819E-02
-6.01050E-06,1.779E-02
-6.01000E-06,1.779E-02
-6.00950E-06,1.819E-02
-6.00900E-06,1.779E-02
-6.00850E-06,1.779E-02
-6.00800E-06,1.779E-02
-6.00750E-06,1.779E-02
-6.00700E-06,1.779E-02
-6.00650E-06,1.779E-02
-6.00600E-06,1.779E-02
-6.00550E-06,1.819E-02
-6.00500E-06,1.819E-02
-6.00450E-06,1.819E-02
-6.00400E-06,1.779E-02
-6.00350E-06,1.819E-02
-6.00300E-06,1.779E-02
-6.00250E-06,1.779E-02
-6.00200E-06,1.779E-02
-6.00150E-06,1.739E-02
-6.00100E-06,1.779E-02
-6.00050E-06,1.819E-02
-6.00000E-06,1.819E-02
-5.99950E-06,1.819E-02
-5.99900E-06,1.819E-02
-5.99850E-06,1.819E-02
-5.99800E-06,1.819E-02
-5.99750E-06,1.819E-02
-5.99700E-06,1.779E-02
-5.99650E-06,1.779E-02
-5.99600E-06,1.779E-02
-5.99550E-06,1.819E-02
-5.99500E-06,1.779E-02
-5.99450E-06,1.739E-02
-5.99400E-06,1.739E-02
-5.99350E-06,1.779E-02
-5.99300E-06,1.779E-02
-5.99250E-06,1.779E-02
-5.99200E-06,1.739E-02
-5.99150E-06,1.779E-02
-5.99100E-06,1.739E-02
-5.99050E-06,1.779E-02
-5.99000E-06,1.779E-02
-5.98950E-06,1.779E-02
-5.98900E-06,1.779E-02
-5.98850E-06,1.819E-02
-5.98800E-06,1.779E-02
-5.98750E-06,1.819E-02
-5.98700E-06,1.779E-02
-5.98650E-06,1.779E-02
-5.98600E-06,1.779E-02
-5.98550E-06,1.739E-02
-5.98500E-06,1.739E-02
-5.98450E-06,1.779E-02
-5.98400E-06,1.739E-02
-5.98350E-06,1.739E-02
-5.98300E-06,1.779E-02
-5.98250E-06,1.779E-02
-5.98200E-06,1.739E-02
-5.98150E-06,1.779E-02
-5.98100E-06,1.779E-02
-5.98050E-06,1.779E-02
-5.98000E-06,1.819E-02
-5.97950E-06,1.779E-02
-5.97900E-06,1.779E-02
-5.97850E-06,1.779E-02
-5.97800E-06,1.779E-02
-5.97750E-06,1.779E-02
-5.97700E-06,1.739E-02
-5.97650E-06,1.739E-02
-5.97600E-06,1.739E-02
-5.97550E-06,1.739E-02
-5.97500E-06,1.739E-02
-5.97450E-06,1.779E-02
-5.97400E-06,1.739E-02
-5.97350E-06,1.779E-02
-5.97300E-06,1.779E-02
-5.97250E-06,1.779E-02
-5.97200E-06,1.779E-02
-5.97150E-06,1.739E-02
-5.97100E-06,1.779E-02
-5.97050E-06,1.779E-02
-5.97000E-06,1.779E-02
-5.96950E-06,1.739E-02
-5.96900E-06,1.739E-02
-5.96850E-06,1.739E-02
-5.96800E-06,1.739E-02
-5.96750E-06,1.739E-02
-5.96700E-06,1.739E-02
-5.96650E-06,1.739E-02
-5.96600E-06,1.779E-02
-5.96550E-06,1.779E-02
-5.96500E-06,1.739E-02
-5.96450E-06,1.779E-02
-5.96400E-06,1.779E-02
-5.96350E-06,1.779E-02
-5.96300E-06,1.739E-02
-5.96250E-06,1.739E-02
-5.96200E-06,1.739E-02
-5.96150E-06,1.739E-02
-5.96100E-06,1.739E-02
-5.96050E-06,1.739E-02
-5.96000E-06,1.739E-02
-5.95950E-06,1.779E-02
-5.95900E-06,1.739E-02
-5.95850E-06,1.739E-02
-5.95800E-06,1.779E-02
-5.95750E-06,1.739E-02
-5.95700E-06,1.739E-02
-5.95650E-06,1.739E-02
-5.95600E-06,1.699E-02
-5.95550E-06,1.739E-02
-5.95500E-06,1.699E-02
-5.95450E-06,1.739E-02
-5.95400E-06,1.699E-02
-5.95350E-06,1.739E-02
-5.95300E-06,1.699E-02
-5.95250E-06,1.739E-02
-5.95200E-06,1.699E-02
-5.95150E-06,1.699E-02
-5.95100E-06,1.739E-02
-5.95050E-06,1.739E-02
-5.95000E-06,1.699E-02
-5.94950E-06,1.739E-02
-5.94900E-06,1.739E-02
-5.94850E-06,1.739E-02
-5.94800E-06,1.739E-02
-5.94750E-06,1.699E-02
-5.94700E-06,1.739E-02
-5.94650E-06,1.699E-02
-5.94600E-06,1.699E-02
-5.94550E-06,1.699E-02
-5.94500E-06,1.739E-02
-5.94450E-06,1.739E-02
-5.94400E-06,1.699E-02
-5.94350E-06,1.739E-02
-5.94300E-06,1.739E-02
-5.94250E-06,1.739E-02
-5.94200E-06,1.699E-02
-5.94150E-06,1.739E-02
-5.94100E-06,1.699E-02
-5.94050E-06,1.699E-02
-5.94000E-06,1.699E-02
-5.93950E-06,1.699E-02
-5.93900E-06,1.699E-02
-5.93850E-06,1.699E-02
-5.93800E-06,1.699E-02
-5.93750E-06,1.659E-02
-5.93700E-06,1.699E-02
-5.93650E-06,1.659E-02
-5.93600E-06,1.699E-02
-5.93550E-06,1.699E-02
-5.93500E-06,1.659E-02
-5.93450E-06,1.659E-02
-5.93400E-06,1.659E-02
-5.93350E-06,1.699E-02
-5.93300E-06,1.699E-02
-5.93250E-06,1.699E-02
-5.93200E-06,1.659E-02
-5.93150E-06,1.659E-02
-5.93100E-06,1.659E-02
-5.93050E-06,1.659E-02
-5.93000E-06,1.659E-02
-5.92950E-06,1.659E-02
-5.92900E-06,1.659E-02
-5.92850E-06,1.699E-02
-5.92800E-06,1.699E-02
-5.92750E-06,1.699E-02
-5.92700E-06,1.659E-02
-5.92650E-06,1.699E-02
-5.92600E-06,1.659E-02
-5.92550E-06,1.659E-02
-5.92500E-06,1.659E-02
-5.92450E-06,1.659E-02
-5.92400E-06,1.619E-02
-5.92350E-06,1.659E-02
-5.92300E-06,1.619E-02
-5.92250E-06,1.659E-02
-5.92200E-06,1.619E-02
-5.92150E-06,1.619E-02
-5.92100E-06,1.619E-02
-5.92050E-06,1.659E-02
-5.92000E-06,1.619E-02
-5.91950E-06,1.659E-02
-5.91900E-06,1.619E-02
-5.91850E-06,1.659E-02
-5.91800E-06,1.619E-02
-5.91750E-06,1.659E-02
-5.91700E-06,1.619E-02
-5.91650E-06,1.659E-02
-5.91600E-06,1.619E-02
-5.91550E-06,1.659E-02
-5.91500E-06,1.579E-02
-5.91450E-06,1.619E-02
-5.91400E-06,1.619E-02
-5.91350E-06,1.619E-02
-5.91300E-06,1.619E-02
-5.91250E-06,1.659E-02
-5.91200E-06,1.619E-02
-5.91150E-06,1.619E-02
-5.91100E-06,1.619E-02
-5.91050E-06,1.619E-02
-5.91000E-06,1.579E-02
-5.90950E-06,1.579E-02
-5.90900E-06,1.579E-02
-5.90850E-06,1.579E-02
-5.90800E-06,1.539E-02
-5.90750E-06,1.579E-02
-5.90700E-06,1.579E-02
-5.90650E-06,1.619E-02
-5.90600E-06,1.619E-02
-5.90550E-06,1.619E-02
-5.90500E-06,1.619E-02
-5.90450E-06,1.579E-02
-5.90400E-06,1.579E-02
-5.90350E-06,1.579E-02
-5.90300E-06,1.539E-02
-5.90250E-06,1.579E-02
-5.90200E-06,1.579E-02
-5.90150E-06,1.579E-02
-5.90100E-06,1.579E-02
-5.90050E-06,1.579E-02
-5.90000E-06,1.579E-02
-5.89950E-06,1.619E-02
-5.89900E-06,1.579E-02
-5.89850E-06,1.619E-02
-5.89800E-06,1.619E-02
-5.89750E-06,1.619E-02
-5.89700E-06,1.619E-02
-5.89650E-06,1.619E-02
-5.89600E-06,1.579E-02
-5.89550E-06,1.579E-02
-5.89500E-06,1.539E-02
-5.89450E-06,1.539E-02
-5.89400E-06,1.539E-02
-5.89350E-06,1.539E-02
-5.89300E-06,1.539E-02
-5.89250E-06,1.539E-02
-5.89200E-06,1.499E-02
-5.89150E-06,1.539E-02
-5.89100E-06,1.539E-02
-5.89050E-06,1.539E-02
-5.89000E-06,1.539E-02
-5.88950E-06,1.539E-02
-5.88900E-06,1.499E-02
-5.88850E-06,1.579E-02
-5.88800E-06,1.539E-02
-5.88750E-06,1.539E-02
-5.88700E-06,1.539E-02
-5.88650E-06,1.579E-02
-5.88600E-06,1.539E-02
-5.88550E-06,1.539E-02
-5.88500E-06,1.539E-02
-5.88450E-06,1.539E-02
-5.88400E-06,1.539E-02
-5.88350E-06,1.539E-02
-5.88300E-06,1.499E-02
-5.88250E-06,1.499E-02
-5.88200E-06,1.499E-02
-5.88150E-06,1.539E-02
-5.88100E-06,1.459E-02
-5.88050E-06,1.539E-02
-5.88000E-06,1.499E-02
-5.87950E-06,1.539E-02
-5.87900E-06,1.499E-02
-5.87850E-06,1.499E-02
-5.87800E-06,1.499E-02
-5.87750E-06,1.539E-02
-5.87700E-06,1.499E-02
-5.87650E-06,1.499E-02
-5.87600E-06,1.499E-02
-5.87550E-06,1.499E-02
-5.87500E-06,1.459E-02
-5.87450E-06,1.499E-02
-5.87400E-06,1.499E-02
-5.87350E-06,1.499E-02
-5.87300E-06,1.459E-02
-5.87250E-06,1.459E-02
-5.87200E-06,1.459E-02
-5.87150E-06,1.499E-02
-5.87100E-06,1.499E-02
-5.87050E-06,1.499E-02
-5.87000E-06,1.459E-02
-5.86950E-06,1.499E-02
-5.86900E-06,1.459E-02
-5.86850E-06,1.459E-02
-5.86800E-06,1.459E-02
-5.86750E-06,1.459E-02
-5.86700E-06,1.419E-02
-5.86650E-06,1.459E-02
-5.86600E-06,1.419E-02
-5.86550E-06,1.459E-02
-5.86500E-06,1.459E-02
-5.86450E-06,1.459E-02
-5.86400E-06,1.459E-02
-5.86350E-06,1.459E-02
-5.86300E-06,1.419E-02
-5.86250E-06,1.459E-02
-5.86200E-06,1.419E-02
-5.86150E-06,1.419E-02
-5.86100E-06,1.419E-02
-5.86050E-06,1.419E-02
-5.86000E-06,1.379E-02
-5.85950E-06,1.419E-02
-5.85900E-06,1.419E-02
-5.85850E-06,1.459E-02
-5.85800E-06,1.419E-02
-5.85750E-06,1.459E-02
-5.85700E-06,1.379E-02
-5.85650E-06,1.419E-02
-5.85600E-06,1.419E-02
-5.85550E-06,1.379E-02
-5.85500E-06,1.379E-02
-5.85450E-06,1.419E-02
-5.85400E-06,1.419E-02
-5.85350E-06,1.379E-02
-5.85300E-06,1.379E-02
-5.85250E-06,1.379E-02
-5.85200E-06,1.339E-02
-5.85150E-06,1.339E-02
-5.85100E-06,1.339E-02
-5.85050E-06,1.339E-02
-5.85000E-06,1.339E-02
-5.84950E-06,1.339E-02
-5.84900E-06,1.339E-02
-5.84850E-06,1.339E-02
-5.84800E-06,1.339E-02
-5.84750E-06,1.339E-02
-5.84700E-06,1.339E-02
-5.84650E-06,1.339E-02
-5.84600E-06,1.299E-02
-5.84550E-06,1.339E-02
-5.84500E-06,1.339E-02
-5.84450E-06,1.339E-02
-5.84400E-06,1.299E-02
-5.84350E-06,1.339E-02
-5.84300E-06,1.339E-02
-5.84250E-06,1.339E-02
-5.84200E-06,1.339E-02
-5.84150E-06,1.339E-02
-5.84100E-06,1.339E-02
-5.84050E-06,1.339E-02
-5.84000E-06,1.299E-02
-5.83950E-06,1.339E-02
-5.83900E-06,1.339E-02
-5.83850E-06,1.339E-02
-5.83800E-06,1.339E-02
-5.83750E-06,1.339E-02
-5.83700E-06,1.339E-02
-5.83650E-06,1.339E-02
-5.83600E-06,1.339E-02
-5.83550E-06,1.339E-02
-5.83500E-06,1.299E-02
-5.83450E-06,1.299E-02
-5.83400E-06,1.259E-02
-5.83350E-06,1.299E-02
-5.83300E-06,1.259E-02
-5.83250E-06,1.259E-02
-5.83200E-06,1.259E-02
-5.83150E-06,1.259E-02
-5.83100E-06,1.299E-02
-5.83050E-06,1.259E-02
-5.83000E-06,1.259E-02
-5.82950E-06,1.299E-02
-5.82900E-06,1.259E-02
-5.82850E-06,1.259E-02
-5.82800E-06,1.259E-02
-5.82750E-06,1.259E-02
-5.82700E-06,1.259E-02
-5.82650E-06,1.259E-02
-5.82600E-06,1.219E-02
-5.82550E-06,1.299E-02
-5.82500E-06,1.259E-02
-5.82450E-06,1.259E-02
-5.82400E-06,1.259E-02
-5.82350E-06,1.259E-02
-5.82300E-06,1.259E-02
-5.82250E-06,1.259E-02
-5.82200E-06,1.259E-02
-5.82150E-06,1.259E-02
-5.82100E-06,1.219E-02
-5.82050E-06,1.259E-02
-5.82000E-06,1.219E-02
-5.81950E-06,1.259E-02
-5.81900E-06,1.219E-02
-5.81850E-06,1.259E-02
-5.81800E-06,1.219E-02
-5.81750E-06,1.219E-02
-5.81700E-06,1.219E-02
-5.81650E-06,1.219E-02
-5.81600E-06,1.179E-02
-5.81550E-06,1.219E-02
-5.81500E-06,1.179E-02
-5.81450E-06,1.219E-02
-5.81400E-06,1.179E-02
-5.81350E-06,1.219E-02
-5.81300E-06,1.219E-02
-5.81250E-06,1.219E-02
-5.81200E-06,1.219E-02
-5.81150E-06,1.179E-02
-5.81100E-06,1.179E-02
-5.81050E-06,1.179E-02
-5.81000E-06,1.139E-02
-5.80950E-06,1.139E-02
-5.80900E-06,1.139E-02
-5.80850E-06,1.139E-02
-5.80800E-06,1.099E-02
-5.80750E-06,1.139E-02
-5.80700E-06,1.139E-02
-5.80650E-06,1.139E-02
-5.80600E-06,1.139E-02
-5.80550E-06,1.179E-02
-5.80500E-06,1.139E-02
-5.80450E-06,1.139E-02
-5.80400E-06,1.099E-02
-5.80350E-06,1.139E-02
-5.80300E-06,1.099E-02
-5.80250E-06,1.099E-02
-5.80200E-06,1.099E-02
-5.80150E-06,1.099E-02
-5.80100E-06,1.099E-02
-5.80050E-06,1.099E-02
-5.80000E-06,1.099E-02
-5.79950E-06,1.099E-02
-5.79900E-06,1.099E-02
-5.79850E-06,1.099E-02
-5.79800E-06,1.099E-02
-5.79750E-06,1.099E-02
-5.79700E-06,1.099E-02
-5.79650E-06,1.099E-02
-5.79600E-06,1.099E-02
-5.79550E-06,1.059E-02
-5.79500E-06,1.019E-02
-5.79450E-06,1.019E-02
-5.79400E-06,1.019E-02
-5.79350E-06,1.019E-02
-5.79300E-06,1.019E-02
-5.79250E-06,1.059E-02
-5.79200E-06,1.019E-02
-5.79150E-06,1.059E-02
-5.79100E-06,1.059E-02
-5.79050E-06,1.059E-02
-5.79000E-06,1.059E-02
-5.78950E-06,1.059E-02
-5.78900E-06,1.019E-02
-5.78850E-06,1.019E-02
-5.78800E-06,1.019E-02
-5.78750E-06,1.019E-02
-5.78700E-06,1.019E-02
-5.78650E-06,1.019E-02
-5.78600E-06,1.019E-02
-5.78550E-06,9.787E-03
-5.78500E-06,9.787E-03
-5.78450E-06,9.787E-03
-5.78400E-06,9.787E-03
-5.78350E-06,9.387E-03
-5.78300E-06,9.787E-03
-5.78250E-06,9.787E-03
-5.78200E-06,9.787E-03
-5.78150E-06,9.787E-03
-5.78100E-06,9.787E-03
-5.78050E-06,9.787E-03
-5.78000E-06,9.787E-03
-5.77950E-06,1.019E-02
-5.77900E-06,9.787E-03
-5.77850E-06,9.787E-03
-5.77800E-06,9.787E-03
-5.77750E-06,9.787E-03
-5.77700E-06,1.019E-02
-5.77650E-06,9.787E-03
-5.77600E-06,9.787E-03
-5.77550E-06,9.787E-03
-5.77500E-06,9.787E-03
-5.77450E-06,9.787E-03
-5.77400E-06,9.787E-03
-5.77350E-06,9.787E-03
-5.77300E-06,9.387E-03
-5.77250E-06,9.387E-03
-5.77200E-06,9.387E-03
-5.77150E-06,9.387E-03
-5.77100E-06,8.987E-03
-5.77050E-06,9.387E-03
-5.77000E-06,9.387E-03
-5.76950E-06,9.387E-03
-5.76900E-06,9.387E-03
-5.76850E-06,9.387E-03
-5.76800E-06,9.387E-03
-5.76750E-06,8.987E-03
-5.76700E-06,9.387E-03
-5.76650E-06,9.387E-03
-5.76600E-06,9.387E-03
-5.76550E-06,9.387E-03
-5.76500E-06,8.987E-03
-5.76450E-06,9.387E-03
-5.76400E-06,8.987E-03
-5.76350E-06,8.987E-03
-5.76300E-06,8.587E-03
-5.76250E-06,8.987E-03
-5.76200E-06,8.987E-03
-5.76150E-06,8.587E-03
-5.76100E-06,8.587E-03
-5.76050E-06,8.587E-03
-5.76000E-06,8.987E-03
-5.75950E-06,8.987E-03
-5.75900E-06,8.987E-03
-5.75850E-06,8.587E-03
-5.75800E-06,8.987E-03
-5.75750E-06,8.987E-03
-5.75700E-06,8.187E-03
-5.75650E-06,8.587E-03
-5.75600E-06,8.187E-03
-5.75550E-06,8.187E-03
-5.75500E-06,8.187E-03
-5.75450E-06,7.787E-03
-5.75400E-06,8.587E-03
-5.75350E-06,8.587E-03
-5.75300E-06,8.187E-03
-5.75250E-06,8.187E-03
-5.75200E-06,8.187E-03
-5.75150E-06,8.187E-03
-5.75100E-06,7.787E-03
-5.75050E-06,7.787E-03
-5.75000E-06,7.787E-03
-5.74950E-06,7.787E-03
-5.74900E-06,7.787E-03
-5.74850E-06,7.387E-03
-5.74800E-06,7.787E-03
-5.74750E-06,7.387E-03
-5.74700E-06,7.387E-03
-5.74650E-06,7.387E-03
-5.74600E-06,7.387E-03
-5.74550E-06,7.787E-03
-5.74500E-06,7.787E-03
-5.74450E-06,7.787E-03
-5.74400E-06,7.787E-03
-5.74350E-06,7.787E-03
-5.74300E-06,7.387E-03
-5.74250E-06,7.387E-03
-5.74200E-06,7.787E-03
-5.74150E-06,7.787E-03
-5.74100E-06,7.387E-03
-5.74050E-06,7.787E-03
-5.74000E-06,7.387E-03
-5.73950E-06,7.387E-03
-5.73900E-06,7.387E-03
-5.73850E-06,7.387E-03
-5.73800E-06,7.387E-03
-5.73750E-06,6.987E-03
-5.73700E-06,6.987E-03
-5.73650E-06,6.987E-03
-5.73600E-06,6.987E-03
-5.73550E-06,6.987E-03
-5.73500E-06,6.987E-03
-5.73450E-06,7.387E-03
-5.73400E-06,6.987E-03
-5.73350E-06,6.987E-03
-5.73300E-06,6.987E-03
-5.73250E-06,6.987E-03
-5.73200E-06,6.987E-03
-5.73150E-06,6.987E-03
-5.73100E-06,6.587E-03
-5.73050E-06,6.987E-03
-5.73000E-06,6.587E-03
-5.72950E-06,6.987E-03
-5.72900E-06,6.587E-03
-5.72850E-06,6.187E-03
-5.72800E-06,6.587E-03
-5.72750E-06,6.587E-03
-5.72700E-06,6.587E-03
-5.72650E-06,6.587E-03
-5.72600E-06,6.187E-03
-5.72550E-06,5.787E-03
-5.72500E-06,5.787E-03
-5.72450E-06,5.787E-03
-5.72400E-06,5.787E-03
-5.72350E-06,6.187E-03
-5.72300E-06,6.187E-03
-5.72250E-06,5.787E-03
-5.72200E-06,5.787E-03
-5.72150E-06,6.187E-03
-5.72100E-06,6.187E-03
-5.72050E-06,5.787E-03
-5.72000E-06,5.787E-03
-5.71950E-06,5.787E-03
-5.71900E-06,5.787E-03
-5.71850E-06,5.787E-03
-5.71800E-06,5.387E-03
-5.71750E-06,5.387E-03
-5.71700E-06,5.787E-03
-5.71650E-06,5.787E-03
-5.71600E-06,5.787E-03
-5.71550E-06,5.387E-03
-5.71500E-06,5.387E-03
-5.71450E-06,5.387E-03
-5.71400E-06,5.387E-03
-5.71350E-06,5.387E-03
-5.71300E-06,5.387E-03
-5.71250E-06,5.387E-03
-5.71200E-06,5.387E-03
-5.71150E-06,5.387E-03
-5.71100E-06,5.387E-03
-5.71050E-06,5.387E-03
-5.71000E-06,4.987E-03
-5.70950E-06,4.987E-03
-5.70900E-06,4.987E-03
-5.70850E-06,4.987E-03
-5.70800E-06,4.987E-03
-5.70750E-06,4.987E-03
-5.70700E-06,4.987E-03
-5.70650E-06,5.387E-03
-5.70600E-06,4.987E-03
-5.70550E-06,4.987E-03
-5.70500E-06,5.387E-03
-5.70450E-06,4.987E-03
-5.70400E-06,4.987E-03
-5.70350E-06,4.587E-03
-5.70300E-06,4.987E-03
-5.70250E-06,4.587E-03
-5.70200E-06,4.587E-03
-5.70150E-06,4.587E-03
-5.70100E-06,4.587E-03
-5.70050E-06,4.587E-03
-5.70000E-06,4.587E-03
-5.69950E-06,4.587E-03
-5.69900E-06,4.587E-03
-5.69850E-06,4.587E-03
-5.69800E-06,4.587E-03
-5.69750E-06,4.587E-03
-5.69700E-06,4.587E-03
-5.69650E-06,4.187E-03
-5.69600E-06,4.187E-03
-5.69550E-06,4.187E-03
-5.69500E-06,4.587E-03
-5.69450E-06,4.187E-03
-5.69400E-06,4.187E-03
-5.69350E-06,3.787E-03
-5.69300E-06,4.187E-03
-5.69250E-06,3.387E-03
-5.69200E-06,3.787E-03
-5.69150E-06,3.787E-03
-5.69100E-06,3.787E-03
-5.69050E-06,3.787E-03
-5.69000E-06,3.787E-03
-5.68950E-06,3.787E-03
-5.68900E-06,4.187E-03
-5.68850E-06,3.787E-03
-5.68800E-06,3.787E-03
-5.68750E-06,3.787E-03
-5.68700E-06,3.787E-03
-5.68650E-06,3.387E-03
-5.68600E-06,3.387E-03
-5.68550E-06,2.987E-03
-5.68500E-06,3.387E-03
-5.68450E-06,2.987E-03
-5.68400E-06,2.987E-03
-5.68350E-06,2.987E-03
-5.68300E-06,2.987E-03
-5.68250E-06,2.987E-03
-5.68200E-06,2.987E-03
-5.68150E-06,2.987E-03
-5.68100E-06,2.987E-03
-5.68050E-06,2.987E-03
-5.68000E-06,2.587E-03
-5.67950E-06,2.987E-03
-5.67900E-06,2.587E-03
-5.67850E-06,2.587E-03
-5.67800E-06,2.987E-03
-5.67750E-06,2.587E-03
-5.67700E-06,2.587E-03
-5.67650E-06,2.587E-03
-5.67600E-06,2.587E-03
-5.67550E-06,2.587E-03
-5.67500E-06,2.587E-03
-5.67450E-06,2.587E-03
-5.67400E-06,2.587E-03
-5.67350E-06,2.587E-03
-5.67300E-06,2.587E-03
-5.67250E-06,2.587E-03
-5.67200E-06,2.187E-03
-5.67150E-06,2.587E-03
-5.67100E-06,2.187E-03
-5.67050E-06,2.187E-03
-5.67000E-06,2.587E-03
-5.66950E-06,2.587E-03
-5.66900E-06,2.187E-03
-5.66850E-06,2.187E-03
-5.66800E-06,2.187E-03
-5.66750E-06,1.787E-03
-5.66700E-06,1.787E-03
-5.66650E-06,1.787E-03
-5.66600E-06,1.787E-03
-5.66550E-06,1.787E-03
-5.66500E-06,1.787E-03
-5.66450E-06,1.787E-03
-5.66400E-06,1.787E-03
-5.66350E-06,1.787E-03
-5.66300E-06,1.387E-03
-5.66250E-06,1.387E-03
-5.66200E-06,1.387E-03
-5.66150E-06,1.387E-03
-5.66100E-06,1.387E-03
-5.66050E-06,9.866E-04
-5.66000E-06,1.387E-03
-5.65950E-06,1.787E-03
-5.65900E-06,1.387E-03
-5.65850E-06,1.387E-03
-5.65800E-06,1.387E-03
-5.65750E-06,1.787E-03
-5.65700E-06,1.787E-03
-5.65650E-06,1.387E-03
-5.65600E-06,1.387E-03
-5.65550E-06,9.866E-04
-5.65500E-06,9.866E-04
-5.65450E-06,9.866E-04
-5.65400E-06,9.866E-04
-5.65350E-06,9.866E-04
-5.65300E-06,9.866E-04
-5.65250E-06,9.866E-04
-5.65200E-06,9.866E-04
-5.65150E-06,9.866E-04
-5.65100E-06,9.866E-04
-5.65050E-06,5.866E-04
-5.65000E-06,5.866E-04
-5.64950E-06,5.866E-04
-5.64900E-06,5.866E-04
-5.64850E-06,5.866E-04
-5.64800E-06,5.866E-04
-5.64750E-06,5.866E-04
-5.64700E-06,5.866E-04
-5.64650E-06,5.866E-04
-5.64600E-06,1.866E-04
-5.64550E-06,1.866E-04
-5.64500E-06,1.866E-04
-5.64450E-06,1.866E-04
-5.64400E-06,1.866E-04
-5.64350E-06,1.866E-04
-5.64300E-06,1.866E-04
-5.64250E-06,1.866E-04
-5.64200E-06,1.866E-04
-5.64150E-06,-2.134E-04
-5.64100E-06,-2.134E-04
-5.64050E-06,-2.134E-04
-5.64000E-06,-2.134E-04
-5.63950E-06,-2.134E-04
-5.63900E-06,-2.134E-04
-5.63850E-06,-2.134E-04
-5.63800E-06,-2.134E-04
-5.63750E-06,-2.134E-04
-5.63700E-06,-2.134E-04
-5.63650E-06,-2.134E-04
-5.63600E-06,-2.134E-04
-5.63550E-06,-6.134E-04
-5.63500E-06,-2.134E-04
-5.63450E-06,-2.134E-04
-5.63400E-06,-2.134E-04
-5.63350E-06,-6.134E-04
-5.63300E-06,-6.134E-04
-5.63250E-06,-6.134E-04
-5.63200E-06,-2.134E-04
-5.63150E-06,-6.134E-04
-5.63100E-06,-6.134E-04
-5.63050E-06,-6.134E-04
-5.63000E-06,-6.134E-04
-5.62950E-06,-6.134E-04
-5.62900E-06,-6.134E-04
-5.62850E-06,-6.134E-04
-5.62800E-06,-1.013E-03
-5.62750E-06,-1.013E-03
-5.62700E-06,-1.013E-03
-5.62650E-06,-1.013E-03
-5.62600E-06,-1.413E-03
-5.62550E-06,-1.413E-03
-5.62500E-06,-1.013E-03
-5.62450E-06,-1.013E-03
-5.62400E-06,-1.413E-03
-5.62350E-06,-1.013E-03
-5.62300E-06,-1.013E-03
-5.62250E-06,-1.013E-03
-5.62200E-06,-1.013E-03
-5.62150E-06,-1.013E-03
-5.62100E-06,-1.013E-03
-5.62050E-06,-1.413E-03
-5.62000E-06,-1.413E-03
-5.61950E-06,-1.413E-03
-5.61900E-06,-1.413E-03
-5.61850E-06,-1.413E-03
-5.61800E-06,-1.813E-03
-5.61750E-06,-1.413E-03
-5.61700E-06,-1.413E-03
-5.61650E-06,-1.813E-03
-5.61600E-06,-1.813E-03
-5.61550E-06,-1.813E-03
-5.61500E-06,-1.813E-03
-5.61450E-06,-2.213E-03
-5.61400E-06,-2.213E-03
-5.61350E-06,-1.813E-03
-5.61300E-06,-2.213E-03
-5.61250E-06,-1.813E-03
-5.61200E-06,-2.213E-03
-5.61150E-06,-1.813E-03
-5.61100E-06,-2.213E-03
-5.61050E-06,-2.213E-03
-5.61000E-06,-2.213E-03
-5.60950E-06,-2.213E-03
-5.60900E-06,-2.613E-03
-5.60850E-06,-2.213E-03
-5.60800E-06,-2.213E-03
-5.60750E-06,-2.213E-03
-5.60700E-06,-2.213E-03
-5.60650E-06,-2.213E-03
-5.60600E-06,-2.213E-03
-5.60550E-06,-2.213E-03
-5.60500E-06,-2.613E-03
-5.60450E-06,-3.013E-03
-5.60400E-06,-2.613E-03
-5.60350E-06,-3.013E-03
-5.60300E-06,-3.013E-03
-5.60250E-06,-3.013E-03
-5.60200E-06,-3.413E-03
-5.60150E-06,-3.413E-03
-5.60100E-06,-3.413E-03
-5.60050E-06,-3.413E-03
-5.60000E-06,-3.013E-03
-5.59950E-06,-3.413E-03
-5.59900E-06,-3.413E-03
-5.59850E-06,-3.413E-03
-5.59800E-06,-3.013E-03
-5.59750E-06,-3.413E-03
-5.59700E-06,-3.413E-03
-5.59650E-06,-3.413E-03
-5.59600E-06,-3.813E-03
-5.59550E-06,-3.413E-03
-5.59500E-06,-3.813E-03
-5.59450E-06,-3.813E-03
-5.59400E-06,-3.813E-03
-5.59350E-06,-3.813E-03
-5.59300E-06,-4.213E-03
-5.59250E-06,-3.813E-03
-5.59200E-06,-4.213E-03
-5.59150E-06,-4.213E-03
-5.59100E-06,-4.213E-03
-5.59050E-06,-3.813E-03
-5.59000E-06,-3.813E-03
-5.58950E-06,-3.813E-03
-5.58900E-06,-3.813E-03
-5.58850E-06,-3.813E-03
-5.58800E-06,-4.213E-03
-5.58750E-06,-3.813E-03
-5.58700E-06,-3.813E-03
-5.58650E-06,-4.213E-03
-5.58600E-06,-4.213E-03
-5.58550E-06,-4.213E-03
-5.58500E-06,-4.213E-03
-5.58450E-06,-4.613E-03
-5.58400E-06,-4.213E-03
-5.58350E-06,-4.613E-03
-5.58300E-06,-4.213E-03
-5.58250E-06,-4.613E-03
-5.58200E-06,-4.213E-03
-5.58150E-06,-4.213E-03
-5.58100E-06,-4.213E-03
-5.58050E-06,-4.613E-03
-5.58000E-06,-4.213E-03
-5.57950E-06,-4.613E-03
-5.57900E-06,-4.613E-03
-5.57850E-06,-4.613E-03
-5.57800E-06,-4.613E-03
-5.57750E-06,-5.013E-03
-5.57700E-06,-5.013E-03
-5.57650E-06,-5.013E-03
-5.57600E-06,-5.013E-03
-5.57550E-06,-5.013E-03
-5.57500E-06,-5.013E-03
-5.57450E-06,-5.013E-03
-5.57400E-06,-4.613E-03
-5.57350E-06,-4.613E-03
-5.57300E-06,-5.013E-03
-5.57250E-06,-5.013E-03
-5.57200E-06,-5.013E-03
-5.57150E-06,-5.013E-03
-5.57100E-06,-5.013E-03
-5.57050E-06,-5.413E-03
-5.57000E-06,-5.413E-03
-5.56950E-06,-5.413E-03
-5.56900E-06,-5.813E-03
-5.56850E-06,-5.813E-03
-5.56800E-06,-5.813E-03
-5.56750E-06,-6.213E-03
-5.56700E-06,-5.813E-03
-5.56650E-06,-5.813E-03
-5.56600E-06,-6.213E-03
-5.56550E-06,-6.213E-03
-5.56500E-06,-5.813E-03
-5.56450E-06,-5.813E-03
-5.56400E-06,-5.813E-03
-5.56350E-06,-6.213E-03
-5.56300E-06,-5.813E-03
-5.56250E-06,-5.813E-03
-5.56200E-06,-6.213E-03
-5.56150E-06,-6.213E-03
-5.56100E-06,-6.213E-03
-5.56050E-06,-6.213E-03
-5.56000E-06,-6.213E-03
-5.55950E-06,-6.213E-03
-5.55900E-06,-6.213E-03
-5.55850E-06,-6.213E-03
-5.55800E-06,-6.213E-03
-5.55750E-06,-6.213E-03
-5.55700E-06,-6.213E-03
-5.55650E-06,-6.613E-03
-5.55600E-06,-6.613E-03
-5.55550E-06,-6.613E-03
-5.55500E-06,-6.613E-03
-5.55450E-06,-6.613E-03
-5.55400E-06,-6.613E-03
-5.55350E-06,-6.613E-03
-5.55300E-06,-7.013E-03
-5.55250E-06,-6.613E-03
-5.55200E-06,-6.613E-03
-5.55150E-06,-6.613E-03
-5.55100E-06,-6.613E-03
-5.55050E-06,-7.413E-03
-5.55000E-06,-7.013E-03
-5.54950E-06,-7.013E-03
-5.54900E-06,-7.413E-03
-5.54850E-06,-7.413E-03
-5.54800E-06,-7.413E-03
-5.54750E-06,-7.413E-03
-5.54700E-06,-7.413E-03
-5.54650E-06,-7.013E-03
-5.54600E-06,-7.413E-03
-5.54550E-06,-7.013E-03
-5.54500E-06,-7.013E-03
-5.54450E-06,-7.013E-03
-5.54400E-06,-7.013E-03
-5.54350E-06,-7.413E-03
-5.54300E-06,-7.413E-03
-5.54250E-06,-7.413E-03
-5.54200E-06,-7.413E-03
-5.54150E-06,-7.813E-03
-5.54100E-06,-7.413E-03
-5.54050E-06,-7.813E-03
-5.54000E-06,-7.813E-03
-5.53950E-06,-7.813E-03
-5.53900E-06,-8.213E-03
-5.53850E-06,-7.813E-03
-5.53800E-06,-8.213E-03
-5.53750E-06,-7.813E-03
-5.53700E-06,-7.813E-03
-5.53650E-06,-7.813E-03
-5.53600E-06,-7.813E-03
-5.53550E-06,-8.213E-03
-5.53500E-06,-7.813E-03
-5.53450E-06,-7.813E-03
-5.53400E-06,-8.213E-03
-5.53350E-06,-8.213E-03
-5.53300E-06,-7.813E-03
-5.53250E-06,-8.213E-03
-5.53200E-06,-8.613E-03
-5.53150E-06,-8.613E-03
-5.53100E-06,-8.613E-03
-5.53050E-06,-8.613E-03
-5.53000E-06,-8.613E-03
-5.52950E-06,-9.013E-03
-5.52900E-06,-8.613E-03
-5.52850E-06,-8.613E-03
-5.52800E-06,-8.613E-03
-5.52750E-06,-9.013E-03
-5.52700E-06,-9.013E-03
-5.52650E-06,-8.613E-03
-5.52600E-06,-9.013E-03
-5.52550E-06,-8.613E-03
-5.52500E-06,-9.013E-03
-5.52450E-06,-8.613E-03
-5.52400E-06,-9.013E-03
-5.52350E-06,-9.013E-03
-5.52300E-06,-9.013E-03
-5.52250E-06,-9.013E-03
-5.52200E-06,-9.013E-03
-5.52150E-06,-9.013E-03
-5.52100E-06,-9.013E-03
-5.52050E-06,-9.013E-03
-5.52000E-06,-9.013E-03
-5.51950E-06,-9.413E-03
-5.51900E-06,-9.413E-03
-5.51850E-06,-9.413E-03
-5.51800E-06,-9.413E-03
-5.51750E-06,-9.413E-03
-5.51700E-06,-9.413E-03
-5.51650E-06,-9.413E-03
-5.51600E-06,-9.413E-03
-5.51550E-06,-9.813E-03
-5.51500E-06,-9.813E-03
-5.51450E-06,-9.413E-03
-5.51400E-06,-9.413E-03
-5.51350E-06,-9.813E-03
-5.51300E-06,-9.413E-03
-5.51250E-06,-9.413E-03
-5.51200E-06,-9.413E-03
-5.51150E-06,-9.413E-03
-5.51100E-06,-9.413E-03
-5.51050E-06,-9.813E-03
-5.51000E-06,-9.813E-03
-5.50950E-06,-9.813E-03
-5.50900E-06,-1.021E-02
-5.50850E-06,-1.021E-02
-5.50800E-06,-9.813E-03
-5.50750E-06,-1.021E-02
-5.50700E-06,-1.061E-02
-5.50650E-06,-1.021E-02
-5.50600E-06,-9.813E-03
-5.50550E-06,-1.021E-02
-5.50500E-06,-9.813E-03
-5.50450E-06,-9.813E-03
-5.50400E-06,-9.813E-03
-5.50350E-06,-1.021E-02
-5.50300E-06,-1.021E-02
-5.50250E-06,-1.021E-02
-5.50200E-06,-1.061E-02
-5.50150E-06,-1.021E-02
-5.50100E-06,-1.021E-02
-5.50050E-06,-1.021E-02
-5.50000E-06,-1.061E-02
-5.49950E-06,-1.061E-02
-5.49900E-06,-1.061E-02
-5.49850E-06,-1.061E-02
-5.49800E-06,-1.061E-02
-5.49750E-06,-1.061E-02
-5.49700E-06,-1.101E-02
-5.49650E-06,-1.101E-02
-5.49600E-06,-1.101E-02
-5.49550E-06,-1.101E-02
-5.49500E-06,-1.101E-02
-5.49450E-06,-1.101E-02
-5.49400E-06,-1.101E-02
-5.49350E-06,-1.101E-02
-5.49300E-06,-1.101E-02
-5.49250E-06,-1.101E-02
-5.49200E-06,-1.061E-02
-5.49150E-06,-1.101E-02
-5.49100E-06,-1.101E-02
-5.49050E-06,-1.101E-02
-5.49000E-06,-1.101E-02
-5.48950E-06,-1.101E-02
-5.48900E-06,-1.141E-02
-5.48850E-06,-1.141E-02
-5.48800E-06,-1.141E-02
-5.48750E-06,-1.141E-02
-5.48700E-06,-1.141E-02
-5.48650E-06,-1.141E-02
-5.48600E-06,-1.141E-02
-5.48550E-06,-1.141E-02
-5.48500E-06,-1.181E-02
-5.48450E-06,-1.181E-02
-5.48400E-06,-1.181E-02
-5.48350E-06,-1.181E-02
-5.48300E-06,-1.141E-02
-5.48250E-06,-1.181E-02
-5.48200E-06,-1.181E-02
-5.48150E-06,-1.181E-02
-5.48100E-06,-1.181E-02
-5.48050E-06,-1.181E-02
-5.48000E-06,-1.221E-02
-5.47950E-06,-1.221E-02
-5.47900E-06,-1.221E-02
-5.47850E-06,-1.221E-02
-5.47800E-06,-1.181E-02
-5.47750E-06,-1.221E-02
-5.47700E-06,-1.221E-02
-5.47650E-06,-1.221E-02
-5.47600E-06,-1.181E-02
-5.47550E-06,-1.181E-02
-5.47500E-06,-1.181E-02
-5.47450E-06,-1.181E-02
-5.47400E-06,-1.221E-02
-5.47350E-06,-1.221E-02
-5.47300E-06,-1.221E-02
-5.47250E-06,-1.261E-02
-5.47200E-06,-1.221E-02
-5.47150E-06,-1.261E-02
-5.47100E-06,-1.261E-02
-5.47050E-06,-1.261E-02
-5.47000E-06,-1.261E-02
-5.46950E-06,-1.261E-02
-5.46900E-06,-1.261E-02
-5.46850E-06,-1.261E-02
-5.46800E-06,-1.261E-02
-5.46750E-06,-1.301E-02
-5.46700E-06,-1.261E-02
-5.46650E-06,-1.261E-02
-5.46600E-06,-1.261E-02
-5.46550E-06,-1.261E-02
-5.46500E-06,-1.221E-02
-5.46450E-06,-1.261E-02
-5.46400E-06,-1.261E-02
-5.46350E-06,-1.301E-02
-5.46300E-06,-1.301E-02
-5.46250E-06,-1.301E-02
-5.46200E-06,-1.341E-02
-5.46150E-06,-1.341E-02
-5.46100E-06,-1.341E-02
-5.46050E-06,-1.341E-02
-5.46000E-06,-1.301E-02
-5.45950E-06,-1.301E-02
-5.45900E-06,-1.301E-02
-5.45850E-06,-1.301E-02
-5.45800E-06,-1.301E-02
-5.45750E-06,-1.301E-02
-5.45700E-06,-1.301E-02
-5.45650E-06,-1.341E-02
-5.45600E-06,-1.341E-02
-5.45550E-06,-1.341E-02
-5.45500E-06,-1.341E-02
-5.45450E-06,-1.341E-02
-5.45400E-06,-1.341E-02
-5.45350E-06,-1.341E-02
-5.45300E-06,-1.341E-02
-5.45250E-06,-1.341E-02
-5.45200E-06,-1.341E-02
-5.45150E-06,-1.381E-02
-5.45100E-06,-1.341E-02
-5.45050E-06,-1.341E-02
-5.45000E-06,-1.341E-02
-5.44950E-06,-1.341E-02
-5.44900E-06,-1.341E-02
-5.44850E-06,-1.381E-02
-5.44800E-06,-1.381E-02
-5.44750E-06,-1.381E-02
-5.44700E-06,-1.381E-02
-5.44650E-06,-1.381E-02
-5.44600E-06,-1.381E-02
-5.44550E-06,-1.381E-02
-5.44500E-06,-1.381E-02
-5.44450E-06,-1.421E-02
-5.44400E-06,-1.421E-02
-5.44350E-06,-1.421E-02
-5.44300E-06,-1.381E-02
-5.44250E-06,-1.421E-02
-5.44200E-06,-1.421E-02
-5.44150E-06,-1.421E-02
-5.44100E-06,-1.421E-02
-5.44050E-06,-1.421E-02
-5.44000E-06,-1.421E-02
-5.43950E-06,-1.421E-02
-5.43900E-06,-1.421E-02
-5.43850E-06,-1.461E-02
-5.43800E-06,-1.421E-02
-5.43750E-06,-1.461E-02
-5.43700E-06,-1.461E-02
-5.43650E-06,-1.501E-02
-5.43600E-06,-1.461E-02
-5.43550E-06,-1.461E-02
-5.43500E-06,-1.461E-02
-5.43450E-06,-1.501E-02
-5.43400E-06,-1.501E-02
-5.43350E-06,-1.461E-02
-5.43300E-06,-1.461E-02
-5.43250E-06,-1.501E-02
-5.43200E-06,-1.501E-02
-5.43150E-06,-1.501E-02
-5.43100E-06,-1.501E-02
-5.43050E-06,-1.501E-02
-5.43000E-06,-1.501E-02
-5.42950E-06,-1.501E-02
-5.42900E-06,-1.461E-02
-5.42850E-06,-1.501E-02
-5.42800E-06,-1.501E-02
-5.42750E-06,-1.501E-02
-5.42700E-06,-1.501E-02
-5.42650E-06,-1.501E-02
-5.42600E-06,-1.501E-02
-5.42550E-06,-1.541E-02
-5.42500E-06,-1.501E-02
-5.42450E-06,-1.501E-02
-5.42400E-06,-1.541E-02
-5.42350E-06,-1.541E-02
-5.42300E-06,-1.501E-02
-5.42250E-06,-1.541E-02
-5.42200E-06,-1.541E-02
-5.42150E-06,-1.541E-02
-5.42100E-06,-1.541E-02
-5.42050E-06,-1.581E-02
-5.42000E-06,-1.581E-02
-5.41950E-06,-1.581E-02
-5.41900E-06,-1.581E-02
-5.41850E-06,-1.581E-02
-5.41800E-06,-1.541E-02
-5.41750E-06,-1.501E-02
-5.41700E-06,-1.541E-02
-5.41650E-06,-1.541E-02
-5.41600E-06,-1.501E-02
-5.41550E-06,-1.541E-02
-5.41500E-06,-1.581E-02
-5.41450E-06,-1.581E-02
-5.41400E-06,-1.621E-02
-5.41350E-06,-1.581E-02
-5.41300E-06,-1.621E-02
-5.41250E-06,-1.581E-02
-5.41200E-06,-1.581E-02
-5.41150E-06,-1.581E-02
-5.41100E-06,-1.581E-02
-5.41050E-06,-1.581E-02
-5.41000E-06,-1.621E-02
-5.40950E-06,-1.621E-02
-5.40900E-06,-1.661E-02
-5.40850E-06,-1.621E-02
-5.40800E-06,-1.661E-02
-5.40750E-06,-1.621E-02
-5.40700E-06,-1.621E-02
-5.40650E-06,-1.621E-02
-5.40600E-06,-1.581E-02
-5.40550E-06,-1.581E-02
-5.40500E-06,-1.621E-02
-5.40450E-06,-1.621E-02
-5.40400E-06,-1.621E-02
-5.40350E-06,-1.661E-02
-5.40300E-06,-1.661E-02
-5.40250E-06,-1.701E-02
-5.40200E-06,-1.701E-02
-5.40150E-06,-1.701E-02
-5.40100E-06,-1.661E-02
-5.40050E-06,-1.661E-02
-5.40000E-06,-1.621E-02
-5.39950E-06,-1.661E-02
-5.39900E-06,-1.661E-02
-5.39850E-06,-1.661E-02
-5.39800E-06,-1.661E-02
-5.39750E-06,-1.661E-02
-5.39700E-06,-1.661E-02
-5.39650E-06,-1.661E-02
-5.39600E-06,-1.661E-02
-5.39550E-06,-1.701E-02
-5.39500E-06,-1.661E-02
-5.39450E-06,-1.701E-02
-5.39400E-06,-1.661E-02
-5.39350E-06,-1.661E-02
-5.39300E-06,-1.701E-02
-5.39250E-06,-1.701E-02
-5.39200E-06,-1.701E-02
-5.39150E-06,-1.701E-02
-5.39100E-06,-1.701E-02
-5.39050E-06,-1.741E-02
-5.39000E-06,-1.741E-02
-5.38950E-06,-1.741E-02
-5.38900E-06,-1.741E-02
-5.38850E-06,-1.741E-02
-5.38800E-06,-1.701E-02
-5.38750E-06,-1.741E-02
-5.38700E-06,-1.781E-02
-5.38650E-06,-1.741E-02
-5.38600E-06,-1.741E-02
-5.38550E-06,-1.741E-02
-5.38500E-06,-1.741E-02
-5.38450E-06,-1.741E-02
-5.38400E-06,-1.741E-02
-5.38350E-06,-1.741E-02
-5.38300E-06,-1.741E-02
-5.38250E-06,-1.741E-02
-5.38200E-06,-1.741E-02
-5.38150E-06,-1.741E-02
-5.38100E-06,-1.741E-02
-5.38050E-06,-1.741E-02
-5.38000E-06,-1.741E-02
-5.37950E-06,-1.741E-02
-5.37900E-06,-1.741E-02
-5.37850E-06,-1.741E-02
-5.37800E-06,-1.781E-02
-5.37750E-06,-1.781E-02
-5.37700E-06,-1.781E-02
-5.37650E-06,-1.781E-02
-5.37600E-06,-1.781E-02
-5.37550E-06,-1.741E-02
-5.37500E-06,-1.741E-02
-5.37450E-06,-1.781E-02
-5.37400E-06,-1.741E-02
-5.37350E-06,-1.781E-02
-5.37300E-06,-1.741E-02
-5.37250E-06,-1.781E-02
-5.37200E-06,-1.781E-02
-5.37150E-06,-1.781E-02
-5.37100E-06,-1.781E-02
-5.37050E-06,-1.821E-02
-5.37000E-06,-1.781E-02
-5.36950E-06,-1.781E-02
-5.36900E-06,-1.781E-02
-5.36850E-06,-1.781E-02
-5.36800E-06,-1.781E-02
-5.36750E-06,-1.821E-02
-5.36700E-06,-1.781E-02
-5.36650E-06,-1.821E-02
-5.36600E-06,-1.821E-02
-5.36550E-06,-1.821E-02
-5.36500E-06,-1.781E-02
-5.36450E-06,-1.781E-02
-5.36400E-06,-1.821E-02
-5.36350E-06,-1.821E-02
-5.36300E-06,-1.821E-02
-5.36250E-06,-1.861E-02
-5.36200E-06,-1.861E-02
-5.36150E-06,-1.901E-02
-5.36100E-06,-1.861E-02
-5.36050E-06,-1.861E-02
-5.36000E-06,-1.861E-02
-5.35950E-06,-1.861E-02
-5.35900E-06,-1.821E-02
-5.35850E-06,-1.821E-02
-5.35800E-06,-1.861E-02
-5.35750E-06,-1.861E-02
-5.35700E-06,-1.901E-02
-5.35650E-06,-1.901E-02
-5.35600E-06,-1.901E-02
-5.35550E-06,-1.901E-02
-5.35500E-06,-1.941E-02
-5.35450E-06,-1.901E-02
-5.35400E-06,-1.901E-02
-5.35350E-06,-1.901E-02
-5.35300E-06,-1.901E-02
-5.35250E-06,-1.861E-02
-5.35200E-06,-1.901E-02
-5.35150E-06,-1.861E-02
-5.35100E-06,-1.861E-02
-5.35050E-06,-1.901E-02
-5.35000E-06,-1.861E-02
-5.34950E-06,-1.901E-02
-5.34900E-06,-1.901E-02
-5.34850E-06,-1.901E-02
-5.34800E-06,-1.901E-02
-5.34750E-06,-1.901E-02
-5.34700E-06,-1.941E-02
-5.34650E-06,-1.901E-02
-5.34600E-06,-1.941E-02
-5.34550E-06,-1.901E-02
-5.34500E-06,-1.901E-02
-5.34450E-06,-1.901E-02
-5.34400E-06,-1.941E-02
-5.34350E-06,-1.901E-02
-5.34300E-06,-1.941E-02
-5.34250E-06,-1.901E-02
-5.34200E-06,-1.941E-02
-5.34150E-06,-1.901E-02
-5.34100E-06,-1.941E-02
-5.34050E-06,-1.941E-02
-5.34000E-06,-1.941E-02
-5.33950E-06,-1.901E-02
-5.33900E-06,-1.901E-02
-5.33850E-06,-1.941E-02
-5.33800E-06,-1.941E-02
-5.33750E-06,-1.901E-02
-5.33700E-06,-1.941E-02
-5.33650E-06,-1.901E-02
-5.33600E-06,-1.901E-02
-5.33550E-06,-1.901E-02
-5.33500E-06,-1.941E-02
-5.33450E-06,-1.941E-02
-5.33400E-06,-1.901E-02
-5.33350E-06,-1.901E-02
-5.33300E-06,-1.941E-02
-5.33250E-06,-1.941E-02
-5.33200E-06,-1.941E-02
-5.33150E-06,-1.941E-02
-5.33100E-06,-1.941E-02
-5.33050E-06,-1.941E-02
-5.33000E-06,-1.981E-02
-5.32950E-06,-1.981E-02
-5.32900E-06,-1.941E-02
-5.32850E-06,-1.941E-02
-5.32800E-06,-1.941E-02
-5.32750E-06,-1.981E-02
-5.32700E-06,-1.981E-02
-5.32650E-06,-1.941E-02
-5.32600E-06,-1.981E-02
-5.32550E-06,-1.941E-02
-5.32500E-06,-1.981E-02
-5.32450E-06,-1.941E-02
-5.32400E-06,-1.981E-02
-5.32350E-06,-1.941E-02
-5.32300E-06,-1.941E-02
-5.32250E-06,-1.981E-02
-5.32200E-06,-1.981E-02
-5.32150E-06,-1.981E-02
-5.32100E-06,-1.981E-02
-5.32050E-06,-1.981E-02
-5.32000E-06,-2.021E-02
-5.31950E-06,-2.021E-02
-5.31900E-06,-2.021E-02
-5.31850E-06,-2.021E-02
-5.31800E-06,-2.021E-02
-5.31750E-06,-1.981E-02
-5.31700E-06,-2.021E-02
-5.31650E-06,-2.021E-02
-5.31600E-06,-2.021E-02
-5.31550E-06,-2.021E-02
-5.31500E-06,-2.021E-02
-5.31450E-06,-2.021E-02
-5.31400E-06,-2.021E-02
-5.31350E-06,-1.981E-02
-5.31300E-06,-2.021E-02
-5.31250E-06,-1.981E-02
-5.31200E-06,-1.981E-02
-5.31150E-06,-1.981E-02
-5.31100E-06,-1.981E-02
-5.31050E-06,-2.021E-02
-5.31000E-06,-2.021E-02
-5.30950E-06,-2.021E-02
-5.30900E-06,-2.061E-02
-5.30850E-06,-2.021E-02
-5.30800E-06,-2.021E-02
-5.30750E-06,-2.021E-02
-5.30700E-06,-2.021E-02
-5.30650E-06,-1.981E-02
-5.30600E-06,-1.981E-02
-5.30550E-06,-1.981E-02
-5.30500E-06,-1.981E-02
-5.30450E-06,-1.981E-02
-5.30400E-06,-1.981E-02
-5.30350E-06,-2.021E-02
-5.30300E-06,-2.061E-02
-5.30250E-06,-2.021E-02
-5.30200E-06,-2.021E-02
-5.30150E-06,-2.021E-02
-5.30100E-06,-2.021E-02
-5.30050E-06,-2.021E-02
-5.30000E-06,-2.021E-02
-5.29950E-06,-1.981E-02
-5.29900E-06,-1.981E-02
-5.29850E-06,-1.981E-02
-5.29800E-06,-2.021E-02
-5.29750E-06,-1.981E-02
-5.29700E-06,-2.021E-02
-5.29650E-06,-2.021E-02
-5.29600E-06,-2.021E-02
-5.29550E-06,-2.021E-02
-5.29500E-06,-2.101E-02
-5.29450E-06,-2.061E-02
-5.29400E-06,-2.101E-02
-5.29350E-06,-2.061E-02
-5.29300E-06,-2.061E-02
-5.29250E-06,-2.101E-02
-5.29200E-06,-2.061E-02
-5.29150E-06,-2.021E-02
-5.29100E-06,-2.061E-02
-5.29050E-06,-2.021E-02
-5.29000E-06,-2.061E-02
-5.28950E-06,-2.021E-02
-5.28900E-06,-2.061E-02
-5.28850E-06,-2.021E-02
-5.28800E-06,-2.061E-02
-5.28750E-06,-2.061E-02
-5.28700E-06,-2.061E-02
-5.28650E-06,-2.101E-02
-5.28600E-06,-2.061E-02
-5.28550E-06,-2.061E-02
-5.28500E-06,-2.101E-02
-5.28450E-06,-2.101E-02
-5.28400E-06,-2.101E-02
-5.28350E-06,-2.101E-02
-5.28300E-06,-2.101E-02
-5.28250E-06,-2.101E-02
-5.28200E-06,-2.101E-02
-5.28150E-06,-2.101E-02
-5.28100E-06,-2.101E-02
-5.28050E-06,-2.101E-02
-5.28000E-06,-2.061E-02
-5.27950E-06,-2.101E-02
-5.27900E-06,-2.061E-02
-5.27850E-06,-2.061E-02
-5.27800E-06,-2.101E-02
-5.27750E-06,-2.101E-02
-5.27700E-06,-2.101E-02
-5.27650E-06,-2.101E-02
-5.27600E-06,-2.101E-02
-5.27550E-06,-2.101E-02
-5.27500E-06,-2.101E-02
-5.27450E-06,-2.101E-02
-5.27400E-06,-2.101E-02
-5.27350E-06,-2.101E-02
-5.27300E-06,-2.101E-02
-5.27250E-06,-2.101E-02
-5.27200E-06,-2.101E-02
-5.27150E-06,-2.101E-02
-5.27100E-06,-2.141E-02
-5.27050E-06,-2.101E-02
-5.27000E-06,-2.101E-02
-5.26950E-06,-2.101E-02
-5.26900E-06,-2.101E-02
-5.26850E-06,-2.101E-02
-5.26800E-06,-2.101E-02
-5.26750E-06,-2.101E-02
-5.26700E-06,-2.101E-02
-5.26650E-06,-2.141E-02
-5.26600E-06,-2.141E-02
-5.26550E-06,-2.101E-02
-5.26500E-06,-2.101E-02
-5.26450E-06,-2.101E-02
-5.26400E-06,-2.101E-02
-5.26350E-06,-2.101E-02
-5.26300E-06,-2.141E-02
-5.26250E-06,-2.141E-02
-5.26200E-06,-2.141E-02
-5.26150E-06,-2.141E-02
-5.26100E-06,-2.141E-02
-5.26050E-06,-2.141E-02
-5.26000E-06,-2.141E-02
-5.25950E-06,-2.101E-02
-5.25900E-06,-2.101E-02
-5.25850E-06,-2.061E-02
-5.25800E-06,-2.101E-02
-5.25750E-06,-2.101E-02
-5.25700E-06,-2.141E-02
-5.25650E-06,-2.141E-02
-5.25600E-06,-2.181E-02
-5.25550E-06,-2.141E-02
-5.25500E-06,-2.141E-02
-5.25450E-06,-2.141E-02
-5.25400E-06,-2.101E-02
-5.25350E-06,-2.141E-02
-5.25300E-06,-2.141E-02
-5.25250E-06,-2.101E-02
-5.25200E-06,-2.101E-02
-5.25150E-06,-2.101E-02
-5.25100E-06,-2.141E-02
-5.25050E-06,-2.101E-02
-5.25000E-06,-2.141E-02
-5.24950E-06,-2.101E-02
-5.24900E-06,-2.141E-02
-5.24850E-06,-2.141E-02
-5.24800E-06,-2.141E-02
-5.24750E-06,-2.141E-02
-5.24700E-06,-2.141E-02
-5.24650E-06,-2.101E-02
-5.24600E-06,-2.141E-02
-5.24550E-06,-2.101E-02
-5.24500E-06,-2.141E-02
-5.24450E-06,-2.101E-02
-5.24400E-06,-2.141E-02
-5.24350E-06,-2.101E-02
-5.24300E-06,-2.141E-02
-5.24250E-06,-2.101E-02
-5.24200E-06,-2.141E-02
-5.24150E-06,-2.141E-02
-5.24100E-06,-2.181E-02
-5.24050E-06,-2.181E-02
-5.24000E-06,-2.181E-02
-5.23950E-06,-2.141E-02
-5.23900E-06,-2.141E-02
-5.23850E-06,-2.141E-02
-5.23800E-06,-2.141E-02
-5.23750E-06,-2.141E-02
-5.23700E-06,-2.141E-02
-5.23650E-06,-2.141E-02
-5.23600E-06,-2.141E-02
-5.23550E-06,-2.101E-02
-5.23500E-06,-2.141E-02
-5.23450E-06,-2.101E-02
-5.23400E-06,-2.141E-02
-5.23350E-06,-2.101E-02
-5.23300E-06,-2.141E-02
-5.23250E-06,-2.101E-02
-5.23200E-06,-2.101E-02
-5.23150E-06,-2.101E-02
-5.23100E-06,-2.141E-02
-5.23050E-06,-2.101E-02
-5.23000E-06,-2.101E-02
-5.22950E-06,-2.101E-02
-5.22900E-06,-2.141E-02
-5.22850E-06,-2.101E-02
-5.22800E-06,-2.141E-02
-5.22750E-06,-2.101E-02
-5.22700E-06,-2.141E-02
-5.22650E-06,-2.101E-02
-5.22600E-06,-2.141E-02
-5.22550E-06,-2.101E-02
-5.22500E-06,-2.141E-02
-5.22450E-06,-2.101E-02
-5.22400E-06,-2.141E-02
-5.22350E-06,-2.141E-02
-5.22300E-06,-2.141E-02
-5.22250E-06,-2.101E-02
-5.22200E-06,-2.181E-02
-5.22150E-06,-2.141E-02
-5.22100E-06,-2.141E-02
-5.22050E-06,-2.181E-02
-5.22000E-06,-2.141E-02
-5.21950E-06,-2.141E-02
-5.21900E-06,-2.141E-02
-5.21850E-06,-2.141E-02
-5.21800E-06,-2.141E-02
-5.21750E-06,-2.141E-02
-5.21700E-06,-2.141E-02
-5.21650E-06,-2.141E-02
-5.21600E-06,-2.141E-02
-5.21550E-06,-2.141E-02
-5.21500E-06,-2.181E-02
-5.21450E-06,-2.181E-02
-5.21400E-06,-2.181E-02
-5.21350E-06,-2.141E-02
-5.21300E-06,-2.141E-02
-5.21250E-06,-2.141E-02
-5.21200E-06,-2.141E-02
-5.21150E-06,-2.101E-02
-5.21100E-06,-2.141E-02
-5.21050E-06,-2.181E-02
-5.21000E-06,-2.141E-02
-5.20950E-06,-2.181E-02
-5.20900E-06,-2.181E-02
-5.20850E-06,-2.181E-02
-5.20800E-06,-2.181E-02
-5.20750E-06,-2.141E-02
-5.20700E-06,-2.141E-02
-5.20650E-06,-2.141E-02
-5.20600E-06,-2.141E-02
-5.20550E-06,-2.101E-02
-5.20500E-06,-2.141E-02
-5.20450E-06,-2.141E-02
-5.20400E-06,-2.141E-02
-5.20350E-06,-2.181E-02
-5.20300E-06,-2.181E-02
-5.20250E-06,-2.181E-02
-5.20200E-06,-2.181E-02
-5.20150E-06,-2.181E-02
-5.20100E-06,-2.181E-02
-5.20050E-06,-2.141E-02
-5.20000E-06,-2.141E-02
-5.19950E-06,-2.141E-02
-5.19900E-06,-2.101E-02
-5.19850E-06,-2.101E-02
-5.19800E-06,-2.141E-02
-5.19750E-06,-2.101E-02
-5.19700E-06,-2.141E-02
-5.19650E-06,-2.141E-02
-5.19600E-06,-2.141E-02
-5.19550E-06,-2.141E-02
-5.19500E-06,-2.141E-02
-5.19450E-06,-2.141E-02
-5.19400E-06,-2.141E-02
-5.19350E-06,-2.141E-02
-5.19300E-06,-2.141E-02
-5.19250E-06,-2.141E-02
-5.19200E-06,-2.141E-02
-5.19150E-06,-2.141E-02
-5.19100E-06,-2.141E-02
-5.19050E-06,-2.141E-02
-5.19000E-06,-2.141E-02
-5.18950E-06,-2.141E-02
-5.18900E-06,-2.141E-02
-5.18850E-06,-2.141E-02
-5.18800E-06,-2.141E-02
-5.18750E-06,-2.141E-02
-5.18700E-06,-2.141E-02
-5.18650E-06,-2.101E-02
-5.18600E-06,-2.141E-02
-5.18550E-06,-2.101E-02
-5.18500E-06,-2.141E-02
-5.18450E-06,-2.101E-02
-5.18400E-06,-2.141E-02
-5.18350E-06,-2.101E-02
-5.18300E-06,-2.141E-02
-5.18250E-06,-2.101E-02
-5.18200E-06,-2.141E-02
-5.18150E-06,-2.101E-02
-5.18100E-06,-2.141E-02
-5.18050E-06,-2.141E-02
-5.18000E-06,-2.141E-02
-5.17950E-06,-2.141E-02
-5.17900E-06,-2.141E-02
-5.17850E-06,-2.141E-02
-5.17800E-06,-2.141E-02
-5.17750E-06,-2.141E-02
-5.17700E-06,-2.141E-02
-5.17650E-06,-2.101E-02
-5.17600E-06,-2.141E-02
-5.17550E-06,-2.101E-02
-5.17500E-06,-2.141E-02
-5.17450E-06,-2.101E-02
-5.17400E-06,-2.101E-02
-5.17350E-06,-2.101E-02
-5.17300E-06,-2.101E-02
-5.17250E-06,-2.101E-02
-5.17200E-06,-2.101E-02
-5.17150E-06,-2.101E-02
-5.17100E-06,-2.101E-02
-5.17050E-06,-2.101E-02
-5.17000E-06,-2.061E-02
-5.16950E-06,-2.061E-02
-5.16900E-06,-2.061E-02
-5.16850E-06,-2.061E-02
-5.16800E-06,-2.101E-02
-5.16750E-06,-2.101E-02
-5.16700E-06,-2.101E-02
-5.16650E-06,-2.101E-02
-5.16600E-06,-2.101E-02
-5.16550E-06,-2.101E-02
-5.16500E-06,-2.061E-02
-5.16450E-06,-2.101E-02
-5.16400E-06,-2.061E-02
-5.16350E-06,-2.101E-02
-5.16300E-06,-2.101E-02
-5.16250E-06,-2.101E-02
-5.16200E-06,-2.101E-02
-5.16150E-06,-2.101E-02
-5.16100E-06,-2.101E-02
-5.16050E-06,-2.061E-02
-5.16000E-06,-2.101E-02
-5.15950E-06,-2.061E-02
-5.15900E-06,-2.061E-02
-5.15850E-06,-2.061E-02
-5.15800E-06,-2.061E-02
-5.15750E-06,-2.101E-02
-5.15700E-06,-2.101E-02
-5.15650E-06,-2.101E-02
-5.15600E-06,-2.101E-02
-5.15550E-06,-2.061E-02
-5.15500E-06,-2.101E-02
-5.15450E-06,-2.101E-02
-5.15400E-06,-2.101E-02
-5.15350E-06,-2.061E-02
-5.15300E-06,-2.101E-02
-5.15250E-06,-2.061E-02
-5.15200E-06,-2.061E-02
-5.15150E-06,-2.061E-02
-5.15100E-06,-2.101E-02
-5.15050E-06,-2.061E-02
-5.15000E-06,-2.061E-02
-5.14950E-06,-2.061E-02
-5.14900E-06,-2.101E-02
-5.14850E-06,-2.061E-02
-5.14800E-06,-2.101E-02
-5.14750E-06,-2.061E-02
-5.14700E-06,-2.061E-02
-5.14650E-06,-2.061E-02
-5.14600E-06,-2.021E-02
-5.14550E-06,-2.021E-02
-5.14500E-06,-2.061E-02
-5.14450E-06,-2.021E-02
-5.14400E-06,-2.021E-02
-5.14350E-06,-2.021E-02
-5.14300E-06,-2.061E-02
-5.14250E-06,-2.021E-02
-5.14200E-06,-2.061E-02
-5.14150E-06,-2.061E-02
-5.14100E-06,-2.061E-02
-5.14050E-06,-2.021E-02
-5.14000E-06,-2.061E-02
-5.13950E-06,-2.021E-02
-5.13900E-06,-2.061E-02
-5.13850E-06,-2.021E-02
-5.13800E-06,-2.021E-02
-5.13750E-06,-2.021E-02
-5.13700E-06,-2.061E-02
-5.13650E-06,-2.021E-02
-5.13600E-06,-2.061E-02
-5.13550E-06,-2.061E-02
-5.13500E-06,-2.061E-02
-5.13450E-06,-2.021E-02
-5.13400E-06,-2.021E-02
-5.13350E-06,-2.061E-02
-5.13300E-06,-2.021E-02
-5.13250E-06,-2.061E-02
-5.13200E-06,-2.021E-02
-5.13150E-06,-2.021E-02
-5.13100E-06,-2.021E-02
-5.13050E-06,-2.021E-02
-5.13000E-06,-2.021E-02
-5.12950E-06,-2.021E-02
-5.12900E-06,-2.021E-02
-5.12850E-06,-1.981E-02
-5.12800E-06,-1.981E-02
-5.12750E-06,-2.021E-02
-5.12700E-06,-2.021E-02
-5.12650E-06,-2.021E-02
-5.12600E-06,-2.021E-02
-5.12550E-06,-1.981E-02
-5.12500E-06,-1.981E-02
-5.12450E-06,-1.981E-02
-5.12400E-06,-2.021E-02
-5.12350E-06,-2.021E-02
-5.12300E-06,-2.061E-02
-5.12250E-06,-2.021E-02
-5.12200E-06,-2.021E-02
-5.12150E-06,-2.021E-02
-5.12100E-06,-2.021E-02
-5.12050E-06,-1.981E-02
-5.12000E-06,-1.981E-02
-5.11950E-06,-1.981E-02
-5.11900E-06,-1.981E-02
-5.11850E-06,-1.981E-02
-5.11800E-06,-1.981E-02
-5.11750E-06,-1.981E-02
-5.11700E-06,-1.981E-02
-5.11650E-06,-1.981E-02
-5.11600E-06,-1.981E-02
-5.11550E-06,-1.981E-02
-5.11500E-06,-2.021E-02
-5.11450E-06,-1.981E-02
-5.11400E-06,-1.981E-02
-5.11350E-06,-1.981E-02
-5.11300E-06,-1.981E-02
-5.11250E-06,-1.941E-02
-5.11200E-06,-1.981E-02
-5.11150E-06,-1.941E-02
-5.11100E-06,-1.941E-02
-5.11050E-06,-1.941E-02
-5.11000E-06,-1.941E-02
-5.10950E-06,-1.981E-02
-5.10900E-06,-1.981E-02
-5.10850E-06,-1.981E-02
-5.10800E-06,-1.981E-02
-5.10750E-06,-1.941E-02
-5.10700E-06,-1.981E-02
-5.10650E-06,-1.941E-02
-5.10600E-06,-1.941E-02
-5.10550E-06,-1.941E-02
-5.10500E-06,-1.941E-02
-5.10450E-06,-1.941E-02
-5.10400E-06,-1.941E-02
-5.10350E-06,-1.941E-02
-5.10300E-06,-1.941E-02
-5.10250E-06,-1.981E-02
-5.10200E-06,-1.941E-02
-5.10150E-06,-1.941E-02
-5.10100E-06,-1.941E-02
-5.10050E-06,-1.901E-02
-5.10000E-06,-1.941E-02
-5.09950E-06,-1.941E-02
-5.09900E-06,-1.941E-02
-5.09850E-06,-1.901E-02
-5.09800E-06,-1.941E-02
-5.09750E-06,-1.941E-02
-5.09700E-06,-1.901E-02
-5.09650E-06,-1.901E-02
-5.09600E-06,-1.941E-02
-5.09550E-06,-1.901E-02
-5.09500E-06,-1.901E-02
-5.09450E-06,-1.901E-02
-5.09400E-06,-1.901E-02
-5.09350E-06,-1.901E-02
-5.09300E-06,-1.901E-02
-5.09250E-06,-1.901E-02
-5.09200E-06,-1.901E-02
-5.09150E-06,-1.901E-02
-5.09100E-06,-1.901E-02
-5.09050E-06,-1.901E-02
-5.09000E-06,-1.901E-02
-5.08950E-06,-1.901E-02
-5.08900E-06,-1.901E-02
-5.08850E-06,-1.901E-02
-5.08800E-06,-1.901E-02
-5.08750E-06,-1.861E-02
-5.08700E-06,-1.861E-02
-5.08650E-06,-1.861E-02
-5.08600E-06,-1.901E-02
-5.08550E-06,-1.861E-02
-5.08500E-06,-1.861E-02
-5.08450E-06,-1.901E-02
-5.08400E-06,-1.901E-02
-5.08350E-06,-1.861E-02
-5.08300E-06,-1.901E-02
-5.08250E-06,-1.861E-02
-5.08200E-06,-1.861E-02
-5.08150E-06,-1.861E-02
-5.08100E-06,-1.861E-02
-5.08050E-06,-1.861E-02
-5.08000E-06,-1.861E-02
-5.07950E-06,-1.861E-02
-5.07900E-06,-1.861E-02
-5.07850E-06,-1.861E-02
-5.07800E-06,-1.821E-02
-5.07750E-06,-1.861E-02
-5.07700E-06,-1.901E-02
-5.07650E-06,-1.861E-02
-5.07600E-06,-1.901E-02
-5.07550E-06,-1.861E-02
-5.07500E-06,-1.861E-02
-5.07450E-06,-1.861E-02
-5.07400E-06,-1.861E-02
-5.07350E-06,-1.861E-02
-5.07300E-06,-1.861E-02
-5.07250E-06,-1.861E-02
-5.07200E-06,-1.821E-02
-5.07150E-06,-1.821E-02
-5.07100E-06,-1.821E-02
-5.07050E-06,-1.821E-02
-5.07000E-06,-1.781E-02
-5.06950E-06,-1.781E-02
-5.06900E-06,-1.821E-02
-5.06850E-06,-1.781E-02
-5.06800E-06,-1.781E-02
-5.06750E-06,-1.781E-02
-5.06700E-06,-1.741E-02
-5.06650E-06,-1.781E-02
-5.06600E-06,-1.781E-02
-5.06550E-06,-1.781E-02
-5.06500E-06,-1.741E-02
-5.06450E-06,-1.781E-02
-5.06400E-06,-1.781E-02
-5.06350E-06,-1.821E-02
-5.06300E-06,-1.821E-02
-5.06250E-06,-1.821E-02
-5.06200E-06,-1.861E-02
-5.06150E-06,-1.861E-02
-5.06100E-06,-1.821E-02
-5.06050E-06,-1.821E-02
-5.06000E-06,-1.781E-02
-5.05950E-06,-1.781E-02
-5.05900E-06,-1.741E-02
-5.05850E-06,-1.741E-02
-5.05800E-06,-1.741E-02
-5.05750E-06,-1.741E-02
-5.05700E-06,-1.741E-02
-5.05650E-06,-1.741E-02
-5.05600E-06,-1.781E-02
-5.05550E-06,-1.741E-02
-5.05500E-06,-1.741E-02
-5.05450E-06,-1.781E-02
-5.05400E-06,-1.741E-02
-5.05350E-06,-1.741E-02
-5.05300E-06,-1.741E-02
-5.05250E-06,-1.781E-02
-5.05200E-06,-1.741E-02
-5.05150E-06,-1.701E-02
-5.05100E-06,-1.741E-02
-5.05050E-06,-1.741E-02
-5.05000E-06,-1.741E-02
-5.04950E-06,-1.741E-02
-5.04900E-06,-1.741E-02
-5.04850E-06,-1.741E-02
-5.04800E-06,-1.741E-02
-5.04750E-06,-1.701E-02
-5.04700E-06,-1.701E-02
-5.04650E-06,-1.701E-02
-5.04600E-06,-1.661E-02
-5.04550E-06,-1.701E-02
-5.04500E-06,-1.661E-02
-5.04450E-06,-1.661E-02
-5.04400E-06,-1.661E-02
-5.04350E-06,-1.661E-02
-5.04300E-06,-1.661E-02
-5.04250E-06,-1.661E-02
-5.04200E-06,-1.661E-02
-5.04150E-06,-1.661E-02
-5.04100E-06,-1.661E-02
-5.04050E-06,-1.701E-02
-5.04000E-06,-1.661E-02
-5.03950E-06,-1.661E-02
-5.03900E-06,-1.661E-02
-5.03850E-06,-1.661E-02
-5.03800E-06,-1.661E-02
-5.03750E-06,-1.661E-02
-5.03700E-06,-1.661E-02
-5.03650E-06,-1.661E-02
-5.03600E-06,-1.621E-02
-5.03550E-06,-1.621E-02
-5.03500E-06,-1.621E-02
-5.03450E-06,-1.621E-02
-5.03400E-06,-1.621E-02
-5.03350E-06,-1.621E-02
-5.03300E-06,-1.621E-02
-5.03250E-06,-1.621E-02
-5.03200E-06,-1.621E-02
-5.03150E-06,-1.621E-02
-5.03100E-06,-1.621E-02
-5.03050E-06,-1.621E-02
-5.03000E-06,-1.581E-02
-5.02950E-06,-1.621E-02
-5.02900E-06,-1.621E-02
-5.02850E-06,-1.581E-02
-5.02800E-06,-1.621E-02
-5.02750E-06,-1.581E-02
-5.02700E-06,-1.621E-02
-5.02650E-06,-1.621E-02
-5.02600E-06,-1.581E-02
-5.02550E-06,-1.581E-02
-5.02500E-06,-1.621E-02
-5.02450E-06,-1.621E-02
-5.02400E-06,-1.621E-02
-5.02350E-06,-1.621E-02
-5.02300E-06,-1.581E-02
-5.02250E-06,-1.581E-02
-5.02200E-06,-1.621E-02
-5.02150E-06,-1.621E-02
-5.02100E-06,-1.581E-02
-5.02050E-06,-1.581E-02
-5.02000E-06,-1.581E-02
-5.01950E-06,-1.581E-02
-5.01900E-06,-1.581E-02
-5.01850E-06,-1.541E-02
-5.01800E-06,-1.541E-02
-5.01750E-06,-1.581E-02
-5.01700E-06,-1.541E-02
-5.01650E-06,-1.541E-02
-5.01600E-06,-1.541E-02
-5.01550E-06,-1.581E-02
-5.01500E-06,-1.621E-02
-5.01450E-06,-1.581E-02
-5.01400E-06,-1.541E-02
-5.01350E-06,-1.541E-02
-5.01300E-06,-1.541E-02
-5.01250E-06,-1.501E-02
-5.01200E-06,-1.501E-02
-5.01150E-06,-1.501E-02
-5.01100E-06,-1.501E-02
-5.01050E-06,-1.501E-02
-5.01000E-06,-1.541E-02
-5.00950E-06,-1.541E-02
-5.00900E-06,-1.541E-02
-5.00850E-06,-1.581E-02
-5.00800E-06,-1.541E-02
-5.00750E-06,-1.541E-02
-5.00700E-06,-1.501E-02
-5.00650E-06,-1.461E-02
-5.00600E-06,-1.461E-02
-5.00550E-06,-1.461E-02
-5.00500E-06,-1.461E-02
-5.00450E-06,-1.501E-02
-5.00400E-06,-1.501E-02
-5.00350E-06,-1.501E-02
-5.00300E-06,-1.461E-02
-5.00250E-06,-1.501E-02
-5.00200E-06,-1.461E-02
-5.00150E-06,-1.501E-02
-5.00100E-06,-1.501E-02
-5.00050E-06,-1.501E-02
-5.00000E-06,-1.461E-02
-4.99950E-06,-1.501E-02
-4.99900E-06,-1.461E-02
-4.99850E-06,-1.461E-02
-4.99800E-06,-1.461E-02
-4.99750E-06,-1.421E-02
-4.99700E-06,-1.421E-02
-4.99650E-06,-1.461E-02
-4.99600E-06,-1.421E-02
-4.99550E-06,-1.461E-02
-4.99500E-06,-1.461E-02
-4.99450E-06,-1.461E-02
-4.99400E-06,-1.461E-02
-4.99350E-06,-1.461E-02
-4.99300E-06,-1.421E-02
-4.99250E-06,-1.461E-02
-4.99200E-06,-1.461E-02
-4.99150E-06,-1.461E-02
-4.99100E-06,-1.421E-02
-4.99050E-06,-1.421E-02
-4.99000E-06,-1.421E-02
-4.98950E-06,-1.421E-02
-4.98900E-06,-1.421E-02
-4.98850E-06,-1.421E-02
-4.98800E-06,-1.421E-02
-4.98750E-06,-1.381E-02
-4.98700E-06,-1.381E-02
-4.98650E-06,-1.381E-02
-4.98600E-06,-1.381E-02
-4.98550E-06,-1.381E-02
-4.98500E-06,-1.381E-02
-4.98450E-06,-1.381E-02
-4.98400E-06,-1.341E-02
-4.98350E-06,-1.381E-02
-4.98300E-06,-1.381E-02
-4.98250E-06,-1.381E-02
-4.98200E-06,-1.381E-02
-4.98150E-06,-1.341E-02
-4.98100E-06,-1.341E-02
-4.98050E-06,-1.341E-02
-4.98000E-06,-1.341E-02
-4.97950E-06,-1.381E-02
-4.97900E-06,-1.341E-02
-4.97850E-06,-1.341E-02
-4.97800E-06,-1.341E-02
-4.97750E-06,-1.341E-02
-4.97700E-06,-1.301E-02
-4.97650E-06,-1.341E-02
-4.97600E-06,-1.341E-02
-4.97550E-06,-1.301E-02
-4.97500E-06,-1.301E-02
-4.97450E-06,-1.301E-02
-4.97400E-06,-1.301E-02
-4.97350E-06,-1.301E-02
-4.97300E-06,-1.301E-02
-4.97250E-06,-1.301E-02
-4.97200E-06,-1.301E-02
-4.97150E-06,-1.301E-02
-4.97100E-06,-1.301E-02
-4.97050E-06,-1.301E-02
-4.97000E-06,-1.301E-02
-4.96950E-06,-1.301E-02
-4.96900E-06,-1.301E-02
-4.96850E-06,-1.301E-02
-4.96800E-06,-1.301E-02
-4.96750E-06,-1.301E-02
-4.96700E-06,-1.261E-02
-4.96650E-06,-1.301E-02
-4.96600E-06,-1.261E-02
-4.96550E-06,-1.261E-02
-4.96500E-06,-1.221E-02
-4.96450E-06,-1.261E-02
-4.96400E-06,-1.221E-02
-4.96350E-06,-1.221E-02
-4.96300E-06,-1.261E-02
-4.96250E-06,-1.301E-02
-4.96200E-06,-1.261E-02
-4.96150E-06,-1.261E-02
-4.96100E-06,-1.261E-02
-4.96050E-06,-1.261E-02
-4.96000E-06,-1.221E-02
-4.95950E-06,-1.221E-02
-4.95900E-06,-1.181E-02
-4.95850E-06,-1.181E-02
-4.95800E-06,-1.181E-02
-4.95750E-06,-1.221E-02
-4.95700E-06,-1.221E-02
-4.95650E-06,-1.181E-02
-4.95600E-06,-1.221E-02
-4.95550E-06,-1.221E-02
-4.95500E-06,-1.181E-02
-4.95450E-06,-1.221E-02
-4.95400E-06,-1.181E-02
-4.95350E-06,-1.221E-02
-4.95300E-06,-1.181E-02
-4.95250E-06,-1.141E-02
-4.95200E-06,-1.181E-02
-4.95150E-06,-1.141E-02
-4.95100E-06,-1.141E-02
-4.95050E-06,-1.141E-02
-4.95000E-06,-1.141E-02
-4.94950E-06,-1.141E-02
-4.94900E-06,-1.101E-02
-4.94850E-06,-1.101E-02
-4.94800E-06,-1.101E-02
-4.94750E-06,-1.141E-02
-4.94700E-06,-1.101E-02
-4.94650E-06,-1.101E-02
-4.94600E-06,-1.101E-02
-4.94550E-06,-1.101E-02
-4.94500E-06,-1.101E-02
-4.94450E-06,-1.101E-02
-4.94400E-06,-1.101E-02
-4.94350E-06,-1.061E-02
-4.94300E-06,-1.061E-02
-4.94250E-06,-1.101E-02
-4.94200E-06,-1.101E-02
-4.94150E-06,-1.101E-02
-4.94100E-06,-1.101E-02
-4.94050E-06,-1.101E-02
-4.94000E-06,-1.101E-02
-4.93950E-06,-1.101E-02
-4.93900E-06,-1.101E-02
-4.93850E-06,-1.101E-02
-4.93800E-06,-1.061E-02
-4.93750E-06,-1.061E-02
-4.93700E-06,-1.061E-02
-4.93650E-06,-1.021E-02
-4.93600E-06,-1.061E-02
-4.93550E-06,-1.061E-02
-4.93500E-06,-1.021E-02
-4.93450E-06,-1.021E-02
-4.93400E-06,-1.021E-02
-4.93350E-06,-1.021E-02
-4.93300E-06,-9.813E-03
-4.93250E-06,-1.021E-02
-4.93200E-06,-1.061E-02
-4.93150E-06,-1.021E-02
-4.93100E-06,-1.021E-02
-4.93050E-06,-1.021E-02
-4.93000E-06,-1.021E-02
-4.92950E-06,-1.021E-02
-4.92900E-06,-1.021E-02
-4.92850E-06,-1.021E-02
-4.92800E-06,-1.021E-02
-4.92750E-06,-1.021E-02
-4.92700E-06,-1.021E-02
-4.92650E-06,-1.021E-02
-4.92600E-06,-1.021E-02
-4.92550E-06,-1.021E-02
-4.92500E-06,-1.021E-02
-4.92450E-06,-9.813E-03
-4.92400E-06,-9.813E-03
-4.92350E-06,-9.813E-03
-4.92300E-06,-9.813E-03
-4.92250E-06,-9.813E-03
-4.92200E-06,-9.813E-03
-4.92150E-06,-9.413E-03
-4.92100E-06,-9.413E-03
-4.92050E-06,-9.413E-03
-4.92000E-06,-9.413E-03
-4.91950E-06,-9.413E-03
-4.91900E-06,-9.413E-03
-4.91850E-06,-9.413E-03
-4.91800E-06,-9.413E-03
-4.91750E-06,-9.013E-03
-4.91700E-06,-9.013E-03
-4.91650E-06,-9.013E-03
-4.91600E-06,-9.013E-03
-4.91550E-06,-9.413E-03
-4.91500E-06,-9.013E-03
-4.91450E-06,-9.413E-03
-4.91400E-06,-9.013E-03
-4.91350E-06,-8.613E-03
-4.91300E-06,-9.013E-03
-4.91250E-06,-8.613E-03
-4.91200E-06,-8.613E-03
-4.91150E-06,-8.613E-03
-4.91100E-06,-8.613E-03
-4.91050E-06,-8.213E-03
-4.91000E-06,-8.613E-03
-4.90950E-06,-8.613E-03
-4.90900E-06,-8.613E-03
-4.90850E-06,-8.613E-03
-4.90800E-06,-8.613E-03
-4.90750E-06,-8.613E-03
-4.90700E-06,-8.613E-03
-4.90650E-06,-8.613E-03
-4.90600E-06,-8.213E-03
-4.90550E-06,-8.613E-03
-4.90500E-06,-8.213E-03
-4.90450E-06,-8.613E-03
-4.90400E-06,-8.213E-03
-4.90350E-06,-8.613E-03
-4.90300E-06,-8.213E-03
-4.90250E-06,-8.613E-03
-4.90200E-06,-8.213E-03
-4.90150E-06,-8.213E-03
-4.90100E-06,-7.813E-03
-4.90050E-06,-7.813E-03
-4.90000E-06,-8.213E-03
-4.89950E-06,-7.813E-03
-4.89900E-06,-7.813E-03
-4.89850E-06,-7.813E-03
-4.89800E-06,-7.813E-03
-4.89750E-06,-7.813E-03
-4.89700E-06,-7.413E-03
-4.89650E-06,-7.813E-03
-4.89600E-06,-7.413E-03
-4.89550E-06,-7.413E-03
-4.89500E-06,-7.413E-03
-4.89450E-06,-7.413E-03
-4.89400E-06,-7.413E-03
-4.89350E-06,-7.413E-03
-4.89300E-06,-7.413E-03
-4.89250E-06,-7.413E-03
-4.89200E-06,-7.813E-03
-4.89150E-06,-7.413E-03
-4.89100E-06,-7.413E-03
-4.89050E-06,-7.413E-03
-4.89000E-06,-7.413E-03
-4.88950E-06,-7.413E-03
-4.88900E-06,-7.013E-03
-4.88850E-06,-7.013E-03
-4.88800E-06,-7.013E-03
-4.88750E-06,-7.013E-03
-4.88700E-06,-6.613E-03
-4.88650E-06,-6.613E-03
-4.88600E-06,-6.613E-03
-4.88550E-06,-6.613E-03
-4.88500E-06,-6.613E-03
-4.88450E-06,-7.013E-03
-4.88400E-06,-6.613E-03
-4.88350E-06,-6.613E-03
-4.88300E-06,-6.613E-03
-4.88250E-06,-6.613E-03
-4.88200E-06,-6.213E-03
-4.88150E-06,-6.613E-03
-4.88100E-06,-6.613E-03
-4.88050E-06,-6.613E-03
-4.88000E-06,-6.613E-03
-4.87950E-06,-6.213E-03
-4.87900E-06,-6.613E-03
-4.87850E-06,-6.613E-03
-4.87800E-06,-6.613E-03
-4.87750E-06,-6.613E-03
-4.87700E-06,-6.213E-03
-4.87650E-06,-6.213E-03
-4.87600E-06,-6.213E-03
-4.87550E-06,-6.213E-03
-4.87500E-06,-5.813E-03
-4.87450E-06,-5.813E-03
-4.87400E-06,-6.213E-03
-4.87350E-06,-6.213E-03
-4.87300E-06,-6.213E-03
-4.87250E-06,-6.213E-03
-4.87200E-06,-6.213E-03
-4.87150E-06,-6.213E-03
-4.87100E-06,-6.213E-03
-4.87050E-06,-6.213E-03
-4.87000E-06,-5.813E-03
-4.86950E-06,-5.813E-03
-4.86900E-06,-5.413E-03
-4.86850E-06,-5.813E-03
-4.86800E-06,-5.813E-03
-4.86750E-06,-5.413E-03
-4.86700E-06,-5.413E-03
-4.86650E-06,-5.413E-03
-4.86600E-06,-5.013E-03
-4.86550E-06,-5.413E-03
-4.86500E-06,-5.013E-03
-4.86450E-06,-5.013E-03
-4.86400E-06,-5.013E-03
-4.86350E-06,-5.013E-03
-4.86300E-06,-5.013E-03
-4.86250E-06,-5.013E-03
-4.86200E-06,-5.013E-03
-4.86150E-06,-5.413E-03
-4.86100E-06,-5.013E-03
-4.86050E-06,-4.613E-03
-4.86000E-06,-5.013E-03
-4.85950E-06,-5.013E-03
-4.85900E-06,-4.613E-03
-4.85850E-06,-4.613E-03
-4.85800E-06,-4.613E-03
-4.85750E-06,-4.613E-03
-4.85700E-06,-4.613E-03
-4.85650E-06,-4.613E-03
-4.85600E-06,-4.613E-03
-4.85550E-06,-5.013E-03
-4.85500E-06,-5.013E-03
-4.85450E-06,-4.613E-03
-4.85400E-06,-4.613E-03
-4.85350E-06,-4.613E-03
-4.85300E-06,-4.613E-03
-4.85250E-06,-4.613E-03
-4.85200E-06,-4.213E-03
-4.85150E-06,-4.213E-03
-4.85100E-06,-4.213E-03
-4.85050E-06,-3.813E-03
-4.85000E-06,-4.213E-03
-4.84950E-06,-4.213E-03
-4.84900E-06,-4.213E-03
-4.84850E-06,-4.213E-03
-4.84800E-06,-4.213E-03
-4.84750E-06,-3.813E-03
-4.84700E-06,-3.813E-03
-4.84650E-06,-3.813E-03
-4.84600E-06,-3.813E-03
-4.84550E-06,-4.213E-03
-4.84500E-06,-3.813E-03
-4.84450E-06,-3.813E-03
-4.84400E-06,-3.813E-03
-4.84350E-06,-3.813E-03
-4.84300E-06,-3.813E-03
-4.84250E-06,-3.813E-03
-4.84200E-06,-3.813E-03
-4.84150E-06,-3.413E-03
-4.84100E-06,-3.813E-03
-4.84050E-06,-3.413E-03
-4.84000E-06,-3.413E-03
-4.83950E-06,-3.413E-03
-4.83900E-06,-3.413E-03
-4.83850E-06,-3.413E-03
-4.83800E-06,-3.013E-03
-4.83750E-06,-3.413E-03
-4.83700E-06,-3.013E-03
-4.83650E-06,-3.013E-03
-4.83600E-06,-3.013E-03
-4.83550E-06,-3.013E-03
-4.83500E-06,-3.413E-03
-4.83450E-06,-3.013E-03
-4.83400E-06,-3.013E-03
-4.83350E-06,-3.413E-03
-4.83300E-06,-3.413E-03
-4.83250E-06,-3.013E-03
-4.83200E-06,-3.013E-03
-4.83150E-06,-3.013E-03
-4.83100E-06,-3.013E-03
-4.83050E-06,-3.013E-03
-4.83000E-06,-2.613E-03
-4.82950E-06,-2.213E-03
-4.82900E-06,-2.613E-03
-4.82850E-06,-2.613E-03
-4.82800E-06,-2.613E-03
-4.82750E-06,-2.613E-03
-4.82700E-06,-2.213E-03
-4.82650E-06,-2.213E-03
-4.82600E-06,-2.213E-03
-4.82550E-06,-2.213E-03
-4.82500E-06,-2.213E-03
-4.82450E-06,-1.813E-03
-4.82400E-06,-2.213E-03
-4.82350E-06,-1.813E-03
-4.82300E-06,-1.813E-03
-4.82250E-06,-2.213E-03
-4.82200E-06,-2.213E-03
-4.82150E-06,-1.813E-03
-4.82100E-06,-1.813E-03
-4.82050E-06,-1.813E-03
-4.82000E-06,-1.813E-03
-4.81950E-06,-1.813E-03
-4.81900E-06,-1.813E-03
-4.81850E-06,-1.813E-03
-4.81800E-06,-1.813E-03
-4.81750E-06,-1.813E-03
-4.81700E-06,-1.813E-03
-4.81650E-06,-1.413E-03
-4.81600E-06,-1.813E-03
-4.81550E-06,-1.813E-03
-4.81500E-06,-1.813E-03
-4.81450E-06,-1.413E-03
-4.81400E-06,-1.813E-03
-4.81350E-06,-1.413E-03
-4.81300E-06,-1.413E-03
-4.81250E-06,-1.013E-03
-4.81200E-06,-1.013E-03
-4.81150E-06,-1.013E-03
-4.81100E-06,-1.013E-03
-4.81050E-06,-1.013E-03
-4.81000E-06,-1.013E-03
-4.80950E-06,-1.413E-03
-4.80900E-06,-1.413E-03
-4.80850E-06,-1.413E-03
-4.80800E-06,-1.013E-03
-4.80750E-06,-1.013E-03
-4.80700E-06,-1.013E-03
-4.80650E-06,-6.134E-04
-4.80600E-06,-6.134E-04
-4.80550E-06,-6.134E-04
-4.80500E-06,-6.134E-04
-4.80450E-06,-6.134E-04
-4.80400E-06,-6.134E-04
-4.80350E-06,-6.134E-04
-4.80300E-06,-6.134E-04
-4.80250E-06,-1.013E-03
-4.80200E-06,-6.134E-04
-4.80150E-06,-6.134E-04
-4.80100E-06,-6.134E-04
-4.80050E-06,-6.134E-04
-4.80000E-06,-6.134E-04
-4.79950E-06,-2.134E-04
-4.79900E-06,-2.134E-04
-4.79850E-06,-2.134E-04
-4.79800E-06,-2.134E-04
-4.79750E-06,-2.134E-04
-4.79700E-06,1.866E-04
-4.79650E-06,1.866E-04
-4.79600E-06,-2.134E-04
-4.79550E-06,1.866E-04
-4.79500E-06,1.866E-04
-4.79450E-06,5.866E-04
-4.79400E-06,5.866E-04
-4.79350E-06,5.866E-04
-4.79300E-06,5.866E-04
-4.79250E-06,5.866E-04
-4.79200E-06,5.866E-04
-4.79150E-06,5.866E-04
-4.79100E-06,5.866E-04
-4.79050E-06,5.866E-04
-4.79000E-06,9.866E-04
-4.78950E-06,9.866E-04
-4.78900E-06,9.866E-04
-4.78850E-06,9.866E-04
-4.78800E-06,9.866E-04
-4.78750E-06,9.866E-04
-4.78700E-06,9.866E-04
-4.78650E-06,9.866E-04
-4.78600E-06,9.866E-04
-4.78550E-06,9.866E-04
-4.78500E-06,9.866E-04
-4.78450E-06,9.866E-04
-4.78400E-06,5.866E-04
-4.78350E-06,9.866E-04
-4.78300E-06,1.387E-03
-4.78250E-06,9.866E-04
-4.78200E-06,9.866E-04
-4.78150E-06,9.866E-04
-4.78100E-06,9.866E-04
-4.78050E-06,9.866E-04
-4.78000E-06,1.387E-03
-4.77950E-06,1.387E-03
-4.77900E-06,1.387E-03
-4.77850E-06,1.387E-03
-4.77800E-06,1.387E-03
-4.77750E-06,1.387E-03
-4.77700E-06,1.787E-03
-4.77650E-06,1.387E-03
-4.77600E-06,1.787E-03
-4.77550E-06,1.787E-03
-4.77500E-06,1.787E-03
-4.77450E-06,1.787E-03
-4.77400E-06,1.787E-03
-4.77350E-06,1.787E-03
-4.77300E-06,2.187E-03
-4.77250E-06,1.787E-03
-4.77200E-06,1.787E-03
-4.77150E-06,1.787E-03
-4.77100E-06,1.787E-03
-4.77050E-06,1.787E-03
-4.77000E-06,1.787E-03
-4.76950E-06,1.787E-03
-4.76900E-06,1.787E-03
-4.76850E-06,2.187E-03
-4.76800E-06,1.787E-03
-4.76750E-06,2.187E-03
-4.76700E-06,2.187E-03
-4.76650E-06,2.187E-03
-4.76600E-06,2.187E-03
-4.76550E-06,2.187E-03
-4.76500E-06,2.587E-03
-4.76450E-06,2.187E-03
-4.76400E-06,2.587E-03
-4.76350E-06,2.587E-03
-4.76300E-06,2.587E-03
-4.76250E-06,2.587E-03
-4.76200E-06,2.187E-03
-4.76150E-06,2.587E-03
-4.76100E-06,2.587E-03
-4.76050E-06,2.587E-03
-4.76000E-06,2.987E-03
-4.75950E-06,2.987E-03
-4.75900E-06,2.987E-03
-4.75850E-06,3.387E-03
-4.75800E-06,3.387E-03
-4.75750E-06,3.387E-03
-4.75700E-06,3.387E-03
-4.75650E-06,3.387E-03
-4.75600E-06,2.987E-03
-4.75550E-06,2.987E-03
-4.75500E-06,2.987E-03
-4.75450E-06,2.987E-03
-4.75400E-06,3.387E-03
-4.75350E-06,2.987E-03
-4.75300E-06,3.387E-03
-4.75250E-06,3.387E-03
-4.75200E-06,3.387E-03
-4.75150E-06,3.387E-03
-4.75100E-06,3.387E-03
-4.75050E-06,3.387E-03
-4.75000E-06,3.387E-03
-4.74950E-06,3.387E-03
-4.74900E-06,3.387E-03
-4.74850E-06,3.787E-03
-4.74800E-06,3.387E-03
-4.74750E-06,3.787E-03
-4.74700E-06,3.787E-03
-4.74650E-06,3.787E-03
-4.74600E-06,3.387E-03
-4.74550E-06,3.787E-03
-4.74500E-06,3.787E-03
-4.74450E-06,4.187E-03
-4.74400E-06,4.187E-03
-4.74350E-06,3.787E-03
-4.74300E-06,4.187E-03
-4.74250E-06,4.187E-03
-4.74200E-06,4.187E-03
-4.74150E-06,4.187E-03
-4.74100E-06,4.187E-03
-4.74050E-06,4.187E-03
-4.74000E-06,4.187E-03
-4.73950E-06,4.187E-03
-4.73900E-06,4.587E-03
-4.73850E-06,4.187E-03
-4.73800E-06,4.187E-03
-4.73750E-06,4.587E-03
-4.73700E-06,4.587E-03
-4.73650E-06,4.987E-03
-4.73600E-06,4.587E-03
-4.73550E-06,4.987E-03
-4.73500E-06,4.987E-03
-4.73450E-06,4.987E-03
-4.73400E-06,4.987E-03
-4.73350E-06,4.587E-03
-4.73300E-06,4.587E-03
-4.73250E-06,4.587E-03
-4.73200E-06,4.587E-03
-4.73150E-06,4.587E-03
-4.73100E-06,4.587E-03
-4.73050E-06,4.587E-03
-4.73000E-06,4.587E-03
-4.72950E-06,4.987E-03
-4.72900E-06,4.587E-03
-4.72850E-06,4.587E-03
-4.72800E-06,4.987E-03
-4.72750E-06,4.987E-03
-4.72700E-06,4.987E-03
-4.72650E-06,4.987E-03
-4.72600E-06,5.387E-03
-4.72550E-06,5.387E-03
-4.72500E-06,5.387E-03
-4.72450E-06,5.387E-03
-4.72400E-06,4.987E-03
-4.72350E-06,5.387E-03
-4.72300E-06,5.387E-03
-4.72250E-06,5.387E-03
-4.72200E-06,5.387E-03
-4.72150E-06,5.387E-03
-4.72100E-06,5.787E-03
-4.72050E-06,5.787E-03
-4.72000E-06,5.787E-03
-4.71950E-06,5.787E-03
-4.71900E-06,5.787E-03
-4.71850E-06,5.787E-03
-4.71800E-06,5.787E-03
-4.71750E-06,6.187E-03
-4.71700E-06,5.787E-03
-4.71650E-06,5.787E-03
-4.71600E-06,5.787E-03
-4.71550E-06,6.187E-03
-4.71500E-06,5.787E-03
-4.71450E-06,5.787E-03
-4.71400E-06,6.187E-03
-4.71350E-06,6.187E-03
-4.71300E-06,6.187E-03
-4.71250E-06,6.587E-03
-4.71200E-06,6.587E-03
-4.71150E-06,6.187E-03
-4.71100E-06,6.587E-03
-4.71050E-06,6.587E-03
-4.71000E-06,6.587E-03
-4.70950E-06,6.187E-03
-4.70900E-06,6.187E-03
-4.70850E-06,6.187E-03
-4.70800E-06,6.187E-03
-4.70750E-06,6.187E-03
-4.70700E-06,6.587E-03
-4.70650E-06,6.587E-03
-4.70600E-06,6.587E-03
-4.70550E-06,6.987E-03
-4.70500E-06,6.987E-03
-4.70450E-06,6.987E-03
-4.70400E-06,6.587E-03
-4.70350E-06,6.587E-03
-4.70300E-06,6.587E-03
-4.70250E-06,6.587E-03
-4.70200E-06,6.587E-03
-4.70150E-06,6.987E-03
-4.70100E-06,6.987E-03
-4.70050E-06,6.587E-03
-4.70000E-06,6.987E-03
-4.69950E-06,6.987E-03
-4.69900E-06,7.387E-03
-4.69850E-06,7.387E-03
-4.69800E-06,7.387E-03
-4.69750E-06,7.387E-03
-4.69700E-06,7.387E-03
-4.69650E-06,7.387E-03
-4.69600E-06,7.387E-03
-4.69550E-06,7.387E-03
-4.69500E-06,7.387E-03
-4.69450E-06,7.387E-03
-4.69400E-06,7.787E-03
-4.69350E-06,7.387E-03
-4.69300E-06,7.787E-03
-4.69250E-06,7.787E-03
-4.69200E-06,7.787E-03
-4.69150E-06,7.787E-03
-4.69100E-06,7.787E-03
-4.69050E-06,8.187E-03
-4.69000E-06,8.187E-03
-4.68950E-06,8.187E-03
-4.68900E-06,8.187E-03
-4.68850E-06,8.187E-03
-4.68800E-06,8.187E-03
-4.68750E-06,8.187E-03
-4.68700E-06,8.187E-03
-4.68650E-06,8.187E-03
-4.68600E-06,8.187E-03
-4.68550E-06,8.187E-03
-4.68500E-06,8.187E-03
-4.68450E-06,8.187E-03
-4.68400E-06,8.187E-03
-4.68350E-06,8.187E-03
-4.68300E-06,8.187E-03
-4.68250E-06,8.587E-03
-4.68200E-06,8.587E-03
-4.68150E-06,8.587E-03
-4.68100E-06,8.587E-03
-4.68050E-06,8.587E-03
-4.68000E-06,8.187E-03
-4.67950E-06,8.587E-03
-4.67900E-06,8.587E-03
-4.67850E-06,8.587E-03
-4.67800E-06,8.587E-03
-4.67750E-06,8.587E-03
-4.67700E-06,8.587E-03
-4.67650E-06,8.587E-03
-4.67600E-06,8.587E-03
-4.67550E-06,8.587E-03
-4.67500E-06,8.587E-03
-4.67450E-06,8.587E-03
-4.67400E-06,8.987E-03
-4.67350E-06,8.987E-03
-4.67300E-06,8.987E-03
-4.67250E-06,8.987E-03
-4.67200E-06,8.987E-03
-4.67150E-06,8.987E-03
-4.67100E-06,9.387E-03
-4.67050E-06,9.387E-03
-4.67000E-06,9.387E-03
-4.66950E-06,9.387E-03
-4.66900E-06,9.387E-03
-4.66850E-06,9.387E-03
-4.66800E-06,8.987E-03
-4.66750E-06,9.387E-03
-4.66700E-06,9.387E-03
-4.66650E-06,9.387E-03
-4.66600E-06,8.987E-03
-4.66550E-06,9.387E-03
-4.66500E-06,9.387E-03
-4.66450E-06,9.787E-03
-4.66400E-06,9.387E-03
-4.66350E-06,9.787E-03
-4.66300E-06,9.387E-03
-4.66250E-06,9.387E-03
-4.66200E-06,9.387E-03
-4.66150E-06,9.387E-03
-4.66100E-06,9.387E-03
-4.66050E-06,9.787E-03
-4.66000E-06,9.787E-03
-4.65950E-06,9.787E-03
-4.65900E-06,9.787E-03
-4.65850E-06,9.787E-03
-4.65800E-06,9.787E-03
-4.65750E-06,9.787E-03
-4.65700E-06,9.787E-03
-4.65650E-06,9.787E-03
-4.65600E-06,9.787E-03
-4.65550E-06,9.787E-03
-4.65500E-06,9.787E-03
-4.65450E-06,9.787E-03
-4.65400E-06,9.787E-03
-4.65350E-06,1.019E-02
-4.65300E-06,1.019E-02
-4.65250E-06,1.019E-02
-4.65200E-06,9.787E-03
-4.65150E-06,9.787E-03
-4.65100E-06,1.019E-02
-4.65050E-06,1.019E-02
-4.65000E-06,1.019E-02
-4.64950E-06,1.019E-02
-4.64900E-06,1.019E-02
-4.64850E-06,1.059E-02
-4.64800E-06,1.019E-02
-4.64750E-06,1.059E-02
-4.64700E-06,1.059E-02
-4.64650E-06,1.059E-02
-4.64600E-06,1.059E-02
-4.64550E-06,1.059E-02
-4.64500E-06,1.099E-02
-4.64450E-06,1.059E-02
-4.64400E-06,1.059E-02
-4.64350E-06,1.099E-02
-4.64300E-06,1.059E-02
-4.64250E-06,1.059E-02
-4.64200E-06,1.099E-02
-4.64150E-06,1.099E-02
-4.64100E-06,1.099E-02
-4.64050E-06,1.099E-02
-4.64000E-06,1.099E-02
-4.63950E-06,1.099E-02
-4.63900E-06,1.099E-02
-4.63850E-06,1.099E-02
-4.63800E-06,1.099E-02
-4.63750E-06,1.099E-02
-4.63700E-06,1.099E-02
-4.63650E-06,1.099E-02
-4.63600E-06,1.099E-02
-4.63550E-06,1.139E-02
-4.63500E-06,1.099E-02
-4.63450E-06,1.139E-02
-4.63400E-06,1.099E-02
-4.63350E-06,1.099E-02
-4.63300E-06,1.099E-02
-4.63250E-06,1.139E-02
-4.63200E-06,1.139E-02
-4.63150E-06,1.139E-02
-4.63100E-06,1.179E-02
-4.63050E-06,1.179E-02
-4.63000E-06,1.139E-02
-4.62950E-06,1.179E-02
-4.62900E-06,1.179E-02
-4.62850E-06,1.179E-02
-4.62800E-06,1.139E-02
-4.62750E-06,1.219E-02
-4.62700E-06,1.179E-02
-4.62650E-06,1.179E-02
-4.62600E-06,1.179E-02
-4.62550E-06,1.219E-02
-4.62500E-06,1.179E-02
-4.62450E-06,1.179E-02
-4.62400E-06,1.179E-02
-4.62350E-06,1.179E-02
-4.62300E-06,1.179E-02
-4.62250E-06,1.179E-02
-4.62200E-06,1.179E-02
-4.62150E-06,1.179E-02
-4.62100E-06,1.179E-02
-4.62050E-06,1.219E-02
-4.62000E-06,1.179E-02
-4.61950E-06,1.219E-02
-4.61900E-06,1.219E-02
-4.61850E-06,1.219E-02
-4.61800E-06,1.219E-02
-4.61750E-06,1.259E-02
-4.61700E-06,1.219E-02
-4.61650E-06,1.219E-02
-4.61600E-06,1.259E-02
-4.61550E-06,1.259E-02
-4.61500E-06,1.219E-02
-4.61450E-06,1.219E-02
-4.61400E-06,1.219E-02
-4.61350E-06,1.259E-02
-4.61300E-06,1.219E-02
-4.61250E-06,1.299E-02
-4.61200E-06,1.259E-02
-4.61150E-06,1.299E-02
-4.61100E-06,1.299E-02
-4.61050E-06,1.259E-02
-4.61000E-06,1.259E-02
-4.60950E-06,1.259E-02
-4.60900E-06,1.259E-02
-4.60850E-06,1.259E-02
-4.60800E-06,1.259E-02
-4.60750E-06,1.259E-02
-4.60700E-06,1.259E-02
-4.60650E-06,1.299E-02
-4.60600E-06,1.259E-02
-4.60550E-06,1.299E-02
-4.60500E-06,1.299E-02
-4.60450E-06,1.299E-02
-4.60400E-06,1.299E-02
-4.60350E-06,1.299E-02
-4.60300E-06,1.259E-02
-4.60250E-06,1.299E-02
-4.60200E-06,1.299E-02
-4.60150E-06,1.299E-02
-4.60100E-06,1.299E-02
-4.60050E-06,1.299E-02
-4.60000E-06,1.339E-02
-4.59950E-06,1.379E-02
-4.59900E-06,1.339E-02
-4.59850E-06,1.339E-02
-4.59800E-06,1.339E-02
-4.59750E-06,1.339E-02
-4.59700E-06,1.299E-02
-4.59650E-06,1.339E-02
-4.59600E-06,1.299E-02
-4.59550E-06,1.339E-02
-4.59500E-06,1.339E-02
-4.59450E-06,1.339E-02
-4.59400E-06,1.299E-02
-4.59350E-06,1.339E-02
-4.59300E-06,1.339E-02
-4.59250E-06,1.339E-02
-4.59200E-06,1.339E-02
-4.59150E-06,1.379E-02
-4.59100E-06,1.379E-02
-4.59050E-06,1.379E-02
-4.59000E-06,1.379E-02
-4.58950E-06,1.379E-02
-4.58900E-06,1.339E-02
-4.58850E-06,1.379E-02
-4.58800E-06,1.379E-02
-4.58750E-06,1.379E-02
-4.58700E-06,1.379E-02
-4.58650E-06,1.379E-02
-4.58600E-06,1.379E-02
-4.58550E-06,1.419E-02
-4.58500E-06,1.379E-02
-4.58450E-06,1.419E-02
-4.58400E-06,1.419E-02
-4.58350E-06,1.379E-02
-4.58300E-06,1.379E-02
-4.58250E-06,1.419E-02
-4.58200E-06,1.419E-02
-4.58150E-06,1.419E-02
-4.58100E-06,1.419E-02
-4.58050E-06,1.419E-02
-4.58000E-06,1.419E-02
-4.57950E-06,1.419E-02
-4.57900E-06,1.379E-02
-4.57850E-06,1.419E-02
-4.57800E-06,1.419E-02
-4.57750E-06,1.459E-02
-4.57700E-06,1.419E-02
-4.57650E-06,1.419E-02
-4.57600E-06,1.419E-02
-4.57550E-06,1.459E-02
-4.57500E-06,1.459E-02
-4.57450E-06,1.419E-02
-4.57400E-06,1.459E-02
-4.57350E-06,1.459E-02
-4.57300E-06,1.459E-02
-4.57250E-06,1.499E-02
-4.57200E-06,1.419E-02
-4.57150E-06,1.459E-02
-4.57100E-06,1.459E-02
-4.57050E-06,1.499E-02
-4.57000E-06,1.459E-02
-4.56950E-06,1.459E-02
-4.56900E-06,1.459E-02
-4.56850E-06,1.459E-02
-4.56800E-06,1.419E-02
-4.56750E-06,1.499E-02
-4.56700E-06,1.459E-02
-4.56650E-06,1.499E-02
-4.56600E-06,1.499E-02
-4.56550E-06,1.499E-02
-4.56500E-06,1.499E-02
-4.56450E-06,1.539E-02
-4.56400E-06,1.499E-02
-4.56350E-06,1.499E-02
-4.56300E-06,1.499E-02
-4.56250E-06,1.499E-02
-4.56200E-06,1.459E-02
-4.56150E-06,1.499E-02
-4.56100E-06,1.459E-02
-4.56050E-06,1.499E-02
-4.56000E-06,1.499E-02
-4.55950E-06,1.539E-02
-4.55900E-06,1.499E-02
-4.55850E-06,1.539E-02
-4.55800E-06,1.539E-02
-4.55750E-06,1.539E-02
-4.55700E-06,1.539E-02
-4.55650E-06,1.539E-02
-4.55600E-06,1.499E-02
-4.55550E-06,1.539E-02
-4.55500E-06,1.499E-02
-4.55450E-06,1.539E-02
-4.55400E-06,1.499E-02
-4.55350E-06,1.539E-02
-4.55300E-06,1.539E-02
-4.55250E-06,1.539E-02
-4.55200E-06,1.539E-02
-4.55150E-06,1.539E-02
-4.55100E-06,1.539E-02
-4.55050E-06,1.539E-02
-4.55000E-06,1.539E-02
-4.54950E-06,1.539E-02
-4.54900E-06,1.539E-02
-4.54850E-06,1.579E-02
-4.54800E-06,1.539E-02
-4.54750E-06,1.539E-02
-4.54700E-06,1.539E-02
-4.54650E-06,1.579E-02
-4.54600E-06,1.579E-02
-4.54550E-06,1.619E-02
-4.54500E-06,1.579E-02
-4.54450E-06,1.579E-02
-4.54400E-06,1.579E-02
-4.54350E-06,1.619E-02
-4.54300E-06,1.579E-02
-4.54250E-06,1.619E-02
-4.54200E-06,1.579E-02
-4.54150E-06,1.579E-02
-4.54100E-06,1.579E-02
-4.54050E-06,1.579E-02
-4.54000E-06,1.579E-02
-4.53950E-06,1.579E-02
-4.53900E-06,1.579E-02
-4.53850E-06,1.579E-02
-4.53800E-06,1.579E-02
-4.53750E-06,1.579E-02
-4.53700E-06,1.579E-02
-4.53650E-06,1.619E-02
-4.53600E-06,1.579E-02
-4.53550E-06,1.619E-02
-4.53500E-06,1.619E-02
-4.53450E-06,1.619E-02
-4.53400E-06,1.579E-02
-4.53350E-06,1.579E-02
-4.53300E-06,1.579E-02
-4.53250E-06,1.619E-02
-4.53200E-06,1.619E-02
-4.53150E-06,1.619E-02
-4.53100E-06,1.619E-02
-4.53050E-06,1.619E-02
-4.53000E-06,1.579E-02
-4.52950E-06,1.619E-02
-4.52900E-06,1.619E-02
-4.52850E-06,1.659E-02
-4.52800E-06,1.619E-02
-4.52750E-06,1.659E-02
-4.52700E-06,1.659E-02
-4.52650E-06,1.659E-02
-4.52600E-06,1.659E-02
-4.52550E-06,1.659E-02
-4.52500E-06,1.619E-02
-4.52450E-06,1.659E-02
-4.52400E-06,1.619E-02
-4.52350E-06,1.659E-02
-4.52300E-06,1.619E-02
-4.52250E-06,1.659E-02
-4.52200E-06,1.619E-02
-4.52150E-06,1.659E-02
-4.52100E-06,1.659E-02
-4.52050E-06,1.659E-02
-4.52000E-06,1.659E-02
-4.51950E-06,1.619E-02
-4.51900E-06,1.619E-02
-4.51850E-06,1.659E-02
-4.51800E-06,1.659E-02
-4.51750E-06,1.659E-02
-4.51700E-06,1.619E-02
-4.51650E-06,1.659E-02
-4.51600E-06,1.659E-02
-4.51550E-06,1.659E-02
-4.51500E-06,1.619E-02
-4.51450E-06,1.659E-02
-4.51400E-06,1.659E-02
-4.51350E-06,1.699E-02
-4.51300E-06,1.699E-02
-4.51250E-06,1.699E-02
-4.51200E-06,1.699E-02
-4.51150E-06,1.739E-02
-4.51100E-06,1.699E-02
-4.51050E-06,1.699E-02
-4.51000E-06,1.699E-02
-4.50950E-06,1.659E-02
-4.50900E-06,1.619E-02
-4.50850E-06,1.659E-02
-4.50800E-06,1.619E-02
-4.50750E-06,1.659E-02
-4.50700E-06,1.619E-02
-4.50650E-06,1.699E-02
-4.50600E-06,1.659E-02
-4.50550E-06,1.699E-02
-4.50500E-06,1.699E-02
-4.50450E-06,1.739E-02
-4.50400E-06,1.699E-02
-4.50350E-06,1.659E-02
-4.50300E-06,1.659E-02
-4.50250E-06,1.659E-02
-4.50200E-06,1.699E-02
-4.50150E-06,1.699E-02
-4.50100E-06,1.659E-02
-4.50050E-06,1.659E-02
-4.50000E-06,1.659E-02
-4.49950E-06,1.699E-02
-4.49900E-06,1.699E-02
-4.49850E-06,1.699E-02
-4.49800E-06,1.739E-02
-4.49750E-06,1.699E-02
-4.49700E-06,1.739E-02
-4.49650E-06,1.739E-02
-4.49600E-06,1.699E-02
-4.49550E-06,1.699E-02
-4.49500E-06,1.699E-02
-4.49450E-06,1.739E-02
-4.49400E-06,1.699E-02
-4.49350E-06,1.739E-02
-4.49300E-06,1.699E-02
-4.49250E-06,1.699E-02
-4.49200E-06,1.699E-02
-4.49150E-06,1.699E-02
-4.49100E-06,1.739E-02
-4.49050E-06,1.739E-02
-4.49000E-06,1.739E-02
-4.48950E-06,1.699E-02
-4.48900E-06,1.739E-02
-4.48850E-06,1.699E-02
-4.48800E-06,1.739E-02
-4.48750E-06,1.739E-02
-4.48700E-06,1.739E-02
-4.48650E-06,1.739E-02
-4.48600E-06,1.739E-02
-4.48550E-06,1.779E-02
-4.48500E-06,1.739E-02
-4.48450E-06,1.739E-02
-4.48400E-06,1.779E-02
-4.48350E-06,1.739E-02
-4.48300E-06,1.739E-02
-4.48250E-06,1.739E-02
-4.48200E-06,1.739E-02
-4.48150E-06,1.739E-02
-4.48100E-06,1.739E-02
-4.48050E-06,1.739E-02
-4.48000E-06,1.739E-02
-4.47950E-06,1.739E-02
-4.47900E-06,1.739E-02
-4.47850E-06,1.779E-02
-4.47800E-06,1.739E-02
-4.47750E-06,1.739E-02
-4.47700E-06,1.739E-02
-4.47650E-06,1.739E-02
-4.47600E-06,1.739E-02
-4.47550E-06,1.739E-02
-4.47500E-06,1.779E-02
-4.47450E-06,1.779E-02
-4.47400E-06,1.739E-02
-4.47350E-06,1.779E-02
-4.47300E-06,1.739E-02
-4.47250E-06,1.779E-02
-4.47200E-06,1.779E-02
-4.47150E-06,1.779E-02
-4.47100E-06,1.779E-02
-4.47050E-06,1.779E-02
-4.47000E-06,1.779E-02
-4.46950E-06,1.779E-02
-4.46900E-06,1.779E-02
-4.46850E-06,1.739E-02
-4.46800E-06,1.739E-02
-4.46750E-06,1.739E-02
-4.46700E-06,1.739E-02
-4.46650E-06,1.779E-02
-4.46600E-06,1.779E-02
-4.46550E-06,1.779E-02
-4.46500E-06,1.779E-02
-4.46450E-06,1.779E-02
-4.46400E-06,1.779E-02
-4.46350E-06,1.779E-02
-4.46300E-06,1.779E-02
-4.46250E-06,1.779E-02
-4.46200E-06,1.779E-02
-4.46150E-06,1.739E-02
-4.46100E-06,1.739E-02
-4.46050E-06,1.779E-02
-4.46000E-06,1.739E-02
-4.45950E-06,1.779E-02
-4.45900E-06,1.819E-02
-4.45850E-06,1.779E-02
-4.45800E-06,1.779E-02
-4.45750E-06,1.779E-02
-4.45700E-06,1.779E-02
-4.45650E-06,1.779E-02
-4.45600E-06,1.779E-02
-4.45550E-06,1.779E-02
-4.45500E-06,1.739E-02
-4.45450E-06,1.779E-02
-4.45400E-06,1.779E-02
-4.45350E-06,1.779E-02
-4.45300E-06,1.779E-02
-4.45250E-06,1.739E-02
-4.45200E-06,1.819E-02
-4.45150E-06,1.779E-02
-4.45100E-06,1.779E-02
-4.45050E-06,1.779E-02
-4.45000E-06,1.779E-02
-4.44950E-06,1.779E-02
-4.44900E-06,1.779E-02
-4.44850E-06,1.779E-02
-4.44800E-06,1.819E-02
-4.44750E-06,1.819E-02
-4.44700E-06,1.779E-02
-4.44650E-06,1.819E-02
-4.44600E-06,1.779E-02
-4.44550E-06,1.819E-02
-4.44500E-06,1.779E-02
-4.44450E-06,1.819E-02
-4.44400E-06,1.779E-02
-4.44350E-06,1.819E-02
-4.44300E-06,1.819E-02
-4.44250E-06,1.819E-02
-4.44200E-06,1.779E-02
-4.44150E-06,1.779E-02
-4.44100E-06,1.779E-02
-4.44050E-06,1.779E-02
-4.44000E-06,1.739E-02
-4.43950E-06,1.779E-02
-4.43900E-06,1.779E-02
-4.43850E-06,1.779E-02
-4.43800E-06,1.779E-02
-4.43750E-06,1.779E-02
-4.43700E-06,1.819E-02
-4.43650E-06,1.819E-02
-4.43600E-06,1.819E-02
-4.43550E-06,1.819E-02
-4.43500E-06,1.819E-02
-4.43450E-06,1.819E-02
-4.43400E-06,1.819E-02
-4.43350E-06,1.819E-02
-4.43300E-06,1.779E-02
-4.43250E-06,1.819E-02
-4.43200E-06,1.779E-02
-4.43150E-06,1.819E-02
-4.43100E-06,1.779E-02
-4.43050E-06,1.819E-02
-4.43000E-06,1.779E-02
-4.42950E-06,1.819E-02
-4.42900E-06,1.819E-02
-4.42850E-06,1.819E-02
-4.42800E-06,1.779E-02
-4.42750E-06,1.819E-02
-4.42700E-06,1.819E-02
-4.42650E-06,1.819E-02
-4.42600E-06,1.779E-02
-4.42550E-06,1.819E-02
-4.42500E-06,1.819E-02
-4.42450E-06,1.779E-02
-4.42400E-06,1.779E-02
-4.42350E-06,1.779E-02
-4.42300E-06,1.779E-02
-4.42250E-06,1.819E-02
-4.42200E-06,1.779E-02
-4.42150E-06,1.819E-02
-4.42100E-06,1.779E-02
-4.42050E-06,1.819E-02
-4.42000E-06,1.779E-02
-4.41950E-06,1.819E-02
-4.41900E-06,1.779E-02
-4.41850E-06,1.779E-02
-4.41800E-06,1.779E-02
-4.41750E-06,1.779E-02
-4.41700E-06,1.779E-02
-4.41650E-06,1.779E-02
-4.41600E-06,1.779E-02
-4.41550E-06,1.779E-02
-4.41500E-06,1.779E-02
-4.41450E-06,1.779E-02
-4.41400E-06,1.819E-02
-4.41350E-06,1.779E-02
-4.41300E-06,1.819E-02
-4.41250E-06,1.819E-02
-4.41200E-06,1.859E-02
-4.41150E-06,1.859E-02
-4.41100E-06,1.819E-02
-4.41050E-06,1.819E-02
-4.41000E-06,1.819E-02
-4.40950E-06,1.819E-02
-4.40900E-06,1.819E-02
-4.40850E-06,1.819E-02
-4.40800E-06,1.779E-02
-4.40750E-06,1.779E-02
-4.40700E-06,1.819E-02
-4.40650E-06,1.819E-02
-4.40600E-06,1.819E-02
-4.40550E-06,1.819E-02
-4.40500E-06,1.819E-02
-4.40450E-06,1.819E-02
-4.40400E-06,1.819E-02
-4.40350E-06,1.819E-02
-4.40300E-06,1.819E-02
-4.40250E-06,1.819E-02
-4.40200E-06,1.779E-02
-4.40150E-06,1.779E-02
-4.40100E-06,1.779E-02
-4.40050E-06,1.779E-02
-4.40000E-06,1.779E-02
-4.39950E-06,1.779E-02
-4.39900E-06,1.779E-02
-4.39850E-06,1.819E-02
-4.39800E-06,1.819E-02
-4.39750E-06,1.819E-02
-4.39700E-06,1.779E-02
-4.39650E-06,1.819E-02
-4.39600E-06,1.779E-02
-4.39550E-06,1.779E-02
-4.39500E-06,1.779E-02
-4.39450E-06,1.779E-02
-4.39400E-06,1.779E-02
-4.39350E-06,1.779E-02
-4.39300E-06,1.779E-02
-4.39250E-06,1.779E-02
-4.39200E-06,1.739E-02
-4.39150E-06,1.779E-02
-4.39100E-06,1.779E-02
-4.39050E-06,1.779E-02
-4.39000E-06,1.779E-02
-4.38950E-06,1.779E-02
-4.38900E-06,1.779E-02
-4.38850E-06,1.779E-02
-4.38800E-06,1.779E-02
-4.38750E-06,1.779E-02
-4.38700E-06,1.779E-02
-4.38650E-06,1.819E-02
-4.38600E-06,1.779E-02
-4.38550E-06,1.819E-02
-4.38500E-06,1.779E-02
-4.38450E-06,1.819E-02
-4.38400E-06,1.779E-02
-4.38350E-06,1.779E-02
-4.38300E-06,1.779E-02
-4.38250E-06,1.779E-02
-4.38200E-06,1.779E-02
-4.38150E-06,1.819E-02
-4.38100E-06,1.779E-02
-4.38050E-06,1.779E-02
-4.38000E-06,1.779E-02
-4.37950E-06,1.779E-02
-4.37900E-06,1.779E-02
-4.37850E-06,1.779E-02
-4.37800E-06,1.779E-02
-4.37750E-06,1.779E-02
-4.37700E-06,1.779E-02
-4.37650E-06,1.779E-02
-4.37600E-06,1.779E-02
-4.37550E-06,1.779E-02
-4.37500E-06,1.779E-02
-4.37450E-06,1.779E-02
-4.37400E-06,1.779E-02
-4.37350E-06,1.779E-02
-4.37300E-06,1.779E-02
-4.37250E-06,1.779E-02
-4.37200E-06,1.779E-02
-4.37150E-06,1.779E-02
-4.37100E-06,1.739E-02
-4.37050E-06,1.739E-02
-4.37000E-06,1.739E-02
-4.36950E-06,1.779E-02
-4.36900E-06,1.779E-02
-4.36850E-06,1.739E-02
-4.36800E-06,1.739E-02
-4.36750E-06,1.739E-02
-4.36700E-06,1.779E-02
-4.36650E-06,1.739E-02
-4.36600E-06,1.739E-02
-4.36550E-06,1.739E-02
-4.36500E-06,1.739E-02
-4.36450E-06,1.739E-02
-4.36400E-06,1.739E-02
-4.36350E-06,1.739E-02
-4.36300E-06,1.699E-02
-4.36250E-06,1.739E-02
-4.36200E-06,1.739E-02
-4.36150E-06,1.699E-02
-4.36100E-06,1.699E-02
-4.36050E-06,1.739E-02
-4.36000E-06,1.739E-02
-4.35950E-06,1.779E-02
-4.35900E-06,1.779E-02
-4.35850E-06,1.779E-02
-4.35800E-06,1.779E-02
-4.35750E-06,1.779E-02
-4.35700E-06,1.779E-02
-4.35650E-06,1.779E-02
-4.35600E-06,1.739E-02
-4.35550E-06,1.739E-02
-4.35500E-06,1.739E-02
-4.35450E-06,1.739E-02
-4.35400E-06,1.699E-02
-4.35350E-06,1.739E-02
-4.35300E-06,1.699E-02
-4.35250E-06,1.739E-02
-4.35200E-06,1.699E-02
-4.35150E-06,1.739E-02
-4.35100E-06,1.699E-02
-4.35050E-06,1.699E-02
-4.35000E-06,1.699E-02
-4.34950E-06,1.739E-02
-4.34900E-06,1.739E-02
-4.34850E-06,1.739E-02
-4.34800E-06,1.699E-02
-4.34750E-06,1.739E-02
-4.34700E-06,1.739E-02
-4.34650E-06,1.779E-02
-4.34600E-06,1.699E-02
-4.34550E-06,1.739E-02
-4.34500E-06,1.739E-02
-4.34450E-06,1.739E-02
-4.34400E-06,1.739E-02
-4.34350E-06,1.739E-02
-4.34300E-06,1.699E-02
-4.34250E-06,1.699E-02
-4.34200E-06,1.739E-02
-4.34150E-06,1.739E-02
-4.34100E-06,1.739E-02
-4.34050E-06,1.699E-02
-4.34000E-06,1.699E-02
-4.33950E-06,1.739E-02
-4.33900E-06,1.699E-02
-4.33850E-06,1.739E-02
-4.33800E-06,1.699E-02
-4.33750E-06,1.739E-02
-4.33700E-06,1.739E-02
-4.33650E-06,1.699E-02
-4.33600E-06,1.699E-02
-4.33550E-06,1.739E-02
-4.33500E-06,1.739E-02
-4.33450E-06,1.739E-02
-4.33400E-06,1.699E-02
-4.33350E-06,1.739E-02
-4.33300E-06,1.739E-02
-4.33250E-06,1.739E-02
-4.33200E-06,1.739E-02
-4.33150E-06,1.739E-02
-4.33100E-06,1.659E-02
-4.33050E-06,1.699E-02
-4.33000E-06,1.699E-02
-4.32950E-06,1.699E-02
-4.32900E-06,1.699E-02
-4.32850E-06,1.699E-02
-4.32800E-06,1.659E-02
-4.32750E-06,1.659E-02
-4.32700E-06,1.699E-02
-4.32650E-06,1.699E-02
-4.32600E-06,1.699E-02
-4.32550E-06,1.699E-02
-4.32500E-06,1.699E-02
-4.32450E-06,1.659E-02
-4.32400E-06,1.659E-02
-4.32350E-06,1.659E-02
-4.32300E-06,1.659E-02
-4.32250E-06,1.659E-02
-4.32200E-06,1.659E-02
-4.32150E-06,1.699E-02
-4.32100E-06,1.659E-02
-4.32050E-06,1.659E-02
-4.32000E-06,1.659E-02
-4.31950E-06,1.699E-02
-4.31900E-06,1.659E-02
-4.31850E-06,1.659E-02
-4.31800E-06,1.659E-02
-4.31750E-06,1.659E-02
-4.31700E-06,1.659E-02
-4.31650E-06,1.659E-02
-4.31600E-06,1.659E-02
-4.31550E-06,1.659E-02
-4.31500E-06,1.659E-02
-4.31450E-06,1.659E-02
-4.31400E-06,1.619E-02
-4.31350E-06,1.659E-02
-4.31300E-06,1.659E-02
-4.31250E-06,1.659E-02
-4.31200E-06,1.659E-02
-4.31150E-06,1.659E-02
-4.31100E-06,1.619E-02
-4.31050E-06,1.619E-02
-4.31000E-06,1.579E-02
-4.30950E-06,1.619E-02
-4.30900E-06,1.579E-02
-4.30850E-06,1.619E-02
-4.30800E-06,1.579E-02
-4.30750E-06,1.579E-02
-4.30700E-06,1.619E-02
-4.30650E-06,1.659E-02
-4.30600E-06,1.619E-02
-4.30550E-06,1.659E-02
-4.30500E-06,1.619E-02
-4.30450E-06,1.659E-02
-4.30400E-06,1.619E-02
-4.30350E-06,1.619E-02
-4.30300E-06,1.579E-02
-4.30250E-06,1.619E-02
-4.30200E-06,1.579E-02
-4.30150E-06,1.619E-02
-4.30100E-06,1.579E-02
-4.30050E-06,1.579E-02
-4.30000E-06,1.579E-02
-4.29950E-06,1.619E-02
-4.29900E-06,1.579E-02
-4.29850E-06,1.579E-02
-4.29800E-06,1.539E-02
-4.29750E-06,1.579E-02
-4.29700E-06,1.539E-02
-4.29650E-06,1.539E-02
-4.29600E-06,1.579E-02
-4.29550E-06,1.579E-02
-4.29500E-06,1.539E-02
-4.29450E-06,1.539E-02
-4.29400E-06,1.579E-02
-4.29350E-06,1.539E-02
-4.29300E-06,1.539E-02
-4.29250E-06,1.579E-02
-4.29200E-06,1.579E-02
-4.29150E-06,1.579E-02
-4.29100E-06,1.579E-02
-4.29050E-06,1.579E-02
-4.29000E-06,1.579E-02
-4.28950E-06,1.579E-02
-4.28900E-06,1.539E-02
-4.28850E-06,1.539E-02
-4.28800E-06,1.539E-02
-4.28750E-06,1.579E-02
-4.28700E-06,1.539E-02
-4.28650E-06,1.579E-02
-4.28600E-06,1.539E-02
-4.28550E-06,1.579E-02
-4.28500E-06,1.539E-02
-4.28450E-06,1.579E-02
-4.28400E-06,1.539E-02
-4.28350E-06,1.579E-02
-4.28300E-06,1.539E-02
-4.28250E-06,1.539E-02
-4.28200E-06,1.539E-02
-4.28150E-06,1.539E-02
-4.28100E-06,1.499E-02
-4.28050E-06,1.539E-02
-4.28000E-06,1.499E-02
-4.27950E-06,1.539E-02
-4.27900E-06,1.499E-02
-4.27850E-06,1.499E-02
-4.27800E-06,1.459E-02
-4.27750E-06,1.499E-02
-4.27700E-06,1.499E-02
-4.27650E-06,1.499E-02
-4.27600E-06,1.499E-02
-4.27550E-06,1.539E-02
-4.27500E-06,1.459E-02
-4.27450E-06,1.539E-02
-4.27400E-06,1.499E-02
-4.27350E-06,1.499E-02
-4.27300E-06,1.539E-02
-4.27250E-06,1.499E-02
-4.27200E-06,1.499E-02
-4.27150E-06,1.459E-02
-4.27100E-06,1.499E-02
-4.27050E-06,1.499E-02
-4.27000E-06,1.499E-02
-4.26950E-06,1.499E-02
-4.26900E-06,1.459E-02
-4.26850E-06,1.499E-02
-4.26800E-06,1.459E-02
-4.26750E-06,1.499E-02
-4.26700E-06,1.459E-02
-4.26650E-06,1.499E-02
-4.26600E-06,1.459E-02
-4.26550E-06,1.499E-02
-4.26500E-06,1.499E-02
-4.26450E-06,1.499E-02
-4.26400E-06,1.459E-02
-4.26350E-06,1.459E-02
-4.26300E-06,1.419E-02
-4.26250E-06,1.419E-02
-4.26200E-06,1.419E-02
-4.26150E-06,1.459E-02
-4.26100E-06,1.419E-02
-4.26050E-06,1.459E-02
-4.26000E-06,1.459E-02
-4.25950E-06,1.499E-02
-4.25900E-06,1.459E-02
-4.25850E-06,1.499E-02
-4.25800E-06,1.459E-02
-4.25750E-06,1.499E-02
-4.25700E-06,1.459E-02
-4.25650E-06,1.419E-02
-4.25600E-06,1.419E-02
-4.25550E-06,1.419E-02
-4.25500E-06,1.419E-02
-4.25450E-06,1.419E-02
-4.25400E-06,1.419E-02
-4.25350E-06,1.459E-02
-4.25300E-06,1.419E-02
-4.25250E-06,1.419E-02
-4.25200E-06,1.419E-02
-4.25150E-06,1.419E-02
-4.25100E-06,1.419E-02
-4.25050E-06,1.419E-02
-4.25000E-06,1.379E-02
-4.24950E-06,1.379E-02
-4.24900E-06,1.339E-02
-4.24850E-06,1.339E-02
-4.24800E-06,1.339E-02
-4.24750E-06,1.379E-02
-4.24700E-06,1.339E-02
-4.24650E-06,1.379E-02
-4.24600E-06,1.339E-02
-4.24550E-06,1.379E-02
-4.24500E-06,1.339E-02
-4.24450E-06,1.379E-02
-4.24400E-06,1.379E-02
-4.24350E-06,1.379E-02
-4.24300E-06,1.379E-02
-4.24250E-06,1.379E-02
-4.24200E-06,1.339E-02
-4.24150E-06,1.379E-02
-4.24100E-06,1.339E-02
-4.24050E-06,1.339E-02
-4.24000E-06,1.339E-02
-4.23950E-06,1.339E-02
-4.23900E-06,1.339E-02
-4.23850E-06,1.339E-02
-4.23800E-06,1.339E-02
-4.23750E-06,1.339E-02
-4.23700E-06,1.299E-02
-4.23650E-06,1.339E-02
-4.23600E-06,1.299E-02
-4.23550E-06,1.299E-02
-4.23500E-06,1.259E-02
-4.23450E-06,1.299E-02
-4.23400E-06,1.259E-02
-4.23350E-06,1.299E-02
-4.23300E-06,1.259E-02
-4.23250E-06,1.299E-02
-4.23200E-06,1.259E-02
-4.23150E-06,1.259E-02
-4.23100E-06,1.259E-02
-4.23050E-06,1.259E-02
-4.23000E-06,1.259E-02
-4.22950E-06,1.259E-02
-4.22900E-06,1.259E-02
-4.22850E-06,1.259E-02
-4.22800E-06,1.259E-02
-4.22750E-06,1.259E-02
-4.22700E-06,1.259E-02
-4.22650E-06,1.219E-02
-4.22600E-06,1.259E-02
-4.22550E-06,1.219E-02
-4.22500E-06,1.219E-02
-4.22450E-06,1.259E-02
-4.22400E-06,1.259E-02
-4.22350E-06,1.259E-02
-4.22300E-06,1.259E-02
-4.22250E-06,1.299E-02
-4.22200E-06,1.259E-02
-4.22150E-06,1.259E-02
-4.22100E-06,1.219E-02
-4.22050E-06,1.259E-02
-4.22000E-06,1.219E-02
-4.21950E-06,1.259E-02
-4.21900E-06,1.219E-02
-4.21850E-06,1.219E-02
-4.21800E-06,1.219E-02
-4.21750E-06,1.219E-02
-4.21700E-06,1.219E-02
-4.21650E-06,1.179E-02
-4.21600E-06,1.179E-02
-4.21550E-06,1.179E-02
-4.21500E-06,1.139E-02
-4.21450E-06,1.139E-02
-4.21400E-06,1.139E-02
-4.21350E-06,1.179E-02
-4.21300E-06,1.179E-02
-4.21250E-06,1.219E-02
-4.21200E-06,1.219E-02
-4.21150E-06,1.219E-02
-4.21100E-06,1.219E-02
-4.21050E-06,1.219E-02
-4.21000E-06,1.179E-02
-4.20950E-06,1.179E-02
-4.20900E-06,1.139E-02
-4.20850E-06,1.139E-02
-4.20800E-06,1.099E-02
-4.20750E-06,1.139E-02
-4.20700E-06,1.139E-02
-4.20650E-06,1.139E-02
-4.20600E-06,1.139E-02
-4.20550E-06,1.139E-02
-4.20500E-06,1.139E-02
-4.20450E-06,1.139E-02
-4.20400E-06,1.139E-02
-4.20350E-06,1.099E-02
-4.20300E-06,1.099E-02
-4.20250E-06,1.139E-02
-4.20200E-06,1.099E-02
-4.20150E-06,1.099E-02
-4.20100E-06,1.139E-02
-4.20050E-06,1.139E-02
-4.20000E-06,1.099E-02
-4.19950E-06,1.099E-02
-4.19900E-06,1.139E-02
-4.19850E-06,1.099E-02
-4.19800E-06,1.099E-02
-4.19750E-06,1.099E-02
-4.19700E-06,1.099E-02
-4.19650E-06,1.099E-02
-4.19600E-06,1.099E-02
-4.19550E-06,1.099E-02
-4.19500E-06,1.099E-02
-4.19450E-06,1.059E-02
-4.19400E-06,1.059E-02
-4.19350E-06,1.099E-02
-4.19300E-06,1.059E-02
-4.19250E-06,1.099E-02
-4.19200E-06,1.099E-02
-4.19150E-06,1.099E-02
-4.19100E-06,1.099E-02
-4.19050E-06,1.059E-02
-4.19000E-06,1.059E-02
-4.18950E-06,1.059E-02
-4.18900E-06,1.059E-02
-4.18850E-06,1.059E-02
-4.18800E-06,1.019E-02
-4.18750E-06,1.019E-02
-4.18700E-06,1.019E-02
-4.18650E-06,1.019E-02
-4.18600E-06,1.019E-02
-4.18550E-06,1.019E-02
-4.18500E-06,1.019E-02
-4.18450E-06,9.787E-03
-4.18400E-06,9.787E-03
-4.18350E-06,9.787E-03
-4.18300E-06,1.019E-02
-4.18250E-06,9.787E-03
-4.18200E-06,9.787E-03
-4.18150E-06,9.787E-03
-4.18100E-06,9.787E-03
-4.18050E-06,9.787E-03
-4.18000E-06,9.787E-03
-4.17950E-06,9.787E-03
-4.17900E-06,9.787E-03
-4.17850E-06,9.787E-03
-4.17800E-06,9.787E-03
-4.17750E-06,9.787E-03
-4.17700E-06,9.787E-03
-4.17650E-06,9.787E-03
-4.17600E-06,9.787E-03
-4.17550E-06,9.787E-03
-4.17500E-06,1.019E-02
-4.17450E-06,9.787E-03
-4.17400E-06,9.387E-03
-4.17350E-06,9.787E-03
-4.17300E-06,9.387E-03
-4.17250E-06,9.787E-03
-4.17200E-06,9.387E-03
-4.17150E-06,9.387E-03
-4.17100E-06,9.387E-03
-4.17050E-06,9.387E-03
-4.17000E-06,9.387E-03
-4.16950E-06,9.787E-03
-4.16900E-06,9.787E-03
-4.16850E-06,9.787E-03
-4.16800E-06,9.787E-03
-4.16750E-06,9.387E-03
-4.16700E-06,9.387E-03
-4.16650E-06,8.987E-03
-4.16600E-06,8.987E-03
-4.16550E-06,8.987E-03
-4.16500E-06,9.387E-03
-4.16450E-06,8.987E-03
-4.16400E-06,8.987E-03
-4.16350E-06,9.387E-03
-4.16300E-06,8.987E-03
-4.16250E-06,8.987E-03
-4.16200E-06,8.187E-03
-4.16150E-06,8.587E-03
-4.16100E-06,8.187E-03
-4.16050E-06,8.187E-03
-4.16000E-06,8.587E-03
-4.15950E-06,8.587E-03
-4.15900E-06,8.587E-03
-4.15850E-06,8.587E-03
-4.15800E-06,8.587E-03
-4.15750E-06,8.587E-03
-4.15700E-06,8.587E-03
-4.15650E-06,8.187E-03
-4.15600E-06,8.187E-03
-4.15550E-06,8.187E-03
-4.15500E-06,8.187E-03
-4.15450E-06,7.787E-03
-4.15400E-06,7.787E-03
-4.15350E-06,7.787E-03
-4.15300E-06,8.187E-03
-4.15250E-06,7.787E-03
-4.15200E-06,8.187E-03
-4.15150E-06,8.187E-03
-4.15100E-06,7.787E-03
-4.15050E-06,7.787E-03
-4.15000E-06,8.187E-03
-4.14950E-06,7.787E-03
-4.14900E-06,7.787E-03
-4.14850E-06,7.787E-03
-4.14800E-06,7.787E-03
-4.14750E-06,7.787E-03
-4.14700E-06,7.787E-03
-4.14650E-06,7.787E-03
-4.14600E-06,7.787E-03
-4.14550E-06,7.787E-03
-4.14500E-06,7.787E-03
-4.14450E-06,7.787E-03
-4.14400E-06,7.787E-03
-4.14350E-06,7.787E-03
-4.14300E-06,7.787E-03
-4.14250E-06,7.787E-03
-4.14200E-06,7.387E-03
-4.14150E-06,7.387E-03
-4.14100E-06,7.387E-03
-4.14050E-06,7.387E-03
-4.14000E-06,7.387E-03
-4.13950E-06,6.987E-03
-4.13900E-06,6.987E-03
-4.13850E-06,6.987E-03
-4.13800E-06,6.987E-03
-4.13750E-06,6.987E-03
-4.13700E-06,6.987E-03
-4.13650E-06,6.587E-03
-4.13600E-06,6.987E-03
-4.13550E-06,6.987E-03
-4.13500E-06,6.987E-03
-4.13450E-06,6.587E-03
-4.13400E-06,6.587E-03
-4.13350E-06,6.987E-03
-4.13300E-06,6.587E-03
-4.13250E-06,6.587E-03
-4.13200E-06,6.587E-03
-4.13150E-06,6.587E-03
-4.13100E-06,6.587E-03
-4.13050E-06,6.187E-03
-4.13000E-06,6.187E-03
-4.12950E-06,6.187E-03
-4.12900E-06,6.187E-03
-4.12850E-06,6.187E-03
-4.12800E-06,6.187E-03
-4.12750E-06,6.187E-03
-4.12700E-06,6.587E-03
-4.12650E-06,6.187E-03
-4.12600E-06,6.587E-03
-4.12550E-06,6.187E-03
-4.12500E-06,6.187E-03
-4.12450E-06,5.787E-03
-4.12400E-06,5.787E-03
-4.12350E-06,5.787E-03
-4.12300E-06,5.787E-03
-4.12250E-06,5.387E-03
-4.12200E-06,5.787E-03
-4.12150E-06,5.787E-03
-4.12100E-06,5.787E-03
-4.12050E-06,5.787E-03
-4.12000E-06,5.787E-03
-4.11950E-06,5.787E-03
-4.11900E-06,6.187E-03
-4.11850E-06,6.187E-03
-4.11800E-06,6.187E-03
-4.11750E-06,5.787E-03
-4.11700E-06,6.187E-03
-4.11650E-06,5.787E-03
-4.11600E-06,5.787E-03
-4.11550E-06,6.187E-03
-4.11500E-06,5.387E-03
-4.11450E-06,5.387E-03
-4.11400E-06,5.387E-03
-4.11350E-06,5.787E-03
-4.11300E-06,5.787E-03
-4.11250E-06,5.787E-03
-4.11200E-06,5.787E-03
-4.11150E-06,5.787E-03
-4.11100E-06,5.787E-03
-4.11050E-06,5.387E-03
-4.11000E-06,5.787E-03
-4.10950E-06,5.387E-03
-4.10900E-06,5.387E-03
-4.10850E-06,4.987E-03
-4.10800E-06,4.987E-03
-4.10750E-06,4.987E-03
-4.10700E-06,4.987E-03
-4.10650E-06,4.987E-03
-4.10600E-06,4.987E-03
-4.10550E-06,4.987E-03
-4.10500E-06,4.987E-03
-4.10450E-06,4.987E-03
-4.10400E-06,4.587E-03
-4.10350E-06,4.587E-03
-4.10300E-06,4.587E-03
-4.10250E-06,4.587E-03
-4.10200E-06,4.187E-03
-4.10150E-06,4.587E-03
-4.10100E-06,4.187E-03
-4.10050E-06,4.187E-03
-4.10000E-06,4.187E-03
-4.09950E-06,4.187E-03
-4.09900E-06,4.587E-03
-4.09850E-06,4.587E-03
-4.09800E-06,4.587E-03
-4.09750E-06,4.187E-03
-4.09700E-06,4.187E-03
-4.09650E-06,4.187E-03
-4.09600E-06,4.187E-03
-4.09550E-06,4.187E-03
-4.09500E-06,4.187E-03
-4.09450E-06,3.787E-03
-4.09400E-06,4.187E-03
-4.09350E-06,3.787E-03
-4.09300E-06,3.787E-03
-4.09250E-06,3.787E-03
-4.09200E-06,3.787E-03
-4.09150E-06,3.787E-03
-4.09100E-06,3.787E-03
-4.09050E-06,3.787E-03
-4.09000E-06,3.387E-03
-4.08950E-06,3.387E-03
-4.08900E-06,3.387E-03
-4.08850E-06,3.387E-03
-4.08800E-06,3.387E-03
-4.08750E-06,3.387E-03
-4.08700E-06,3.387E-03
-4.08650E-06,3.387E-03
-4.08600E-06,3.387E-03
-4.08550E-06,3.387E-03
-4.08500E-06,3.387E-03
-4.08450E-06,2.987E-03
-4.08400E-06,3.387E-03
-4.08350E-06,2.987E-03
-4.08300E-06,2.987E-03
-4.08250E-06,2.987E-03
-4.08200E-06,2.987E-03
-4.08150E-06,2.987E-03
-4.08100E-06,2.987E-03
-4.08050E-06,2.987E-03
-4.08000E-06,2.987E-03
-4.07950E-06,3.387E-03
-4.07900E-06,2.987E-03
-4.07850E-06,3.387E-03
-4.07800E-06,3.387E-03
-4.07750E-06,2.987E-03
-4.07700E-06,2.987E-03
-4.07650E-06,2.587E-03
-4.07600E-06,2.587E-03
-4.07550E-06,2.587E-03
-4.07500E-06,2.987E-03
-4.07450E-06,2.587E-03
-4.07400E-06,2.987E-03
-4.07350E-06,2.987E-03
-4.07300E-06,2.587E-03
-4.07250E-06,2.587E-03
-4.07200E-06,2.587E-03
-4.07150E-06,2.587E-03
-4.07100E-06,2.587E-03
-4.07050E-06,2.587E-03
-4.07000E-06,2.187E-03
-4.06950E-06,2.587E-03
-4.06900E-06,2.187E-03
-4.06850E-06,2.587E-03
-4.06800E-06,2.187E-03
-4.06750E-06,2.187E-03
-4.06700E-06,2.187E-03
-4.06650E-06,2.187E-03
-4.06600E-06,2.187E-03
-4.06550E-06,1.787E-03
-4.06500E-06,1.787E-03
-4.06450E-06,1.787E-03
-4.06400E-06,1.787E-03
-4.06350E-06,1.787E-03
-4.06300E-06,1.787E-03
-4.06250E-06,1.387E-03
-4.06200E-06,1.387E-03
-4.06150E-06,9.866E-04
-4.06100E-06,1.387E-03
-4.06050E-06,1.387E-03
-4.06000E-06,1.387E-03
-4.05950E-06,1.387E-03
-4.05900E-06,1.387E-03
-4.05850E-06,1.787E-03
-4.05800E-06,1.787E-03
-4.05750E-06,1.387E-03
-4.05700E-06,1.387E-03
-4.05650E-06,9.866E-04
-4.05600E-06,5.866E-04
-4.05550E-06,5.866E-04
-4.05500E-06,5.866E-04
-4.05450E-06,5.866E-04
-4.05400E-06,5.866E-04
-4.05350E-06,5.866E-04
-4.05300E-06,5.866E-04
-4.05250E-06,9.866E-04
-4.05200E-06,9.866E-04
-4.05150E-06,9.866E-04
-4.05100E-06,9.866E-04
-4.05050E-06,9.866E-04
-4.05000E-06,9.866E-04
-4.04950E-06,9.866E-04
-4.04900E-06,5.866E-04
-4.04850E-06,9.866E-04
-4.04800E-06,9.866E-04
-4.04750E-06,5.866E-04
-4.04700E-06,5.866E-04
-4.04650E-06,9.866E-04
-4.04600E-06,9.866E-04
-4.04550E-06,5.866E-04
-4.04500E-06,1.866E-04
-4.04450E-06,1.866E-04
-4.04400E-06,1.866E-04
-4.04350E-06,1.866E-04
-4.04300E-06,1.866E-04
-4.04250E-06,1.866E-04
-4.04200E-06,1.866E-04
-4.04150E-06,1.866E-04
-4.04100E-06,1.866E-04
-4.04050E-06,-2.134E-04
-4.04000E-06,-2.134E-04
-4.03950E-06,1.866E-04
-4.03900E-06,1.866E-04
-4.03850E-06,-2.134E-04
-4.03800E-06,1.866E-04
-4.03750E-06,-2.134E-04
-4.03700E-06,-2.134E-04
-4.03650E-06,-2.134E-04
-4.03600E-06,-6.134E-04
-4.03550E-06,-2.134E-04
-4.03500E-06,-2.134E-04
-4.03450E-06,-6.134E-04
-4.03400E-06,-2.134E-04
-4.03350E-06,-2.134E-04
-4.03300E-06,-6.134E-04
-4.03250E-06,-6.134E-04
-4.03200E-06,-6.134E-04
-4.03150E-06,-6.134E-04
-4.03100E-06,-2.134E-04
-4.03050E-06,-6.134E-04
-4.03000E-06,-6.134E-04
-4.02950E-06,-6.134E-04
-4.02900E-06,-6.134E-04
-4.02850E-06,-6.134E-04
-4.02800E-06,-1.013E-03
-4.02750E-06,-1.013E-03
-4.02700E-06,-1.013E-03
-4.02650E-06,-1.013E-03
-4.02600E-06,-1.013E-03
-4.02550E-06,-1.013E-03
-4.02500E-06,-1.413E-03
-4.02450E-06,-1.413E-03
-4.02400E-06,-1.413E-03
-4.02350E-06,-1.413E-03
-4.02300E-06,-1.413E-03
-4.02250E-06,-1.413E-03
-4.02200E-06,-1.413E-03
-4.02150E-06,-1.413E-03
-4.02100E-06,-1.413E-03
-4.02050E-06,-1.413E-03
-4.02000E-06,-1.813E-03
-4.01950E-06,-1.413E-03
-4.01900E-06,-1.413E-03
-4.01850E-06,-1.813E-03
-4.01800E-06,-1.813E-03
-4.01750E-06,-1.813E-03
-4.01700E-06,-1.813E-03
-4.01650E-06,-2.213E-03
-4.01600E-06,-2.213E-03
-4.01550E-06,-2.213E-03
-4.01500E-06,-2.213E-03
-4.01450E-06,-2.613E-03
-4.01400E-06,-2.213E-03
-4.01350E-06,-2.213E-03
-4.01300E-06,-2.213E-03
-4.01250E-06,-1.813E-03
-4.01200E-06,-2.213E-03
-4.01150E-06,-2.213E-03
-4.01100E-06,-2.213E-03
-4.01050E-06,-2.213E-03
-4.01000E-06,-2.613E-03
-4.00950E-06,-2.213E-03
-4.00900E-06,-2.613E-03
-4.00850E-06,-2.613E-03
-4.00800E-06,-2.613E-03
-4.00750E-06,-2.613E-03
-4.00700E-06,-2.613E-03
-4.00650E-06,-2.213E-03
-4.00600E-06,-2.213E-03
-4.00550E-06,-2.213E-03
-4.00500E-06,-2.613E-03
-4.00450E-06,-2.213E-03
-4.00400E-06,-2.613E-03
-4.00350E-06,-2.613E-03
-4.00300E-06,-2.613E-03
-4.00250E-06,-3.013E-03
-4.00200E-06,-3.013E-03
-4.00150E-06,-3.013E-03
-4.00100E-06,-3.013E-03
-4.00050E-06,-3.013E-03
-4.00000E-06,-3.013E-03
-3.99950E-06,-3.013E-03
-3.99900E-06,-2.613E-03
-3.99850E-06,-2.613E-03
-3.99800E-06,-3.013E-03
-3.99750E-06,-3.013E-03
-3.99700E-06,-3.013E-03
-3.99650E-06,-3.413E-03
-3.99600E-06,-3.413E-03
-3.99550E-06,-3.813E-03
-3.99500E-06,-3.813E-03
-3.99450E-06,-3.813E-03
-3.99400E-06,-3.813E-03
-3.99350E-06,-3.813E-03
-3.99300E-06,-3.813E-03
-3.99250E-06,-3.813E-03
-3.99200E-06,-3.813E-03
-3.99150E-06,-3.813E-03
-3.99100E-06,-3.813E-03
-3.99050E-06,-3.813E-03
-3.99000E-06,-3.813E-03
-3.98950E-06,-4.213E-03
-3.98900E-06,-4.213E-03
-3.98850E-06,-3.813E-03
-3.98800E-06,-4.213E-03
-3.98750E-06,-4.213E-03
-3.98700E-06,-4.213E-03
-3.98650E-06,-4.213E-03
-3.98600E-06,-4.213E-03
-3.98550E-06,-4.213E-03
-3.98500E-06,-4.613E-03
-3.98450E-06,-4.213E-03
-3.98400E-06,-4.613E-03
-3.98350E-06,-4.613E-03
-3.98300E-06,-4.613E-03
-3.98250E-06,-4.613E-03
-3.98200E-06,-4.613E-03
-3.98150E-06,-5.013E-03
-3.98100E-06,-4.613E-03
-3.98050E-06,-5.013E-03
-3.98000E-06,-5.013E-03
-3.97950E-06,-5.013E-03
-3.97900E-06,-4.613E-03
-3.97850E-06,-5.013E-03
-3.97800E-06,-5.013E-03
-3.97750E-06,-4.613E-03
-3.97700E-06,-4.613E-03
-3.97650E-06,-5.013E-03
-3.97600E-06,-4.613E-03
-3.97550E-06,-5.013E-03
-3.97500E-06,-5.013E-03
-3.97450E-06,-5.013E-03
-3.97400E-06,-5.013E-03
-3.97350E-06,-5.013E-03
-3.97300E-06,-5.413E-03
-3.97250E-06,-5.013E-03
-3.97200E-06,-5.013E-03
-3.97150E-06,-5.013E-03
-3.97100E-06,-5.013E-03
-3.97050E-06,-5.013E-03
-3.97000E-06,-5.013E-03
-3.96950E-06,-5.013E-03
-3.96900E-06,-5.413E-03
-3.96850E-06,-5.413E-03
-3.96800E-06,-5.413E-03
-3.96750E-06,-5.413E-03
-3.96700E-06,-5.813E-03
-3.96650E-06,-5.413E-03
-3.96600E-06,-5.413E-03
-3.96550E-06,-5.413E-03
-3.96500E-06,-5.413E-03
-3.96450E-06,-5.413E-03
-3.96400E-06,-5.813E-03
-3.96350E-06,-5.813E-03
-3.96300E-06,-5.813E-03
-3.96250E-06,-5.813E-03
-3.96200E-06,-5.813E-03
-3.96150E-06,-5.813E-03
-3.96100E-06,-6.213E-03
-3.96050E-06,-6.213E-03
-3.96000E-06,-6.213E-03
-3.95950E-06,-6.213E-03
-3.95900E-06,-6.213E-03
-3.95850E-06,-6.213E-03
-3.95800E-06,-6.213E-03
-3.95750E-06,-6.213E-03
-3.95700E-06,-6.213E-03
-3.95650E-06,-6.613E-03
-3.95600E-06,-6.613E-03
-3.95550E-06,-6.613E-03
-3.95500E-06,-6.613E-03
-3.95450E-06,-7.013E-03
-3.95400E-06,-6.613E-03
-3.95350E-06,-6.613E-03
-3.95300E-06,-6.613E-03
-3.95250E-06,-6.613E-03
-3.95200E-06,-7.013E-03
-3.95150E-06,-6.613E-03
-3.95100E-06,-7.013E-03
-3.95050E-06,-7.013E-03
-3.95000E-06,-7.013E-03
-3.94950E-06,-7.413E-03
-3.94900E-06,-7.013E-03
-3.94850E-06,-7.013E-03
-3.94800E-06,-7.013E-03
-3.94750E-06,-7.013E-03
-3.94700E-06,-7.013E-03
-3.94650E-06,-7.413E-03
-3.94600E-06,-7.013E-03
-3.94550E-06,-7.013E-03
-3.94500E-06,-7.013E-03
-3.94450E-06,-7.413E-03
-3.94400E-06,-7.413E-03
-3.94350E-06,-7.013E-03
-3.94300E-06,-7.013E-03
-3.94250E-06,-7.413E-03
-3.94200E-06,-7.413E-03
-3.94150E-06,-7.413E-03
-3.94100E-06,-7.413E-03
-3.94050E-06,-7.813E-03
-3.94000E-06,-7.813E-03
-3.93950E-06,-7.813E-03
-3.93900E-06,-7.413E-03
-3.93850E-06,-7.813E-03
-3.93800E-06,-7.813E-03
-3.93750E-06,-7.813E-03
-3.93700E-06,-7.813E-03
-3.93650E-06,-7.813E-03
-3.93600E-06,-7.813E-03
-3.93550E-06,-7.813E-03
-3.93500E-06,-7.813E-03
-3.93450E-06,-8.213E-03
-3.93400E-06,-7.813E-03
-3.93350E-06,-7.813E-03
-3.93300E-06,-8.213E-03
-3.93250E-06,-8.213E-03
-3.93200E-06,-7.813E-03
-3.93150E-06,-8.213E-03
-3.93100E-06,-7.813E-03
-3.93050E-06,-8.213E-03
-3.93000E-06,-8.213E-03
-3.92950E-06,-8.213E-03
-3.92900E-06,-8.213E-03
-3.92850E-06,-8.213E-03
-3.92800E-06,-8.613E-03
-3.92750E-06,-8.613E-03
-3.92700E-06,-8.613E-03
-3.92650E-06,-8.613E-03
-3.92600E-06,-8.613E-03
-3.92550E-06,-8.613E-03
-3.92500E-06,-9.013E-03
-3.92450E-06,-9.013E-03
-3.92400E-06,-8.613E-03
-3.92350E-06,-9.013E-03
-3.92300E-06,-8.613E-03
-3.92250E-06,-8.613E-03
-3.92200E-06,-8.613E-03
-3.92150E-06,-8.613E-03
-3.92100E-06,-9.013E-03
-3.92050E-06,-9.013E-03
-3.92000E-06,-9.013E-03
-3.91950E-06,-9.413E-03
-3.91900E-06,-9.013E-03
-3.91850E-06,-9.413E-03
-3.91800E-06,-9.413E-03
-3.91750E-06,-9.413E-03
-3.91700E-06,-9.013E-03
-3.91650E-06,-9.413E-03
-3.91600E-06,-9.413E-03
-3.91550E-06,-9.813E-03
-3.91500E-06,-9.413E-03
-3.91450E-06,-9.813E-03
-3.91400E-06,-9.813E-03
-3.91350E-06,-9.813E-03
-3.91300E-06,-9.813E-03
-3.91250E-06,-9.413E-03
-3.91200E-06,-9.813E-03
-3.91150E-06,-9.813E-03
-3.91100E-06,-1.021E-02
-3.91050E-06,-1.021E-02
-3.91000E-06,-1.021E-02
-3.90950E-06,-1.021E-02
-3.90900E-06,-1.021E-02
-3.90850E-06,-1.021E-02
-3.90800E-06,-1.021E-02
-3.90750E-06,-1.021E-02
-3.90700E-06,-1.021E-02
-3.90650E-06,-1.021E-02
-3.90600E-06,-1.021E-02
-3.90550E-06,-1.021E-02
-3.90500E-06,-1.021E-02
-3.90450E-06,-1.021E-02
-3.90400E-06,-1.021E-02
-3.90350E-06,-1.021E-02
-3.90300E-06,-1.061E-02
-3.90250E-06,-1.021E-02
-3.90200E-06,-1.061E-02
-3.90150E-06,-1.021E-02
-3.90100E-06,-1.021E-02
-3.90050E-06,-1.061E-02
-3.90000E-06,-1.061E-02
-3.89950E-06,-1.021E-02
-3.89900E-06,-1.061E-02
-3.89850E-06,-1.021E-02
-3.89800E-06,-1.061E-02
-3.89750E-06,-1.021E-02
-3.89700E-06,-1.061E-02
-3.89650E-06,-1.061E-02
-3.89600E-06,-1.061E-02
-3.89550E-06,-1.061E-02
-3.89500E-06,-1.101E-02
-3.89450E-06,-1.101E-02
-3.89400E-06,-1.101E-02
-3.89350E-06,-1.141E-02
-3.89300E-06,-1.101E-02
-3.89250E-06,-1.141E-02
-3.89200E-06,-1.141E-02
-3.89150E-06,-1.141E-02
-3.89100E-06,-1.141E-02
-3.89050E-06,-1.141E-02
-3.89000E-06,-1.141E-02
-3.88950E-06,-1.101E-02
-3.88900E-06,-1.141E-02
-3.88850E-06,-1.141E-02
-3.88800E-06,-1.101E-02
-3.88750E-06,-1.141E-02
-3.88700E-06,-1.141E-02
-3.88650E-06,-1.141E-02
-3.88600E-06,-1.141E-02
-3.88550E-06,-1.181E-02
-3.88500E-06,-1.181E-02
-3.88450E-06,-1.181E-02
-3.88400E-06,-1.181E-02
-3.88350E-06,-1.181E-02
-3.88300E-06,-1.181E-02
-3.88250E-06,-1.181E-02
-3.88200E-06,-1.221E-02
-3.88150E-06,-1.181E-02
-3.88100E-06,-1.221E-02
-3.88050E-06,-1.221E-02
-3.88000E-06,-1.221E-02
-3.87950E-06,-1.181E-02
-3.87900E-06,-1.221E-02
-3.87850E-06,-1.221E-02
-3.87800E-06,-1.181E-02
-3.87750E-06,-1.181E-02
-3.87700E-06,-1.221E-02
-3.87650E-06,-1.181E-02
-3.87600E-06,-1.221E-02
-3.87550E-06,-1.221E-02
-3.87500E-06,-1.221E-02
-3.87450E-06,-1.221E-02
-3.87400E-06,-1.261E-02
-3.87350E-06,-1.221E-02
-3.87300E-06,-1.261E-02
-3.87250E-06,-1.221E-02
-3.87200E-06,-1.221E-02
-3.87150E-06,-1.261E-02
-3.87100E-06,-1.261E-02
-3.87050E-06,-1.261E-02
-3.87000E-06,-1.261E-02
-3.86950E-06,-1.301E-02
-3.86900E-06,-1.261E-02
-3.86850E-06,-1.301E-02
-3.86800E-06,-1.301E-02
-3.86750E-06,-1.301E-02
-3.86700E-06,-1.261E-02
-3.86650E-06,-1.301E-02
-3.86600E-06,-1.301E-02
-3.86550E-06,-1.261E-02
-3.86500E-06,-1.301E-02
-3.86450E-06,-1.261E-02
-3.86400E-06,-1.301E-02
-3.86350E-06,-1.301E-02
-3.86300E-06,-1.301E-02
-3.86250E-06,-1.341E-02
-3.86200E-06,-1.341E-02
-3.86150E-06,-1.341E-02
-3.86100E-06,-1.341E-02
-3.86050E-06,-1.341E-02
-3.86000E-06,-1.341E-02
-3.85950E-06,-1.341E-02
-3.85900E-06,-1.341E-02
-3.85850E-06,-1.341E-02
-3.85800E-06,-1.341E-02
-3.85750E-06,-1.341E-02
-3.85700E-06,-1.341E-02
-3.85650E-06,-1.341E-02
-3.85600E-06,-1.381E-02
-3.85550E-06,-1.381E-02
-3.85500E-06,-1.341E-02
-3.85450E-06,-1.381E-02
-3.85400E-06,-1.341E-02
-3.85350E-06,-1.381E-02
-3.85300E-06,-1.341E-02
-3.85250E-06,-1.381E-02
-3.85200E-06,-1.341E-02
-3.85150E-06,-1.341E-02
-3.85100E-06,-1.341E-02
-3.85050E-06,-1.381E-02
-3.85000E-06,-1.381E-02
-3.84950E-06,-1.381E-02
-3.84900E-06,-1.381E-02
-3.84850E-06,-1.421E-02
-3.84800E-06,-1.421E-02
-3.84750E-06,-1.421E-02
-3.84700E-06,-1.421E-02
-3.84650E-06,-1.421E-02
-3.84600E-06,-1.421E-02
-3.84550E-06,-1.421E-02
-3.84500E-06,-1.421E-02
-3.84450E-06,-1.421E-02
-3.84400E-06,-1.421E-02
-3.84350E-06,-1.461E-02
-3.84300E-06,-1.461E-02
-3.84250E-06,-1.421E-02
-3.84200E-06,-1.421E-02
-3.84150E-06,-1.461E-02
-3.84100E-06,-1.421E-02
-3.84050E-06,-1.421E-02
-3.84000E-06,-1.421E-02
-3.83950E-06,-1.421E-02
-3.83900E-06,-1.421E-02
-3.83850E-06,-1.461E-02
-3.83800E-06,-1.461E-02
-3.83750E-06,-1.461E-02
-3.83700E-06,-1.461E-02
-3.83650E-06,-1.461E-02
-3.83600E-06,-1.461E-02
-3.83550E-06,-1.461E-02
-3.83500E-06,-1.461E-02
-3.83450E-06,-1.461E-02
-3.83400E-06,-1.461E-02
-3.83350E-06,-1.501E-02
-3.83300E-06,-1.501E-02
-3.83250E-06,-1.501E-02
-3.83200E-06,-1.501E-02
-3.83150E-06,-1.501E-02
-3.83100E-06,-1.501E-02
-3.83050E-06,-1.501E-02
-3.83000E-06,-1.461E-02
-3.82950E-06,-1.461E-02
-3.82900E-06,-1.461E-02
-3.82850E-06,-1.461E-02
-3.82800E-06,-1.501E-02
-3.82750E-06,-1.501E-02
-3.82700E-06,-1.501E-02
-3.82650E-06,-1.501E-02
-3.82600E-06,-1.541E-02
-3.82550E-06,-1.501E-02
-3.82500E-06,-1.541E-02
-3.82450E-06,-1.501E-02
-3.82400E-06,-1.541E-02
-3.82350E-06,-1.501E-02
-3.82300E-06,-1.501E-02
-3.82250E-06,-1.501E-02
-3.82200E-06,-1.501E-02
-3.82150E-06,-1.541E-02
-3.82100E-06,-1.501E-02
-3.82050E-06,-1.541E-02
-3.82000E-06,-1.541E-02
-3.81950E-06,-1.581E-02
-3.81900E-06,-1.581E-02
-3.81850E-06,-1.581E-02
-3.81800E-06,-1.581E-02
-3.81750E-06,-1.581E-02
-3.81700E-06,-1.581E-02
-3.81650E-06,-1.621E-02
-3.81600E-06,-1.581E-02
-3.81550E-06,-1.621E-02
-3.81500E-06,-1.581E-02
-3.81450E-06,-1.581E-02
-3.81400E-06,-1.581E-02
-3.81350E-06,-1.621E-02
-3.81300E-06,-1.541E-02
-3.81250E-06,-1.581E-02
-3.81200E-06,-1.581E-02
-3.81150E-06,-1.581E-02
-3.81100E-06,-1.581E-02
-3.81050E-06,-1.621E-02
-3.81000E-06,-1.621E-02
-3.80950E-06,-1.621E-02
-3.80900E-06,-1.621E-02
-3.80850E-06,-1.661E-02
-3.80800E-06,-1.621E-02
-3.80750E-06,-1.661E-02
-3.80700E-06,-1.621E-02
-3.80650E-06,-1.621E-02
-3.80600E-06,-1.621E-02
-3.80550E-06,-1.621E-02
-3.80500E-06,-1.621E-02
-3.80450E-06,-1.621E-02
-3.80400E-06,-1.661E-02
-3.80350E-06,-1.701E-02
-3.80300E-06,-1.661E-02
-3.80250E-06,-1.661E-02
-3.80200E-06,-1.661E-02
-3.80150E-06,-1.661E-02
-3.80100E-06,-1.661E-02
-3.80050E-06,-1.621E-02
-3.80000E-06,-1.621E-02
-3.79950E-06,-1.621E-02
-3.79900E-06,-1.661E-02
-3.79850E-06,-1.661E-02
-3.79800E-06,-1.661E-02
-3.79750E-06,-1.661E-02
-3.79700E-06,-1.661E-02
-3.79650E-06,-1.701E-02
-3.79600E-06,-1.701E-02
-3.79550E-06,-1.701E-02
-3.79500E-06,-1.701E-02
-3.79450E-06,-1.701E-02
-3.79400E-06,-1.741E-02
-3.79350E-06,-1.701E-02
-3.79300E-06,-1.701E-02
-3.79250E-06,-1.701E-02
-3.79200E-06,-1.701E-02
-3.79150E-06,-1.701E-02
-3.79100E-06,-1.701E-02
-3.79050E-06,-1.701E-02
-3.79000E-06,-1.701E-02
-3.78950E-06,-1.701E-02
-3.78900E-06,-1.741E-02
-3.78850E-06,-1.701E-02
-3.78800E-06,-1.741E-02
-3.78750E-06,-1.701E-02
-3.78700E-06,-1.701E-02
-3.78650E-06,-1.741E-02
-3.78600E-06,-1.701E-02
-3.78550E-06,-1.741E-02
-3.78500E-06,-1.741E-02
-3.78450E-06,-1.741E-02
-3.78400E-06,-1.741E-02
-3.78350E-06,-1.781E-02
-3.78300E-06,-1.741E-02
-3.78250E-06,-1.781E-02
-3.78200E-06,-1.781E-02
-3.78150E-06,-1.741E-02
-3.78100E-06,-1.741E-02
-3.78050E-06,-1.741E-02
-3.78000E-06,-1.741E-02
-3.77950E-06,-1.741E-02
-3.77900E-06,-1.781E-02
-3.77850E-06,-1.781E-02
-3.77800E-06,-1.741E-02
-3.77750E-06,-1.741E-02
-3.77700E-06,-1.781E-02
-3.77650E-06,-1.781E-02
-3.77600E-06,-1.781E-02
-3.77550E-06,-1.781E-02
-3.77500E-06,-1.781E-02
-3.77450E-06,-1.781E-02
-3.77400E-06,-1.821E-02
-3.77350E-06,-1.821E-02
-3.77300E-06,-1.821E-02
-3.77250E-06,-1.821E-02
-3.77200E-06,-1.781E-02
-3.77150E-06,-1.821E-02
-3.77100E-06,-1.821E-02
-3.77050E-06,-1.821E-02
-3.77000E-06,-1.821E-02
-3.76950E-06,-1.821E-02
-3.76900E-06,-1.821E-02
-3.76850E-06,-1.821E-02
-3.76800E-06,-1.821E-02
-3.76750E-06,-1.821E-02
-3.76700E-06,-1.861E-02
-3.76650E-06,-1.821E-02
-3.76600E-06,-1.781E-02
-3.76550E-06,-1.821E-02
-3.76500E-06,-1.781E-02
-3.76450E-06,-1.821E-02
-3.76400E-06,-1.781E-02
-3.76350E-06,-1.821E-02
-3.76300E-06,-1.821E-02
-3.76250E-06,-1.821E-02
-3.76200E-06,-1.861E-02
-3.76150E-06,-1.861E-02
-3.76100E-06,-1.861E-02
-3.76050E-06,-1.861E-02
-3.76000E-06,-1.781E-02
-3.75950E-06,-1.821E-02
-3.75900E-06,-1.821E-02
-3.75850E-06,-1.821E-02
-3.75800E-06,-1.821E-02
-3.75750E-06,-1.821E-02
-3.75700E-06,-1.861E-02
-3.75650E-06,-1.861E-02
-3.75600E-06,-1.861E-02
-3.75550E-06,-1.861E-02
-3.75500E-06,-1.861E-02
-3.75450E-06,-1.861E-02
-3.75400E-06,-1.861E-02
-3.75350E-06,-1.861E-02
-3.75300E-06,-1.861E-02
-3.75250E-06,-1.861E-02
-3.75200E-06,-1.861E-02
-3.75150E-06,-1.861E-02
-3.75100E-06,-1.861E-02
-3.75050E-06,-1.901E-02
-3.75000E-06,-1.901E-02
-3.74950E-06,-1.901E-02
-3.74900E-06,-1.901E-02
-3.74850E-06,-1.901E-02
-3.74800E-06,-1.901E-02
-3.74750E-06,-1.901E-02
-3.74700E-06,-1.901E-02
-3.74650E-06,-1.861E-02
-3.74600E-06,-1.901E-02
-3.74550E-06,-1.901E-02
-3.74500E-06,-1.901E-02
-3.74450E-06,-1.901E-02
-3.74400E-06,-1.901E-02
-3.74350E-06,-1.861E-02
-3.74300E-06,-1.901E-02
-3.74250E-06,-1.901E-02
-3.74200E-06,-1.901E-02
-3.74150E-06,-1.901E-02
-3.74100E-06,-1.941E-02
-3.74050E-06,-1.901E-02
-3.74000E-06,-1.941E-02
-3.73950E-06,-1.941E-02
-3.73900E-06,-1.941E-02
-3.73850E-06,-1.901E-02
-3.73800E-06,-1.941E-02
-3.73750E-06,-1.941E-02
-3.73700E-06,-1.901E-02
-3.73650E-06,-1.941E-02
-3.73600E-06,-1.941E-02
-3.73550E-06,-1.901E-02
-3.73500E-06,-1.941E-02
-3.73450E-06,-1.941E-02
-3.73400E-06,-1.941E-02
-3.73350E-06,-1.901E-02
-3.73300E-06,-1.901E-02
-3.73250E-06,-1.941E-02
-3.73200E-06,-1.941E-02
-3.73150E-06,-1.901E-02
-3.73100E-06,-1.941E-02
-3.73050E-06,-1.941E-02
-3.73000E-06,-1.941E-02
-3.72950E-06,-1.941E-02
-3.72900E-06,-1.941E-02
-3.72850E-06,-1.941E-02
-3.72800E-06,-1.941E-02
-3.72750E-06,-1.941E-02
-3.72700E-06,-1.941E-02
-3.72650E-06,-1.941E-02
-3.72600E-06,-1.941E-02
-3.72550E-06,-1.941E-02
-3.72500E-06,-1.941E-02
-3.72450E-06,-1.981E-02
-3.72400E-06,-1.981E-02
-3.72350E-06,-1.981E-02
-3.72300E-06,-1.981E-02
-3.72250E-06,-1.981E-02
-3.72200E-06,-1.981E-02
-3.72150E-06,-1.981E-02
-3.72100E-06,-1.941E-02
-3.72050E-06,-1.941E-02
-3.72000E-06,-1.981E-02
-3.71950E-06,-1.981E-02
-3.71900E-06,-1.981E-02
-3.71850E-06,-1.981E-02
-3.71800E-06,-1.981E-02
-3.71750E-06,-1.981E-02
-3.71700E-06,-1.981E-02
-3.71650E-06,-1.981E-02
-3.71600E-06,-2.021E-02
-3.71550E-06,-1.981E-02
-3.71500E-06,-2.021E-02
-3.71450E-06,-2.021E-02
-3.71400E-06,-2.021E-02
-3.71350E-06,-1.981E-02
-3.71300E-06,-1.981E-02
-3.71250E-06,-1.981E-02
-3.71200E-06,-1.981E-02
-3.71150E-06,-2.021E-02
-3.71100E-06,-1.981E-02
-3.71050E-06,-1.981E-02
-3.71000E-06,-2.021E-02
-3.70950E-06,-2.021E-02
-3.70900E-06,-2.101E-02
-3.70850E-06,-2.061E-02
-3.70800E-06,-2.061E-02
-3.70750E-06,-2.021E-02
-3.70700E-06,-2.061E-02
-3.70650E-06,-1.981E-02
-3.70600E-06,-2.021E-02
-3.70550E-06,-1.981E-02
-3.70500E-06,-2.021E-02
-3.70450E-06,-2.021E-02
-3.70400E-06,-2.021E-02
-3.70350E-06,-2.021E-02
-3.70300E-06,-2.061E-02
-3.70250E-06,-2.061E-02
-3.70200E-06,-2.021E-02
-3.70150E-06,-2.061E-02
-3.70100E-06,-2.061E-02
-3.70050E-06,-2.021E-02
-3.70000E-06,-2.061E-02
-3.69950E-06,-2.021E-02
-3.69900E-06,-2.061E-02
-3.69850E-06,-2.021E-02
-3.69800E-06,-2.061E-02
-3.69750E-06,-2.021E-02
-3.69700E-06,-2.061E-02
-3.69650E-06,-2.061E-02
-3.69600E-06,-2.061E-02
-3.69550E-06,-2.021E-02
-3.69500E-06,-2.061E-02
-3.69450E-06,-2.061E-02
-3.69400E-06,-2.061E-02
-3.69350E-06,-2.061E-02
-3.69300E-06,-2.061E-02
-3.69250E-06,-2.021E-02
-3.69200E-06,-2.061E-02
-3.69150E-06,-2.021E-02
-3.69100E-06,-2.061E-02
-3.69050E-06,-2.061E-02
-3.69000E-06,-2.061E-02
-3.68950E-06,-2.061E-02
-3.68900E-06,-2.061E-02
-3.68850E-06,-2.061E-02
-3.68800E-06,-2.061E-02
-3.68750E-06,-2.061E-02
-3.68700E-06,-2.061E-02
-3.68650E-06,-2.061E-02
-3.68600E-06,-2.061E-02
-3.68550E-06,-2.061E-02
-3.68500E-06,-2.061E-02
-3.68450E-06,-2.061E-02
-3.68400E-06,-2.061E-02
-3.68350E-06,-2.061E-02
-3.68300E-06,-2.101E-02
-3.68250E-06,-2.101E-02
-3.68200E-06,-2.101E-02
-3.68150E-06,-2.101E-02
-3.68100E-06,-2.101E-02
-3.68050E-06,-2.061E-02
-3.68000E-06,-2.061E-02
-3.67950E-06,-2.061E-02
-3.67900E-06,-2.101E-02
-3.67850E-06,-2.061E-02
-3.67800E-06,-2.061E-02
-3.67750E-06,-2.101E-02
-3.67700E-06,-2.101E-02
-3.67650E-06,-2.061E-02
-3.67600E-06,-2.101E-02
-3.67550E-06,-2.101E-02
-3.67500E-06,-2.101E-02
-3.67450E-06,-2.101E-02
-3.67400E-06,-2.101E-02
-3.67350E-06,-2.101E-02
-3.67300E-06,-2.101E-02
-3.67250E-06,-2.101E-02
-3.67200E-06,-2.101E-02
-3.67150E-06,-2.101E-02
-3.67100E-06,-2.101E-02
-3.67050E-06,-2.061E-02
-3.67000E-06,-2.101E-02
-3.66950E-06,-2.101E-02
-3.66900E-06,-2.061E-02
-3.66850E-06,-2.101E-02
-3.66800E-06,-2.101E-02
-3.66750E-06,-2.101E-02
-3.66700E-06,-2.101E-02
-3.66650E-06,-2.101E-02
-3.66600E-06,-2.101E-02
-3.66550E-06,-2.061E-02
-3.66500E-06,-2.101E-02
-3.66450E-06,-2.061E-02
-3.66400E-06,-2.061E-02
-3.66350E-06,-2.061E-02
-3.66300E-06,-2.101E-02
-3.66250E-06,-2.101E-02
-3.66200E-06,-2.101E-02
-3.66150E-06,-2.101E-02
-3.66100E-06,-2.101E-02
-3.66050E-06,-2.101E-02
-3.66000E-06,-2.101E-02
-3.65950E-06,-2.061E-02
-3.65900E-06,-2.101E-02
-3.65850E-06,-2.061E-02
-3.65800E-06,-2.101E-02
-3.65750E-06,-2.101E-02
-3.65700E-06,-2.101E-02
-3.65650E-06,-2.101E-02
-3.65600E-06,-2.141E-02
-3.65550E-06,-2.141E-02
-3.65500E-06,-2.141E-02
-3.65450E-06,-2.141E-02
-3.65400E-06,-2.141E-02
-3.65350E-06,-2.141E-02
-3.65300E-06,-2.141E-02
-3.65250E-06,-2.101E-02
-3.65200E-06,-2.141E-02
-3.65150E-06,-2.101E-02
-3.65100E-06,-2.141E-02
-3.65050E-06,-2.101E-02
-3.65000E-06,-2.141E-02
-3.64950E-06,-2.141E-02
-3.64900E-06,-2.141E-02
-3.64850E-06,-2.141E-02
-3.64800E-06,-2.101E-02
-3.64750E-06,-2.101E-02
-3.64700E-06,-2.101E-02
-3.64650E-06,-2.101E-02
-3.64600E-06,-2.101E-02
-3.64550E-06,-2.061E-02
-3.64500E-06,-2.101E-02
-3.64450E-06,-2.101E-02
-3.64400E-06,-2.101E-02
-3.64350E-06,-2.101E-02
-3.64300E-06,-2.101E-02
-3.64250E-06,-2.101E-02
-3.64200E-06,-2.141E-02
-3.64150E-06,-2.101E-02
-3.64100E-06,-2.101E-02
-3.64050E-06,-2.101E-02
-3.64000E-06,-2.141E-02
-3.63950E-06,-2.141E-02
-3.63900E-06,-2.141E-02
-3.63850E-06,-2.101E-02
-3.63800E-06,-2.101E-02
-3.63750E-06,-2.141E-02
-3.63700E-06,-2.141E-02
-3.63650E-06,-2.141E-02
-3.63600E-06,-2.141E-02
-3.63550E-06,-2.141E-02
-3.63500E-06,-2.141E-02
-3.63450E-06,-2.141E-02
-3.63400E-06,-2.141E-02
-3.63350E-06,-2.141E-02
-3.63300E-06,-2.141E-02
-3.63250E-06,-2.141E-02
-3.63200E-06,-2.141E-02
-3.63150E-06,-2.141E-02
-3.63100E-06,-2.181E-02
-3.63050E-06,-2.181E-02
-3.63000E-06,-2.141E-02
-3.62950E-06,-2.181E-02
-3.62900E-06,-2.141E-02
-3.62850E-06,-2.141E-02
-3.62800E-06,-2.141E-02
-3.62750E-06,-2.141E-02
-3.62700E-06,-2.141E-02
-3.62650E-06,-2.141E-02
-3.62600E-06,-2.141E-02
-3.62550E-06,-2.101E-02
-3.62500E-06,-2.141E-02
-3.62450E-06,-2.141E-02
-3.62400E-06,-2.141E-02
-3.62350E-06,-2.141E-02
-3.62300E-06,-2.141E-02
-3.62250E-06,-2.141E-02
-3.62200E-06,-2.141E-02
-3.62150E-06,-2.141E-02
-3.62100E-06,-2.141E-02
-3.62050E-06,-2.141E-02
-3.62000E-06,-2.141E-02
-3.61950E-06,-2.141E-02
-3.61900E-06,-2.141E-02
-3.61850E-06,-2.101E-02
-3.61800E-06,-2.101E-02
-3.61750E-06,-2.141E-02
-3.61700E-06,-2.141E-02
-3.61650E-06,-2.141E-02
-3.61600E-06,-2.141E-02
-3.61550E-06,-2.141E-02
-3.61500E-06,-2.141E-02
-3.61450E-06,-2.141E-02
-3.61400E-06,-2.141E-02
-3.61350E-06,-2.101E-02
-3.61300E-06,-2.101E-02
-3.61250E-06,-2.101E-02
-3.61200E-06,-2.101E-02
-3.61150E-06,-2.101E-02
-3.61100E-06,-2.101E-02
-3.61050E-06,-2.101E-02
-3.61000E-06,-2.141E-02
-3.60950E-06,-2.141E-02
-3.60900E-06,-2.181E-02
-3.60850E-06,-2.141E-02
-3.60800E-06,-2.141E-02
-3.60750E-06,-2.141E-02
-3.60700E-06,-2.141E-02
-3.60650E-06,-2.141E-02
-3.60600E-06,-2.101E-02
-3.60550E-06,-2.101E-02
-3.60500E-06,-2.101E-02
-3.60450E-06,-2.061E-02
-3.60400E-06,-2.141E-02
-3.60350E-06,-2.101E-02
-3.60300E-06,-2.141E-02
-3.60250E-06,-2.141E-02
-3.60200E-06,-2.141E-02
-3.60150E-06,-2.141E-02
-3.60100E-06,-2.141E-02
-3.60050E-06,-2.101E-02
-3.60000E-06,-2.141E-02
-3.59950E-06,-2.141E-02
-3.59900E-06,-2.101E-02
-3.59850E-06,-2.061E-02
-3.59800E-06,-2.141E-02
-3.59750E-06,-2.101E-02
-3.59700E-06,-2.141E-02
-3.59650E-06,-2.101E-02
-3.59600E-06,-2.141E-02
-3.59550E-06,-2.101E-02
-3.59500E-06,-2.141E-02
-3.59450E-06,-2.101E-02
-3.59400E-06,-2.141E-02
-3.59350E-06,-2.101E-02
-3.59300E-06,-2.141E-02
-3.59250E-06,-2.101E-02
-3.59200E-06,-2.141E-02
-3.59150E-06,-2.141E-02
-3.59100E-06,-2.141E-02
-3.59050E-06,-2.141E-02
-3.59000E-06,-2.181E-02
-3.58950E-06,-2.141E-02
-3.58900E-06,-2.181E-02
-3.58850E-06,-2.101E-02
-3.58800E-06,-2.101E-02
-3.58750E-06,-2.101E-02
-3.58700E-06,-2.141E-02
-3.58650E-06,-2.101E-02
-3.58600E-06,-2.141E-02
-3.58550E-06,-2.101E-02
-3.58500E-06,-2.141E-02
-3.58450E-06,-2.141E-02
-3.58400E-06,-2.101E-02
-3.58350E-06,-2.141E-02
-3.58300E-06,-2.141E-02
-3.58250E-06,-2.101E-02
-3.58200E-06,-2.101E-02
-3.58150E-06,-2.101E-02
-3.58100E-06,-2.141E-02
-3.58050E-06,-2.101E-02
-3.58000E-06,-2.101E-02
-3.57950E-06,-2.101E-02
-3.57900E-06,-2.101E-02
-3.57850E-06,-2.141E-02
-3.57800E-06,-2.101E-02
-3.57750E-06,-2.101E-02
-3.57700E-06,-2.101E-02
-3.57650E-06,-2.101E-02
-3.57600E-06,-2.101E-02
-3.57550E-06,-2.101E-02
-3.57500E-06,-2.101E-02
-3.57450E-06,-2.101E-02
-3.57400E-06,-2.101E-02
-3.57350E-06,-2.101E-02
-3.57300E-06,-2.141E-02
-3.57250E-06,-2.101E-02
-3.57200E-06,-2.141E-02
-3.57150E-06,-2.101E-02
-3.57100E-06,-2.141E-02
-3.57050E-06,-2.101E-02
-3.57000E-06,-2.101E-02
-3.56950E-06,-2.101E-02
-3.56900E-06,-2.101E-02
-3.56850E-06,-2.101E-02
-3.56800E-06,-2.061E-02
-3.56750E-06,-2.101E-02
-3.56700E-06,-2.101E-02
-3.56650E-06,-2.101E-02
-3.56600E-06,-2.101E-02
-3.56550E-06,-2.101E-02
-3.56500E-06,-2.101E-02
-3.56450E-06,-2.061E-02
-3.56400E-06,-2.101E-02
-3.56350E-06,-2.061E-02
-3.56300E-06,-2.101E-02
-3.56250E-06,-2.101E-02
-3.56200E-06,-2.101E-02
-3.56150E-06,-2.101E-02
-3.56100E-06,-2.101E-02
-3.56050E-06,-2.101E-02
-3.56000E-06,-2.101E-02
-3.55950E-06,-2.061E-02
-3.55900E-06,-2.061E-02
-3.55850E-06,-2.061E-02
-3.55800E-06,-2.061E-02
-3.55750E-06,-2.061E-02
-3.55700E-06,-2.061E-02
-3.55650E-06,-2.061E-02
-3.55600E-06,-2.061E-02
-3.55550E-06,-2.101E-02
-3.55500E-06,-2.101E-02
-3.55450E-06,-2.061E-02
-3.55400E-06,-2.061E-02
-3.55350E-06,-2.061E-02
-3.55300E-06,-2.101E-02
-3.55250E-06,-2.101E-02
-3.55200E-06,-2.061E-02
-3.55150E-06,-2.061E-02
-3.55100E-06,-2.101E-02
-3.55050E-06,-2.101E-02
-3.55000E-06,-2.141E-02
-3.54950E-06,-2.101E-02
-3.54900E-06,-2.101E-02
-3.54850E-06,-2.101E-02
-3.54800E-06,-2.101E-02
-3.54750E-06,-2.101E-02
-3.54700E-06,-2.101E-02
-3.54650E-06,-2.061E-02
-3.54600E-06,-2.101E-02
-3.54550E-06,-2.061E-02
-3.54500E-06,-2.061E-02
-3.54450E-06,-2.061E-02
-3.54400E-06,-2.101E-02
-3.54350E-06,-2.021E-02
-3.54300E-06,-2.061E-02
-3.54250E-06,-2.021E-02
-3.54200E-06,-2.021E-02
-3.54150E-06,-2.021E-02
-3.54100E-06,-2.061E-02
-3.54050E-06,-2.021E-02
-3.54000E-06,-2.061E-02
-3.53950E-06,-2.061E-02
-3.53900E-06,-2.061E-02
-3.53850E-06,-2.021E-02
-3.53800E-06,-2.021E-02
-3.53750E-06,-2.021E-02
-3.53700E-06,-2.061E-02
-3.53650E-06,-2.021E-02
-3.53600E-06,-2.061E-02
-3.53550E-06,-2.021E-02
-3.53500E-06,-2.021E-02
-3.53450E-06,-2.021E-02
-3.53400E-06,-2.021E-02
-3.53350E-06,-2.021E-02
-3.53300E-06,-2.061E-02
-3.53250E-06,-2.021E-02
-3.53200E-06,-2.021E-02
-3.53150E-06,-2.021E-02
-3.53100E-06,-1.981E-02
-3.53050E-06,-2.021E-02
-3.53000E-06,-2.021E-02
-3.52950E-06,-2.021E-02
-3.52900E-06,-2.021E-02
-3.52850E-06,-2.021E-02
-3.52800E-06,-2.021E-02
-3.52750E-06,-2.021E-02
-3.52700E-06,-2.021E-02
-3.52650E-06,-2.021E-02
-3.52600E-06,-2.021E-02
-3.52550E-06,-2.021E-02
-3.52500E-06,-2.021E-02
-3.52450E-06,-2.021E-02
-3.52400E-06,-2.021E-02
-3.52350E-06,-2.021E-02
-3.52300E-06,-2.021E-02
-3.52250E-06,-2.021E-02
-3.52200E-06,-2.021E-02
-3.52150E-06,-2.021E-02
-3.52100E-06,-2.021E-02
-3.52050E-06,-2.021E-02
-3.52000E-06,-2.061E-02
-3.51950E-06,-2.021E-02
-3.51900E-06,-2.021E-02
-3.51850E-06,-1.981E-02
-3.51800E-06,-2.021E-02
-3.51750E-06,-1.981E-02
-3.51700E-06,-1.981E-02
-3.51650E-06,-1.981E-02
-3.51600E-06,-1.981E-02
-3.51550E-06,-1.981E-02
-3.51500E-06,-2.021E-02
-3.51450E-06,-2.021E-02
-3.51400E-06,-2.021E-02
-3.51350E-06,-1.981E-02
-3.51300E-06,-1.981E-02
-3.51250E-06,-1.981E-02
-3.51200E-06,-1.981E-02
-3.51150E-06,-1.941E-02
-3.51100E-06,-1.941E-02
-3.51050E-06,-1.981E-02
-3.51000E-06,-1.981E-02
-3.50950E-06,-1.981E-02
-3.50900E-06,-1.981E-02
-3.50850E-06,-1.981E-02
-3.50800E-06,-1.981E-02
-3.50750E-06,-1.981E-02
-3.50700E-06,-1.981E-02
-3.50650E-06,-1.941E-02
-3.50600E-06,-1.941E-02
-3.50550E-06,-1.901E-02
-3.50500E-06,-1.941E-02
-3.50450E-06,-1.941E-02
-3.50400E-06,-1.941E-02
-3.50350E-06,-1.901E-02
-3.50300E-06,-1.901E-02
-3.50250E-06,-1.941E-02
-3.50200E-06,-1.941E-02
-3.50150E-06,-1.941E-02
-3.50100E-06,-1.941E-02
-3.50050E-06,-1.941E-02
-3.50000E-06,-1.901E-02
-3.49950E-06,-1.901E-02
-3.49900E-06,-1.901E-02
-3.49850E-06,-1.901E-02
-3.49800E-06,-1.941E-02
-3.49750E-06,-1.901E-02
-3.49700E-06,-1.901E-02
-3.49650E-06,-1.901E-02
-3.49600E-06,-1.941E-02
-3.49550E-06,-1.901E-02
-3.49500E-06,-1.941E-02
-3.49450E-06,-1.901E-02
-3.49400E-06,-1.901E-02
-3.49350E-06,-1.901E-02
-3.49300E-06,-1.901E-02
-3.49250E-06,-1.901E-02
-3.49200E-06,-1.901E-02
-3.49150E-06,-1.901E-02
-3.49100E-06,-1.901E-02
-3.49050E-06,-1.861E-02
-3.49000E-06,-1.861E-02
-3.48950E-06,-1.861E-02
-3.48900E-06,-1.861E-02
-3.48850E-06,-1.861E-02
-3.48800E-06,-1.861E-02
-3.48750E-06,-1.861E-02
-3.48700E-06,-1.901E-02
-3.48650E-06,-1.861E-02
-3.48600E-06,-1.821E-02
-3.48550E-06,-1.861E-02
-3.48500E-06,-1.861E-02
-3.48450E-06,-1.861E-02
-3.48400E-06,-1.861E-02
-3.48350E-06,-1.901E-02
-3.48300E-06,-1.901E-02
-3.48250E-06,-1.861E-02
-3.48200E-06,-1.861E-02
-3.48150E-06,-1.901E-02
-3.48100E-06,-1.861E-02
-3.48050E-06,-1.861E-02
-3.48000E-06,-1.861E-02
-3.47950E-06,-1.861E-02
-3.47900E-06,-1.861E-02
-3.47850E-06,-1.861E-02
-3.47800E-06,-1.861E-02
-3.47750E-06,-1.861E-02
-3.47700E-06,-1.901E-02
-3.47650E-06,-1.821E-02
-3.47600E-06,-1.821E-02
-3.47550E-06,-1.861E-02
-3.47500E-06,-1.821E-02
-3.47450E-06,-1.821E-02
-3.47400E-06,-1.861E-02
-3.47350E-06,-1.821E-02
-3.47300E-06,-1.821E-02
-3.47250E-06,-1.821E-02
-3.47200E-06,-1.821E-02
-3.47150E-06,-1.821E-02
-3.47100E-06,-1.821E-02
-3.47050E-06,-1.781E-02
-3.47000E-06,-1.821E-02
-3.46950E-06,-1.781E-02
-3.46900E-06,-1.781E-02
-3.46850E-06,-1.781E-02
-3.46800E-06,-1.781E-02
-3.46750E-06,-1.781E-02
-3.46700E-06,-1.781E-02
-3.46650E-06,-1.781E-02
-3.46600E-06,-1.781E-02
-3.46550E-06,-1.781E-02
-3.46500E-06,-1.781E-02
-3.46450E-06,-1.741E-02
-3.46400E-06,-1.741E-02
-3.46350E-06,-1.741E-02
-3.46300E-06,-1.781E-02
-3.46250E-06,-1.781E-02
-3.46200E-06,-1.781E-02
-3.46150E-06,-1.781E-02
-3.46100E-06,-1.781E-02
-3.46050E-06,-1.781E-02
-3.46000E-06,-1.741E-02
-3.45950E-06,-1.741E-02
-3.45900E-06,-1.741E-02
-3.45850E-06,-1.701E-02
-3.45800E-06,-1.741E-02
-3.45750E-06,-1.701E-02
-3.45700E-06,-1.741E-02
-3.45650E-06,-1.741E-02
-3.45600E-06,-1.741E-02
-3.45550E-06,-1.781E-02
-3.45500E-06,-1.741E-02
-3.45450E-06,-1.781E-02
-3.45400E-06,-1.741E-02
-3.45350E-06,-1.741E-02
-3.45300E-06,-1.701E-02
-3.45250E-06,-1.701E-02
-3.45200E-06,-1.741E-02
-3.45150E-06,-1.701E-02
-3.45100E-06,-1.701E-02
-3.45050E-06,-1.701E-02
-3.45000E-06,-1.701E-02
-3.44950E-06,-1.741E-02
-3.44900E-06,-1.741E-02
-3.44850E-06,-1.741E-02
-3.44800E-06,-1.701E-02
-3.44750E-06,-1.701E-02
-3.44700E-06,-1.701E-02
-3.44650E-06,-1.701E-02
-3.44600E-06,-1.661E-02
-3.44550E-06,-1.661E-02
-3.44500E-06,-1.661E-02
-3.44450E-06,-1.701E-02
-3.44400E-06,-1.701E-02
-3.44350E-06,-1.701E-02
-3.44300E-06,-1.701E-02
-3.44250E-06,-1.701E-02
-3.44200E-06,-1.701E-02
-3.44150E-06,-1.701E-02
-3.44100E-06,-1.701E-02
-3.44050E-06,-1.701E-02
-3.44000E-06,-1.701E-02
-3.43950E-06,-1.701E-02
-3.43900E-06,-1.701E-02
-3.43850E-06,-1.701E-02
-3.43800E-06,-1.701E-02
-3.43750E-06,-1.701E-02
-3.43700E-06,-1.661E-02
-3.43650E-06,-1.701E-02
-3.43600E-06,-1.701E-02
-3.43550E-06,-1.701E-02
-3.43500E-06,-1.661E-02
-3.43450E-06,-1.701E-02
-3.43400E-06,-1.661E-02
-3.43350E-06,-1.661E-02
-3.43300E-06,-1.621E-02
-3.43250E-06,-1.661E-02
-3.43200E-06,-1.621E-02
-3.43150E-06,-1.621E-02
-3.43100E-06,-1.621E-02
-3.43050E-06,-1.661E-02
-3.43000E-06,-1.621E-02
-3.42950E-06,-1.621E-02
-3.42900E-06,-1.621E-02
-3.42850E-06,-1.621E-02
-3.42800E-06,-1.621E-02
-3.42750E-06,-1.581E-02
-3.42700E-06,-1.581E-02
-3.42650E-06,-1.581E-02
-3.42600E-06,-1.581E-02
-3.42550E-06,-1.581E-02
-3.42500E-06,-1.581E-02
-3.42450E-06,-1.581E-02
-3.42400E-06,-1.581E-02
-3.42350E-06,-1.581E-02
-3.42300E-06,-1.581E-02
-3.42250E-06,-1.581E-02
-3.42200E-06,-1.541E-02
-3.42150E-06,-1.541E-02
-3.42100E-06,-1.581E-02
-3.42050E-06,-1.541E-02
-3.42000E-06,-1.541E-02
-3.41950E-06,-1.541E-02
-3.41900E-06,-1.541E-02
-3.41850E-06,-1.541E-02
-3.41800E-06,-1.541E-02
-3.41750E-06,-1.501E-02
-3.41700E-06,-1.541E-02
-3.41650E-06,-1.541E-02
-3.41600E-06,-1.541E-02
-3.41550E-06,-1.581E-02
-3.41500E-06,-1.541E-02
-3.41450E-06,-1.541E-02
-3.41400E-06,-1.541E-02
-3.41350E-06,-1.541E-02
-3.41300E-06,-1.541E-02
-3.41250E-06,-1.541E-02
-3.41200E-06,-1.541E-02
-3.41150E-06,-1.501E-02
-3.41100E-06,-1.501E-02
-3.41050E-06,-1.541E-02
-3.41000E-06,-1.501E-02
-3.40950E-06,-1.501E-02
-3.40900E-06,-1.501E-02
-3.40850E-06,-1.501E-02
-3.40800E-06,-1.501E-02
-3.40750E-06,-1.501E-02
-3.40700E-06,-1.501E-02
-3.40650E-06,-1.461E-02
-3.40600E-06,-1.461E-02
-3.40550E-06,-1.461E-02
-3.40500E-06,-1.461E-02
-3.40450E-06,-1.461E-02
-3.40400E-06,-1.461E-02
-3.40350E-06,-1.461E-02
-3.40300E-06,-1.541E-02
-3.40250E-06,-1.501E-02
-3.40200E-06,-1.461E-02
-3.40150E-06,-1.461E-02
-3.40100E-06,-1.461E-02
-3.40050E-06,-1.461E-02
-3.40000E-06,-1.461E-02
-3.39950E-06,-1.421E-02
-3.39900E-06,-1.421E-02
-3.39850E-06,-1.421E-02
-3.39800E-06,-1.421E-02
-3.39750E-06,-1.421E-02
-3.39700E-06,-1.421E-02
-3.39650E-06,-1.421E-02
-3.39600E-06,-1.421E-02
-3.39550E-06,-1.421E-02
-3.39500E-06,-1.421E-02
-3.39450E-06,-1.381E-02
-3.39400E-06,-1.381E-02
-3.39350E-06,-1.421E-02
-3.39300E-06,-1.381E-02
-3.39250E-06,-1.381E-02
-3.39200E-06,-1.381E-02
-3.39150E-06,-1.421E-02
-3.39100E-06,-1.421E-02
-3.39050E-06,-1.421E-02
-3.39000E-06,-1.381E-02
-3.38950E-06,-1.421E-02
-3.38900E-06,-1.381E-02
-3.38850E-06,-1.381E-02
-3.38800E-06,-1.381E-02
-3.38750E-06,-1.381E-02
-3.38700E-06,-1.381E-02
-3.38650E-06,-1.381E-02
-3.38600E-06,-1.341E-02
-3.38550E-06,-1.381E-02
-3.38500E-06,-1.341E-02
-3.38450E-06,-1.341E-02
-3.38400E-06,-1.341E-02
-3.38350E-06,-1.341E-02
-3.38300E-06,-1.341E-02
-3.38250E-06,-1.341E-02
-3.38200E-06,-1.341E-02
-3.38150E-06,-1.341E-02
-3.38100E-06,-1.341E-02
-3.38050E-06,-1.341E-02
-3.38000E-06,-1.301E-02
-3.37950E-06,-1.341E-02
-3.37900E-06,-1.301E-02
-3.37850E-06,-1.341E-02
-3.37800E-06,-1.301E-02
-3.37750E-06,-1.301E-02
-3.37700E-06,-1.341E-02
-3.37650E-06,-1.341E-02
-3.37600E-06,-1.341E-02
-3.37550E-06,-1.341E-02
-3.37500E-06,-1.301E-02
-3.37450E-06,-1.301E-02
-3.37400E-06,-1.301E-02
-3.37350E-06,-1.301E-02
-3.37300E-06,-1.261E-02
-3.37250E-06,-1.301E-02
-3.37200E-06,-1.301E-02
-3.37150E-06,-1.301E-02
-3.37100E-06,-1.261E-02
-3.37050E-06,-1.301E-02
-3.37000E-06,-1.261E-02
-3.36950E-06,-1.261E-02
-3.36900E-06,-1.261E-02
-3.36850E-06,-1.261E-02
-3.36800E-06,-1.301E-02
-3.36750E-06,-1.261E-02
-3.36700E-06,-1.221E-02
-3.36650E-06,-1.261E-02
-3.36600E-06,-1.221E-02
-3.36550E-06,-1.221E-02
-3.36500E-06,-1.261E-02
-3.36450E-06,-1.221E-02
-3.36400E-06,-1.221E-02
-3.36350E-06,-1.261E-02
-3.36300E-06,-1.261E-02
-3.36250E-06,-1.261E-02
-3.36200E-06,-1.221E-02
-3.36150E-06,-1.221E-02
-3.36100E-06,-1.221E-02
-3.36050E-06,-1.221E-02
-3.36000E-06,-1.221E-02
-3.35950E-06,-1.221E-02
-3.35900E-06,-1.221E-02
-3.35850E-06,-1.181E-02
-3.35800E-06,-1.181E-02
-3.35750E-06,-1.181E-02
-3.35700E-06,-1.181E-02
-3.35650E-06,-1.181E-02
-3.35600E-06,-1.181E-02
-3.35550E-06,-1.181E-02
-3.35500E-06,-1.181E-02
-3.35450E-06,-1.181E-02
-3.35400E-06,-1.141E-02
-3.35350E-06,-1.181E-02
-3.35300E-06,-1.141E-02
-3.35250E-06,-1.141E-02
-3.35200E-06,-1.141E-02
-3.35150E-06,-1.141E-02
-3.35100E-06,-1.141E-02
-3.35050E-06,-1.141E-02
-3.35000E-06,-1.141E-02
-3.34950E-06,-1.141E-02
-3.34900E-06,-1.141E-02
-3.34850E-06,-1.141E-02
-3.34800E-06,-1.101E-02
-3.34750E-06,-1.101E-02
-3.34700E-06,-1.101E-02
-3.34650E-06,-1.101E-02
-3.34600E-06,-1.101E-02
-3.34550E-06,-1.101E-02
-3.34500E-06,-1.061E-02
-3.34450E-06,-1.061E-02
-3.34400E-06,-1.061E-02
-3.34350E-06,-1.021E-02
-3.34300E-06,-1.061E-02
-3.34250E-06,-1.061E-02
-3.34200E-06,-1.061E-02
-3.34150E-06,-1.021E-02
-3.34100E-06,-1.061E-02
-3.34050E-06,-1.061E-02
-3.34000E-06,-1.061E-02
-3.33950E-06,-1.061E-02
-3.33900E-06,-1.061E-02
-3.33850E-06,-1.101E-02
-3.33800E-06,-1.101E-02
-3.33750E-06,-1.101E-02
-3.33700E-06,-1.061E-02
-3.33650E-06,-1.061E-02
-3.33600E-06,-1.061E-02
-3.33550E-06,-1.061E-02
-3.33500E-06,-1.061E-02
-3.33450E-06,-1.021E-02
-3.33400E-06,-1.021E-02
-3.33350E-06,-1.061E-02
-3.33300E-06,-1.021E-02
-3.33250E-06,-1.021E-02
-3.33200E-06,-1.021E-02
-3.33150E-06,-1.021E-02
-3.33100E-06,-1.021E-02
-3.33050E-06,-1.021E-02
-3.33000E-06,-9.813E-03
-3.32950E-06,-9.813E-03
-3.32900E-06,-9.813E-03
-3.32850E-06,-1.021E-02
-3.32800E-06,-9.813E-03
-3.32750E-06,-1.021E-02
-3.32700E-06,-9.813E-03
-3.32650E-06,-9.813E-03
-3.32600E-06,-9.813E-03
-3.32550E-06,-9.813E-03
-3.32500E-06,-9.813E-03
-3.32450E-06,-9.813E-03
-3.32400E-06,-9.413E-03
-3.32350E-06,-9.413E-03
-3.32300E-06,-9.413E-03
-3.32250E-06,-9.413E-03
-3.32200E-06,-9.413E-03
-3.32150E-06,-9.413E-03
-3.32100E-06,-9.413E-03
-3.32050E-06,-9.413E-03
-3.32000E-06,-9.413E-03
-3.31950E-06,-9.413E-03
-3.31900E-06,-9.413E-03
-3.31850E-06,-9.013E-03
-3.31800E-06,-9.413E-03
-3.31750E-06,-9.413E-03
-3.31700E-06,-9.013E-03
-3.31650E-06,-9.013E-03
-3.31600E-06,-9.413E-03
-3.31550E-06,-9.013E-03
-3.31500E-06,-9.013E-03
-3.31450E-06,-9.013E-03
-3.31400E-06,-9.013E-03
-3.31350E-06,-9.013E-03
-3.31300E-06,-8.613E-03
-3.31250E-06,-8.613E-03
-3.31200E-06,-8.613E-03
-3.31150E-06,-8.613E-03
-3.31100E-06,-8.213E-03
-3.31050E-06,-8.613E-03
-3.31000E-06,-8.613E-03
-3.30950E-06,-8.613E-03
-3.30900E-06,-9.013E-03
-3.30850E-06,-9.013E-03
-3.30800E-06,-9.013E-03
-3.30750E-06,-8.613E-03
-3.30700E-06,-8.613E-03
-3.30650E-06,-8.613E-03
-3.30600E-06,-8.613E-03
-3.30550E-06,-8.213E-03
-3.30500E-06,-8.213E-03
-3.30450E-06,-8.213E-03
-3.30400E-06,-8.213E-03
-3.30350E-06,-8.213E-03
-3.30300E-06,-8.213E-03
-3.30250E-06,-8.213E-03
-3.30200E-06,-8.213E-03
-3.30150E-06,-8.213E-03
-3.30100E-06,-7.813E-03
-3.30050E-06,-8.213E-03
-3.30000E-06,-8.213E-03
-3.29950E-06,-7.813E-03
-3.29900E-06,-7.813E-03
-3.29850E-06,-7.813E-03
-3.29800E-06,-7.813E-03
-3.29750E-06,-7.813E-03
-3.29700E-06,-7.413E-03
-3.29650E-06,-7.413E-03
-3.29600E-06,-7.413E-03
-3.29550E-06,-7.413E-03
-3.29500E-06,-7.413E-03
-3.29450E-06,-7.413E-03
-3.29400E-06,-7.413E-03
-3.29350E-06,-7.413E-03
-3.29300E-06,-7.413E-03
-3.29250E-06,-7.013E-03
-3.29200E-06,-7.013E-03
-3.29150E-06,-7.013E-03
-3.29100E-06,-7.413E-03
-3.29050E-06,-7.413E-03
-3.29000E-06,-7.413E-03
-3.28950E-06,-7.013E-03
-3.28900E-06,-7.013E-03
-3.28850E-06,-7.013E-03
-3.28800E-06,-7.013E-03
-3.28750E-06,-7.013E-03
-3.28700E-06,-7.013E-03
-3.28650E-06,-7.013E-03
-3.28600E-06,-6.613E-03
-3.28550E-06,-6.613E-03
-3.28500E-06,-6.613E-03
-3.28450E-06,-6.613E-03
-3.28400E-06,-6.613E-03
-3.28350E-06,-6.613E-03
-3.28300E-06,-6.613E-03
-3.28250E-06,-6.213E-03
-3.28200E-06,-6.613E-03
-3.28150E-06,-6.613E-03
-3.28100E-06,-6.613E-03
-3.28050E-06,-6.213E-03
-3.28000E-06,-6.213E-03
-3.27950E-06,-5.813E-03
-3.27900E-06,-5.813E-03
-3.27850E-06,-6.613E-03
-3.27800E-06,-6.213E-03
-3.27750E-06,-6.213E-03
-3.27700E-06,-6.213E-03
-3.27650E-06,-6.213E-03
-3.27600E-06,-6.213E-03
-3.27550E-06,-6.213E-03
-3.27500E-06,-6.213E-03
-3.27450E-06,-6.213E-03
-3.27400E-06,-6.213E-03
-3.27350E-06,-6.213E-03
-3.27300E-06,-5.813E-03
-3.27250E-06,-5.813E-03
-3.27200E-06,-6.213E-03
-3.27150E-06,-6.213E-03
-3.27100E-06,-6.213E-03
-3.27050E-06,-6.213E-03
-3.27000E-06,-5.813E-03
-3.26950E-06,-5.813E-03
-3.26900E-06,-5.813E-03
-3.26850E-06,-5.813E-03
-3.26800E-06,-5.813E-03
-3.26750E-06,-5.413E-03
-3.26700E-06,-5.413E-03
-3.26650E-06,-5.413E-03
-3.26600E-06,-5.413E-03
-3.26550E-06,-5.413E-03
-3.26500E-06,-5.013E-03
-3.26450E-06,-5.013E-03
-3.26400E-06,-5.013E-03
-3.26350E-06,-5.013E-03
-3.26300E-06,-5.013E-03
-3.26250E-06,-5.413E-03
-3.26200E-06,-5.413E-03
-3.26150E-06,-5.413E-03
-3.26100E-06,-5.413E-03
-3.26050E-06,-5.013E-03
-3.26000E-06,-4.613E-03
-3.25950E-06,-4.613E-03
-3.25900E-06,-4.613E-03
-3.25850E-06,-4.613E-03
-3.25800E-06,-4.613E-03
-3.25750E-06,-4.613E-03
-3.25700E-06,-4.613E-03
-3.25650E-06,-5.013E-03
-3.25600E-06,-5.013E-03
-3.25550E-06,-4.613E-03
-3.25500E-06,-4.613E-03
-3.25450E-06,-4.613E-03
-3.25400E-06,-4.613E-03
-3.25350E-06,-3.813E-03
-3.25300E-06,-4.213E-03
-3.25250E-06,-4.213E-03
-3.25200E-06,-4.213E-03
-3.25150E-06,-4.213E-03
-3.25100E-06,-4.213E-03
-3.25050E-06,-4.213E-03
-3.25000E-06,-4.213E-03
-3.24950E-06,-4.213E-03
-3.24900E-06,-4.213E-03
-3.24850E-06,-4.213E-03
-3.24800E-06,-3.813E-03
-3.24750E-06,-3.813E-03
-3.24700E-06,-3.813E-03
-3.24650E-06,-3.413E-03
-3.24600E-06,-3.813E-03
-3.24550E-06,-3.813E-03
-3.24500E-06,-3.413E-03
-3.24450E-06,-3.413E-03
-3.24400E-06,-3.413E-03
-3.24350E-06,-3.813E-03
-3.24300E-06,-3.813E-03
-3.24250E-06,-3.813E-03
-3.24200E-06,-3.813E-03
-3.24150E-06,-3.813E-03
-3.24100E-06,-3.813E-03
-3.24050E-06,-3.413E-03
-3.24000E-06,-3.813E-03
-3.23950E-06,-3.413E-03
-3.23900E-06,-3.413E-03
-3.23850E-06,-3.413E-03
-3.23800E-06,-3.013E-03
-3.23750E-06,-3.013E-03
-3.23700E-06,-3.013E-03
-3.23650E-06,-3.413E-03
-3.23600E-06,-3.013E-03
-3.23550E-06,-3.013E-03
-3.23500E-06,-2.613E-03
-3.23450E-06,-3.013E-03
-3.23400E-06,-2.613E-03
-3.23350E-06,-2.613E-03
-3.23300E-06,-2.613E-03
-3.23250E-06,-2.613E-03
-3.23200E-06,-2.613E-03
-3.23150E-06,-3.013E-03
-3.23100E-06,-2.613E-03
-3.23050E-06,-2.613E-03
-3.23000E-06,-2.613E-03
-3.22950E-06,-2.613E-03
-3.22900E-06,-2.613E-03
-3.22850E-06,-2.613E-03
-3.22800E-06,-2.613E-03
-3.22750E-06,-2.613E-03
-3.22700E-06,-2.213E-03
-3.22650E-06,-2.613E-03
-3.22600E-06,-2.213E-03
-3.22550E-06,-2.213E-03
-3.22500E-06,-2.213E-03
-3.22450E-06,-2.213E-03
-3.22400E-06,-2.213E-03
-3.22350E-06,-2.213E-03
-3.22300E-06,-1.813E-03
-3.22250E-06,-2.213E-03
-3.22200E-06,-2.213E-03
-3.22150E-06,-2.213E-03
-3.22100E-06,-2.213E-03
-3.22050E-06,-1.813E-03
-3.22000E-06,-1.813E-03
-3.21950E-06,-2.213E-03
-3.21900E-06,-2.213E-03
-3.21850E-06,-2.213E-03
-3.21800E-06,-1.813E-03
-3.21750E-06,-1.413E-03
-3.21700E-06,-1.413E-03
-3.21650E-06,-1.413E-03
-3.21600E-06,-1.413E-03
-3.21550E-06,-1.413E-03
-3.21500E-06,-1.413E-03
-3.21450E-06,-1.413E-03
-3.21400E-06,-1.413E-03
-3.21350E-06,-1.413E-03
-3.21300E-06,-1.413E-03
-3.21250E-06,-1.413E-03
-3.21200E-06,-1.013E-03
-3.21150E-06,-1.413E-03
-3.21100E-06,-1.013E-03
-3.21050E-06,-1.013E-03
-3.21000E-06,-1.013E-03
-3.20950E-06,-1.013E-03
-3.20900E-06,-1.413E-03
-3.20850E-06,-1.413E-03
-3.20800E-06,-1.013E-03
-3.20750E-06,-6.134E-04
-3.20700E-06,-6.134E-04
-3.20650E-06,-6.134E-04
-3.20600E-06,-2.134E-04
-3.20550E-06,-2.134E-04
-3.20500E-06,-2.134E-04
-3.20450E-06,-2.134E-04
-3.20400E-06,-2.134E-04
-3.20350E-06,-2.134E-04
-3.20300E-06,-6.134E-04
-3.20250E-06,-2.134E-04
-3.20200E-06,-6.134E-04
-3.20150E-06,-2.134E-04
-3.20100E-06,-2.134E-04
-3.20050E-06,-6.134E-04
-3.20000E-06,-2.134E-04
-3.19950E-06,-2.134E-04
-3.19900E-06,-2.134E-04
-3.19850E-06,-2.134E-04
-3.19800E-06,-2.134E-04
-3.19750E-06,-2.134E-04
-3.19700E-06,-2.134E-04
-3.19650E-06,-2.134E-04
-3.19600E-06,-2.134E-04
-3.19550E-06,-2.134E-04
-3.19500E-06,1.866E-04
-3.19450E-06,1.866E-04
-3.19400E-06,1.866E-04
-3.19350E-06,5.866E-04
-3.19300E-06,5.866E-04
-3.19250E-06,5.866E-04
-3.19200E-06,5.866E-04
-3.19150E-06,5.866E-04
-3.19100E-06,5.866E-04
-3.19050E-06,5.866E-04
-3.19000E-06,5.866E-04
-3.18950E-06,5.866E-04
-3.18900E-06,5.866E-04
-3.18850E-06,5.866E-04
-3.18800E-06,5.866E-04
-3.18750E-06,5.866E-04
-3.18700E-06,5.866E-04
-3.18650E-06,5.866E-04
-3.18600E-06,9.866E-04
-3.18550E-06,5.866E-04
-3.18500E-06,5.866E-04
-3.18450E-06,9.866E-04
-3.18400E-06,9.866E-04
-3.18350E-06,9.866E-04
-3.18300E-06,9.866E-04
-3.18250E-06,9.866E-04
-3.18200E-06,9.866E-04
-3.18150E-06,1.387E-03
-3.18100E-06,1.387E-03
-3.18050E-06,1.387E-03
-3.18000E-06,1.387E-03
-3.17950E-06,1.387E-03
-3.17900E-06,1.387E-03
-3.17850E-06,1.387E-03
-3.17800E-06,1.387E-03
-3.17750E-06,1.787E-03
-3.17700E-06,1.787E-03
-3.17650E-06,1.387E-03
-3.17600E-06,1.787E-03
-3.17550E-06,1.387E-03
-3.17500E-06,1.787E-03
-3.17450E-06,2.187E-03
-3.17400E-06,1.787E-03
-3.17350E-06,1.787E-03
-3.17300E-06,1.787E-03
-3.17250E-06,1.787E-03
-3.17200E-06,1.787E-03
-3.17150E-06,1.387E-03
-3.17100E-06,1.387E-03
-3.17050E-06,1.787E-03
-3.17000E-06,1.787E-03
-3.16950E-06,1.787E-03
-3.16900E-06,1.787E-03
-3.16850E-06,1.787E-03
-3.16800E-06,1.787E-03
-3.16750E-06,2.187E-03
-3.16700E-06,2.187E-03
-3.16650E-06,1.787E-03
-3.16600E-06,2.187E-03
-3.16550E-06,2.187E-03
-3.16500E-06,2.187E-03
-3.16450E-06,2.587E-03
-3.16400E-06,2.987E-03
-3.16350E-06,2.987E-03
-3.16300E-06,2.587E-03
-3.16250E-06,2.587E-03
-3.16200E-06,2.587E-03
-3.16150E-06,2.187E-03
-3.16100E-06,2.587E-03
-3.16050E-06,2.587E-03
-3.16000E-06,2.587E-03
-3.15950E-06,2.587E-03
-3.15900E-06,2.987E-03
-3.15850E-06,2.987E-03
-3.15800E-06,2.987E-03
-3.15750E-06,2.987E-03
-3.15700E-06,2.987E-03
-3.15650E-06,2.587E-03
-3.15600E-06,2.587E-03
-3.15550E-06,2.587E-03
-3.15500E-06,2.987E-03
-3.15450E-06,2.987E-03
-3.15400E-06,2.987E-03
-3.15350E-06,3.387E-03
-3.15300E-06,3.387E-03
-3.15250E-06,3.387E-03
-3.15200E-06,3.387E-03
-3.15150E-06,3.387E-03
-3.15100E-06,3.787E-03
-3.15050E-06,3.387E-03
-3.15000E-06,3.787E-03
-3.14950E-06,3.787E-03
-3.14900E-06,3.787E-03
-3.14850E-06,3.787E-03
-3.14800E-06,3.387E-03
-3.14750E-06,3.387E-03
-3.14700E-06,3.787E-03
-3.14650E-06,3.387E-03
-3.14600E-06,3.387E-03
-3.14550E-06,3.787E-03
-3.14500E-06,3.787E-03
-3.14450E-06,3.787E-03
-3.14400E-06,4.187E-03
-3.14350E-06,3.787E-03
-3.14300E-06,4.187E-03
-3.14250E-06,3.787E-03
-3.14200E-06,4.187E-03
-3.14150E-06,4.187E-03
-3.14100E-06,3.787E-03
-3.14050E-06,4.187E-03
-3.14000E-06,4.187E-03
-3.13950E-06,4.187E-03
-3.13900E-06,4.187E-03
-3.13850E-06,4.187E-03
-3.13800E-06,4.587E-03
-3.13750E-06,4.187E-03
-3.13700E-06,4.587E-03
-3.13650E-06,4.587E-03
-3.13600E-06,4.587E-03
-3.13550E-06,4.587E-03
-3.13500E-06,4.587E-03
-3.13450E-06,4.587E-03
-3.13400E-06,4.987E-03
-3.13350E-06,4.587E-03
-3.13300E-06,4.587E-03
-3.13250E-06,4.587E-03
-3.13200E-06,4.587E-03
-3.13150E-06,4.587E-03
-3.13100E-06,4.987E-03
-3.13050E-06,4.587E-03
-3.13000E-06,4.987E-03
-3.12950E-06,4.587E-03
-3.12900E-06,4.987E-03
-3.12850E-06,4.587E-03
-3.12800E-06,4.987E-03
-3.12750E-06,4.587E-03
-3.12700E-06,4.587E-03
-3.12650E-06,4.987E-03
-3.12600E-06,4.987E-03
-3.12550E-06,4.987E-03
-3.12500E-06,5.387E-03
-3.12450E-06,5.387E-03
-3.12400E-06,4.987E-03
-3.12350E-06,5.387E-03
-3.12300E-06,5.387E-03
-3.12250E-06,5.387E-03
-3.12200E-06,5.387E-03
-3.12150E-06,5.387E-03
-3.12100E-06,5.387E-03
-3.12050E-06,5.387E-03
-3.12000E-06,5.387E-03
-3.11950E-06,5.387E-03
-3.11900E-06,5.787E-03
-3.11850E-06,5.787E-03
-3.11800E-06,5.787E-03
-3.11750E-06,5.787E-03
-3.11700E-06,6.187E-03
-3.11650E-06,6.187E-03
-3.11600E-06,6.187E-03
-3.11550E-06,5.787E-03
-3.11500E-06,5.787E-03
-3.11450E-06,5.787E-03
-3.11400E-06,5.787E-03
-3.11350E-06,5.787E-03
-3.11300E-06,5.787E-03
-3.11250E-06,6.187E-03
-3.11200E-06,6.187E-03
-3.11150E-06,6.187E-03
-3.11100E-06,6.587E-03
-3.11050E-06,6.587E-03
-3.11000E-06,6.587E-03
-3.10950E-06,6.587E-03
-3.10900E-06,6.587E-03
-3.10850E-06,6.587E-03
-3.10800E-06,6.587E-03
-3.10750E-06,6.587E-03
-3.10700E-06,6.587E-03
-3.10650E-06,6.587E-03
-3.10600E-06,6.987E-03
-3.10550E-06,6.587E-03
-3.10500E-06,6.587E-03
-3.10450E-06,6.987E-03
-3.10400E-06,6.587E-03
-3.10350E-06,6.987E-03
-3.10300E-06,6.987E-03
-3.10250E-06,6.987E-03
-3.10200E-06,6.987E-03
-3.10150E-06,6.987E-03
-3.10100E-06,6.987E-03
-3.10050E-06,7.387E-03
-3.10000E-06,6.987E-03
-3.09950E-06,6.987E-03
-3.09900E-06,6.987E-03
-3.09850E-06,6.987E-03
-3.09800E-06,6.987E-03
-3.09750E-06,6.987E-03
-3.09700E-06,6.987E-03
-3.09650E-06,6.987E-03
-3.09600E-06,6.987E-03
-3.09550E-06,6.987E-03
-3.09500E-06,6.987E-03
-3.09450E-06,6.987E-03
-3.09400E-06,6.987E-03
-3.09350E-06,7.387E-03
-3.09300E-06,7.387E-03
-3.09250E-06,7.387E-03
-3.09200E-06,7.787E-03
-3.09150E-06,7.787E-03
-3.09100E-06,7.787E-03
-3.09050E-06,7.387E-03
-3.09000E-06,7.787E-03
-3.08950E-06,7.787E-03
-3.08900E-06,7.387E-03
-3.08850E-06,7.787E-03
-3.08800E-06,7.787E-03
-3.08750E-06,7.787E-03
-3.08700E-06,7.787E-03
-3.08650E-06,7.787E-03
-3.08600E-06,7.787E-03
-3.08550E-06,8.187E-03
-3.08500E-06,8.187E-03
-3.08450E-06,7.787E-03
-3.08400E-06,8.187E-03
-3.08350E-06,7.787E-03
-3.08300E-06,8.187E-03
-3.08250E-06,8.587E-03
-3.08200E-06,8.587E-03
-3.08150E-06,8.587E-03
-3.08100E-06,8.587E-03
-3.08050E-06,8.587E-03
-3.08000E-06,8.587E-03
-3.07950E-06,8.187E-03
-3.07900E-06,8.187E-03
-3.07850E-06,8.587E-03
-3.07800E-06,8.187E-03
-3.07750E-06,8.187E-03
-3.07700E-06,8.187E-03
-3.07650E-06,8.187E-03
-3.07600E-06,8.187E-03
-3.07550E-06,8.187E-03
-3.07500E-06,8.187E-03
-3.07450E-06,8.587E-03
-3.07400E-06,8.587E-03
-3.07350E-06,8.587E-03
-3.07300E-06,8.587E-03
-3.07250E-06,8.587E-03
-3.07200E-06,8.587E-03
-3.07150E-06,8.587E-03
-3.07100E-06,8.987E-03
-3.07050E-06,8.987E-03
-3.07000E-06,8.987E-03
-3.06950E-06,8.987E-03
-3.06900E-06,8.987E-03
-3.06850E-06,9.387E-03
-3.06800E-06,9.387E-03
-3.06750E-06,8.987E-03
-3.06700E-06,8.987E-03
-3.06650E-06,9.387E-03
-3.06600E-06,9.387E-03
-3.06550E-06,9.387E-03
-3.06500E-06,9.787E-03
-3.06450E-06,9.787E-03
-3.06400E-06,9.387E-03
-3.06350E-06,9.787E-03
-3.06300E-06,9.387E-03
-3.06250E-06,9.387E-03
-3.06200E-06,9.387E-03
-3.06150E-06,9.387E-03
-3.06100E-06,9.387E-03
-3.06050E-06,9.387E-03
-3.06000E-06,9.787E-03
-3.05950E-06,9.387E-03
-3.05900E-06,1.019E-02
-3.05850E-06,1.019E-02
-3.05800E-06,1.019E-02
-3.05750E-06,1.059E-02
-3.05700E-06,9.787E-03
-3.05650E-06,1.019E-02
-3.05600E-06,9.787E-03
-3.05550E-06,9.787E-03
-3.05500E-06,9.787E-03
-3.05450E-06,9.787E-03
-3.05400E-06,9.787E-03
-3.05350E-06,1.019E-02
-3.05300E-06,1.019E-02
-3.05250E-06,1.019E-02
-3.05200E-06,1.019E-02
-3.05150E-06,1.059E-02
-3.05100E-06,1.019E-02
-3.05050E-06,1.059E-02
-3.05000E-06,1.019E-02
-3.04950E-06,1.059E-02
-3.04900E-06,1.059E-02
-3.04850E-06,1.059E-02
-3.04800E-06,1.059E-02
-3.04750E-06,1.059E-02
-3.04700E-06,1.059E-02
-3.04650E-06,1.099E-02
-3.04600E-06,1.059E-02
-3.04550E-06,1.059E-02
-3.04500E-06,1.059E-02
-3.04450E-06,1.059E-02
-3.04400E-06,1.059E-02
-3.04350E-06,1.099E-02
-3.04300E-06,1.099E-02
-3.04250E-06,1.099E-02
-3.04200E-06,1.099E-02
-3.04150E-06,1.099E-02
-3.04100E-06,1.099E-02
-3.04050E-06,1.099E-02
-3.04000E-06,1.139E-02
-3.03950E-06,1.099E-02
-3.03900E-06,1.099E-02
-3.03850E-06,1.099E-02
-3.03800E-06,1.099E-02
-3.03750E-06,1.099E-02
-3.03700E-06,1.059E-02
-3.03650E-06,1.099E-02
-3.03600E-06,1.099E-02
-3.03550E-06,1.099E-02
-3.03500E-06,1.099E-02
-3.03450E-06,1.099E-02
-3.03400E-06,1.099E-02
-3.03350E-06,1.099E-02
-3.03300E-06,1.099E-02
-3.03250E-06,1.139E-02
-3.03200E-06,1.099E-02
-3.03150E-06,1.139E-02
-3.03100E-06,1.139E-02
-3.03050E-06,1.139E-02
-3.03000E-06,1.139E-02
-3.02950E-06,1.139E-02
-3.02900E-06,1.179E-02
-3.02850E-06,1.179E-02
-3.02800E-06,1.179E-02
-3.02750E-06,1.139E-02
-3.02700E-06,1.139E-02
-3.02650E-06,1.179E-02
-3.02600E-06,1.179E-02
-3.02550E-06,1.179E-02
-3.02500E-06,1.179E-02
-3.02450E-06,1.219E-02
-3.02400E-06,1.179E-02
-3.02350E-06,1.219E-02
-3.02300E-06,1.219E-02
-3.02250E-06,1.219E-02
-3.02200E-06,1.219E-02
-3.02150E-06,1.219E-02
-3.02100E-06,1.179E-02
-3.02050E-06,1.219E-02
-3.02000E-06,1.219E-02
-3.01950E-06,1.219E-02
-3.01900E-06,1.219E-02
-3.01850E-06,1.219E-02
-3.01800E-06,1.219E-02
-3.01750E-06,1.259E-02
-3.01700E-06,1.219E-02
-3.01650E-06,1.259E-02
-3.01600E-06,1.219E-02
-3.01550E-06,1.259E-02
-3.01500E-06,1.219E-02
-3.01450E-06,1.259E-02
-3.01400E-06,1.259E-02
-3.01350E-06,1.259E-02
-3.01300E-06,1.259E-02
-3.01250E-06,1.299E-02
-3.01200E-06,1.299E-02
-3.01150E-06,1.259E-02
-3.01100E-06,1.259E-02
-3.01050E-06,1.259E-02
-3.01000E-06,1.219E-02
-3.00950E-06,1.259E-02
-3.00900E-06,1.219E-02
-3.00850E-06,1.259E-02
-3.00800E-06,1.219E-02
-3.00750E-06,1.259E-02
-3.00700E-06,1.259E-02
-3.00650E-06,1.299E-02
-3.00600E-06,1.299E-02
-3.00550E-06,1.339E-02
-3.00500E-06,1.299E-02
-3.00450E-06,1.299E-02
-3.00400E-06,1.259E-02
-3.00350E-06,1.259E-02
-3.00300E-06,1.259E-02
-3.00250E-06,1.299E-02
-3.00200E-06,1.259E-02
-3.00150E-06,1.259E-02
-3.00100E-06,1.259E-02
-3.00050E-06,1.299E-02
-3.00000E-06,1.299E-02
-2.99950E-06,1.299E-02
-2.99900E-06,1.299E-02
-2.99850E-06,1.299E-02
-2.99800E-06,1.299E-02
-2.99750E-06,1.339E-02
-2.99700E-06,1.339E-02
-2.99650E-06,1.339E-02
-2.99600E-06,1.299E-02
-2.99550E-06,1.339E-02
-2.99500E-06,1.299E-02
-2.99450E-06,1.299E-02
-2.99400E-06,1.299E-02
-2.99350E-06,1.299E-02
-2.99300E-06,1.339E-02
-2.99250E-06,1.339E-02
-2.99200E-06,1.339E-02
-2.99150E-06,1.339E-02
-2.99100E-06,1.339E-02
-2.99050E-06,1.379E-02
-2.99000E-06,1.339E-02
-2.98950E-06,1.379E-02
-2.98900E-06,1.379E-02
-2.98850E-06,1.419E-02
-2.98800E-06,1.379E-02
-2.98750E-06,1.419E-02
-2.98700E-06,1.379E-02
-2.98650E-06,1.419E-02
-2.98600E-06,1.419E-02
-2.98550E-06,1.419E-02
-2.98500E-06,1.419E-02
-2.98450E-06,1.419E-02
-2.98400E-06,1.419E-02
-2.98350E-06,1.419E-02
-2.98300E-06,1.419E-02
-2.98250E-06,1.419E-02
-2.98200E-06,1.419E-02
-2.98150E-06,1.419E-02
-2.98100E-06,1.379E-02
-2.98050E-06,1.419E-02
-2.98000E-06,1.419E-02
-2.97950E-06,1.419E-02
-2.97900E-06,1.419E-02
-2.97850E-06,1.419E-02
-2.97800E-06,1.419E-02
-2.97750E-06,1.379E-02
-2.97700E-06,1.419E-02
-2.97650E-06,1.419E-02
-2.97600E-06,1.419E-02
-2.97550E-06,1.419E-02
-2.97500E-06,1.419E-02
-2.97450E-06,1.459E-02
-2.97400E-06,1.459E-02
-2.97350E-06,1.459E-02
-2.97300E-06,1.459E-02
-2.97250E-06,1.459E-02
-2.97200E-06,1.459E-02
-2.97150E-06,1.499E-02
-2.97100E-06,1.459E-02
-2.97050E-06,1.499E-02
-2.97000E-06,1.459E-02
-2.96950E-06,1.499E-02
-2.96900E-06,1.459E-02
-2.96850E-06,1.459E-02
-2.96800E-06,1.459E-02
-2.96750E-06,1.499E-02
-2.96700E-06,1.459E-02
-2.96650E-06,1.459E-02
-2.96600E-06,1.459E-02
-2.96550E-06,1.459E-02
-2.96500E-06,1.459E-02
-2.96450E-06,1.499E-02
-2.96400E-06,1.459E-02
-2.96350E-06,1.499E-02
-2.96300E-06,1.459E-02
-2.96250E-06,1.459E-02
-2.96200E-06,1.459E-02
-2.96150E-06,1.459E-02
-2.96100E-06,1.459E-02
-2.96050E-06,1.499E-02
-2.96000E-06,1.459E-02
-2.95950E-06,1.539E-02
-2.95900E-06,1.539E-02
-2.95850E-06,1.539E-02
-2.95800E-06,1.499E-02
-2.95750E-06,1.539E-02
-2.95700E-06,1.499E-02
-2.95650E-06,1.499E-02
-2.95600E-06,1.499E-02
-2.95550E-06,1.499E-02
-2.95500E-06,1.499E-02
-2.95450E-06,1.499E-02
-2.95400E-06,1.499E-02
-2.95350E-06,1.579E-02
-2.95300E-06,1.539E-02
-2.95250E-06,1.579E-02
-2.95200E-06,1.499E-02
-2.95150E-06,1.499E-02
-2.95100E-06,1.499E-02
-2.95050E-06,1.539E-02
-2.95000E-06,1.499E-02
-2.94950E-06,1.539E-02
-2.94900E-06,1.539E-02
-2.94850E-06,1.539E-02
-2.94800E-06,1.579E-02
-2.94750E-06,1.539E-02
-2.94700E-06,1.539E-02
-2.94650E-06,1.579E-02
-2.94600E-06,1.579E-02
-2.94550E-06,1.539E-02
-2.94500E-06,1.579E-02
-2.94450E-06,1.579E-02
-2.94400E-06,1.579E-02
-2.94350E-06,1.579E-02
-2.94300E-06,1.579E-02
-2.94250E-06,1.579E-02
-2.94200E-06,1.579E-02
-2.94150E-06,1.579E-02
-2.94100E-06,1.579E-02
-2.94050E-06,1.579E-02
-2.94000E-06,1.539E-02
-2.93950E-06,1.539E-02
-2.93900E-06,1.579E-02
-2.93850E-06,1.539E-02
-2.93800E-06,1.539E-02
-2.93750E-06,1.539E-02
-2.93700E-06,1.579E-02
-2.93650E-06,1.579E-02
-2.93600E-06,1.579E-02
-2.93550E-06,1.579E-02
-2.93500E-06,1.579E-02
-2.93450E-06,1.579E-02
-2.93400E-06,1.579E-02
-2.93350E-06,1.579E-02
-2.93300E-06,1.579E-02
-2.93250E-06,1.579E-02
-2.93200E-06,1.579E-02
-2.93150E-06,1.619E-02
-2.93100E-06,1.579E-02
-2.93050E-06,1.579E-02
-2.93000E-06,1.579E-02
-2.92950E-06,1.619E-02
-2.92900E-06,1.579E-02
-2.92850E-06,1.619E-02
-2.92800E-06,1.579E-02
-2.92750E-06,1.579E-02
-2.92700E-06,1.579E-02
-2.92650E-06,1.619E-02
-2.92600E-06,1.619E-02
-2.92550E-06,1.619E-02
-2.92500E-06,1.619E-02
-2.92450E-06,1.619E-02
-2.92400E-06,1.619E-02
-2.92350E-06,1.619E-02
-2.92300E-06,1.619E-02
-2.92250E-06,1.659E-02
-2.92200E-06,1.619E-02
-2.92150E-06,1.659E-02
-2.92100E-06,1.619E-02
-2.92050E-06,1.699E-02
-2.92000E-06,1.659E-02
-2.91950E-06,1.659E-02
-2.91900E-06,1.619E-02
-2.91850E-06,1.659E-02
-2.91800E-06,1.659E-02
-2.91750E-06,1.659E-02
-2.91700E-06,1.619E-02
-2.91650E-06,1.659E-02
-2.91600E-06,1.659E-02
-2.91550E-06,1.659E-02
-2.91500E-06,1.659E-02
-2.91450E-06,1.659E-02
-2.91400E-06,1.659E-02
-2.91350E-06,1.659E-02
-2.91300E-06,1.659E-02
-2.91250E-06,1.699E-02
-2.91200E-06,1.699E-02
-2.91150E-06,1.739E-02
-2.91100E-06,1.739E-02
-2.91050E-06,1.739E-02
-2.91000E-06,1.699E-02
-2.90950E-06,1.659E-02
-2.90900E-06,1.659E-02
-2.90850E-06,1.659E-02
-2.90800E-06,1.659E-02
-2.90750E-06,1.699E-02
-2.90700E-06,1.699E-02
-2.90650E-06,1.699E-02
-2.90600E-06,1.739E-02
-2.90550E-06,1.739E-02
-2.90500E-06,1.699E-02
-2.90450E-06,1.699E-02
-2.90400E-06,1.699E-02
-2.90350E-06,1.699E-02
-2.90300E-06,1.659E-02
-2.90250E-06,1.659E-02
-2.90200E-06,1.659E-02
-2.90150E-06,1.699E-02
-2.90100E-06,1.659E-02
-2.90050E-06,1.659E-02
-2.90000E-06,1.699E-02
-2.89950E-06,1.699E-02
-2.89900E-06,1.699E-02
-2.89850E-06,1.699E-02
-2.89800E-06,1.699E-02
-2.89750E-06,1.659E-02
-2.89700E-06,1.699E-02
-2.89650E-06,1.699E-02
-2.89600E-06,1.699E-02
-2.89550E-06,1.699E-02
-2.89500E-06,1.699E-02
-2.89450E-06,1.699E-02
-2.89400E-06,1.699E-02
-2.89350E-06,1.699E-02
-2.89300E-06,1.659E-02
-2.89250E-06,1.699E-02
-2.89200E-06,1.699E-02
-2.89150E-06,1.699E-02
-2.89100E-06,1.699E-02
-2.89050E-06,1.699E-02
-2.89000E-06,1.699E-02
-2.88950E-06,1.699E-02
-2.88900E-06,1.739E-02
-2.88850E-06,1.739E-02
-2.88800E-06,1.699E-02
-2.88750E-06,1.699E-02
-2.88700E-06,1.699E-02
-2.88650E-06,1.739E-02
-2.88600E-06,1.699E-02
-2.88550E-06,1.739E-02
-2.88500E-06,1.699E-02
-2.88450E-06,1.699E-02
-2.88400E-06,1.739E-02
-2.88350E-06,1.739E-02
-2.88300E-06,1.699E-02
-2.88250E-06,1.739E-02
-2.88200E-06,1.699E-02
-2.88150E-06,1.739E-02
-2.88100E-06,1.739E-02
-2.88050E-06,1.739E-02
-2.88000E-06,1.739E-02
-2.87950E-06,1.739E-02
-2.87900E-06,1.739E-02
-2.87850E-06,1.739E-02
-2.87800E-06,1.739E-02
-2.87750E-06,1.739E-02
-2.87700E-06,1.739E-02
-2.87650E-06,1.779E-02
-2.87600E-06,1.739E-02
-2.87550E-06,1.739E-02
-2.87500E-06,1.739E-02
-2.87450E-06,1.779E-02
-2.87400E-06,1.779E-02
-2.87350E-06,1.739E-02
-2.87300E-06,1.739E-02
-2.87250E-06,1.739E-02
-2.87200E-06,1.739E-02
-2.87150E-06,1.739E-02
-2.87100E-06,1.739E-02
-2.87050E-06,1.779E-02
-2.87000E-06,1.739E-02
-2.86950E-06,1.779E-02
-2.86900E-06,1.739E-02
-2.86850E-06,1.779E-02
-2.86800E-06,1.739E-02
-2.86750E-06,1.779E-02
-2.86700E-06,1.779E-02
-2.86650E-06,1.779E-02
-2.86600E-06,1.819E-02
-2.86550E-06,1.819E-02
-2.86500E-06,1.819E-02
-2.86450E-06,1.819E-02
-2.86400E-06,1.819E-02
-2.86350E-06,1.819E-02
-2.86300E-06,1.779E-02
-2.86250E-06,1.779E-02
-2.86200E-06,1.779E-02
-2.86150E-06,1.739E-02
-2.86100E-06,1.739E-02
-2.86050E-06,1.739E-02
-2.86000E-06,1.739E-02
-2.85950E-06,1.739E-02
-2.85900E-06,1.779E-02
-2.85850E-06,1.819E-02
-2.85800E-06,1.779E-02
-2.85750E-06,1.779E-02
-2.85700E-06,1.779E-02
-2.85650E-06,1.779E-02
-2.85600E-06,1.779E-02
-2.85550E-06,1.779E-02
-2.85500E-06,1.779E-02
-2.85450E-06,1.739E-02
-2.85400E-06,1.779E-02
-2.85350E-06,1.779E-02
-2.85300E-06,1.779E-02
-2.85250E-06,1.779E-02
-2.85200E-06,1.819E-02
-2.85150E-06,1.779E-02
-2.85100E-06,1.779E-02
-2.85050E-06,1.779E-02
-2.85000E-06,1.779E-02
-2.84950E-06,1.779E-02
-2.84900E-06,1.779E-02
-2.84850E-06,1.779E-02
-2.84800E-06,1.739E-02
-2.84750E-06,1.779E-02
-2.84700E-06,1.779E-02
-2.84650E-06,1.779E-02
-2.84600E-06,1.739E-02
-2.84550E-06,1.739E-02
-2.84500E-06,1.739E-02
-2.84450E-06,1.739E-02
-2.84400E-06,1.739E-02
-2.84350E-06,1.739E-02
-2.84300E-06,1.779E-02
-2.84250E-06,1.779E-02
-2.84200E-06,1.779E-02
-2.84150E-06,1.779E-02
-2.84100E-06,1.779E-02
-2.84050E-06,1.779E-02
-2.84000E-06,1.779E-02
-2.83950E-06,1.779E-02
-2.83900E-06,1.779E-02
-2.83850E-06,1.819E-02
-2.83800E-06,1.779E-02
-2.83750E-06,1.819E-02
-2.83700E-06,1.819E-02
-2.83650E-06,1.779E-02
-2.83600E-06,1.779E-02
-2.83550E-06,1.779E-02
-2.83500E-06,1.739E-02
-2.83450E-06,1.779E-02
-2.83400E-06,1.779E-02
-2.83350E-06,1.779E-02
-2.83300E-06,1.779E-02
-2.83250E-06,1.779E-02
-2.83200E-06,1.819E-02
-2.83150E-06,1.819E-02
-2.83100E-06,1.819E-02
-2.83050E-06,1.819E-02
-2.83000E-06,1.779E-02
-2.82950E-06,1.819E-02
-2.82900E-06,1.819E-02
-2.82850E-06,1.819E-02
-2.82800E-06,1.779E-02
-2.82750E-06,1.779E-02
-2.82700E-06,1.819E-02
-2.82650E-06,1.819E-02
-2.82600E-06,1.819E-02
-2.82550E-06,1.859E-02
-2.82500E-06,1.819E-02
-2.82450E-06,1.819E-02
-2.82400E-06,1.819E-02
-2.82350E-06,1.819E-02
-2.82300E-06,1.819E-02
-2.82250E-06,1.819E-02
-2.82200E-06,1.819E-02
-2.82150E-06,1.819E-02
-2.82100E-06,1.779E-02
-2.82050E-06,1.819E-02
-2.82000E-06,1.779E-02
-2.81950E-06,1.779E-02
-2.81900E-06,1.779E-02
-2.81850E-06,1.819E-02
-2.81800E-06,1.779E-02
-2.81750E-06,1.779E-02
-2.81700E-06,1.779E-02
-2.81650E-06,1.779E-02
-2.81600E-06,1.779E-02
-2.81550E-06,1.779E-02
-2.81500E-06,1.739E-02
-2.81450E-06,1.779E-02
-2.81400E-06,1.779E-02
-2.81350E-06,1.779E-02
-2.81300E-06,1.779E-02
-2.81250E-06,1.819E-02
-2.81200E-06,1.819E-02
-2.81150E-06,1.819E-02
-2.81100E-06,1.819E-02
-2.81050E-06,1.819E-02
-2.81000E-06,1.779E-02
-2.80950E-06,1.779E-02
-2.80900E-06,1.739E-02
-2.80850E-06,1.779E-02
-2.80800E-06,1.779E-02
-2.80750E-06,1.779E-02
-2.80700E-06,1.779E-02
-2.80650E-06,1.779E-02
-2.80600E-06,1.779E-02
-2.80550E-06,1.819E-02
-2.80500E-06,1.819E-02
-2.80450E-06,1.819E-02
-2.80400E-06,1.779E-02
-2.80350E-06,1.779E-02
-2.80300E-06,1.779E-02
-2.80250E-06,1.779E-02
-2.80200E-06,1.779E-02
-2.80150E-06,1.779E-02
-2.80100E-06,1.779E-02
-2.80050E-06,1.779E-02
-2.80000E-06,1.779E-02
-2.79950E-06,1.819E-02
-2.79900E-06,1.819E-02
-2.79850E-06,1.819E-02
-2.79800E-06,1.819E-02
-2.79750E-06,1.819E-02
-2.79700E-06,1.779E-02
-2.79650E-06,1.819E-02
-2.79600E-06,1.779E-02
-2.79550E-06,1.779E-02
-2.79500E-06,1.779E-02
-2.79450E-06,1.779E-02
-2.79400E-06,1.779E-02
-2.79350E-06,1.819E-02
-2.79300E-06,1.779E-02
-2.79250E-06,1.819E-02
-2.79200E-06,1.779E-02
-2.79150E-06,1.819E-02
-2.79100E-06,1.819E-02
-2.79050E-06,1.779E-02
-2.79000E-06,1.779E-02
-2.78950E-06,1.819E-02
-2.78900E-06,1.779E-02
-2.78850E-06,1.779E-02
-2.78800E-06,1.779E-02
-2.78750E-06,1.819E-02
-2.78700E-06,1.779E-02
-2.78650E-06,1.819E-02
-2.78600E-06,1.779E-02
-2.78550E-06,1.779E-02
-2.78500E-06,1.779E-02
-2.78450E-06,1.779E-02
-2.78400E-06,1.779E-02
-2.78350E-06,1.779E-02
-2.78300E-06,1.779E-02
-2.78250E-06,1.779E-02
-2.78200E-06,1.739E-02
-2.78150E-06,1.779E-02
-2.78100E-06,1.739E-02
-2.78050E-06,1.779E-02
-2.78000E-06,1.739E-02
-2.77950E-06,1.779E-02
-2.77900E-06,1.779E-02
-2.77850E-06,1.779E-02
-2.77800E-06,1.779E-02
-2.77750E-06,1.779E-02
-2.77700E-06,1.779E-02
-2.77650E-06,1.779E-02
-2.77600E-06,1.779E-02
-2.77550E-06,1.819E-02
-2.77500E-06,1.819E-02
-2.77450E-06,1.819E-02
-2.77400E-06,1.819E-02
-2.77350E-06,1.819E-02
-2.77300E-06,1.779E-02
-2.77250E-06,1.819E-02
-2.77200E-06,1.779E-02
-2.77150E-06,1.819E-02
-2.77100E-06,1.779E-02
-2.77050E-06,1.779E-02
-2.77000E-06,1.779E-02
-2.76950E-06,1.779E-02
-2.76900E-06,1.779E-02
-2.76850E-06,1.779E-02
-2.76800E-06,1.739E-02
-2.76750E-06,1.779E-02
-2.76700E-06,1.779E-02
-2.76650E-06,1.739E-02
-2.76600E-06,1.739E-02
-2.76550E-06,1.739E-02
-2.76500E-06,1.739E-02
-2.76450E-06,1.779E-02
-2.76400E-06,1.739E-02
-2.76350E-06,1.739E-02
-2.76300E-06,1.699E-02
-2.76250E-06,1.739E-02
-2.76200E-06,1.739E-02
-2.76150E-06,1.739E-02
-2.76100E-06,1.739E-02
-2.76050E-06,1.739E-02
-2.76000E-06,1.739E-02
-2.75950E-06,1.779E-02
-2.75900E-06,1.739E-02
-2.75850E-06,1.779E-02
-2.75800E-06,1.779E-02
-2.75750E-06,1.779E-02
-2.75700E-06,1.779E-02
-2.75650E-06,1.739E-02
-2.75600E-06,1.739E-02
-2.75550E-06,1.739E-02
-2.75500E-06,1.699E-02
-2.75450E-06,1.739E-02
-2.75400E-06,1.739E-02
-2.75350E-06,1.739E-02
-2.75300E-06,1.739E-02
-2.75250E-06,1.739E-02
-2.75200E-06,1.779E-02
-2.75150E-06,1.739E-02
-2.75100E-06,1.739E-02
-2.75050E-06,1.739E-02
-2.75000E-06,1.739E-02
-2.74950E-06,1.739E-02
-2.74900E-06,1.699E-02
-2.74850E-06,1.739E-02
-2.74800E-06,1.739E-02
-2.74750E-06,1.739E-02
-2.74700E-06,1.739E-02
-2.74650E-06,1.699E-02
-2.74600E-06,1.739E-02
-2.74550E-06,1.699E-02
-2.74500E-06,1.699E-02
-2.74450E-06,1.699E-02
-2.74400E-06,1.699E-02
-2.74350E-06,1.699E-02
-2.74300E-06,1.699E-02
-2.74250E-06,1.739E-02
-2.74200E-06,1.699E-02
-2.74150E-06,1.739E-02
-2.74100E-06,1.699E-02
-2.74050E-06,1.699E-02
-2.74000E-06,1.699E-02
-2.73950E-06,1.699E-02
-2.73900E-06,1.699E-02
-2.73850E-06,1.699E-02
-2.73800E-06,1.699E-02
-2.73750E-06,1.699E-02
-2.73700E-06,1.699E-02
-2.73650E-06,1.739E-02
-2.73600E-06,1.699E-02
-2.73550E-06,1.699E-02
-2.73500E-06,1.699E-02
-2.73450E-06,1.699E-02
-2.73400E-06,1.699E-02
-2.73350E-06,1.699E-02
-2.73300E-06,1.699E-02
-2.73250E-06,1.699E-02
-2.73200E-06,1.659E-02
-2.73150E-06,1.659E-02
-2.73100E-06,1.659E-02
-2.73050E-06,1.659E-02
-2.73000E-06,1.659E-02
-2.72950E-06,1.659E-02
-2.72900E-06,1.659E-02
-2.72850E-06,1.659E-02
-2.72800E-06,1.659E-02
-2.72750E-06,1.659E-02
-2.72700E-06,1.659E-02
-2.72650E-06,1.699E-02
-2.72600E-06,1.659E-02
-2.72550E-06,1.699E-02
-2.72500E-06,1.699E-02
-2.72450E-06,1.699E-02
-2.72400E-06,1.699E-02
-2.72350E-06,1.699E-02
-2.72300E-06,1.659E-02
-2.72250E-06,1.699E-02
-2.72200E-06,1.619E-02
-2.72150E-06,1.659E-02
-2.72100E-06,1.619E-02
-2.72050E-06,1.619E-02
-2.72000E-06,1.659E-02
-2.71950E-06,1.659E-02
-2.71900E-06,1.659E-02
-2.71850E-06,1.659E-02
-2.71800E-06,1.659E-02
-2.71750E-06,1.659E-02
-2.71700E-06,1.659E-02
-2.71650E-06,1.699E-02
-2.71600E-06,1.619E-02
-2.71550E-06,1.659E-02
-2.71500E-06,1.619E-02
-2.71450E-06,1.659E-02
-2.71400E-06,1.619E-02
-2.71350E-06,1.659E-02
-2.71300E-06,1.619E-02
-2.71250E-06,1.699E-02
-2.71200E-06,1.699E-02
-2.71150E-06,1.659E-02
-2.71100E-06,1.659E-02
-2.71050E-06,1.659E-02
-2.71000E-06,1.619E-02
-2.70950E-06,1.659E-02
-2.70900E-06,1.619E-02
-2.70850E-06,1.619E-02
-2.70800E-06,1.579E-02
-2.70750E-06,1.619E-02
-2.70700E-06,1.579E-02
-2.70650E-06,1.579E-02
-2.70600E-06,1.579E-02
-2.70550E-06,1.619E-02
-2.70500E-06,1.579E-02
-2.70450E-06,1.579E-02
-2.70400E-06,1.539E-02
-2.70350E-06,1.579E-02
-2.70300E-06,1.579E-02
-2.70250E-06,1.579E-02
-2.70200E-06,1.579E-02
-2.70150E-06,1.539E-02
-2.70100E-06,1.539E-02
-2.70050E-06,1.539E-02
-2.70000E-06,1.579E-02
-2.69950E-06,1.579E-02
-2.69900E-06,1.579E-02
-2.69850E-06,1.579E-02
-2.69800E-06,1.579E-02
-2.69750E-06,1.579E-02
-2.69700E-06,1.539E-02
-2.69650E-06,1.579E-02
-2.69600E-06,1.579E-02
-2.69550E-06,1.579E-02
-2.69500E-06,1.579E-02
-2.69450E-06,1.579E-02
-2.69400E-06,1.539E-02
-2.69350E-06,1.539E-02
-2.69300E-06,1.539E-02
-2.69250E-06,1.579E-02
-2.69200E-06,1.539E-02
-2.69150E-06,1.579E-02
-2.69100E-06,1.579E-02
-2.69050E-06,1.619E-02
-2.69000E-06,1.579E-02
-2.68950E-06,1.579E-02
-2.68900E-06,1.579E-02
-2.68850E-06,1.579E-02
-2.68800E-06,1.539E-02
-2.68750E-06,1.579E-02
-2.68700E-06,1.579E-02
-2.68650E-06,1.579E-02
-2.68600E-06,1.579E-02
-2.68550E-06,1.539E-02
-2.68500E-06,1.539E-02
-2.68450E-06,1.539E-02
-2.68400E-06,1.499E-02
-2.68350E-06,1.499E-02
-2.68300E-06,1.499E-02
-2.68250E-06,1.539E-02
-2.68200E-06,1.499E-02
-2.68150E-06,1.539E-02
-2.68100E-06,1.499E-02
-2.68050E-06,1.539E-02
-2.68000E-06,1.499E-02
-2.67950E-06,1.539E-02
-2.67900E-06,1.499E-02
-2.67850E-06,1.539E-02
-2.67800E-06,1.499E-02
-2.67750E-06,1.539E-02
-2.67700E-06,1.499E-02
-2.67650E-06,1.539E-02
-2.67600E-06,1.499E-02
-2.67550E-06,1.539E-02
-2.67500E-06,1.499E-02
-2.67450E-06,1.499E-02
-2.67400E-06,1.499E-02
-2.67350E-06,1.539E-02
-2.67300E-06,1.499E-02
-2.67250E-06,1.499E-02
-2.67200E-06,1.499E-02
-2.67150E-06,1.499E-02
-2.67100E-06,1.459E-02
-2.67050E-06,1.499E-02
-2.67000E-06,1.459E-02
-2.66950E-06,1.459E-02
-2.66900E-06,1.419E-02
-2.66850E-06,1.419E-02
-2.66800E-06,1.459E-02
-2.66750E-06,1.459E-02
-2.66700E-06,1.459E-02
-2.66650E-06,1.459E-02
-2.66600E-06,1.459E-02
-2.66550E-06,1.499E-02
-2.66500E-06,1.459E-02
-2.66450E-06,1.499E-02
-2.66400E-06,1.459E-02
-2.66350E-06,1.459E-02
-2.66300E-06,1.419E-02
-2.66250E-06,1.419E-02
-2.66200E-06,1.419E-02
-2.66150E-06,1.419E-02
-2.66100E-06,1.379E-02
-2.66050E-06,1.459E-02
-2.66000E-06,1.419E-02
-2.65950E-06,1.419E-02
-2.65900E-06,1.419E-02
-2.65850E-06,1.459E-02
-2.65800E-06,1.419E-02
-2.65750E-06,1.459E-02
-2.65700E-06,1.419E-02
-2.65650E-06,1.419E-02
-2.65600E-06,1.419E-02
-2.65550E-06,1.419E-02
-2.65500E-06,1.459E-02
-2.65450E-06,1.419E-02
-2.65400E-06,1.419E-02
-2.65350E-06,1.419E-02
-2.65300E-06,1.419E-02
-2.65250E-06,1.419E-02
-2.65200E-06,1.379E-02
-2.65150E-06,1.419E-02
-2.65100E-06,1.379E-02
-2.65050E-06,1.379E-02
-2.65000E-06,1.379E-02
-2.64950E-06,1.419E-02
-2.64900E-06,1.379E-02
-2.64850E-06,1.379E-02
-2.64800E-06,1.379E-02
-2.64750E-06,1.419E-02
-2.64700E-06,1.379E-02
-2.64650E-06,1.419E-02
-2.64600E-06,1.379E-02
-2.64550E-06,1.419E-02
-2.64500E-06,1.379E-02
-2.64450E-06,1.379E-02
-2.64400E-06,1.339E-02
-2.64350E-06,1.379E-02
-2.64300E-06,1.339E-02
-2.64250E-06,1.339E-02
-2.64200E-06,1.339E-02
-2.64150E-06,1.339E-02
-2.64100E-06,1.339E-02
-2.64050E-06,1.339E-02
-2.64000E-06,1.339E-02
-2.63950E-06,1.379E-02
-2.63900E-06,1.339E-02
-2.63850E-06,1.339E-02
-2.63800E-06,1.299E-02
-2.63750E-06,1.339E-02
-2.63700E-06,1.259E-02
-2.63650E-06,1.299E-02
-2.63600E-06,1.259E-02
-2.63550E-06,1.299E-02
-2.63500E-06,1.259E-02
-2.63450E-06,1.299E-02
-2.63400E-06,1.299E-02
-2.63350E-06,1.299E-02
-2.63300E-06,1.259E-02
-2.63250E-06,1.299E-02
-2.63200E-06,1.259E-02
-2.63150E-06,1.299E-02
-2.63100E-06,1.259E-02
-2.63050E-06,1.299E-02
-2.63000E-06,1.299E-02
-2.62950E-06,1.299E-02
-2.62900E-06,1.259E-02
-2.62850E-06,1.259E-02
-2.62800E-06,1.259E-02
-2.62750E-06,1.299E-02
-2.62700E-06,1.259E-02
-2.62650E-06,1.259E-02
-2.62600E-06,1.259E-02
-2.62550E-06,1.259E-02
-2.62500E-06,1.259E-02
-2.62450E-06,1.259E-02
-2.62400E-06,1.219E-02
-2.62350E-06,1.259E-02
-2.62300E-06,1.259E-02
-2.62250E-06,1.259E-02
-2.62200E-06,1.219E-02
-2.62150E-06,1.219E-02
-2.62100E-06,1.219E-02
-2.62050E-06,1.219E-02
-2.62000E-06,1.219E-02
-2.61950E-06,1.219E-02
-2.61900E-06,1.219E-02
-2.61850E-06,1.179E-02
-2.61800E-06,1.179E-02
-2.61750E-06,1.179E-02
-2.61700E-06,1.179E-02
-2.61650E-06,1.179E-02
-2.61600E-06,1.179E-02
-2.61550E-06,1.179E-02
-2.61500E-06,1.179E-02
-2.61450E-06,1.139E-02
-2.61400E-06,1.139E-02
-2.61350E-06,1.179E-02
-2.61300E-06,1.179E-02
-2.61250E-06,1.179E-02
-2.61200E-06,1.179E-02
-2.61150E-06,1.179E-02
-2.61100E-06,1.179E-02
-2.61050E-06,1.179E-02
-2.61000E-06,1.139E-02
-2.60950E-06,1.139E-02
-2.60900E-06,1.099E-02
-2.60850E-06,1.139E-02
-2.60800E-06,1.099E-02
-2.60750E-06,1.139E-02
-2.60700E-06,1.139E-02
-2.60650E-06,1.139E-02
-2.60600E-06,1.139E-02
-2.60550E-06,1.139E-02
-2.60500E-06,1.139E-02
-2.60450E-06,1.139E-02
-2.60400E-06,1.099E-02
-2.60350E-06,1.139E-02
-2.60300E-06,1.099E-02
-2.60250E-06,1.099E-02
-2.60200E-06,1.099E-02
-2.60150E-06,1.099E-02
-2.60100E-06,1.099E-02
-2.60050E-06,1.139E-02
-2.60000E-06,1.099E-02
-2.59950E-06,1.139E-02
-2.59900E-06,1.099E-02
-2.59850E-06,1.099E-02
-2.59800E-06,1.099E-02
-2.59750E-06,1.099E-02
-2.59700E-06,1.099E-02
-2.59650E-06,1.099E-02
-2.59600E-06,1.099E-02
-2.59550E-06,1.059E-02
-2.59500E-06,1.099E-02
-2.59450E-06,1.099E-02
-2.59400E-06,1.059E-02
-2.59350E-06,1.059E-02
-2.59300E-06,1.059E-02
-2.59250E-06,1.059E-02
-2.59200E-06,1.059E-02
-2.59150E-06,1.059E-02
-2.59100E-06,1.059E-02
-2.59050E-06,1.059E-02
-2.59000E-06,1.059E-02
-2.58950E-06,1.059E-02
-2.58900E-06,1.059E-02
-2.58850E-06,1.019E-02
-2.58800E-06,9.787E-03
-2.58750E-06,1.019E-02
-2.58700E-06,1.019E-02
-2.58650E-06,1.019E-02
-2.58600E-06,9.787E-03
-2.58550E-06,1.019E-02
-2.58500E-06,1.059E-02
-2.58450E-06,1.059E-02
-2.58400E-06,1.019E-02
-2.58350E-06,1.019E-02
-2.58300E-06,1.059E-02
-2.58250E-06,1.019E-02
-2.58200E-06,1.019E-02
-2.58150E-06,1.019E-02
-2.58100E-06,1.019E-02
-2.58050E-06,1.019E-02
-2.58000E-06,1.019E-02
-2.57950E-06,1.019E-02
-2.57900E-06,9.787E-03
-2.57850E-06,1.019E-02
-2.57800E-06,9.787E-03
-2.57750E-06,9.787E-03
-2.57700E-06,9.787E-03
-2.57650E-06,9.787E-03
-2.57600E-06,9.387E-03
-2.57550E-06,9.787E-03
-2.57500E-06,9.787E-03
-2.57450E-06,9.387E-03
-2.57400E-06,9.787E-03
-2.57350E-06,9.387E-03
-2.57300E-06,9.387E-03
-2.57250E-06,9.787E-03
-2.57200E-06,9.387E-03
-2.57150E-06,9.387E-03
-2.57100E-06,9.387E-03
-2.57050E-06,9.787E-03
-2.57000E-06,8.987E-03
-2.56950E-06,9.387E-03
-2.56900E-06,8.987E-03
-2.56850E-06,9.387E-03
-2.56800E-06,8.987E-03
-2.56750E-06,9.387E-03
-2.56700E-06,8.987E-03
-2.56650E-06,8.987E-03
-2.56600E-06,8.987E-03
-2.56550E-06,8.987E-03
-2.56500E-06,8.987E-03
-2.56450E-06,9.387E-03
-2.56400E-06,9.387E-03
-2.56350E-06,8.987E-03
-2.56300E-06,8.587E-03
-2.56250E-06,8.587E-03
-2.56200E-06,8.587E-03
-2.56150E-06,8.587E-03
-2.56100E-06,8.587E-03
-2.56050E-06,8.187E-03
-2.56000E-06,8.587E-03
-2.55950E-06,8.587E-03
-2.55900E-06,8.587E-03
-2.55850E-06,8.987E-03
-2.55800E-06,8.587E-03
-2.55750E-06,8.587E-03
-2.55700E-06,8.587E-03
-2.55650E-06,8.187E-03
-2.55600E-06,8.187E-03
-2.55550E-06,8.187E-03
-2.55500E-06,8.187E-03
-2.55450E-06,8.187E-03
-2.55400E-06,8.187E-03
-2.55350E-06,7.787E-03
-2.55300E-06,8.587E-03
-2.55250E-06,8.187E-03
-2.55200E-06,8.187E-03
-2.55150E-06,7.787E-03
-2.55100E-06,8.187E-03
-2.55050E-06,8.187E-03
-2.55000E-06,8.187E-03
-2.54950E-06,8.187E-03
-2.54900E-06,7.787E-03
-2.54850E-06,8.187E-03
-2.54800E-06,7.787E-03
-2.54750E-06,7.787E-03
-2.54700E-06,7.787E-03
-2.54650E-06,7.787E-03
-2.54600E-06,7.787E-03
-2.54550E-06,7.787E-03
-2.54500E-06,7.387E-03
-2.54450E-06,7.387E-03
-2.54400E-06,7.387E-03
-2.54350E-06,7.387E-03
-2.54300E-06,7.387E-03
-2.54250E-06,7.387E-03
-2.54200E-06,7.387E-03
-2.54150E-06,6.987E-03
-2.54100E-06,7.387E-03
-2.54050E-06,6.987E-03
-2.54000E-06,7.387E-03
-2.53950E-06,6.987E-03
-2.53900E-06,6.987E-03
-2.53850E-06,6.987E-03
-2.53800E-06,6.987E-03
-2.53750E-06,6.587E-03
-2.53700E-06,6.987E-03
-2.53650E-06,6.987E-03
-2.53600E-06,7.387E-03
-2.53550E-06,6.987E-03
-2.53500E-06,6.987E-03
-2.53450E-06,6.987E-03
-2.53400E-06,6.587E-03
-2.53350E-06,6.587E-03
-2.53300E-06,6.587E-03
-2.53250E-06,6.587E-03
-2.53200E-06,6.187E-03
-2.53150E-06,6.187E-03
-2.53100E-06,6.187E-03
-2.53050E-06,6.587E-03
-2.53000E-06,6.587E-03
-2.52950E-06,6.587E-03
-2.52900E-06,6.587E-03
-2.52850E-06,6.187E-03
-2.52800E-06,6.187E-03
-2.52750E-06,6.187E-03
-2.52700E-06,6.187E-03
-2.52650E-06,6.187E-03
-2.52600E-06,6.187E-03
-2.52550E-06,5.787E-03
-2.52500E-06,5.787E-03
-2.52450E-06,5.787E-03
-2.52400E-06,6.187E-03
-2.52350E-06,5.787E-03
-2.52300E-06,6.187E-03
-2.52250E-06,5.787E-03
-2.52200E-06,5.787E-03
-2.52150E-06,6.187E-03
-2.52100E-06,6.187E-03
-2.52050E-06,5.787E-03
-2.52000E-06,5.787E-03
-2.51950E-06,6.187E-03
-2.51900E-06,5.787E-03
-2.51850E-06,5.787E-03
-2.51800E-06,6.187E-03
-2.51750E-06,5.787E-03
-2.51700E-06,5.787E-03
-2.51650E-06,5.787E-03
-2.51600E-06,5.787E-03
-2.51550E-06,4.987E-03
-2.51500E-06,5.387E-03
-2.51450E-06,5.387E-03
-2.51400E-06,4.987E-03
-2.51350E-06,5.387E-03
-2.51300E-06,5.387E-03
-2.51250E-06,5.387E-03
-2.51200E-06,5.787E-03
-2.51150E-06,5.387E-03
-2.51100E-06,5.387E-03
-2.51050E-06,5.387E-03
-2.51000E-06,5.787E-03
-2.50950E-06,4.987E-03
-2.50900E-06,4.987E-03
-2.50850E-06,4.587E-03
-2.50800E-06,4.987E-03
-2.50750E-06,4.587E-03
-2.50700E-06,4.587E-03
-2.50650E-06,4.987E-03
-2.50600E-06,4.987E-03
-2.50550E-06,4.987E-03
-2.50500E-06,4.987E-03
-2.50450E-06,4.987E-03
-2.50400E-06,4.587E-03
-2.50350E-06,4.587E-03
-2.50300E-06,4.587E-03
-2.50250E-06,4.187E-03
-2.50200E-06,4.587E-03
-2.50150E-06,4.187E-03
-2.50100E-06,4.187E-03
-2.50050E-06,4.187E-03
-2.50000E-06,4.587E-03
-2.49950E-06,4.587E-03
-2.49900E-06,4.587E-03
-2.49850E-06,4.587E-03
-2.49800E-06,4.187E-03
-2.49750E-06,4.587E-03
-2.49700E-06,4.187E-03
-2.49650E-06,4.187E-03
-2.49600E-06,4.187E-03
-2.49550E-06,4.187E-03
-2.49500E-06,4.187E-03
-2.49450E-06,4.187E-03
-2.49400E-06,4.187E-03
-2.49350E-06,4.187E-03
-2.49300E-06,3.787E-03
-2.49250E-06,3.787E-03
-2.49200E-06,4.187E-03
-2.49150E-06,3.787E-03
-2.49100E-06,3.787E-03
-2.49050E-06,3.787E-03
-2.49000E-06,3.787E-03
-2.48950E-06,3.787E-03
-2.48900E-06,3.387E-03
-2.48850E-06,3.787E-03
-2.48800E-06,3.787E-03
-2.48750E-06,3.387E-03
-2.48700E-06,3.387E-03
-2.48650E-06,3.387E-03
-2.48600E-06,3.387E-03
-2.48550E-06,3.387E-03
-2.48500E-06,3.387E-03
-2.48450E-06,3.387E-03
-2.48400E-06,3.387E-03
-2.48350E-06,3.387E-03
-2.48300E-06,3.387E-03
-2.48250E-06,2.987E-03
-2.48200E-06,3.387E-03
-2.48150E-06,3.387E-03
-2.48100E-06,3.387E-03
-2.48050E-06,2.987E-03
-2.48000E-06,3.387E-03
-2.47950E-06,3.387E-03
-2.47900E-06,3.387E-03
-2.47850E-06,2.987E-03
-2.47800E-06,2.987E-03
-2.47750E-06,2.987E-03
-2.47700E-06,2.987E-03
-2.47650E-06,2.987E-03
-2.47600E-06,2.987E-03
-2.47550E-06,2.987E-03
-2.47500E-06,2.587E-03
-2.47450E-06,2.587E-03
-2.47400E-06,2.587E-03
-2.47350E-06,2.587E-03
-2.47300E-06,2.587E-03
-2.47250E-06,2.587E-03
-2.47200E-06,2.187E-03
-2.47150E-06,2.187E-03
-2.47100E-06,2.187E-03
-2.47050E-06,2.187E-03
-2.47000E-06,2.187E-03
-2.46950E-06,1.787E-03
-2.46900E-06,2.187E-03
-2.46850E-06,2.187E-03
-2.46800E-06,2.187E-03
-2.46750E-06,1.787E-03
-2.46700E-06,1.787E-03
-2.46650E-06,1.787E-03
-2.46600E-06,2.187E-03
-2.46550E-06,1.787E-03
-2.46500E-06,1.787E-03
-2.46450E-06,2.187E-03
-2.46400E-06,2.187E-03
-2.46350E-06,2.187E-03
-2.46300E-06,1.787E-03
-2.46250E-06,1.787E-03
-2.46200E-06,1.387E-03
-2.46150E-06,1.387E-03
-2.46100E-06,1.387E-03
-2.46050E-06,1.387E-03
-2.46000E-06,1.387E-03
-2.45950E-06,1.387E-03
-2.45900E-06,1.387E-03
-2.45850E-06,1.787E-03
-2.45800E-06,1.387E-03
-2.45750E-06,1.387E-03
-2.45700E-06,1.387E-03
-2.45650E-06,1.387E-03
-2.45600E-06,1.387E-03
-2.45550E-06,1.387E-03
-2.45500E-06,9.866E-04
-2.45450E-06,9.866E-04
-2.45400E-06,9.866E-04
-2.45350E-06,9.866E-04
-2.45300E-06,9.866E-04
-2.45250E-06,9.866E-04
-2.45200E-06,9.866E-04
-2.45150E-06,5.866E-04
-2.45100E-06,9.866E-04
-2.45050E-06,9.866E-04
-2.45000E-06,5.866E-04
-2.44950E-06,5.866E-04
-2.44900E-06,5.866E-04
-2.44850E-06,5.866E-04
-2.44800E-06,5.866E-04
-2.44750E-06,5.866E-04
-2.44700E-06,5.866E-04
-2.44650E-06,1.866E-04
-2.44600E-06,5.866E-04
-2.44550E-06,1.866E-04
-2.44500E-06,1.866E-04
-2.44450E-06,5.866E-04
-2.44400E-06,5.866E-04
-2.44350E-06,5.866E-04
-2.44300E-06,5.866E-04
-2.44250E-06,5.866E-04
-2.44200E-06,5.866E-04
-2.44150E-06,1.866E-04
-2.44100E-06,1.866E-04
-2.44050E-06,-2.134E-04
-2.44000E-06,-2.134E-04
-2.43950E-06,-2.134E-04
-2.43900E-06,-2.134E-04
-2.43850E-06,-2.134E-04
-2.43800E-06,-2.134E-04
-2.43750E-06,1.866E-04
-2.43700E-06,-2.134E-04
-2.43650E-06,1.866E-04
-2.43600E-06,-2.134E-04
-2.43550E-06,-2.134E-04
-2.43500E-06,-2.134E-04
-2.43450E-06,-2.134E-04
-2.43400E-06,-6.134E-04
-2.43350E-06,-6.134E-04
-2.43300E-06,-6.134E-04
-2.43250E-06,-6.134E-04
-2.43200E-06,-1.013E-03
-2.43150E-06,-1.013E-03
-2.43100E-06,-6.134E-04
-2.43050E-06,-1.013E-03
-2.43000E-06,-1.013E-03
-2.42950E-06,-6.134E-04
-2.42900E-06,-1.013E-03
-2.42850E-06,-6.134E-04
-2.42800E-06,-1.413E-03
-2.42750E-06,-1.013E-03
-2.42700E-06,-1.413E-03
-2.42650E-06,-1.413E-03
-2.42600E-06,-1.413E-03
-2.42550E-06,-1.413E-03
-2.42500E-06,-1.413E-03
-2.42450E-06,-1.413E-03
-2.42400E-06,-1.413E-03
-2.42350E-06,-1.413E-03
-2.42300E-06,-1.413E-03
-2.42250E-06,-1.013E-03
-2.42200E-06,-1.413E-03
-2.42150E-06,-1.413E-03
-2.42100E-06,-1.413E-03
-2.42050E-06,-1.413E-03
-2.42000E-06,-1.413E-03
-2.41950E-06,-1.413E-03
-2.41900E-06,-1.413E-03
-2.41850E-06,-1.413E-03
-2.41800E-06,-1.813E-03
-2.41750E-06,-1.413E-03
-2.41700E-06,-1.813E-03
-2.41650E-06,-1.813E-03
-2.41600E-06,-1.813E-03
-2.41550E-06,-1.813E-03
-2.41500E-06,-2.213E-03
-2.41450E-06,-2.213E-03
-2.41400E-06,-2.213E-03
-2.41350E-06,-2.213E-03
-2.41300E-06,-2.213E-03
-2.41250E-06,-2.213E-03
-2.41200E-06,-2.213E-03
-2.41150E-06,-2.213E-03
-2.41100E-06,-1.813E-03
-2.41050E-06,-2.213E-03
-2.41000E-06,-2.613E-03
-2.40950E-06,-3.013E-03
-2.40900E-06,-2.613E-03
-2.40850E-06,-2.613E-03
-2.40800E-06,-2.613E-03
-2.40750E-06,-2.613E-03
-2.40700E-06,-2.613E-03
-2.40650E-06,-2.613E-03
-2.40600E-06,-2.613E-03
-2.40550E-06,-2.613E-03
-2.40500E-06,-2.613E-03
-2.40450E-06,-3.013E-03
-2.40400E-06,-3.013E-03
-2.40350E-06,-3.413E-03
-2.40300E-06,-3.413E-03
-2.40250E-06,-3.413E-03
-2.40200E-06,-3.413E-03
-2.40150E-06,-3.413E-03
-2.40100E-06,-3.413E-03
-2.40050E-06,-3.413E-03
-2.40000E-06,-3.413E-03
-2.39950E-06,-3.413E-03
-2.39900E-06,-3.013E-03
-2.39850E-06,-3.013E-03
-2.39800E-06,-3.013E-03
-2.39750E-06,-3.413E-03
-2.39700E-06,-3.413E-03
-2.39650E-06,-3.413E-03
-2.39600E-06,-3.413E-03
-2.39550E-06,-3.413E-03
-2.39500E-06,-3.413E-03
-2.39450E-06,-3.813E-03
-2.39400E-06,-3.413E-03
-2.39350E-06,-3.413E-03
-2.39300E-06,-3.813E-03
-2.39250E-06,-3.813E-03
-2.39200E-06,-3.813E-03
-2.39150E-06,-3.813E-03
-2.39100E-06,-3.813E-03
-2.39050E-06,-3.813E-03
-2.39000E-06,-3.813E-03
-2.38950E-06,-4.213E-03
-2.38900E-06,-3.813E-03
-2.38850E-06,-3.813E-03
-2.38800E-06,-3.813E-03
-2.38750E-06,-3.813E-03
-2.38700E-06,-3.813E-03
-2.38650E-06,-3.813E-03
-2.38600E-06,-3.813E-03
-2.38550E-06,-4.213E-03
-2.38500E-06,-4.213E-03
-2.38450E-06,-4.213E-03
-2.38400E-06,-4.213E-03
-2.38350E-06,-4.213E-03
-2.38300E-06,-4.213E-03
-2.38250E-06,-4.213E-03
-2.38200E-06,-4.613E-03
-2.38150E-06,-4.213E-03
-2.38100E-06,-4.613E-03
-2.38050E-06,-4.613E-03
-2.38000E-06,-4.613E-03
-2.37950E-06,-4.213E-03
-2.37900E-06,-4.613E-03
-2.37850E-06,-4.613E-03
-2.37800E-06,-5.013E-03
-2.37750E-06,-5.013E-03
-2.37700E-06,-5.013E-03
-2.37650E-06,-5.013E-03
-2.37600E-06,-5.013E-03
-2.37550E-06,-5.013E-03
-2.37500E-06,-4.613E-03
-2.37450E-06,-4.613E-03
-2.37400E-06,-4.613E-03
-2.37350E-06,-5.013E-03
-2.37300E-06,-5.013E-03
-2.37250E-06,-5.013E-03
-2.37200E-06,-5.413E-03
-2.37150E-06,-5.413E-03
-2.37100E-06,-5.413E-03
-2.37050E-06,-5.413E-03
-2.37000E-06,-5.013E-03
-2.36950E-06,-5.013E-03
-2.36900E-06,-5.013E-03
-2.36850E-06,-5.413E-03
-2.36800E-06,-5.413E-03
-2.36750E-06,-5.413E-03
-2.36700E-06,-5.413E-03
-2.36650E-06,-5.413E-03
-2.36600E-06,-5.813E-03
-2.36550E-06,-5.813E-03
-2.36500E-06,-5.813E-03
-2.36450E-06,-5.413E-03
-2.36400E-06,-5.413E-03
-2.36350E-06,-5.813E-03
-2.36300E-06,-5.813E-03
-2.36250E-06,-5.813E-03
-2.36200E-06,-6.213E-03
-2.36150E-06,-6.213E-03
-2.36100E-06,-6.213E-03
-2.36050E-06,-6.213E-03
-2.36000E-06,-5.813E-03
-2.35950E-06,-6.213E-03
-2.35900E-06,-6.213E-03
-2.35850E-06,-6.213E-03
-2.35800E-06,-6.213E-03
-2.35750E-06,-6.213E-03
-2.35700E-06,-6.213E-03
-2.35650E-06,-6.213E-03
-2.35600E-06,-6.613E-03
-2.35550E-06,-7.013E-03
-2.35500E-06,-7.013E-03
-2.35450E-06,-7.013E-03
-2.35400E-06,-6.613E-03
-2.35350E-06,-7.013E-03
-2.35300E-06,-7.013E-03
-2.35250E-06,-7.013E-03
-2.35200E-06,-6.613E-03
-2.35150E-06,-7.013E-03
-2.35100E-06,-7.013E-03
-2.35050E-06,-7.013E-03
-2.35000E-06,-7.013E-03
-2.34950E-06,-7.013E-03
-2.34900E-06,-7.013E-03
-2.34850E-06,-7.013E-03
-2.34800E-06,-7.013E-03
-2.34750E-06,-7.413E-03
-2.34700E-06,-7.013E-03
-2.34650E-06,-7.013E-03
-2.34600E-06,-7.013E-03
-2.34550E-06,-7.013E-03
-2.34500E-06,-7.013E-03
-2.34450E-06,-7.013E-03
-2.34400E-06,-7.013E-03
-2.34350E-06,-7.013E-03
-2.34300E-06,-7.013E-03
-2.34250E-06,-7.413E-03
-2.34200E-06,-7.413E-03
-2.34150E-06,-7.413E-03
-2.34100E-06,-7.813E-03
-2.34050E-06,-7.813E-03
-2.34000E-06,-7.413E-03
-2.33950E-06,-7.813E-03
-2.33900E-06,-7.413E-03
-2.33850E-06,-7.413E-03
-2.33800E-06,-7.813E-03
-2.33750E-06,-7.813E-03
-2.33700E-06,-7.813E-03
-2.33650E-06,-7.413E-03
-2.33600E-06,-7.813E-03
-2.33550E-06,-7.813E-03
-2.33500E-06,-7.813E-03
-2.33450E-06,-7.813E-03
-2.33400E-06,-7.813E-03
-2.33350E-06,-8.213E-03
-2.33300E-06,-7.813E-03
-2.33250E-06,-7.813E-03
-2.33200E-06,-7.813E-03
-2.33150E-06,-8.213E-03
-2.33100E-06,-8.213E-03
-2.33050E-06,-8.213E-03
-2.33000E-06,-8.213E-03
-2.32950E-06,-8.213E-03
-2.32900E-06,-8.213E-03
-2.32850E-06,-8.213E-03
-2.32800E-06,-8.213E-03
-2.32750E-06,-8.213E-03
-2.32700E-06,-8.613E-03
-2.32650E-06,-8.613E-03
-2.32600E-06,-8.613E-03
-2.32550E-06,-8.213E-03
-2.32500E-06,-8.613E-03
-2.32450E-06,-8.613E-03
-2.32400E-06,-8.613E-03
-2.32350E-06,-8.613E-03
-2.32300E-06,-8.613E-03
-2.32250E-06,-8.613E-03
-2.32200E-06,-9.013E-03
-2.32150E-06,-9.013E-03
-2.32100E-06,-9.013E-03
-2.32050E-06,-9.013E-03
-2.32000E-06,-8.613E-03
-2.31950E-06,-9.413E-03
-2.31900E-06,-9.013E-03
-2.31850E-06,-9.013E-03
-2.31800E-06,-9.013E-03
-2.31750E-06,-9.413E-03
-2.31700E-06,-9.413E-03
-2.31650E-06,-9.413E-03
-2.31600E-06,-9.413E-03
-2.31550E-06,-9.413E-03
-2.31500E-06,-9.413E-03
-2.31450E-06,-9.813E-03
-2.31400E-06,-9.813E-03
-2.31350E-06,-9.413E-03
-2.31300E-06,-9.813E-03
-2.31250E-06,-9.413E-03
-2.31200E-06,-9.813E-03
-2.31150E-06,-9.413E-03
-2.31100E-06,-9.413E-03
-2.31050E-06,-9.813E-03
-2.31000E-06,-9.813E-03
-2.30950E-06,-1.021E-02
-2.30900E-06,-1.021E-02
-2.30850E-06,-1.021E-02
-2.30800E-06,-1.061E-02
-2.30750E-06,-1.021E-02
-2.30700E-06,-1.021E-02
-2.30650E-06,-1.021E-02
-2.30600E-06,-9.813E-03
-2.30550E-06,-1.021E-02
-2.30500E-06,-9.813E-03
-2.30450E-06,-1.021E-02
-2.30400E-06,-9.813E-03
-2.30350E-06,-1.021E-02
-2.30300E-06,-1.021E-02
-2.30250E-06,-1.021E-02
-2.30200E-06,-1.021E-02
-2.30150E-06,-1.061E-02
-2.30100E-06,-1.061E-02
-2.30050E-06,-1.061E-02
-2.30000E-06,-1.021E-02
-2.29950E-06,-1.061E-02
-2.29900E-06,-1.061E-02
-2.29850E-06,-1.061E-02
-2.29800E-06,-1.061E-02
-2.29750E-06,-1.061E-02
-2.29700E-06,-1.061E-02
-2.29650E-06,-1.061E-02
-2.29600E-06,-1.101E-02
-2.29550E-06,-1.101E-02
-2.29500E-06,-1.101E-02
-2.29450E-06,-1.101E-02
-2.29400E-06,-1.101E-02
-2.29350E-06,-1.101E-02
-2.29300E-06,-1.101E-02
-2.29250E-06,-1.141E-02
-2.29200E-06,-1.101E-02
-2.29150E-06,-1.101E-02
-2.29100E-06,-1.101E-02
-2.29050E-06,-1.101E-02
-2.29000E-06,-1.141E-02
-2.28950E-06,-1.101E-02
-2.28900E-06,-1.141E-02
-2.28850E-06,-1.141E-02
-2.28800E-06,-1.141E-02
-2.28750E-06,-1.141E-02
-2.28700E-06,-1.141E-02
-2.28650E-06,-1.141E-02
-2.28600E-06,-1.181E-02
-2.28550E-06,-1.141E-02
-2.28500E-06,-1.181E-02
-2.28450E-06,-1.181E-02
-2.28400E-06,-1.181E-02
-2.28350E-06,-1.181E-02
-2.28300E-06,-1.221E-02
-2.28250E-06,-1.221E-02
-2.28200E-06,-1.221E-02
-2.28150E-06,-1.181E-02
-2.28100E-06,-1.181E-02
-2.28050E-06,-1.181E-02
-2.28000E-06,-1.181E-02
-2.27950E-06,-1.221E-02
-2.27900E-06,-1.181E-02
-2.27850E-06,-1.221E-02
-2.27800E-06,-1.181E-02
-2.27750E-06,-1.221E-02
-2.27700E-06,-1.221E-02
-2.27650E-06,-1.221E-02
-2.27600E-06,-1.221E-02
-2.27550E-06,-1.221E-02
-2.27500E-06,-1.221E-02
-2.27450E-06,-1.261E-02
-2.27400E-06,-1.221E-02
-2.27350E-06,-1.221E-02
-2.27300E-06,-1.221E-02
-2.27250E-06,-1.221E-02
-2.27200E-06,-1.221E-02
-2.27150E-06,-1.221E-02
-2.27100E-06,-1.261E-02
-2.27050E-06,-1.261E-02
-2.27000E-06,-1.261E-02
-2.26950E-06,-1.261E-02
-2.26900E-06,-1.261E-02
-2.26850E-06,-1.261E-02
-2.26800E-06,-1.261E-02
-2.26750E-06,-1.261E-02
-2.26700E-06,-1.301E-02
-2.26650E-06,-1.261E-02
-2.26600E-06,-1.261E-02
-2.26550E-06,-1.301E-02
-2.26500E-06,-1.261E-02
-2.26450E-06,-1.261E-02
-2.26400E-06,-1.261E-02
-2.26350E-06,-1.261E-02
-2.26300E-06,-1.301E-02
-2.26250E-06,-1.301E-02
-2.26200E-06,-1.301E-02
-2.26150E-06,-1.341E-02
-2.26100E-06,-1.301E-02
-2.26050E-06,-1.341E-02
-2.26000E-06,-1.301E-02
-2.25950E-06,-1.341E-02
-2.25900E-06,-1.301E-02
-2.25850E-06,-1.341E-02
-2.25800E-06,-1.341E-02
-2.25750E-06,-1.341E-02
-2.25700E-06,-1.341E-02
-2.25650E-06,-1.381E-02
-2.25600E-06,-1.381E-02
-2.25550E-06,-1.381E-02
-2.25500E-06,-1.341E-02
-2.25450E-06,-1.381E-02
-2.25400E-06,-1.381E-02
-2.25350E-06,-1.381E-02
-2.25300E-06,-1.341E-02
-2.25250E-06,-1.381E-02
-2.25200E-06,-1.341E-02
-2.25150E-06,-1.381E-02
-2.25100E-06,-1.381E-02
-2.25050E-06,-1.381E-02
-2.25000E-06,-1.381E-02
-2.24950E-06,-1.381E-02
-2.24900E-06,-1.381E-02
-2.24850E-06,-1.381E-02
-2.24800E-06,-1.381E-02
-2.24750E-06,-1.381E-02
-2.24700E-06,-1.381E-02
-2.24650E-06,-1.381E-02
-2.24600E-06,-1.381E-02
-2.24550E-06,-1.421E-02
-2.24500E-06,-1.421E-02
-2.24450E-06,-1.381E-02
-2.24400E-06,-1.421E-02
-2.24350E-06,-1.421E-02
-2.24300E-06,-1.421E-02
-2.24250E-06,-1.421E-02
-2.24200E-06,-1.421E-02
-2.24150E-06,-1.461E-02
-2.24100E-06,-1.461E-02
-2.24050E-06,-1.461E-02
-2.24000E-06,-1.461E-02
-2.23950E-06,-1.421E-02
-2.23900E-06,-1.461E-02
-2.23850E-06,-1.461E-02
-2.23800E-06,-1.421E-02
-2.23750E-06,-1.501E-02
-2.23700E-06,-1.461E-02
-2.23650E-06,-1.501E-02
-2.23600E-06,-1.461E-02
-2.23550E-06,-1.501E-02
-2.23500E-06,-1.461E-02
-2.23450E-06,-1.461E-02
-2.23400E-06,-1.501E-02
-2.23350E-06,-1.461E-02
-2.23300E-06,-1.501E-02
-2.23250E-06,-1.501E-02
-2.23200E-06,-1.501E-02
-2.23150E-06,-1.501E-02
-2.23100E-06,-1.501E-02
-2.23050E-06,-1.501E-02
-2.23000E-06,-1.501E-02
-2.22950E-06,-1.501E-02
-2.22900E-06,-1.501E-02
-2.22850E-06,-1.501E-02
-2.22800E-06,-1.461E-02
-2.22750E-06,-1.501E-02
-2.22700E-06,-1.461E-02
-2.22650E-06,-1.501E-02
-2.22600E-06,-1.501E-02
-2.22550E-06,-1.501E-02
-2.22500E-06,-1.541E-02
-2.22450E-06,-1.541E-02
-2.22400E-06,-1.541E-02
-2.22350E-06,-1.541E-02
-2.22300E-06,-1.541E-02
-2.22250E-06,-1.581E-02
-2.22200E-06,-1.541E-02
-2.22150E-06,-1.581E-02
-2.22100E-06,-1.541E-02
-2.22050E-06,-1.581E-02
-2.22000E-06,-1.581E-02
-2.21950E-06,-1.541E-02
-2.21900E-06,-1.541E-02
-2.21850E-06,-1.541E-02
-2.21800E-06,-1.541E-02
-2.21750E-06,-1.541E-02
-2.21700E-06,-1.541E-02
-2.21650E-06,-1.541E-02
-2.21600E-06,-1.581E-02
-2.21550E-06,-1.621E-02
-2.21500E-06,-1.581E-02
-2.21450E-06,-1.621E-02
-2.21400E-06,-1.581E-02
-2.21350E-06,-1.621E-02
-2.21300E-06,-1.581E-02
-2.21250E-06,-1.581E-02
-2.21200E-06,-1.581E-02
-2.21150E-06,-1.621E-02
-2.21100E-06,-1.621E-02
-2.21050E-06,-1.621E-02
-2.21000E-06,-1.621E-02
-2.20950E-06,-1.661E-02
-2.20900E-06,-1.661E-02
-2.20850E-06,-1.661E-02
-2.20800E-06,-1.661E-02
-2.20750E-06,-1.661E-02
-2.20700E-06,-1.661E-02
-2.20650E-06,-1.621E-02
-2.20600E-06,-1.661E-02
-2.20550E-06,-1.661E-02
-2.20500E-06,-1.661E-02
-2.20450E-06,-1.621E-02
-2.20400E-06,-1.661E-02
-2.20350E-06,-1.661E-02
-2.20300E-06,-1.661E-02
-2.20250E-06,-1.701E-02
-2.20200E-06,-1.661E-02
-2.20150E-06,-1.701E-02
-2.20100E-06,-1.661E-02
-2.20050E-06,-1.701E-02
-2.20000E-06,-1.661E-02
-2.19950E-06,-1.621E-02
-2.19900E-06,-1.621E-02
-2.19850E-06,-1.661E-02
-2.19800E-06,-1.621E-02
-2.19750E-06,-1.661E-02
-2.19700E-06,-1.661E-02
-2.19650E-06,-1.661E-02
-2.19600E-06,-1.661E-02
-2.19550E-06,-1.661E-02
-2.19500E-06,-1.661E-02
-2.19450E-06,-1.701E-02
-2.19400E-06,-1.661E-02
-2.19350E-06,-1.701E-02
-2.19300E-06,-1.701E-02
-2.19250E-06,-1.701E-02
-2.19200E-06,-1.701E-02
-2.19150E-06,-1.701E-02
-2.19100E-06,-1.701E-02
-2.19050E-06,-1.701E-02
-2.19000E-06,-1.701E-02
-2.18950E-06,-1.701E-02
-2.18900E-06,-1.701E-02
-2.18850E-06,-1.741E-02
-2.18800E-06,-1.741E-02
-2.18750E-06,-1.741E-02
-2.18700E-06,-1.741E-02
-2.18650E-06,-1.741E-02
-2.18600E-06,-1.701E-02
-2.18550E-06,-1.741E-02
-2.18500E-06,-1.701E-02
-2.18450E-06,-1.741E-02
-2.18400E-06,-1.741E-02
-2.18350E-06,-1.741E-02
-2.18300E-06,-1.741E-02
-2.18250E-06,-1.741E-02
-2.18200E-06,-1.741E-02
-2.18150E-06,-1.781E-02
-2.18100E-06,-1.741E-02
-2.18050E-06,-1.741E-02
-2.18000E-06,-1.741E-02
-2.17950E-06,-1.781E-02
-2.17900E-06,-1.741E-02
-2.17850E-06,-1.741E-02
-2.17800E-06,-1.741E-02
-2.17750E-06,-1.741E-02
-2.17700E-06,-1.781E-02
-2.17650E-06,-1.781E-02
-2.17600E-06,-1.741E-02
-2.17550E-06,-1.741E-02
-2.17500E-06,-1.781E-02
-2.17450E-06,-1.781E-02
-2.17400E-06,-1.781E-02
-2.17350E-06,-1.781E-02
-2.17300E-06,-1.781E-02
-2.17250E-06,-1.821E-02
-2.17200E-06,-1.821E-02
-2.17150E-06,-1.821E-02
-2.17100E-06,-1.821E-02
-2.17050E-06,-1.821E-02
-2.17000E-06,-1.821E-02
-2.16950E-06,-1.781E-02
-2.16900E-06,-1.781E-02
-2.16850E-06,-1.781E-02
-2.16800E-06,-1.821E-02
-2.16750E-06,-1.821E-02
-2.16700E-06,-1.821E-02
-2.16650E-06,-1.781E-02
-2.16600E-06,-1.821E-02
-2.16550E-06,-1.781E-02
-2.16500E-06,-1.781E-02
-2.16450E-06,-1.781E-02
-2.16400E-06,-1.781E-02
-2.16350E-06,-1.821E-02
-2.16300E-06,-1.821E-02
-2.16250E-06,-1.861E-02
-2.16200E-06,-1.861E-02
-2.16150E-06,-1.901E-02
-2.16100E-06,-1.861E-02
-2.16050E-06,-1.861E-02
-2.16000E-06,-1.861E-02
-2.15950E-06,-1.861E-02
-2.15900E-06,-1.821E-02
-2.15850E-06,-1.821E-02
-2.15800E-06,-1.821E-02
-2.15750E-06,-1.861E-02
-2.15700E-06,-1.861E-02
-2.15650E-06,-1.901E-02
-2.15600E-06,-1.901E-02
-2.15550E-06,-1.901E-02
-2.15500E-06,-1.901E-02
-2.15450E-06,-1.861E-02
-2.15400E-06,-1.861E-02
-2.15350E-06,-1.861E-02
-2.15300E-06,-1.861E-02
-2.15250E-06,-1.861E-02
-2.15200E-06,-1.861E-02
-2.15150E-06,-1.901E-02
-2.15100E-06,-1.901E-02
-2.15050E-06,-1.901E-02
-2.15000E-06,-1.901E-02
-2.14950E-06,-1.861E-02
-2.14900E-06,-1.901E-02
-2.14850E-06,-1.901E-02
-2.14800E-06,-1.901E-02
-2.14750E-06,-1.861E-02
-2.14700E-06,-1.901E-02
-2.14650E-06,-1.901E-02
-2.14600E-06,-1.901E-02
-2.14550E-06,-1.901E-02
-2.14500E-06,-1.901E-02
-2.14450E-06,-1.941E-02
-2.14400E-06,-1.941E-02
-2.14350E-06,-1.941E-02
-2.14300E-06,-1.901E-02
-2.14250E-06,-1.901E-02
-2.14200E-06,-1.941E-02
-2.14150E-06,-1.941E-02
-2.14100E-06,-1.941E-02
-2.14050E-06,-1.901E-02
-2.14000E-06,-1.901E-02
-2.13950E-06,-1.901E-02
-2.13900E-06,-1.901E-02
-2.13850E-06,-1.901E-02
-2.13800E-06,-1.901E-02
-2.13750E-06,-1.901E-02
-2.13700E-06,-1.941E-02
-2.13650E-06,-1.901E-02
-2.13600E-06,-1.941E-02
-2.13550E-06,-1.941E-02
-2.13500E-06,-1.941E-02
-2.13450E-06,-1.941E-02
-2.13400E-06,-1.941E-02
-2.13350E-06,-1.981E-02
-2.13300E-06,-1.941E-02
-2.13250E-06,-1.941E-02
-2.13200E-06,-1.941E-02
-2.13150E-06,-1.941E-02
-2.13100E-06,-1.981E-02
-2.13050E-06,-1.941E-02
-2.13000E-06,-1.941E-02
-2.12950E-06,-1.941E-02
-2.12900E-06,-1.981E-02
-2.12850E-06,-1.941E-02
-2.12800E-06,-1.981E-02
-2.12750E-06,-1.941E-02
-2.12700E-06,-1.941E-02
-2.12650E-06,-1.941E-02
-2.12600E-06,-1.941E-02
-2.12550E-06,-1.941E-02
-2.12500E-06,-1.981E-02
-2.12450E-06,-1.941E-02
-2.12400E-06,-1.981E-02
-2.12350E-06,-1.981E-02
-2.12300E-06,-1.981E-02
-2.12250E-06,-1.981E-02
-2.12200E-06,-2.021E-02
-2.12150E-06,-2.021E-02
-2.12100E-06,-2.021E-02
-2.12050E-06,-1.981E-02
-2.12000E-06,-1.981E-02
-2.11950E-06,-2.021E-02
-2.11900E-06,-1.981E-02
-2.11850E-06,-1.981E-02
-2.11800E-06,-1.981E-02
-2.11750E-06,-1.941E-02
-2.11700E-06,-1.981E-02
-2.11650E-06,-1.981E-02
-2.11600E-06,-1.981E-02
-2.11550E-06,-1.981E-02
-2.11500E-06,-1.981E-02
-2.11450E-06,-1.981E-02
-2.11400E-06,-2.021E-02
-2.11350E-06,-1.981E-02
-2.11300E-06,-1.981E-02
-2.11250E-06,-1.981E-02
-2.11200E-06,-1.981E-02
-2.11150E-06,-1.981E-02
-2.11100E-06,-1.981E-02
-2.11050E-06,-1.981E-02
-2.11000E-06,-2.021E-02
-2.10950E-06,-2.021E-02
-2.10900E-06,-2.021E-02
-2.10850E-06,-2.061E-02
-2.10800E-06,-2.061E-02
-2.10750E-06,-2.021E-02
-2.10700E-06,-2.021E-02
-2.10650E-06,-2.021E-02
-2.10600E-06,-2.021E-02
-2.10550E-06,-2.021E-02
-2.10500E-06,-2.021E-02
-2.10450E-06,-2.061E-02
-2.10400E-06,-2.061E-02
-2.10350E-06,-2.061E-02
-2.10300E-06,-2.061E-02
-2.10250E-06,-2.061E-02
-2.10200E-06,-2.061E-02
-2.10150E-06,-2.021E-02
-2.10100E-06,-2.021E-02
-2.10050E-06,-2.021E-02
-2.10000E-06,-2.021E-02
-2.09950E-06,-2.021E-02
-2.09900E-06,-2.021E-02
-2.09850E-06,-2.021E-02
-2.09800E-06,-2.021E-02
-2.09750E-06,-2.021E-02
-2.09700E-06,-2.021E-02
-2.09650E-06,-2.061E-02
-2.09600E-06,-2.061E-02
-2.09550E-06,-2.061E-02
-2.09500E-06,-2.061E-02
-2.09450E-06,-2.061E-02
-2.09400E-06,-2.061E-02
-2.09350E-06,-2.021E-02
-2.09300E-06,-2.061E-02
-2.09250E-06,-2.061E-02
-2.09200E-06,-2.061E-02
-2.09150E-06,-2.061E-02
-2.09100E-06,-2.061E-02
-2.09050E-06,-2.061E-02
-2.09000E-06,-2.061E-02
-2.08950E-06,-2.061E-02
-2.08900E-06,-2.061E-02
-2.08850E-06,-2.061E-02
-2.08800E-06,-2.061E-02
-2.08750E-06,-2.061E-02
-2.08700E-06,-2.101E-02
-2.08650E-06,-2.061E-02
-2.08600E-06,-2.061E-02
-2.08550E-06,-2.061E-02
-2.08500E-06,-2.061E-02
-2.08450E-06,-2.061E-02
-2.08400E-06,-2.061E-02
-2.08350E-06,-2.021E-02
-2.08300E-06,-2.061E-02
-2.08250E-06,-2.021E-02
-2.08200E-06,-2.101E-02
-2.08150E-06,-2.061E-02
-2.08100E-06,-2.061E-02
-2.08050E-06,-2.061E-02
-2.08000E-06,-2.061E-02
-2.07950E-06,-2.101E-02
-2.07900E-06,-2.101E-02
-2.07850E-06,-2.101E-02
-2.07800E-06,-2.061E-02
-2.07750E-06,-2.101E-02
-2.07700E-06,-2.101E-02
-2.07650E-06,-2.061E-02
-2.07600E-06,-2.101E-02
-2.07550E-06,-2.101E-02
-2.07500E-06,-2.101E-02
-2.07450E-06,-2.101E-02
-2.07400E-06,-2.101E-02
-2.07350E-06,-2.061E-02
-2.07300E-06,-2.141E-02
-2.07250E-06,-2.141E-02
-2.07200E-06,-2.101E-02
-2.07150E-06,-2.101E-02
-2.07100E-06,-2.141E-02
-2.07050E-06,-2.141E-02
-2.07000E-06,-2.141E-02
-2.06950E-06,-2.101E-02
-2.06900E-06,-2.141E-02
-2.06850E-06,-2.101E-02
-2.06800E-06,-2.141E-02
-2.06750E-06,-2.141E-02
-2.06700E-06,-2.141E-02
-2.06650E-06,-2.101E-02
-2.06600E-06,-2.141E-02
-2.06550E-06,-2.141E-02
-2.06500E-06,-2.141E-02
-2.06450E-06,-2.101E-02
-2.06400E-06,-2.101E-02
-2.06350E-06,-2.101E-02
-2.06300E-06,-2.141E-02
-2.06250E-06,-2.141E-02
-2.06200E-06,-2.141E-02
-2.06150E-06,-2.141E-02
-2.06100E-06,-2.141E-02
-2.06050E-06,-2.101E-02
-2.06000E-06,-2.101E-02
-2.05950E-06,-2.101E-02
-2.05900E-06,-2.101E-02
-2.05850E-06,-2.101E-02
-2.05800E-06,-2.101E-02
-2.05750E-06,-2.101E-02
-2.05700E-06,-2.101E-02
-2.05650E-06,-2.141E-02
-2.05600E-06,-2.141E-02
-2.05550E-06,-2.101E-02
-2.05500E-06,-2.141E-02
-2.05450E-06,-2.141E-02
-2.05400E-06,-2.141E-02
-2.05350E-06,-2.141E-02
-2.05300E-06,-2.101E-02
-2.05250E-06,-2.141E-02
-2.05200E-06,-2.101E-02
-2.05150E-06,-2.141E-02
-2.05100E-06,-2.101E-02
-2.05050E-06,-2.101E-02
-2.05000E-06,-2.141E-02
-2.04950E-06,-2.141E-02
-2.04900E-06,-2.141E-02
-2.04850E-06,-2.141E-02
-2.04800E-06,-2.141E-02
-2.04750E-06,-2.141E-02
-2.04700E-06,-2.141E-02
-2.04650E-06,-2.141E-02
-2.04600E-06,-2.141E-02
-2.04550E-06,-2.141E-02
-2.04500E-06,-2.141E-02
-2.04450E-06,-2.141E-02
-2.04400E-06,-2.101E-02
-2.04350E-06,-2.101E-02
-2.04300E-06,-2.141E-02
-2.04250E-06,-2.101E-02
-2.04200E-06,-2.141E-02
-2.04150E-06,-2.101E-02
-2.04100E-06,-2.141E-02
-2.04050E-06,-2.101E-02
-2.04000E-06,-2.141E-02
-2.03950E-06,-2.101E-02
-2.03900E-06,-2.141E-02
-2.03850E-06,-2.141E-02
-2.03800E-06,-2.141E-02
-2.03750E-06,-2.141E-02
-2.03700E-06,-2.141E-02
-2.03650E-06,-2.141E-02
-2.03600E-06,-2.141E-02
-2.03550E-06,-2.141E-02
-2.03500E-06,-2.141E-02
-2.03450E-06,-2.141E-02
-2.03400E-06,-2.141E-02
-2.03350E-06,-2.101E-02
-2.03300E-06,-2.141E-02
-2.03250E-06,-2.141E-02
-2.03200E-06,-2.141E-02
-2.03150E-06,-2.141E-02
-2.03100E-06,-2.141E-02
-2.03050E-06,-2.141E-02
-2.03000E-06,-2.141E-02
-2.02950E-06,-2.141E-02
-2.02900E-06,-2.181E-02
-2.02850E-06,-2.141E-02
-2.02800E-06,-2.181E-02
-2.02750E-06,-2.141E-02
-2.02700E-06,-2.141E-02
-2.02650E-06,-2.101E-02
-2.02600E-06,-2.141E-02
-2.02550E-06,-2.141E-02
-2.02500E-06,-2.141E-02
-2.02450E-06,-2.141E-02
-2.02400E-06,-2.141E-02
-2.02350E-06,-2.141E-02
-2.02300E-06,-2.141E-02
-2.02250E-06,-2.141E-02
-2.02200E-06,-2.141E-02
-2.02150E-06,-2.141E-02
-2.02100E-06,-2.141E-02
-2.02050E-06,-2.141E-02
-2.02000E-06,-2.141E-02
-2.01950E-06,-2.141E-02
-2.01900E-06,-2.141E-02
-2.01850E-06,-2.141E-02
-2.01800E-06,-2.141E-02
-2.01750E-06,-2.141E-02
-2.01700E-06,-2.141E-02
-2.01650E-06,-2.141E-02
-2.01600E-06,-2.141E-02
-2.01550E-06,-2.141E-02
-2.01500E-06,-2.141E-02
-2.01450E-06,-2.181E-02
-2.01400E-06,-2.141E-02
-2.01350E-06,-2.101E-02
-2.01300E-06,-2.141E-02
-2.01250E-06,-2.101E-02
-2.01200E-06,-2.101E-02
-2.01150E-06,-2.101E-02
-2.01100E-06,-2.101E-02
-2.01050E-06,-2.141E-02
-2.01000E-06,-2.181E-02
-2.00950E-06,-2.141E-02
-2.00900E-06,-2.181E-02
-2.00850E-06,-2.181E-02
-2.00800E-06,-2.181E-02
-2.00750E-06,-2.181E-02
-2.00700E-06,-2.181E-02
-2.00650E-06,-2.141E-02
-2.00600E-06,-2.141E-02
-2.00550E-06,-2.101E-02
-2.00500E-06,-2.141E-02
-2.00450E-06,-2.141E-02
-2.00400E-06,-2.181E-02
-2.00350E-06,-2.141E-02
-2.00300E-06,-2.181E-02
-2.00250E-06,-2.141E-02
-2.00200E-06,-2.141E-02
-2.00150E-06,-2.101E-02
-2.00100E-06,-2.141E-02
-2.00050E-06,-2.141E-02
-2.00000E-06,-2.141E-02
-1.99950E-06,-2.141E-02
-1.99900E-06,-2.141E-02
-1.99850E-06,-2.141E-02
-1.99800E-06,-2.141E-02
-1.99750E-06,-2.141E-02
-1.99700E-06,-2.181E-02
-1.99650E-06,-2.141E-02
-1.99600E-06,-2.141E-02
-1.99550E-06,-2.101E-02
-1.99500E-06,-2.141E-02
-1.99450E-06,-2.101E-02
-1.99400E-06,-2.101E-02
-1.99350E-06,-2.101E-02
-1.99300E-06,-2.101E-02
-1.99250E-06,-2.101E-02
-1.99200E-06,-2.101E-02
-1.99150E-06,-2.101E-02
-1.99100E-06,-2.101E-02
-1.99050E-06,-2.101E-02
-1.99000E-06,-2.101E-02
-1.98950E-06,-2.101E-02
-1.98900E-06,-2.141E-02
-1.98850E-06,-2.101E-02
-1.98800E-06,-2.141E-02
-1.98750E-06,-2.101E-02
-1.98700E-06,-2.141E-02
-1.98650E-06,-2.101E-02
-1.98600E-06,-2.101E-02
-1.98550E-06,-2.101E-02
-1.98500E-06,-2.141E-02
-1.98450E-06,-2.101E-02
-1.98400E-06,-2.101E-02
-1.98350E-06,-2.141E-02
-1.98300E-06,-2.101E-02
-1.98250E-06,-2.141E-02
-1.98200E-06,-2.101E-02
-1.98150E-06,-2.101E-02
-1.98100E-06,-2.101E-02
-1.98050E-06,-2.101E-02
-1.98000E-06,-2.101E-02
-1.97950E-06,-2.061E-02
-1.97900E-06,-2.101E-02
-1.97850E-06,-2.101E-02
-1.97800E-06,-2.101E-02
-1.97750E-06,-2.101E-02
-1.97700E-06,-2.101E-02
-1.97650E-06,-2.101E-02
-1.97600E-06,-2.101E-02
-1.97550E-06,-2.101E-02
-1.97500E-06,-2.141E-02
-1.97450E-06,-2.101E-02
-1.97400E-06,-2.141E-02
-1.97350E-06,-2.101E-02
-1.97300E-06,-2.101E-02
-1.97250E-06,-2.141E-02
-1.97200E-06,-2.141E-02
-1.97150E-06,-2.101E-02
-1.97100E-06,-2.101E-02
-1.97050E-06,-2.101E-02
-1.97000E-06,-2.101E-02
-1.96950E-06,-2.101E-02
-1.96900E-06,-2.101E-02
-1.96850E-06,-2.101E-02
-1.96800E-06,-2.101E-02
-1.96750E-06,-2.101E-02
-1.96700E-06,-2.101E-02
-1.96650E-06,-2.101E-02
-1.96600E-06,-2.101E-02
-1.96550E-06,-2.101E-02
-1.96500E-06,-2.101E-02
-1.96450E-06,-2.101E-02
-1.96400E-06,-2.101E-02
-1.96350E-06,-2.101E-02
-1.96300E-06,-2.101E-02
-1.96250E-06,-2.101E-02
-1.96200E-06,-2.141E-02
-1.96150E-06,-2.141E-02
-1.96100E-06,-2.141E-02
-1.96050E-06,-2.141E-02
-1.96000E-06,-2.101E-02
-1.95950E-06,-2.101E-02
-1.95900E-06,-2.061E-02
-1.95850E-06,-2.061E-02
-1.95800E-06,-2.061E-02
-1.95750E-06,-2.061E-02
-1.95700E-06,-2.061E-02
-1.95650E-06,-2.101E-02
-1.95600E-06,-2.101E-02
-1.95550E-06,-2.061E-02
-1.95500E-06,-2.101E-02
-1.95450E-06,-2.101E-02
-1.95400E-06,-2.061E-02
-1.95350E-06,-2.021E-02
-1.95300E-06,-2.061E-02
-1.95250E-06,-2.061E-02
-1.95200E-06,-2.061E-02
-1.95150E-06,-2.061E-02
-1.95100E-06,-2.061E-02
-1.95050E-06,-2.061E-02
-1.95000E-06,-2.061E-02
-1.94950E-06,-2.101E-02
-1.94900E-06,-2.101E-02
-1.94850E-06,-2.101E-02
-1.94800E-06,-2.101E-02
-1.94750E-06,-2.101E-02
-1.94700E-06,-2.061E-02
-1.94650E-06,-2.061E-02
-1.94600E-06,-2.061E-02
-1.94550E-06,-2.061E-02
-1.94500E-06,-2.061E-02
-1.94450E-06,-2.061E-02
-1.94400E-06,-2.061E-02
-1.94350E-06,-2.061E-02
-1.94300E-06,-2.061E-02
-1.94250E-06,-2.061E-02
-1.94200E-06,-2.061E-02
-1.94150E-06,-2.061E-02
-1.94100E-06,-2.061E-02
-1.94050E-06,-2.061E-02
-1.94000E-06,-2.061E-02
-1.93950E-06,-2.061E-02
-1.93900E-06,-2.061E-02
-1.93850E-06,-2.021E-02
-1.93800E-06,-2.061E-02
-1.93750E-06,-2.021E-02
-1.93700E-06,-2.061E-02
-1.93650E-06,-2.061E-02
-1.93600E-06,-2.021E-02
-1.93550E-06,-2.021E-02
-1.93500E-06,-2.021E-02
-1.93450E-06,-2.021E-02
-1.93400E-06,-2.021E-02
-1.93350E-06,-2.021E-02
-1.93300E-06,-1.981E-02
-1.93250E-06,-2.021E-02
-1.93200E-06,-2.021E-02
-1.93150E-06,-1.981E-02
-1.93100E-06,-2.021E-02
-1.93050E-06,-2.021E-02
-1.93000E-06,-2.021E-02
-1.92950E-06,-1.981E-02
-1.92900E-06,-2.021E-02
-1.92850E-06,-2.021E-02
-1.92800E-06,-2.021E-02
-1.92750E-06,-2.021E-02
-1.92700E-06,-2.021E-02
-1.92650E-06,-1.981E-02
-1.92600E-06,-2.021E-02
-1.92550E-06,-1.981E-02
-1.92500E-06,-2.021E-02
-1.92450E-06,-2.021E-02
-1.92400E-06,-2.021E-02
-1.92350E-06,-2.021E-02
-1.92300E-06,-2.021E-02
-1.92250E-06,-2.021E-02
-1.92200E-06,-2.021E-02
-1.92150E-06,-2.021E-02
-1.92100E-06,-2.021E-02
-1.92050E-06,-2.021E-02
-1.92000E-06,-2.021E-02
-1.91950E-06,-2.021E-02
-1.91900E-06,-1.981E-02
-1.91850E-06,-1.981E-02
-1.91800E-06,-1.981E-02
-1.91750E-06,-1.981E-02
-1.91700E-06,-2.021E-02
-1.91650E-06,-1.981E-02
-1.91600E-06,-1.981E-02
-1.91550E-06,-1.981E-02
-1.91500E-06,-2.021E-02
-1.91450E-06,-1.941E-02
-1.91400E-06,-1.981E-02
-1.91350E-06,-1.981E-02
-1.91300E-06,-1.941E-02
-1.91250E-06,-1.941E-02
-1.91200E-06,-1.941E-02
-1.91150E-06,-1.901E-02
-1.91100E-06,-1.941E-02
-1.91050E-06,-1.941E-02
-1.91000E-06,-1.941E-02
-1.90950E-06,-1.981E-02
-1.90900E-06,-1.941E-02
-1.90850E-06,-1.941E-02
-1.90800E-06,-1.941E-02
-1.90750E-06,-1.941E-02
-1.90700E-06,-1.941E-02
-1.90650E-06,-1.941E-02
-1.90600E-06,-1.941E-02
-1.90550E-06,-1.941E-02
-1.90500E-06,-1.941E-02
-1.90450E-06,-1.941E-02
-1.90400E-06,-1.941E-02
-1.90350E-06,-1.941E-02
-1.90300E-06,-1.941E-02
-1.90250E-06,-1.941E-02
-1.90200E-06,-1.941E-02
-1.90150E-06,-1.901E-02
-1.90100E-06,-1.941E-02
-1.90050E-06,-1.901E-02
-1.90000E-06,-1.941E-02
-1.89950E-06,-1.901E-02
-1.89900E-06,-1.941E-02
-1.89850E-06,-1.941E-02
-1.89800E-06,-1.941E-02
-1.89750E-06,-1.901E-02
-1.89700E-06,-1.941E-02
-1.89650E-06,-1.901E-02
-1.89600E-06,-1.941E-02
-1.89550E-06,-1.941E-02
-1.89500E-06,-1.901E-02
-1.89450E-06,-1.901E-02
-1.89400E-06,-1.941E-02
-1.89350E-06,-1.901E-02
-1.89300E-06,-1.941E-02
-1.89250E-06,-1.901E-02
-1.89200E-06,-1.901E-02
-1.89150E-06,-1.901E-02
-1.89100E-06,-1.941E-02
-1.89050E-06,-1.901E-02
-1.89000E-06,-1.901E-02
-1.88950E-06,-1.901E-02
-1.88900E-06,-1.901E-02
-1.88850E-06,-1.901E-02
-1.88800E-06,-1.901E-02
-1.88750E-06,-1.901E-02
-1.88700E-06,-1.901E-02
-1.88650E-06,-1.901E-02
-1.88600E-06,-1.901E-02
-1.88550E-06,-1.901E-02
-1.88500E-06,-1.861E-02
-1.88450E-06,-1.861E-02
-1.88400E-06,-1.901E-02
-1.88350E-06,-1.861E-02
-1.88300E-06,-1.861E-02
-1.88250E-06,-1.861E-02
-1.88200E-06,-1.861E-02
-1.88150E-06,-1.821E-02
-1.88100E-06,-1.821E-02
-1.88050E-06,-1.821E-02
-1.88000E-06,-1.861E-02
-1.87950E-06,-1.821E-02
-1.87900E-06,-1.861E-02
-1.87850E-06,-1.861E-02
-1.87800E-06,-1.901E-02
-1.87750E-06,-1.861E-02
-1.87700E-06,-1.861E-02
-1.87650E-06,-1.821E-02
-1.87600E-06,-1.821E-02
-1.87550E-06,-1.821E-02
-1.87500E-06,-1.781E-02
-1.87450E-06,-1.781E-02
-1.87400E-06,-1.821E-02
-1.87350E-06,-1.821E-02
-1.87300E-06,-1.821E-02
-1.87250E-06,-1.821E-02
-1.87200E-06,-1.821E-02
-1.87150E-06,-1.821E-02
-1.87100E-06,-1.821E-02
-1.87050E-06,-1.821E-02
-1.87000E-06,-1.821E-02
-1.86950E-06,-1.781E-02
-1.86900E-06,-1.821E-02
-1.86850E-06,-1.781E-02
-1.86800E-06,-1.821E-02
-1.86750E-06,-1.781E-02
-1.86700E-06,-1.781E-02
-1.86650E-06,-1.781E-02
-1.86600E-06,-1.821E-02
-1.86550E-06,-1.781E-02
-1.86500E-06,-1.781E-02
-1.86450E-06,-1.781E-02
-1.86400E-06,-1.741E-02
-1.86350E-06,-1.781E-02
-1.86300E-06,-1.781E-02
-1.86250E-06,-1.781E-02
-1.86200E-06,-1.781E-02
-1.86150E-06,-1.781E-02
-1.86100E-06,-1.781E-02
-1.86050E-06,-1.781E-02
-1.86000E-06,-1.741E-02
-1.85950E-06,-1.741E-02
-1.85900E-06,-1.701E-02
-1.85850E-06,-1.741E-02
-1.85800E-06,-1.741E-02
-1.85750E-06,-1.741E-02
-1.85700E-06,-1.701E-02
-1.85650E-06,-1.741E-02
-1.85600E-06,-1.781E-02
-1.85550E-06,-1.781E-02
-1.85500E-06,-1.781E-02
-1.85450E-06,-1.781E-02
-1.85400E-06,-1.741E-02
-1.85350E-06,-1.741E-02
-1.85300E-06,-1.741E-02
-1.85250E-06,-1.741E-02
-1.85200E-06,-1.701E-02
-1.85150E-06,-1.741E-02
-1.85100E-06,-1.701E-02
-1.85050E-06,-1.701E-02
-1.85000E-06,-1.701E-02
-1.84950E-06,-1.701E-02
-1.84900E-06,-1.701E-02
-1.84850E-06,-1.701E-02
-1.84800E-06,-1.661E-02
-1.84750E-06,-1.701E-02
-1.84700E-06,-1.661E-02
-1.84650E-06,-1.701E-02
-1.84600E-06,-1.701E-02
-1.84550E-06,-1.701E-02
-1.84500E-06,-1.661E-02
-1.84450E-06,-1.661E-02
-1.84400E-06,-1.661E-02
-1.84350E-06,-1.701E-02
-1.84300E-06,-1.661E-02
-1.84250E-06,-1.701E-02
-1.84200E-06,-1.661E-02
-1.84150E-06,-1.661E-02
-1.84100E-06,-1.661E-02
-1.84050E-06,-1.661E-02
-1.84000E-06,-1.661E-02
-1.83950E-06,-1.661E-02
-1.83900E-06,-1.661E-02
-1.83850E-06,-1.661E-02
-1.83800E-06,-1.621E-02
-1.83750E-06,-1.621E-02
-1.83700E-06,-1.621E-02
-1.83650E-06,-1.661E-02
-1.83600E-06,-1.661E-02
-1.83550E-06,-1.661E-02
-1.83500E-06,-1.661E-02
-1.83450E-06,-1.701E-02
-1.83400E-06,-1.661E-02
-1.83350E-06,-1.661E-02
-1.83300E-06,-1.661E-02
-1.83250E-06,-1.661E-02
-1.83200E-06,-1.661E-02
-1.83150E-06,-1.661E-02
-1.83100E-06,-1.661E-02
-1.83050E-06,-1.621E-02
-1.83000E-06,-1.621E-02
-1.82950E-06,-1.621E-02
-1.82900E-06,-1.661E-02
-1.82850E-06,-1.621E-02
-1.82800E-06,-1.621E-02
-1.82750E-06,-1.621E-02
-1.82700E-06,-1.621E-02
-1.82650E-06,-1.621E-02
-1.82600E-06,-1.621E-02
-1.82550E-06,-1.581E-02
-1.82500E-06,-1.581E-02
-1.82450E-06,-1.581E-02
-1.82400E-06,-1.621E-02
-1.82350E-06,-1.621E-02
-1.82300E-06,-1.581E-02
-1.82250E-06,-1.621E-02
-1.82200E-06,-1.581E-02
-1.82150E-06,-1.581E-02
-1.82100E-06,-1.621E-02
-1.82050E-06,-1.581E-02
-1.82000E-06,-1.581E-02
-1.81950E-06,-1.581E-02
-1.81900E-06,-1.581E-02
-1.81850E-06,-1.581E-02
-1.81800E-06,-1.581E-02
-1.81750E-06,-1.541E-02
-1.81700E-06,-1.581E-02
-1.81650E-06,-1.581E-02
-1.81600E-06,-1.581E-02
-1.81550E-06,-1.581E-02
-1.81500E-06,-1.581E-02
-1.81450E-06,-1.581E-02
-1.81400E-06,-1.541E-02
-1.81350E-06,-1.581E-02
-1.81300E-06,-1.541E-02
-1.81250E-06,-1.541E-02
-1.81200E-06,-1.541E-02
-1.81150E-06,-1.541E-02
-1.81100E-06,-1.541E-02
-1.81050E-06,-1.501E-02
-1.81000E-06,-1.541E-02
-1.80950E-06,-1.541E-02
-1.80900E-06,-1.541E-02
-1.80850E-06,-1.541E-02
-1.80800E-06,-1.501E-02
-1.80750E-06,-1.501E-02
-1.80700E-06,-1.461E-02
-1.80650E-06,-1.461E-02
-1.80600E-06,-1.461E-02
-1.80550E-06,-1.461E-02
-1.80500E-06,-1.421E-02
-1.80450E-06,-1.421E-02
-1.80400E-06,-1.461E-02
-1.80350E-06,-1.461E-02
-1.80300E-06,-1.461E-02
-1.80250E-06,-1.461E-02
-1.80200E-06,-1.461E-02
-1.80150E-06,-1.461E-02
-1.80100E-06,-1.461E-02
-1.80050E-06,-1.421E-02
-1.80000E-06,-1.421E-02
