[s],CH1[V]
-2.9894E-04,6.321E-01
-2.9894E-04,6.481E-01
-2.9888E-04,6.321E-01
-2.9888E-04,6.561E-01
-2.9882E-04,6.401E-01
-2.9882E-04,6.561E-01
-2.9876E-04,6.401E-01
-2.9876E-04,6.561E-01
-2.9870E-04,6.401E-01
-2.9870E-04,6.641E-01
-2.9864E-04,6.321E-01
-2.9864E-04,6.641E-01
-2.9858E-04,6.321E-01
-2.9858E-04,6.641E-01
-2.9852E-04,6.481E-01
-2.9852E-04,6.641E-01
-2.9846E-04,6.481E-01
-2.9846E-04,6.641E-01
-2.9840E-04,6.481E-01
-2.9840E-04,6.641E-01
-2.9834E-04,6.481E-01
-2.9834E-04,6.641E-01
-2.9828E-04,6.561E-01
-2.9828E-04,6.641E-01
-2.9822E-04,6.481E-01
-2.9822E-04,6.721E-01
-2.9816E-04,6.561E-01
-2.9816E-04,6.721E-01
-2.9810E-04,6.561E-01
-2.9810E-04,6.721E-01
-2.9804E-04,6.561E-01
-2.9804E-04,6.801E-01
-2.9798E-04,6.561E-01
-2.9798E-04,6.721E-01
-2.9792E-04,6.561E-01
-2.9792E-04,6.801E-01
-2.9786E-04,6.561E-01
-2.9786E-04,6.801E-01
-2.9780E-04,6.641E-01
-2.9780E-04,6.801E-01
-2.9774E-04,6.641E-01
-2.9774E-04,6.801E-01
-2.9768E-04,6.641E-01
-2.9768E-04,6.881E-01
-2.9762E-04,6.641E-01
-2.9762E-04,6.881E-01
-2.9756E-04,6.721E-01
-2.9756E-04,6.881E-01
-2.9750E-04,6.721E-01
-2.9750E-04,6.881E-01
-2.9744E-04,6.721E-01
-2.9744E-04,6.961E-01
-2.9738E-04,6.801E-01
-2.9738E-04,6.961E-01
-2.9732E-04,6.801E-01
-2.9732E-04,6.961E-01
-2.9726E-04,6.801E-01
-2.9726E-04,6.961E-01
-2.9720E-04,6.801E-01
-2.9720E-04,6.961E-01
-2.9714E-04,6.881E-01
-2.9714E-04,7.041E-01
-2.9708E-04,6.801E-01
-2.9708E-04,7.041E-01
-2.9702E-04,6.801E-01
-2.9702E-04,7.041E-01
-2.9696E-04,6.881E-01
-2.9696E-04,7.041E-01
-2.9690E-04,6.881E-01
-2.9690E-04,7.041E-01
-2.9684E-04,6.881E-01
-2.9684E-04,7.121E-01
-2.9678E-04,6.881E-01
-2.9678E-04,7.121E-01
-2.9672E-04,6.961E-01
-2.9672E-04,7.121E-01
-2.9666E-04,6.961E-01
-2.9666E-04,7.121E-01
-2.9660E-04,6.961E-01
-2.9660E-04,7.121E-01
-2.9654E-04,6.961E-01
-2.9654E-04,7.121E-01
-2.9648E-04,6.961E-01
-2.9648E-04,7.121E-01
-2.9642E-04,6.961E-01
-2.9642E-04,7.121E-01
-2.9636E-04,6.961E-01
-2.9636E-04,7.121E-01
-2.9630E-04,7.041E-01
-2.9630E-04,7.121E-01
-2.9624E-04,6.961E-01
-2.9624E-04,7.201E-01
-2.9618E-04,6.961E-01
-2.9618E-04,7.201E-01
-2.9612E-04,6.961E-01
-2.9612E-04,7.201E-01
-2.9606E-04,7.041E-01
-2.9606E-04,7.201E-01
-2.9600E-04,7.041E-01
-2.9600E-04,7.201E-01
-2.9594E-04,7.041E-01
-2.9594E-04,7.281E-01
-2.9588E-04,7.121E-01
-2.9588E-04,7.281E-01
-2.9582E-04,7.121E-01
-2.9582E-04,7.281E-01
-2.9576E-04,7.121E-01
-2.9576E-04,7.281E-01
-2.9570E-04,7.121E-01
-2.9570E-04,7.281E-01
-2.9564E-04,7.121E-01
-2.9564E-04,7.281E-01
-2.9558E-04,7.121E-01
-2.9558E-04,7.281E-01
-2.9552E-04,7.121E-01
-2.9552E-04,7.281E-01
-2.9546E-04,7.121E-01
-2.9546E-04,7.281E-01
-2.9540E-04,7.201E-01
-2.9540E-04,7.361E-01
-2.9534E-04,7.201E-01
-2.9534E-04,7.361E-01
-2.9528E-04,7.201E-01
-2.9528E-04,7.361E-01
-2.9522E-04,7.201E-01
-2.9522E-04,7.361E-01
-2.9516E-04,7.201E-01
-2.9516E-04,7.361E-01
-2.9510E-04,7.201E-01
-2.9510E-04,7.441E-01
-2.9504E-04,7.281E-01
-2.9504E-04,7.441E-01
-2.9498E-04,7.201E-01
-2.9498E-04,7.441E-01
-2.9492E-04,7.281E-01
-2.9492E-04,7.441E-01
-2.9486E-04,7.281E-01
-2.9486E-04,7.521E-01
-2.9480E-04,7.281E-01
-2.9480E-04,7.521E-01
-2.9474E-04,7.361E-01
-2.9474E-04,7.521E-01
-2.9468E-04,7.361E-01
-2.9468E-04,7.521E-01
-2.9462E-04,7.361E-01
-2.9462E-04,7.521E-01
-2.9456E-04,7.361E-01
-2.9456E-04,7.601E-01
-2.9450E-04,7.361E-01
-2.9450E-04,7.601E-01
-2.9444E-04,7.361E-01
-2.9444E-04,7.601E-01
-2.9438E-04,7.361E-01
-2.9438E-04,7.601E-01
-2.9432E-04,7.361E-01
-2.9432E-04,7.601E-01
-2.9426E-04,7.441E-01
-2.9426E-04,7.601E-01
-2.9420E-04,7.441E-01
-2.9420E-04,7.681E-01
-2.9414E-04,7.521E-01
-2.9414E-04,7.681E-01
-2.9408E-04,7.521E-01
-2.9408E-04,7.681E-01
-2.9402E-04,7.521E-01
-2.9402E-04,7.681E-01
-2.9396E-04,7.521E-01
-2.9396E-04,7.681E-01
-2.9390E-04,7.521E-01
-2.9390E-04,7.761E-01
-2.9384E-04,7.601E-01
-2.9384E-04,7.761E-01
-2.9378E-04,7.601E-01
-2.9378E-04,7.761E-01
-2.9372E-04,7.601E-01
-2.9372E-04,7.761E-01
-2.9366E-04,7.601E-01
-2.9366E-04,7.841E-01
-2.9360E-04,7.681E-01
-2.9360E-04,7.761E-01
-2.9354E-04,7.681E-01
-2.9354E-04,7.841E-01
-2.9348E-04,7.681E-01
-2.9348E-04,7.841E-01
-2.9342E-04,7.681E-01
-2.9342E-04,7.841E-01
-2.9336E-04,7.681E-01
-2.9336E-04,7.841E-01
-2.9330E-04,7.681E-01
-2.9330E-04,7.841E-01
-2.9324E-04,7.761E-01
-2.9324E-04,7.921E-01
-2.9318E-04,7.761E-01
-2.9318E-04,7.921E-01
-2.9312E-04,7.681E-01
-2.9312E-04,7.921E-01
-2.9306E-04,7.761E-01
-2.9306E-04,7.921E-01
-2.9300E-04,7.761E-01
-2.9300E-04,7.921E-01
-2.9294E-04,7.761E-01
-2.9294E-04,7.921E-01
-2.9288E-04,7.761E-01
-2.9288E-04,8.001E-01
-2.9282E-04,7.761E-01
-2.9282E-04,8.001E-01
-2.9276E-04,7.761E-01
-2.9276E-04,8.001E-01
-2.9270E-04,7.841E-01
-2.9270E-04,8.001E-01
-2.9264E-04,7.841E-01
-2.9264E-04,8.001E-01
-2.9258E-04,7.841E-01
-2.9258E-04,8.081E-01
-2.9252E-04,7.841E-01
-2.9252E-04,8.081E-01
-2.9246E-04,7.841E-01
-2.9246E-04,8.081E-01
-2.9240E-04,7.841E-01
-2.9240E-04,8.081E-01
-2.9234E-04,7.921E-01
-2.9234E-04,8.161E-01
-2.9228E-04,7.921E-01
-2.9228E-04,8.161E-01
-2.9222E-04,7.921E-01
-2.9222E-04,8.081E-01
-2.9216E-04,7.921E-01
-2.9216E-04,8.161E-01
-2.9210E-04,7.921E-01
-2.9210E-04,8.161E-01
-2.9204E-04,8.001E-01
-2.9204E-04,8.161E-01
-2.9198E-04,8.001E-01
-2.9198E-04,8.161E-01
-2.9192E-04,8.001E-01
-2.9192E-04,8.161E-01
-2.9186E-04,8.001E-01
-2.9186E-04,8.241E-01
-2.9180E-04,8.001E-01
-2.9180E-04,8.241E-01
-2.9174E-04,8.001E-01
-2.9174E-04,8.241E-01
-2.9168E-04,8.001E-01
-2.9168E-04,8.241E-01
-2.9162E-04,8.001E-01
-2.9162E-04,8.241E-01
-2.9156E-04,8.081E-01
-2.9156E-04,8.321E-01
-2.9150E-04,8.081E-01
-2.9150E-04,8.241E-01
-2.9144E-04,8.081E-01
-2.9144E-04,8.241E-01
-2.9138E-04,8.081E-01
-2.9138E-04,8.321E-01
-2.9132E-04,8.081E-01
-2.9132E-04,8.321E-01
-2.9126E-04,8.081E-01
-2.9126E-04,8.321E-01
-2.9120E-04,8.161E-01
-2.9120E-04,8.321E-01
-2.9114E-04,8.161E-01
-2.9114E-04,8.321E-01
-2.9108E-04,8.161E-01
-2.9108E-04,8.321E-01
-2.9102E-04,8.081E-01
-2.9102E-04,8.321E-01
-2.9096E-04,8.161E-01
-2.9096E-04,8.401E-01
-2.9090E-04,8.241E-01
-2.9090E-04,8.401E-01
-2.9084E-04,8.241E-01
-2.9084E-04,8.401E-01
-2.9078E-04,8.241E-01
-2.9078E-04,8.401E-01
-2.9072E-04,8.241E-01
-2.9072E-04,8.401E-01
-2.9066E-04,8.241E-01
-2.9066E-04,8.481E-01
-2.9060E-04,8.241E-01
-2.9060E-04,8.481E-01
-2.9054E-04,8.321E-01
-2.9054E-04,8.481E-01
-2.9048E-04,8.321E-01
-2.9048E-04,8.401E-01
-2.9042E-04,8.321E-01
-2.9042E-04,8.481E-01
-2.9036E-04,8.321E-01
-2.9036E-04,8.481E-01
-2.9030E-04,8.321E-01
-2.9030E-04,8.481E-01
-2.9024E-04,8.321E-01
-2.9024E-04,8.481E-01
-2.9018E-04,8.321E-01
-2.9018E-04,8.481E-01
-2.9012E-04,8.321E-01
-2.9012E-04,8.561E-01
-2.9006E-04,8.321E-01
-2.9006E-04,8.561E-01
-2.9000E-04,8.321E-01
-2.9000E-04,8.561E-01
-2.8994E-04,8.401E-01
-2.8994E-04,8.561E-01
-2.8988E-04,8.321E-01
-2.8988E-04,8.561E-01
-2.8982E-04,8.321E-01
-2.8982E-04,8.561E-01
-2.8976E-04,8.401E-01
-2.8976E-04,8.561E-01
-2.8970E-04,8.401E-01
-2.8970E-04,8.641E-01
-2.8964E-04,8.401E-01
-2.8964E-04,8.561E-01
-2.8958E-04,8.401E-01
-2.8958E-04,8.641E-01
-2.8952E-04,8.401E-01
-2.8952E-04,8.641E-01
-2.8946E-04,8.481E-01
-2.8946E-04,8.641E-01
-2.8940E-04,8.481E-01
-2.8940E-04,8.641E-01
-2.8934E-04,8.481E-01
-2.8934E-04,8.641E-01
-2.8928E-04,8.481E-01
-2.8928E-04,8.641E-01
-2.8922E-04,8.481E-01
-2.8922E-04,8.721E-01
-2.8916E-04,8.481E-01
-2.8916E-04,8.721E-01
-2.8910E-04,8.481E-01
-2.8910E-04,8.721E-01
-2.8904E-04,8.481E-01
-2.8904E-04,8.721E-01
-2.8898E-04,8.561E-01
-2.8898E-04,8.721E-01
-2.8892E-04,8.561E-01
-2.8892E-04,8.721E-01
-2.8886E-04,8.561E-01
-2.8886E-04,8.721E-01
-2.8880E-04,8.561E-01
-2.8880E-04,8.721E-01
-2.8874E-04,8.561E-01
-2.8874E-04,8.721E-01
-2.8868E-04,8.561E-01
-2.8868E-04,8.801E-01
-2.8862E-04,8.561E-01
-2.8862E-04,8.721E-01
-2.8856E-04,8.561E-01
-2.8856E-04,8.721E-01
-2.8850E-04,8.561E-01
-2.8850E-04,8.801E-01
-2.8844E-04,8.641E-01
-2.8844E-04,8.801E-01
-2.8838E-04,8.641E-01
-2.8838E-04,8.801E-01
-2.8832E-04,8.641E-01
-2.8832E-04,8.801E-01
-2.8826E-04,8.641E-01
-2.8826E-04,8.801E-01
-2.8820E-04,8.641E-01
-2.8820E-04,8.801E-01
-2.8814E-04,8.641E-01
-2.8814E-04,8.881E-01
-2.8808E-04,8.641E-01
-2.8808E-04,8.801E-01
-2.8802E-04,8.641E-01
-2.8802E-04,8.801E-01
-2.8796E-04,8.641E-01
-2.8796E-04,8.881E-01
-2.8790E-04,8.721E-01
-2.8790E-04,8.961E-01
-2.8784E-04,8.801E-01
-2.8784E-04,9.041E-01
-2.8778E-04,8.801E-01
-2.8778E-04,9.041E-01
-2.8772E-04,8.721E-01
-2.8772E-04,8.961E-01
-2.8766E-04,8.721E-01
-2.8766E-04,8.961E-01
-2.8760E-04,8.721E-01
-2.8760E-04,8.961E-01
-2.8754E-04,8.721E-01
-2.8754E-04,8.961E-01
-2.8748E-04,8.721E-01
-2.8748E-04,8.961E-01
-2.8742E-04,8.721E-01
-2.8742E-04,8.961E-01
-2.8736E-04,8.721E-01
-2.8736E-04,8.961E-01
-2.8730E-04,8.801E-01
-2.8730E-04,8.961E-01
-2.8724E-04,8.721E-01
-2.8724E-04,8.961E-01
-2.8718E-04,8.801E-01
-2.8718E-04,9.041E-01
-2.8712E-04,8.801E-01
-2.8712E-04,9.041E-01
-2.8706E-04,8.801E-01
-2.8706E-04,9.041E-01
-2.8700E-04,8.801E-01
-2.8700E-04,9.041E-01
-2.8694E-04,8.801E-01
-2.8694E-04,9.041E-01
-2.8688E-04,8.801E-01
-2.8688E-04,9.041E-01
-2.8682E-04,8.801E-01
-2.8682E-04,9.041E-01
-2.8676E-04,8.801E-01
-2.8676E-04,9.041E-01
-2.8670E-04,8.881E-01
-2.8670E-04,9.041E-01
-2.8664E-04,8.881E-01
-2.8664E-04,9.041E-01
-2.8658E-04,8.881E-01
-2.8658E-04,9.041E-01
-2.8652E-04,8.881E-01
-2.8652E-04,9.041E-01
-2.8646E-04,8.881E-01
-2.8646E-04,9.121E-01
-2.8640E-04,8.881E-01
-2.8640E-04,9.121E-01
-2.8634E-04,8.881E-01
-2.8634E-04,9.121E-01
-2.8628E-04,8.961E-01
-2.8628E-04,9.121E-01
-2.8622E-04,8.961E-01
-2.8622E-04,9.121E-01
-2.8616E-04,8.961E-01
-2.8616E-04,9.201E-01
-2.8610E-04,8.961E-01
-2.8610E-04,9.201E-01
-2.8604E-04,8.961E-01
-2.8604E-04,9.201E-01
-2.8598E-04,8.961E-01
-2.8598E-04,9.121E-01
-2.8592E-04,8.961E-01
-2.8592E-04,9.201E-01
-2.8586E-04,8.961E-01
-2.8586E-04,9.201E-01
-2.8580E-04,8.961E-01
-2.8580E-04,9.201E-01
-2.8574E-04,9.041E-01
-2.8574E-04,9.121E-01
-2.8568E-04,9.041E-01
-2.8568E-04,9.201E-01
-2.8562E-04,9.041E-01
-2.8562E-04,9.201E-01
-2.8556E-04,9.041E-01
-2.8556E-04,9.201E-01
-2.8550E-04,9.041E-01
-2.8550E-04,9.201E-01
-2.8544E-04,9.041E-01
-2.8544E-04,9.201E-01
-2.8538E-04,9.041E-01
-2.8538E-04,9.201E-01
-2.8532E-04,9.041E-01
-2.8532E-04,9.281E-01
-2.8526E-04,9.041E-01
-2.8526E-04,9.281E-01
-2.8520E-04,9.041E-01
-2.8520E-04,9.281E-01
-2.8514E-04,9.041E-01
-2.8514E-04,9.281E-01
-2.8508E-04,9.041E-01
-2.8508E-04,9.281E-01
-2.8502E-04,9.121E-01
-2.8502E-04,9.281E-01
-2.8496E-04,9.041E-01
-2.8496E-04,9.281E-01
-2.8490E-04,9.041E-01
-2.8490E-04,9.281E-01
-2.8484E-04,9.041E-01
-2.8484E-04,9.361E-01
-2.8478E-04,9.121E-01
-2.8478E-04,9.281E-01
-2.8472E-04,9.121E-01
-2.8472E-04,9.281E-01
-2.8466E-04,9.121E-01
-2.8466E-04,9.281E-01
-2.8460E-04,9.121E-01
-2.8460E-04,9.281E-01
-2.8454E-04,9.121E-01
-2.8454E-04,9.281E-01
-2.8448E-04,9.121E-01
-2.8448E-04,9.361E-01
-2.8442E-04,9.201E-01
-2.8442E-04,9.361E-01
-2.8436E-04,9.201E-01
-2.8436E-04,9.361E-01
-2.8430E-04,9.121E-01
-2.8430E-04,9.361E-01
-2.8424E-04,9.201E-01
-2.8424E-04,9.361E-01
-2.8418E-04,9.201E-01
-2.8418E-04,9.441E-01
-2.8412E-04,9.201E-01
-2.8412E-04,9.361E-01
-2.8406E-04,9.201E-01
-2.8406E-04,9.361E-01
-2.8400E-04,9.201E-01
-2.8400E-04,9.361E-01
-2.8394E-04,9.201E-01
-2.8394E-04,9.361E-01
-2.8388E-04,9.201E-01
-2.8388E-04,9.361E-01
-2.8382E-04,9.201E-01
-2.8382E-04,9.361E-01
-2.8376E-04,9.201E-01
-2.8376E-04,9.361E-01
-2.8370E-04,9.281E-01
-2.8370E-04,9.441E-01
-2.8364E-04,9.201E-01
-2.8364E-04,9.441E-01
-2.8358E-04,9.201E-01
-2.8358E-04,9.441E-01
-2.8352E-04,9.201E-01
-2.8352E-04,9.361E-01
-2.8346E-04,9.201E-01
-2.8346E-04,9.441E-01
-2.8340E-04,9.281E-01
-2.8340E-04,9.441E-01
-2.8334E-04,9.201E-01
-2.8334E-04,9.441E-01
-2.8328E-04,9.201E-01
-2.8328E-04,9.441E-01
-2.8322E-04,9.281E-01
-2.8322E-04,9.441E-01
-2.8316E-04,9.281E-01
-2.8316E-04,9.441E-01
-2.8310E-04,9.281E-01
-2.8310E-04,9.441E-01
-2.8304E-04,9.281E-01
-2.8304E-04,9.521E-01
-2.8298E-04,9.201E-01
-2.8298E-04,9.441E-01
-2.8292E-04,9.281E-01
-2.8292E-04,9.441E-01
-2.8286E-04,9.281E-01
-2.8286E-04,9.521E-01
-2.8280E-04,9.281E-01
-2.8280E-04,9.521E-01
-2.8274E-04,9.281E-01
-2.8274E-04,9.521E-01
-2.8268E-04,9.361E-01
-2.8268E-04,9.521E-01
-2.8262E-04,9.281E-01
-2.8262E-04,9.521E-01
-2.8256E-04,9.281E-01
-2.8256E-04,9.601E-01
-2.8250E-04,9.361E-01
-2.8250E-04,9.601E-01
-2.8244E-04,9.361E-01
-2.8244E-04,9.601E-01
-2.8238E-04,9.361E-01
-2.8238E-04,9.601E-01
-2.8232E-04,9.441E-01
-2.8232E-04,9.601E-01
-2.8226E-04,9.441E-01
-2.8226E-04,9.601E-01
-2.8220E-04,9.441E-01
-2.8220E-04,9.601E-01
-2.8214E-04,9.361E-01
-2.8214E-04,9.601E-01
-2.8208E-04,9.361E-01
-2.8208E-04,9.601E-01
-2.8202E-04,9.361E-01
-2.8202E-04,9.521E-01
-2.8196E-04,9.361E-01
-2.8196E-04,9.521E-01
-2.8190E-04,9.361E-01
-2.8190E-04,9.601E-01
-2.8184E-04,9.361E-01
-2.8184E-04,9.521E-01
-2.8178E-04,9.361E-01
-2.8178E-04,9.521E-01
-2.8172E-04,9.281E-01
-2.8172E-04,9.521E-01
-2.8166E-04,9.361E-01
-2.8166E-04,9.521E-01
-2.8160E-04,9.281E-01
-2.8160E-04,9.521E-01
-2.8154E-04,9.361E-01
-2.8154E-04,9.521E-01
-2.8148E-04,9.361E-01
-2.8148E-04,9.601E-01
-2.8142E-04,9.361E-01
-2.8142E-04,9.521E-01
-2.8136E-04,9.361E-01
-2.8136E-04,9.601E-01
-2.8130E-04,9.361E-01
-2.8130E-04,9.601E-01
-2.8124E-04,9.361E-01
-2.8124E-04,9.601E-01
-2.8118E-04,9.361E-01
-2.8118E-04,9.601E-01
-2.8112E-04,9.361E-01
-2.8112E-04,9.601E-01
-2.8106E-04,9.361E-01
-2.8106E-04,9.601E-01
-2.8100E-04,9.361E-01
-2.8100E-04,9.601E-01
-2.8094E-04,9.361E-01
-2.8094E-04,9.601E-01
-2.8088E-04,9.361E-01
-2.8088E-04,9.601E-01
-2.8082E-04,9.361E-01
-2.8082E-04,9.601E-01
-2.8076E-04,9.361E-01
-2.8076E-04,9.601E-01
-2.8070E-04,9.361E-01
-2.8070E-04,9.601E-01
-2.8064E-04,9.361E-01
-2.8064E-04,9.521E-01
-2.8058E-04,9.441E-01
-2.8058E-04,9.601E-01
-2.8052E-04,9.441E-01
-2.8052E-04,9.601E-01
-2.8046E-04,9.361E-01
-2.8046E-04,9.601E-01
-2.8040E-04,9.361E-01
-2.8040E-04,9.601E-01
-2.8034E-04,9.361E-01
-2.8034E-04,9.601E-01
-2.8028E-04,9.441E-01
-2.8028E-04,9.601E-01
-2.8022E-04,9.441E-01
-2.8022E-04,9.601E-01
-2.8016E-04,9.441E-01
-2.8016E-04,9.601E-01
-2.8010E-04,9.441E-01
-2.8010E-04,9.681E-01
-2.8004E-04,9.441E-01
-2.8004E-04,9.681E-01
-2.7998E-04,9.441E-01
-2.7998E-04,9.681E-01
-2.7992E-04,9.441E-01
-2.7992E-04,9.681E-01
-2.7986E-04,9.441E-01
-2.7986E-04,9.601E-01
-2.7980E-04,9.441E-01
-2.7980E-04,9.601E-01
-2.7974E-04,9.441E-01
-2.7974E-04,9.601E-01
-2.7968E-04,9.441E-01
-2.7968E-04,9.681E-01
-2.7962E-04,9.361E-01
-2.7962E-04,9.681E-01
-2.7956E-04,9.521E-01
-2.7956E-04,9.681E-01
-2.7950E-04,9.441E-01
-2.7950E-04,9.681E-01
-2.7944E-04,9.521E-01
-2.7944E-04,9.681E-01
-2.7938E-04,9.521E-01
-2.7938E-04,9.681E-01
-2.7932E-04,9.441E-01
-2.7932E-04,9.681E-01
-2.7926E-04,9.441E-01
-2.7926E-04,9.681E-01
-2.7920E-04,9.521E-01
-2.7920E-04,9.681E-01
-2.7914E-04,9.521E-01
-2.7914E-04,9.681E-01
-2.7908E-04,9.441E-01
-2.7908E-04,9.681E-01
-2.7902E-04,9.521E-01
-2.7902E-04,9.681E-01
-2.7896E-04,9.521E-01
-2.7896E-04,9.681E-01
-2.7890E-04,9.441E-01
-2.7890E-04,9.681E-01
-2.7884E-04,9.441E-01
-2.7884E-04,9.681E-01
-2.7878E-04,9.521E-01
-2.7878E-04,9.681E-01
-2.7872E-04,9.521E-01
-2.7872E-04,9.681E-01
-2.7866E-04,9.521E-01
-2.7866E-04,9.681E-01
-2.7860E-04,9.441E-01
-2.7860E-04,9.681E-01
-2.7854E-04,9.441E-01
-2.7854E-04,9.681E-01
-2.7848E-04,9.441E-01
-2.7848E-04,9.681E-01
-2.7842E-04,9.521E-01
-2.7842E-04,9.681E-01
-2.7836E-04,9.521E-01
-2.7836E-04,9.761E-01
-2.7830E-04,9.521E-01
-2.7830E-04,9.761E-01
-2.7824E-04,9.521E-01
-2.7824E-04,9.761E-01
-2.7818E-04,9.521E-01
-2.7818E-04,9.681E-01
-2.7812E-04,9.521E-01
-2.7812E-04,9.681E-01
-2.7806E-04,9.521E-01
-2.7806E-04,9.681E-01
-2.7800E-04,9.521E-01
-2.7800E-04,9.761E-01
-2.7794E-04,9.521E-01
-2.7794E-04,9.681E-01
-2.7788E-04,9.521E-01
-2.7788E-04,9.681E-01
-2.7782E-04,9.521E-01
-2.7782E-04,9.681E-01
-2.7776E-04,9.521E-01
-2.7776E-04,9.681E-01
-2.7770E-04,9.521E-01
-2.7770E-04,9.681E-01
-2.7764E-04,9.441E-01
-2.7764E-04,9.681E-01
-2.7758E-04,9.521E-01
-2.7758E-04,9.761E-01
-2.7752E-04,9.601E-01
-2.7752E-04,9.761E-01
-2.7746E-04,9.521E-01
-2.7746E-04,9.761E-01
-2.7740E-04,9.521E-01
-2.7740E-04,9.761E-01
-2.7734E-04,9.521E-01
-2.7734E-04,9.681E-01
-2.7728E-04,9.521E-01
-2.7728E-04,9.681E-01
-2.7722E-04,9.521E-01
-2.7722E-04,9.681E-01
-2.7716E-04,9.521E-01
-2.7716E-04,9.681E-01
-2.7710E-04,9.521E-01
-2.7710E-04,9.681E-01
-2.7704E-04,9.601E-01
-2.7704E-04,9.681E-01
-2.7698E-04,9.521E-01
-2.7698E-04,9.761E-01
-2.7692E-04,9.521E-01
-2.7692E-04,9.761E-01
-2.7686E-04,9.521E-01
-2.7686E-04,9.761E-01
-2.7680E-04,9.521E-01
-2.7680E-04,9.761E-01
-2.7674E-04,9.521E-01
-2.7674E-04,9.681E-01
-2.7668E-04,9.521E-01
-2.7668E-04,9.681E-01
-2.7662E-04,9.601E-01
-2.7662E-04,9.681E-01
-2.7656E-04,9.521E-01
-2.7656E-04,9.681E-01
-2.7650E-04,9.521E-01
-2.7650E-04,9.681E-01
-2.7644E-04,9.521E-01
-2.7644E-04,9.761E-01
-2.7638E-04,9.521E-01
-2.7638E-04,9.681E-01
-2.7632E-04,9.521E-01
-2.7632E-04,9.681E-01
-2.7626E-04,9.521E-01
-2.7626E-04,9.681E-01
-2.7620E-04,9.441E-01
-2.7620E-04,9.681E-01
-2.7614E-04,9.521E-01
-2.7614E-04,9.681E-01
-2.7608E-04,9.521E-01
-2.7608E-04,9.681E-01
-2.7602E-04,9.521E-01
-2.7602E-04,9.681E-01
-2.7596E-04,9.521E-01
-2.7596E-04,9.681E-01
-2.7590E-04,9.521E-01
-2.7590E-04,9.681E-01
-2.7584E-04,9.521E-01
-2.7584E-04,9.681E-01
-2.7578E-04,9.521E-01
-2.7578E-04,9.681E-01
-2.7572E-04,9.521E-01
-2.7572E-04,9.681E-01
-2.7566E-04,9.521E-01
-2.7566E-04,9.681E-01
-2.7560E-04,9.441E-01
-2.7560E-04,9.681E-01
-2.7554E-04,9.441E-01
-2.7554E-04,9.681E-01
-2.7548E-04,9.441E-01
-2.7548E-04,9.681E-01
-2.7542E-04,9.441E-01
-2.7542E-04,9.681E-01
-2.7536E-04,9.521E-01
-2.7536E-04,9.761E-01
-2.7530E-04,9.601E-01
-2.7530E-04,9.841E-01
-2.7524E-04,9.601E-01
-2.7524E-04,9.841E-01
-2.7518E-04,9.521E-01
-2.7518E-04,9.761E-01
-2.7512E-04,9.521E-01
-2.7512E-04,9.681E-01
-2.7506E-04,9.441E-01
-2.7506E-04,9.601E-01
-2.7500E-04,9.441E-01
-2.7500E-04,9.681E-01
-2.7494E-04,9.441E-01
-2.7494E-04,9.681E-01
-2.7488E-04,9.441E-01
-2.7488E-04,9.681E-01
-2.7482E-04,9.441E-01
-2.7482E-04,9.601E-01
-2.7476E-04,9.441E-01
-2.7476E-04,9.601E-01
-2.7470E-04,9.441E-01
-2.7470E-04,9.681E-01
-2.7464E-04,9.441E-01
-2.7464E-04,9.681E-01
-2.7458E-04,9.441E-01
-2.7458E-04,9.681E-01
-2.7452E-04,9.441E-01
-2.7452E-04,9.601E-01
-2.7446E-04,9.441E-01
-2.7446E-04,9.601E-01
-2.7440E-04,9.441E-01
-2.7440E-04,9.601E-01
-2.7434E-04,9.441E-01
-2.7434E-04,9.601E-01
-2.7428E-04,9.441E-01
-2.7428E-04,9.601E-01
-2.7422E-04,9.361E-01
-2.7422E-04,9.601E-01
-2.7416E-04,9.441E-01
-2.7416E-04,9.601E-01
-2.7410E-04,9.441E-01
-2.7410E-04,9.601E-01
-2.7404E-04,9.441E-01
-2.7404E-04,9.601E-01
-2.7398E-04,9.361E-01
-2.7398E-04,9.601E-01
-2.7392E-04,9.441E-01
-2.7392E-04,9.601E-01
-2.7386E-04,9.361E-01
-2.7386E-04,9.601E-01
-2.7380E-04,9.361E-01
-2.7380E-04,9.601E-01
-2.7374E-04,9.361E-01
-2.7374E-04,9.601E-01
-2.7368E-04,9.361E-01
-2.7368E-04,9.601E-01
-2.7362E-04,9.361E-01
-2.7362E-04,9.521E-01
-2.7356E-04,9.281E-01
-2.7356E-04,9.521E-01
-2.7350E-04,9.281E-01
-2.7350E-04,9.521E-01
-2.7344E-04,9.281E-01
-2.7344E-04,9.441E-01
-2.7338E-04,9.281E-01
-2.7338E-04,9.441E-01
-2.7332E-04,9.281E-01
-2.7332E-04,9.521E-01
-2.7326E-04,9.281E-01
-2.7326E-04,9.441E-01
-2.7320E-04,9.201E-01
-2.7320E-04,9.441E-01
-2.7314E-04,9.201E-01
-2.7314E-04,9.441E-01
-2.7308E-04,9.201E-01
-2.7308E-04,9.441E-01
-2.7302E-04,9.201E-01
-2.7302E-04,9.441E-01
-2.7296E-04,9.201E-01
-2.7296E-04,9.441E-01
-2.7290E-04,9.281E-01
-2.7290E-04,9.441E-01
-2.7284E-04,9.201E-01
-2.7284E-04,9.361E-01
-2.7278E-04,9.201E-01
-2.7278E-04,9.361E-01
-2.7272E-04,9.201E-01
-2.7272E-04,9.361E-01
-2.7266E-04,9.201E-01
-2.7266E-04,9.361E-01
-2.7260E-04,9.201E-01
-2.7260E-04,9.361E-01
-2.7254E-04,9.201E-01
-2.7254E-04,9.361E-01
-2.7248E-04,9.201E-01
-2.7248E-04,9.361E-01
-2.7242E-04,9.201E-01
-2.7242E-04,9.361E-01
-2.7236E-04,9.201E-01
-2.7236E-04,9.361E-01
-2.7230E-04,9.121E-01
-2.7230E-04,9.281E-01
-2.7224E-04,9.121E-01
-2.7224E-04,9.361E-01
-2.7218E-04,9.121E-01
-2.7218E-04,9.361E-01
-2.7212E-04,9.121E-01
-2.7212E-04,9.281E-01
-2.7206E-04,9.121E-01
-2.7206E-04,9.281E-01
-2.7200E-04,9.121E-01
-2.7200E-04,9.281E-01
-2.7194E-04,9.121E-01
-2.7194E-04,9.281E-01
-2.7188E-04,9.041E-01
-2.7188E-04,9.281E-01
-2.7182E-04,9.041E-01
-2.7182E-04,9.201E-01
-2.7176E-04,9.041E-01
-2.7176E-04,9.201E-01
-2.7170E-04,9.041E-01
-2.7170E-04,9.281E-01
-2.7164E-04,9.041E-01
-2.7164E-04,9.281E-01
-2.7158E-04,9.041E-01
-2.7158E-04,9.201E-01
-2.7152E-04,9.041E-01
-2.7152E-04,9.201E-01
-2.7146E-04,9.041E-01
-2.7146E-04,9.201E-01
-2.7140E-04,9.041E-01
-2.7140E-04,9.201E-01
-2.7134E-04,9.041E-01
-2.7134E-04,9.201E-01
-2.7128E-04,8.961E-01
-2.7128E-04,9.201E-01
-2.7122E-04,8.961E-01
-2.7122E-04,9.201E-01
-2.7116E-04,8.961E-01
-2.7116E-04,9.201E-01
-2.7110E-04,9.041E-01
-2.7110E-04,9.201E-01
-2.7104E-04,9.041E-01
-2.7104E-04,9.201E-01
-2.7098E-04,9.041E-01
-2.7098E-04,9.201E-01
-2.7092E-04,9.041E-01
-2.7092E-04,9.201E-01
-2.7086E-04,9.041E-01
-2.7086E-04,9.201E-01
-2.7080E-04,8.961E-01
-2.7080E-04,9.201E-01
-2.7074E-04,8.961E-01
-2.7074E-04,9.201E-01
-2.7068E-04,9.041E-01
-2.7068E-04,9.201E-01
-2.7062E-04,9.041E-01
-2.7062E-04,9.201E-01
-2.7056E-04,8.961E-01
-2.7056E-04,9.201E-01
-2.7050E-04,8.961E-01
-2.7050E-04,9.201E-01
-2.7044E-04,8.961E-01
-2.7044E-04,9.121E-01
-2.7038E-04,8.961E-01
-2.7038E-04,9.121E-01
-2.7032E-04,8.961E-01
-2.7032E-04,9.201E-01
-2.7026E-04,8.961E-01
-2.7026E-04,9.121E-01
-2.7020E-04,8.961E-01
-2.7020E-04,9.201E-01
-2.7014E-04,8.961E-01
-2.7014E-04,9.201E-01
-2.7008E-04,8.961E-01
-2.7008E-04,9.121E-01
-2.7002E-04,8.961E-01
-2.7002E-04,9.121E-01
-2.6996E-04,8.881E-01
-2.6996E-04,9.121E-01
-2.6990E-04,8.881E-01
-2.6990E-04,9.041E-01
-2.6984E-04,8.881E-01
-2.6984E-04,9.121E-01
-2.6978E-04,8.881E-01
-2.6978E-04,9.121E-01
-2.6972E-04,8.881E-01
-2.6972E-04,9.041E-01
-2.6966E-04,8.801E-01
-2.6966E-04,9.041E-01
-2.6960E-04,8.801E-01
-2.6960E-04,9.041E-01
-2.6954E-04,8.801E-01
-2.6954E-04,9.041E-01
-2.6948E-04,8.801E-01
-2.6948E-04,9.041E-01
-2.6942E-04,8.801E-01
-2.6942E-04,8.961E-01
-2.6936E-04,8.801E-01
-2.6936E-04,9.041E-01
-2.6930E-04,8.801E-01
-2.6930E-04,8.961E-01
-2.6924E-04,8.801E-01
-2.6924E-04,8.961E-01
-2.6918E-04,8.721E-01
-2.6918E-04,8.961E-01
-2.6912E-04,8.721E-01
-2.6912E-04,8.961E-01
-2.6906E-04,8.721E-01
-2.6906E-04,8.961E-01
-2.6900E-04,8.721E-01
-2.6900E-04,8.881E-01
-2.6894E-04,8.721E-01
-2.6894E-04,8.961E-01
-2.6888E-04,8.641E-01
-2.6888E-04,8.881E-01
-2.6882E-04,8.721E-01
-2.6882E-04,8.881E-01
-2.6876E-04,8.721E-01
-2.6876E-04,8.881E-01
-2.6870E-04,8.641E-01
-2.6870E-04,8.801E-01
-2.6864E-04,8.641E-01
-2.6864E-04,8.881E-01
-2.6858E-04,8.641E-01
-2.6858E-04,8.801E-01
-2.6852E-04,8.641E-01
-2.6852E-04,8.801E-01
-2.6846E-04,8.641E-01
-2.6846E-04,8.801E-01
-2.6840E-04,8.641E-01
-2.6840E-04,8.801E-01
-2.6834E-04,8.561E-01
-2.6834E-04,8.881E-01
-2.6828E-04,8.561E-01
-2.6828E-04,8.801E-01
-2.6822E-04,8.561E-01
-2.6822E-04,8.721E-01
-2.6816E-04,8.561E-01
-2.6816E-04,8.721E-01
-2.6810E-04,8.561E-01
-2.6810E-04,8.721E-01
-2.6804E-04,8.561E-01
-2.6804E-04,8.721E-01
-2.6798E-04,8.561E-01
-2.6798E-04,8.721E-01
-2.6792E-04,8.561E-01
-2.6792E-04,8.721E-01
-2.6786E-04,8.561E-01
-2.6786E-04,8.801E-01
-2.6780E-04,8.481E-01
-2.6780E-04,8.641E-01
-2.6774E-04,8.481E-01
-2.6774E-04,8.641E-01
-2.6768E-04,8.481E-01
-2.6768E-04,8.641E-01
-2.6762E-04,8.401E-01
-2.6762E-04,8.641E-01
-2.6756E-04,8.401E-01
-2.6756E-04,8.641E-01
-2.6750E-04,8.481E-01
-2.6750E-04,8.641E-01
-2.6744E-04,8.401E-01
-2.6744E-04,8.641E-01
-2.6738E-04,8.401E-01
-2.6738E-04,8.561E-01
-2.6732E-04,8.401E-01
-2.6732E-04,8.561E-01
-2.6726E-04,8.401E-01
-2.6726E-04,8.641E-01
-2.6720E-04,8.401E-01
-2.6720E-04,8.561E-01
-2.6714E-04,8.321E-01
-2.6714E-04,8.561E-01
-2.6708E-04,8.321E-01
-2.6708E-04,8.561E-01
-2.6702E-04,8.321E-01
-2.6702E-04,8.481E-01
-2.6696E-04,8.321E-01
-2.6696E-04,8.561E-01
-2.6690E-04,8.321E-01
-2.6690E-04,8.481E-01
-2.6684E-04,8.321E-01
-2.6684E-04,8.481E-01
-2.6678E-04,8.321E-01
-2.6678E-04,8.481E-01
-2.6672E-04,8.241E-01
-2.6672E-04,8.481E-01
-2.6666E-04,8.241E-01
-2.6666E-04,8.481E-01
-2.6660E-04,8.241E-01
-2.6660E-04,8.401E-01
-2.6654E-04,8.241E-01
-2.6654E-04,8.401E-01
-2.6648E-04,8.241E-01
-2.6648E-04,8.401E-01
-2.6642E-04,8.241E-01
-2.6642E-04,8.401E-01
-2.6636E-04,8.161E-01
-2.6636E-04,8.401E-01
-2.6630E-04,8.161E-01
-2.6630E-04,8.401E-01
-2.6624E-04,8.161E-01
-2.6624E-04,8.401E-01
-2.6618E-04,8.161E-01
-2.6618E-04,8.321E-01
-2.6612E-04,8.081E-01
-2.6612E-04,8.321E-01
-2.6606E-04,8.161E-01
-2.6606E-04,8.401E-01
-2.6600E-04,8.081E-01
-2.6600E-04,8.321E-01
-2.6594E-04,8.081E-01
-2.6594E-04,8.321E-01
-2.6588E-04,8.081E-01
-2.6588E-04,8.321E-01
-2.6582E-04,8.081E-01
-2.6582E-04,8.241E-01
-2.6576E-04,8.081E-01
-2.6576E-04,8.241E-01
-2.6570E-04,8.081E-01
-2.6570E-04,8.241E-01
-2.6564E-04,8.081E-01
-2.6564E-04,8.241E-01
-2.6558E-04,8.001E-01
-2.6558E-04,8.241E-01
-2.6552E-04,8.001E-01
-2.6552E-04,8.161E-01
-2.6546E-04,8.001E-01
-2.6546E-04,8.241E-01
-2.6540E-04,8.001E-01
-2.6540E-04,8.161E-01
-2.6534E-04,8.001E-01
-2.6534E-04,8.161E-01
-2.6528E-04,8.001E-01
-2.6528E-04,8.081E-01
-2.6522E-04,7.921E-01
-2.6522E-04,8.081E-01
-2.6516E-04,7.921E-01
-2.6516E-04,8.081E-01
-2.6510E-04,7.921E-01
-2.6510E-04,8.081E-01
-2.6504E-04,7.921E-01
-2.6504E-04,8.081E-01
-2.6498E-04,7.841E-01
-2.6498E-04,8.081E-01
-2.6492E-04,7.841E-01
-2.6492E-04,8.081E-01
-2.6486E-04,7.841E-01
-2.6486E-04,8.081E-01
-2.6480E-04,7.841E-01
-2.6480E-04,8.001E-01
-2.6474E-04,7.841E-01
-2.6474E-04,8.001E-01
-2.6468E-04,7.841E-01
-2.6468E-04,8.001E-01
-2.6462E-04,7.841E-01
-2.6462E-04,8.001E-01
-2.6456E-04,7.841E-01
-2.6456E-04,8.001E-01
-2.6450E-04,7.761E-01
-2.6450E-04,7.921E-01
-2.6444E-04,7.761E-01
-2.6444E-04,8.001E-01
-2.6438E-04,7.761E-01
-2.6438E-04,8.001E-01
-2.6432E-04,7.761E-01
-2.6432E-04,7.921E-01
-2.6426E-04,7.681E-01
-2.6426E-04,7.841E-01
-2.6420E-04,7.681E-01
-2.6420E-04,7.921E-01
-2.6414E-04,7.681E-01
-2.6414E-04,7.921E-01
-2.6408E-04,7.681E-01
-2.6408E-04,7.921E-01
-2.6402E-04,7.681E-01
-2.6402E-04,7.921E-01
-2.6396E-04,7.681E-01
-2.6396E-04,7.921E-01
-2.6390E-04,7.681E-01
-2.6390E-04,7.841E-01
-2.6384E-04,7.601E-01
-2.6384E-04,7.841E-01
-2.6378E-04,7.681E-01
-2.6378E-04,7.841E-01
-2.6372E-04,7.601E-01
-2.6372E-04,7.841E-01
-2.6366E-04,7.601E-01
-2.6366E-04,7.761E-01
-2.6360E-04,7.601E-01
-2.6360E-04,7.761E-01
-2.6354E-04,7.521E-01
-2.6354E-04,7.761E-01
-2.6348E-04,7.521E-01
-2.6348E-04,7.761E-01
-2.6342E-04,7.521E-01
-2.6342E-04,7.681E-01
-2.6336E-04,7.521E-01
-2.6336E-04,7.761E-01
-2.6330E-04,7.521E-01
-2.6330E-04,7.681E-01
-2.6324E-04,7.521E-01
-2.6324E-04,7.681E-01
-2.6318E-04,7.521E-01
-2.6318E-04,7.681E-01
-2.6312E-04,7.521E-01
-2.6312E-04,7.681E-01
-2.6306E-04,7.521E-01
-2.6306E-04,7.681E-01
-2.6300E-04,7.441E-01
-2.6300E-04,7.601E-01
-2.6294E-04,7.441E-01
-2.6294E-04,7.601E-01
-2.6288E-04,7.361E-01
-2.6288E-04,7.601E-01
-2.6282E-04,7.361E-01
-2.6282E-04,7.521E-01
-2.6276E-04,7.281E-01
-2.6276E-04,7.521E-01
-2.6270E-04,7.361E-01
-2.6270E-04,7.521E-01
-2.6264E-04,7.361E-01
-2.6264E-04,7.521E-01
-2.6258E-04,7.361E-01
-2.6258E-04,7.521E-01
-2.6252E-04,7.281E-01
-2.6252E-04,7.521E-01
-2.6246E-04,7.361E-01
-2.6246E-04,7.521E-01
-2.6240E-04,7.361E-01
-2.6240E-04,7.521E-01
-2.6234E-04,7.281E-01
-2.6234E-04,7.521E-01
-2.6228E-04,7.281E-01
-2.6228E-04,7.521E-01
-2.6222E-04,7.281E-01
-2.6222E-04,7.441E-01
-2.6216E-04,7.201E-01
-2.6216E-04,7.441E-01
-2.6210E-04,7.201E-01
-2.6210E-04,7.441E-01
-2.6204E-04,7.201E-01
-2.6204E-04,7.441E-01
-2.6198E-04,7.201E-01
-2.6198E-04,7.441E-01
-2.6192E-04,7.201E-01
-2.6192E-04,7.361E-01
-2.6186E-04,7.201E-01
-2.6186E-04,7.361E-01
-2.6180E-04,7.201E-01
-2.6180E-04,7.361E-01
-2.6174E-04,7.121E-01
-2.6174E-04,7.361E-01
-2.6168E-04,7.121E-01
-2.6168E-04,7.281E-01
-2.6162E-04,7.121E-01
-2.6162E-04,7.281E-01
-2.6156E-04,7.121E-01
-2.6156E-04,7.281E-01
-2.6150E-04,7.041E-01
-2.6150E-04,7.281E-01
-2.6144E-04,7.041E-01
-2.6144E-04,7.281E-01
-2.6138E-04,7.041E-01
-2.6138E-04,7.201E-01
-2.6132E-04,7.041E-01
-2.6132E-04,7.201E-01
-2.6126E-04,6.961E-01
-2.6126E-04,7.201E-01
-2.6120E-04,6.961E-01
-2.6120E-04,7.201E-01
-2.6114E-04,6.961E-01
-2.6114E-04,7.201E-01
-2.6108E-04,6.961E-01
-2.6108E-04,7.201E-01
-2.6102E-04,6.961E-01
-2.6102E-04,7.201E-01
-2.6096E-04,6.961E-01
-2.6096E-04,7.201E-01
-2.6090E-04,6.961E-01
-2.6090E-04,7.121E-01
-2.6084E-04,6.961E-01
-2.6084E-04,7.121E-01
-2.6078E-04,6.961E-01
-2.6078E-04,7.121E-01
-2.6072E-04,6.961E-01
-2.6072E-04,7.041E-01
-2.6066E-04,6.881E-01
-2.6066E-04,7.041E-01
-2.6060E-04,6.881E-01
-2.6060E-04,7.041E-01
-2.6054E-04,6.801E-01
-2.6054E-04,7.041E-01
-2.6048E-04,6.881E-01
-2.6048E-04,7.041E-01
-2.6042E-04,6.801E-01
-2.6042E-04,7.041E-01
-2.6036E-04,6.801E-01
-2.6036E-04,6.961E-01
-2.6030E-04,6.801E-01
-2.6030E-04,6.961E-01
-2.6024E-04,6.801E-01
-2.6024E-04,6.961E-01
-2.6018E-04,6.801E-01
-2.6018E-04,6.961E-01
-2.6012E-04,6.721E-01
-2.6012E-04,6.881E-01
-2.6006E-04,6.721E-01
-2.6006E-04,6.961E-01
-2.6000E-04,6.721E-01
-2.6000E-04,6.881E-01
-2.5994E-04,6.721E-01
-2.5994E-04,6.881E-01
-2.5988E-04,6.721E-01
-2.5988E-04,6.881E-01
-2.5982E-04,6.721E-01
-2.5982E-04,6.881E-01
-2.5976E-04,6.721E-01
-2.5976E-04,6.881E-01
-2.5970E-04,6.721E-01
-2.5970E-04,6.881E-01
-2.5964E-04,6.641E-01
-2.5964E-04,6.881E-01
-2.5958E-04,6.641E-01
-2.5958E-04,6.881E-01
-2.5952E-04,6.641E-01
-2.5952E-04,6.881E-01
-2.5946E-04,6.641E-01
-2.5946E-04,6.801E-01
-2.5940E-04,6.641E-01
-2.5940E-04,6.801E-01
-2.5934E-04,6.641E-01
-2.5934E-04,6.801E-01
-2.5928E-04,6.561E-01
-2.5928E-04,6.801E-01
-2.5922E-04,6.561E-01
-2.5922E-04,6.801E-01
-2.5916E-04,6.481E-01
-2.5916E-04,6.721E-01
-2.5910E-04,6.481E-01
-2.5910E-04,6.641E-01
-2.5904E-04,6.481E-01
-2.5904E-04,6.641E-01
-2.5898E-04,6.481E-01
-2.5898E-04,6.641E-01
-2.5892E-04,6.401E-01
-2.5892E-04,6.641E-01
-2.5886E-04,6.401E-01
-2.5886E-04,6.641E-01
-2.5880E-04,6.401E-01
-2.5880E-04,6.641E-01
-2.5874E-04,6.401E-01
-2.5874E-04,6.641E-01
-2.5868E-04,6.401E-01
-2.5868E-04,6.561E-01
-2.5862E-04,6.401E-01
-2.5862E-04,6.561E-01
-2.5856E-04,6.321E-01
-2.5856E-04,6.561E-01
-2.5850E-04,6.321E-01
-2.5850E-04,6.481E-01
-2.5844E-04,6.241E-01
-2.5844E-04,6.481E-01
-2.5838E-04,6.241E-01
-2.5838E-04,6.481E-01
-2.5832E-04,6.321E-01
-2.5832E-04,6.481E-01
-2.5826E-04,6.241E-01
-2.5826E-04,6.481E-01
-2.5820E-04,6.241E-01
-2.5820E-04,6.481E-01
-2.5814E-04,6.241E-01
-2.5814E-04,6.401E-01
-2.5808E-04,6.161E-01
-2.5808E-04,6.401E-01
-2.5802E-04,6.161E-01
-2.5802E-04,6.401E-01
-2.5796E-04,6.161E-01
-2.5796E-04,6.321E-01
-2.5790E-04,6.161E-01
-2.5790E-04,6.321E-01
-2.5784E-04,6.161E-01
-2.5784E-04,6.321E-01
-2.5778E-04,6.161E-01
-2.5778E-04,6.321E-01
-2.5772E-04,6.081E-01
-2.5772E-04,6.321E-01
-2.5766E-04,6.081E-01
-2.5766E-04,6.241E-01
-2.5760E-04,6.081E-01
-2.5760E-04,6.321E-01
-2.5754E-04,6.081E-01
-2.5754E-04,6.241E-01
-2.5748E-04,6.081E-01
-2.5748E-04,6.241E-01
-2.5742E-04,6.081E-01
-2.5742E-04,6.241E-01
-2.5736E-04,6.001E-01
-2.5736E-04,6.241E-01
-2.5730E-04,6.001E-01
-2.5730E-04,6.161E-01
-2.5724E-04,6.001E-01
-2.5724E-04,6.161E-01
-2.5718E-04,6.001E-01
-2.5718E-04,6.161E-01
-2.5712E-04,5.921E-01
-2.5712E-04,6.161E-01
-2.5706E-04,5.921E-01
-2.5706E-04,6.161E-01
-2.5700E-04,5.921E-01
-2.5700E-04,6.161E-01
-2.5694E-04,5.921E-01
-2.5694E-04,6.161E-01
-2.5688E-04,5.921E-01
-2.5688E-04,6.081E-01
-2.5682E-04,5.921E-01
-2.5682E-04,6.081E-01
-2.5676E-04,5.841E-01
-2.5676E-04,6.081E-01
-2.5670E-04,5.841E-01
-2.5670E-04,6.081E-01
-2.5664E-04,5.841E-01
-2.5664E-04,6.001E-01
-2.5658E-04,5.841E-01
-2.5658E-04,6.001E-01
-2.5652E-04,5.841E-01
-2.5652E-04,5.921E-01
-2.5646E-04,5.761E-01
-2.5646E-04,6.001E-01
-2.5640E-04,5.761E-01
-2.5640E-04,6.001E-01
-2.5634E-04,5.761E-01
-2.5634E-04,5.921E-01
-2.5628E-04,5.681E-01
-2.5628E-04,5.921E-01
-2.5622E-04,5.681E-01
-2.5622E-04,5.921E-01
-2.5616E-04,5.681E-01
-2.5616E-04,5.921E-01
-2.5610E-04,5.681E-01
-2.5610E-04,5.921E-01
-2.5604E-04,5.681E-01
-2.5604E-04,5.841E-01
-2.5598E-04,5.681E-01
-2.5598E-04,5.841E-01
-2.5592E-04,5.681E-01
-2.5592E-04,5.841E-01
-2.5586E-04,5.681E-01
-2.5586E-04,5.841E-01
-2.5580E-04,5.601E-01
-2.5580E-04,5.841E-01
-2.5574E-04,5.601E-01
-2.5574E-04,5.841E-01
-2.5568E-04,5.601E-01
-2.5568E-04,5.761E-01
-2.5562E-04,5.601E-01
-2.5562E-04,5.761E-01
-2.5556E-04,5.521E-01
-2.5556E-04,5.761E-01
-2.5550E-04,5.521E-01
-2.5550E-04,5.681E-01
-2.5544E-04,5.521E-01
-2.5544E-04,5.681E-01
-2.5538E-04,5.521E-01
-2.5538E-04,5.681E-01
-2.5532E-04,5.521E-01
-2.5532E-04,5.681E-01
-2.5526E-04,5.441E-01
-2.5526E-04,5.681E-01
-2.5520E-04,5.441E-01
-2.5520E-04,5.681E-01
-2.5514E-04,5.441E-01
-2.5514E-04,5.681E-01
-2.5508E-04,5.441E-01
-2.5508E-04,5.601E-01
-2.5502E-04,5.441E-01
-2.5502E-04,5.681E-01
-2.5496E-04,5.441E-01
-2.5496E-04,5.601E-01
-2.5490E-04,5.361E-01
-2.5490E-04,5.601E-01
-2.5484E-04,5.361E-01
-2.5484E-04,5.601E-01
-2.5478E-04,5.361E-01
-2.5478E-04,5.521E-01
-2.5472E-04,5.361E-01
-2.5472E-04,5.521E-01
-2.5466E-04,5.361E-01
-2.5466E-04,5.521E-01
-2.5460E-04,5.281E-01
-2.5460E-04,5.521E-01
-2.5454E-04,5.281E-01
-2.5454E-04,5.521E-01
-2.5448E-04,5.281E-01
-2.5448E-04,5.441E-01
-2.5442E-04,5.281E-01
-2.5442E-04,5.441E-01
-2.5436E-04,5.201E-01
-2.5436E-04,5.441E-01
-2.5430E-04,5.201E-01
-2.5430E-04,5.441E-01
-2.5424E-04,5.201E-01
-2.5424E-04,5.441E-01
-2.5418E-04,5.201E-01
-2.5418E-04,5.361E-01
-2.5412E-04,5.201E-01
-2.5412E-04,5.361E-01
-2.5406E-04,5.201E-01
-2.5406E-04,5.361E-01
-2.5400E-04,5.201E-01
-2.5400E-04,5.361E-01
-2.5394E-04,5.121E-01
-2.5394E-04,5.361E-01
-2.5388E-04,5.121E-01
-2.5388E-04,5.361E-01
-2.5382E-04,5.121E-01
-2.5382E-04,5.361E-01
-2.5376E-04,5.121E-01
-2.5376E-04,5.281E-01
-2.5370E-04,5.121E-01
-2.5370E-04,5.281E-01
-2.5364E-04,5.041E-01
-2.5364E-04,5.281E-01
-2.5358E-04,5.041E-01
-2.5358E-04,5.201E-01
-2.5352E-04,5.041E-01
-2.5352E-04,5.201E-01
-2.5346E-04,5.041E-01
-2.5346E-04,5.201E-01
-2.5340E-04,5.041E-01
-2.5340E-04,5.201E-01
-2.5334E-04,4.961E-01
-2.5334E-04,5.201E-01
-2.5328E-04,4.961E-01
-2.5328E-04,5.121E-01
-2.5322E-04,4.961E-01
-2.5322E-04,5.121E-01
-2.5316E-04,4.961E-01
-2.5316E-04,5.121E-01
-2.5310E-04,4.961E-01
-2.5310E-04,5.121E-01
-2.5304E-04,4.881E-01
-2.5304E-04,5.121E-01
-2.5298E-04,4.881E-01
-2.5298E-04,5.121E-01
-2.5292E-04,4.881E-01
-2.5292E-04,5.041E-01
-2.5286E-04,4.881E-01
-2.5286E-04,5.041E-01
-2.5280E-04,4.881E-01
-2.5280E-04,5.041E-01
-2.5274E-04,4.881E-01
-2.5274E-04,5.041E-01
-2.5268E-04,4.801E-01
-2.5268E-04,5.041E-01
-2.5262E-04,4.801E-01
-2.5262E-04,5.041E-01
-2.5256E-04,4.801E-01
-2.5256E-04,4.961E-01
-2.5250E-04,4.801E-01
-2.5250E-04,4.961E-01
-2.5244E-04,4.721E-01
-2.5244E-04,4.961E-01
-2.5238E-04,4.721E-01
-2.5238E-04,4.961E-01
-2.5232E-04,4.721E-01
-2.5232E-04,4.881E-01
-2.5226E-04,4.721E-01
-2.5226E-04,4.881E-01
-2.5220E-04,4.721E-01
-2.5220E-04,4.881E-01
-2.5214E-04,4.721E-01
-2.5214E-04,4.881E-01
-2.5208E-04,4.721E-01
-2.5208E-04,4.881E-01
-2.5202E-04,4.641E-01
-2.5202E-04,4.881E-01
-2.5196E-04,4.641E-01
-2.5196E-04,4.801E-01
-2.5190E-04,4.561E-01
-2.5190E-04,4.801E-01
-2.5184E-04,4.561E-01
-2.5184E-04,4.801E-01
-2.5178E-04,4.641E-01
-2.5178E-04,4.801E-01
-2.5172E-04,4.561E-01
-2.5172E-04,4.721E-01
-2.5166E-04,4.561E-01
-2.5166E-04,4.721E-01
-2.5160E-04,4.561E-01
-2.5160E-04,4.721E-01
-2.5154E-04,4.561E-01
-2.5154E-04,4.721E-01
-2.5148E-04,4.561E-01
-2.5148E-04,4.721E-01
-2.5142E-04,4.481E-01
-2.5142E-04,4.721E-01
-2.5136E-04,4.481E-01
-2.5136E-04,4.721E-01
-2.5130E-04,4.481E-01
-2.5130E-04,4.641E-01
-2.5124E-04,4.401E-01
-2.5124E-04,4.641E-01
-2.5118E-04,4.481E-01
-2.5118E-04,4.641E-01
-2.5112E-04,4.481E-01
-2.5112E-04,4.641E-01
-2.5106E-04,4.401E-01
-2.5106E-04,4.641E-01
-2.5100E-04,4.401E-01
-2.5100E-04,4.561E-01
-2.5094E-04,4.401E-01
-2.5094E-04,4.561E-01
-2.5088E-04,4.401E-01
-2.5088E-04,4.561E-01
-2.5082E-04,4.321E-01
-2.5082E-04,4.561E-01
-2.5076E-04,4.321E-01
-2.5076E-04,4.561E-01
-2.5070E-04,4.321E-01
-2.5070E-04,4.481E-01
-2.5064E-04,4.241E-01
-2.5064E-04,4.481E-01
-2.5058E-04,4.241E-01
-2.5058E-04,4.481E-01
-2.5052E-04,4.241E-01
-2.5052E-04,4.481E-01
-2.5046E-04,4.241E-01
-2.5046E-04,4.481E-01
-2.5040E-04,4.241E-01
-2.5040E-04,4.401E-01
-2.5034E-04,4.241E-01
-2.5034E-04,4.401E-01
-2.5028E-04,4.241E-01
-2.5028E-04,4.481E-01
-2.5022E-04,4.241E-01
-2.5022E-04,4.481E-01
-2.5016E-04,4.161E-01
-2.5016E-04,4.401E-01
-2.5010E-04,4.161E-01
-2.5010E-04,4.321E-01
-2.5004E-04,4.161E-01
-2.5004E-04,4.321E-01
-2.4998E-04,4.081E-01
-2.4998E-04,4.321E-01
-2.4992E-04,4.081E-01
-2.4992E-04,4.401E-01
-2.4986E-04,4.081E-01
-2.4986E-04,4.241E-01
-2.4980E-04,4.081E-01
-2.4980E-04,4.241E-01
-2.4974E-04,4.001E-01
-2.4974E-04,4.241E-01
-2.4968E-04,4.081E-01
-2.4968E-04,4.241E-01
-2.4962E-04,4.001E-01
-2.4962E-04,4.241E-01
-2.4956E-04,4.001E-01
-2.4956E-04,4.161E-01
-2.4950E-04,4.001E-01
-2.4950E-04,4.161E-01
-2.4944E-04,3.921E-01
-2.4944E-04,4.161E-01
-2.4938E-04,3.921E-01
-2.4938E-04,4.161E-01
-2.4932E-04,3.921E-01
-2.4932E-04,4.161E-01
-2.4926E-04,3.841E-01
-2.4926E-04,4.161E-01
-2.4920E-04,3.921E-01
-2.4920E-04,4.081E-01
-2.4914E-04,3.921E-01
-2.4914E-04,4.081E-01
-2.4908E-04,3.921E-01
-2.4908E-04,4.081E-01
-2.4902E-04,3.921E-01
-2.4902E-04,4.081E-01
-2.4896E-04,3.921E-01
-2.4896E-04,4.001E-01
-2.4890E-04,3.841E-01
-2.4890E-04,4.001E-01
-2.4884E-04,3.841E-01
-2.4884E-04,4.001E-01
-2.4878E-04,3.841E-01
-2.4878E-04,4.001E-01
-2.4872E-04,3.841E-01
-2.4872E-04,4.001E-01
-2.4866E-04,3.841E-01
-2.4866E-04,4.001E-01
-2.4860E-04,3.761E-01
-2.4860E-04,3.921E-01
-2.4854E-04,3.761E-01
-2.4854E-04,3.921E-01
-2.4848E-04,3.761E-01
-2.4848E-04,3.921E-01
-2.4842E-04,3.681E-01
-2.4842E-04,3.921E-01
-2.4836E-04,3.681E-01
-2.4836E-04,3.921E-01
-2.4830E-04,3.681E-01
-2.4830E-04,3.921E-01
-2.4824E-04,3.681E-01
-2.4824E-04,3.841E-01
-2.4818E-04,3.681E-01
-2.4818E-04,3.921E-01
-2.4812E-04,3.681E-01
-2.4812E-04,3.841E-01
-2.4806E-04,3.601E-01
-2.4806E-04,3.841E-01
-2.4800E-04,3.601E-01
-2.4800E-04,3.761E-01
-2.4794E-04,3.601E-01
-2.4794E-04,3.841E-01
-2.4788E-04,3.601E-01
-2.4788E-04,3.761E-01
-2.4782E-04,3.601E-01
-2.4782E-04,3.841E-01
-2.4776E-04,3.601E-01
-2.4776E-04,3.761E-01
-2.4770E-04,3.601E-01
-2.4770E-04,3.761E-01
-2.4764E-04,3.521E-01
-2.4764E-04,3.761E-01
-2.4758E-04,3.521E-01
-2.4758E-04,3.761E-01
-2.4752E-04,3.521E-01
-2.4752E-04,3.681E-01
-2.4746E-04,3.521E-01
-2.4746E-04,3.681E-01
-2.4740E-04,3.441E-01
-2.4740E-04,3.681E-01
-2.4734E-04,3.441E-01
-2.4734E-04,3.681E-01
-2.4728E-04,3.521E-01
-2.4728E-04,3.681E-01
-2.4722E-04,3.521E-01
-2.4722E-04,3.681E-01
-2.4716E-04,3.441E-01
-2.4716E-04,3.601E-01
-2.4710E-04,3.441E-01
-2.4710E-04,3.601E-01
-2.4704E-04,3.361E-01
-2.4704E-04,3.601E-01
-2.4698E-04,3.441E-01
-2.4698E-04,3.601E-01
-2.4692E-04,3.361E-01
-2.4692E-04,3.601E-01
-2.4686E-04,3.361E-01
-2.4686E-04,3.601E-01
-2.4680E-04,3.361E-01
-2.4680E-04,3.521E-01
-2.4674E-04,3.361E-01
-2.4674E-04,3.521E-01
-2.4668E-04,3.361E-01
-2.4668E-04,3.521E-01
-2.4662E-04,3.361E-01
-2.4662E-04,3.521E-01
-2.4656E-04,3.281E-01
-2.4656E-04,3.521E-01
-2.4650E-04,3.281E-01
-2.4650E-04,3.521E-01
-2.4644E-04,3.281E-01
-2.4644E-04,3.441E-01
-2.4638E-04,3.281E-01
-2.4638E-04,3.441E-01
-2.4632E-04,3.201E-01
-2.4632E-04,3.441E-01
-2.4626E-04,3.281E-01
-2.4626E-04,3.441E-01
-2.4620E-04,3.201E-01
-2.4620E-04,3.441E-01
-2.4614E-04,3.201E-01
-2.4614E-04,3.441E-01
-2.4608E-04,3.201E-01
-2.4608E-04,3.361E-01
-2.4602E-04,3.201E-01
-2.4602E-04,3.361E-01
-2.4596E-04,3.201E-01
-2.4596E-04,3.361E-01
-2.4590E-04,3.201E-01
-2.4590E-04,3.361E-01
-2.4584E-04,3.121E-01
-2.4584E-04,3.361E-01
-2.4578E-04,3.121E-01
-2.4578E-04,3.361E-01
-2.4572E-04,3.121E-01
-2.4572E-04,3.281E-01
-2.4566E-04,3.121E-01
-2.4566E-04,3.281E-01
-2.4560E-04,3.041E-01
-2.4560E-04,3.281E-01
-2.4554E-04,3.041E-01
-2.4554E-04,3.281E-01
-2.4548E-04,3.121E-01
-2.4548E-04,3.201E-01
-2.4542E-04,3.041E-01
-2.4542E-04,3.281E-01
-2.4536E-04,3.041E-01
-2.4536E-04,3.281E-01
-2.4530E-04,3.041E-01
-2.4530E-04,3.281E-01
-2.4524E-04,3.041E-01
-2.4524E-04,3.201E-01
-2.4518E-04,3.041E-01
-2.4518E-04,3.201E-01
-2.4512E-04,3.041E-01
-2.4512E-04,3.201E-01
-2.4506E-04,2.961E-01
-2.4506E-04,3.201E-01
-2.4500E-04,2.961E-01
-2.4500E-04,3.121E-01
-2.4494E-04,2.961E-01
-2.4494E-04,3.121E-01
-2.4488E-04,2.961E-01
-2.4488E-04,3.121E-01
-2.4482E-04,2.961E-01
-2.4482E-04,3.121E-01
-2.4476E-04,2.881E-01
-2.4476E-04,3.121E-01
-2.4470E-04,2.881E-01
-2.4470E-04,3.121E-01
-2.4464E-04,2.881E-01
-2.4464E-04,3.121E-01
-2.4458E-04,2.881E-01
-2.4458E-04,3.041E-01
-2.4452E-04,2.881E-01
-2.4452E-04,3.041E-01
-2.4446E-04,2.881E-01
-2.4446E-04,3.041E-01
-2.4440E-04,2.881E-01
-2.4440E-04,3.041E-01
-2.4434E-04,2.881E-01
-2.4434E-04,3.041E-01
-2.4428E-04,2.801E-01
-2.4428E-04,3.041E-01
-2.4422E-04,2.801E-01
-2.4422E-04,3.041E-01
-2.4416E-04,2.801E-01
-2.4416E-04,3.041E-01
-2.4410E-04,2.801E-01
-2.4410E-04,2.961E-01
-2.4404E-04,2.801E-01
-2.4404E-04,2.961E-01
-2.4398E-04,2.721E-01
-2.4398E-04,2.961E-01
-2.4392E-04,2.721E-01
-2.4392E-04,2.881E-01
-2.4386E-04,2.721E-01
-2.4386E-04,2.881E-01
-2.4380E-04,2.721E-01
-2.4380E-04,2.881E-01
-2.4374E-04,2.721E-01
-2.4374E-04,2.881E-01
-2.4368E-04,2.721E-01
-2.4368E-04,2.881E-01
-2.4362E-04,2.721E-01
-2.4362E-04,2.881E-01
-2.4356E-04,2.721E-01
-2.4356E-04,2.881E-01
-2.4350E-04,2.721E-01
-2.4350E-04,2.881E-01
-2.4344E-04,2.641E-01
-2.4344E-04,2.801E-01
-2.4338E-04,2.641E-01
-2.4338E-04,2.801E-01
-2.4332E-04,2.641E-01
-2.4332E-04,2.881E-01
-2.4326E-04,2.641E-01
-2.4326E-04,2.881E-01
-2.4320E-04,2.641E-01
-2.4320E-04,2.801E-01
-2.4314E-04,2.561E-01
-2.4314E-04,2.721E-01
-2.4308E-04,2.641E-01
-2.4308E-04,2.801E-01
-2.4302E-04,2.561E-01
-2.4302E-04,2.721E-01
-2.4296E-04,2.561E-01
-2.4296E-04,2.721E-01
-2.4290E-04,2.481E-01
-2.4290E-04,2.721E-01
-2.4284E-04,2.481E-01
-2.4284E-04,2.721E-01
-2.4278E-04,2.561E-01
-2.4278E-04,2.721E-01
-2.4272E-04,2.561E-01
-2.4272E-04,2.721E-01
-2.4266E-04,2.561E-01
-2.4266E-04,2.721E-01
-2.4260E-04,2.481E-01
-2.4260E-04,2.721E-01
-2.4254E-04,2.481E-01
-2.4254E-04,2.641E-01
-2.4248E-04,2.481E-01
-2.4248E-04,2.641E-01
-2.4242E-04,2.481E-01
-2.4242E-04,2.641E-01
-2.4236E-04,2.481E-01
-2.4236E-04,2.641E-01
-2.4230E-04,2.481E-01
-2.4230E-04,2.641E-01
-2.4224E-04,2.401E-01
-2.4224E-04,2.641E-01
-2.4218E-04,2.401E-01
-2.4218E-04,2.641E-01
-2.4212E-04,2.401E-01
-2.4212E-04,2.561E-01
-2.4206E-04,2.401E-01
-2.4206E-04,2.641E-01
-2.4200E-04,2.401E-01
-2.4200E-04,2.561E-01
-2.4194E-04,2.401E-01
-2.4194E-04,2.561E-01
-2.4188E-04,2.401E-01
-2.4188E-04,2.561E-01
-2.4182E-04,2.401E-01
-2.4182E-04,2.561E-01
-2.4176E-04,2.321E-01
-2.4176E-04,2.561E-01
-2.4170E-04,2.401E-01
-2.4170E-04,2.561E-01
-2.4164E-04,2.321E-01
-2.4164E-04,2.561E-01
-2.4158E-04,2.321E-01
-2.4158E-04,2.481E-01
-2.4152E-04,2.321E-01
-2.4152E-04,2.481E-01
-2.4146E-04,2.321E-01
-2.4146E-04,2.481E-01
-2.4140E-04,2.321E-01
-2.4140E-04,2.481E-01
-2.4134E-04,2.321E-01
-2.4134E-04,2.481E-01
-2.4128E-04,2.321E-01
-2.4128E-04,2.481E-01
-2.4122E-04,2.241E-01
-2.4122E-04,2.481E-01
-2.4116E-04,2.241E-01
-2.4116E-04,2.481E-01
-2.4110E-04,2.241E-01
-2.4110E-04,2.481E-01
-2.4104E-04,2.241E-01
-2.4104E-04,2.401E-01
-2.4098E-04,2.241E-01
-2.4098E-04,2.401E-01
-2.4092E-04,2.241E-01
-2.4092E-04,2.401E-01
-2.4086E-04,2.241E-01
-2.4086E-04,2.401E-01
-2.4080E-04,2.241E-01
-2.4080E-04,2.401E-01
-2.4074E-04,2.241E-01
-2.4074E-04,2.401E-01
-2.4068E-04,2.161E-01
-2.4068E-04,2.321E-01
-2.4062E-04,2.161E-01
-2.4062E-04,2.401E-01
-2.4056E-04,2.161E-01
-2.4056E-04,2.321E-01
-2.4050E-04,2.161E-01
-2.4050E-04,2.321E-01
-2.4044E-04,2.161E-01
-2.4044E-04,2.321E-01
-2.4038E-04,2.161E-01
-2.4038E-04,2.321E-01
-2.4032E-04,2.081E-01
-2.4032E-04,2.321E-01
-2.4026E-04,2.081E-01
-2.4026E-04,2.321E-01
-2.4020E-04,2.081E-01
-2.4020E-04,2.321E-01
-2.4014E-04,2.081E-01
-2.4014E-04,2.241E-01
-2.4008E-04,2.081E-01
-2.4008E-04,2.241E-01
-2.4002E-04,2.081E-01
-2.4002E-04,2.321E-01
-2.3996E-04,2.081E-01
-2.3996E-04,2.321E-01
-2.3990E-04,2.081E-01
-2.3990E-04,2.241E-01
-2.3984E-04,2.081E-01
-2.3984E-04,2.241E-01
-2.3978E-04,2.001E-01
-2.3978E-04,2.241E-01
-2.3972E-04,2.081E-01
-2.3972E-04,2.241E-01
-2.3966E-04,2.081E-01
-2.3966E-04,2.241E-01
-2.3960E-04,2.081E-01
-2.3960E-04,2.241E-01
-2.3954E-04,2.001E-01
-2.3954E-04,2.241E-01
-2.3948E-04,2.001E-01
-2.3948E-04,2.161E-01
-2.3942E-04,2.001E-01
-2.3942E-04,2.241E-01
-2.3936E-04,2.001E-01
-2.3936E-04,2.241E-01
-2.3930E-04,1.921E-01
-2.3930E-04,2.161E-01
-2.3924E-04,2.001E-01
-2.3924E-04,2.161E-01
-2.3918E-04,1.921E-01
-2.3918E-04,2.161E-01
-2.3912E-04,1.921E-01
-2.3912E-04,2.161E-01
-2.3906E-04,1.921E-01
-2.3906E-04,2.161E-01
-2.3900E-04,1.921E-01
-2.3900E-04,2.161E-01
-2.3894E-04,1.921E-01
-2.3894E-04,2.161E-01
-2.3888E-04,1.921E-01
-2.3888E-04,2.081E-01
-2.3882E-04,1.921E-01
-2.3882E-04,2.161E-01
-2.3876E-04,1.921E-01
-2.3876E-04,2.081E-01
-2.3870E-04,1.921E-01
-2.3870E-04,2.081E-01
-2.3864E-04,1.921E-01
-2.3864E-04,2.081E-01
-2.3858E-04,1.921E-01
-2.3858E-04,2.081E-01
-2.3852E-04,1.841E-01
-2.3852E-04,2.081E-01
-2.3846E-04,1.841E-01
-2.3846E-04,2.081E-01
-2.3840E-04,1.841E-01
-2.3840E-04,2.081E-01
-2.3834E-04,1.921E-01
-2.3834E-04,2.001E-01
-2.3828E-04,1.841E-01
-2.3828E-04,2.001E-01
-2.3822E-04,1.841E-01
-2.3822E-04,2.001E-01
-2.3816E-04,1.841E-01
-2.3816E-04,2.001E-01
-2.3810E-04,1.841E-01
-2.3810E-04,2.001E-01
-2.3804E-04,1.841E-01
-2.3804E-04,2.001E-01
-2.3798E-04,1.841E-01
-2.3798E-04,2.001E-01
-2.3792E-04,1.841E-01
-2.3792E-04,2.001E-01
-2.3786E-04,1.841E-01
-2.3786E-04,2.001E-01
-2.3780E-04,1.841E-01
-2.3780E-04,2.001E-01
-2.3774E-04,1.761E-01
-2.3774E-04,2.001E-01
-2.3768E-04,1.761E-01
-2.3768E-04,2.001E-01
-2.3762E-04,1.841E-01
-2.3762E-04,2.001E-01
-2.3756E-04,1.761E-01
-2.3756E-04,2.001E-01
-2.3750E-04,1.761E-01
-2.3750E-04,1.921E-01
-2.3744E-04,1.761E-01
-2.3744E-04,1.921E-01
-2.3738E-04,1.761E-01
-2.3738E-04,1.921E-01
-2.3732E-04,1.761E-01
-2.3732E-04,1.921E-01
-2.3726E-04,1.761E-01
-2.3726E-04,1.921E-01
-2.3720E-04,1.761E-01
-2.3720E-04,1.921E-01
-2.3714E-04,1.761E-01
-2.3714E-04,1.921E-01
-2.3708E-04,1.681E-01
-2.3708E-04,1.921E-01
-2.3702E-04,1.681E-01
-2.3702E-04,1.921E-01
-2.3696E-04,1.681E-01
-2.3696E-04,1.921E-01
-2.3690E-04,1.761E-01
-2.3690E-04,1.921E-01
-2.3684E-04,1.681E-01
-2.3684E-04,1.841E-01
-2.3678E-04,1.681E-01
-2.3678E-04,1.921E-01
-2.3672E-04,1.681E-01
-2.3672E-04,1.921E-01
-2.3666E-04,1.681E-01
-2.3666E-04,1.921E-01
-2.3660E-04,1.681E-01
-2.3660E-04,1.841E-01
-2.3654E-04,1.681E-01
-2.3654E-04,1.841E-01
-2.3648E-04,1.681E-01
-2.3648E-04,1.841E-01
-2.3642E-04,1.681E-01
-2.3642E-04,1.841E-01
-2.3636E-04,1.681E-01
-2.3636E-04,1.841E-01
-2.3630E-04,1.601E-01
-2.3630E-04,1.841E-01
-2.3624E-04,1.601E-01
-2.3624E-04,1.761E-01
-2.3618E-04,1.601E-01
-2.3618E-04,1.841E-01
-2.3612E-04,1.681E-01
-2.3612E-04,1.761E-01
-2.3606E-04,1.681E-01
-2.3606E-04,1.761E-01
-2.3600E-04,1.601E-01
-2.3600E-04,1.761E-01
-2.3594E-04,1.601E-01
-2.3594E-04,1.841E-01
-2.3588E-04,1.601E-01
-2.3588E-04,1.841E-01
-2.3582E-04,1.601E-01
-2.3582E-04,1.841E-01
-2.3576E-04,1.601E-01
-2.3576E-04,1.761E-01
-2.3570E-04,1.601E-01
-2.3570E-04,1.761E-01
-2.3564E-04,1.601E-01
-2.3564E-04,1.761E-01
-2.3558E-04,1.601E-01
-2.3558E-04,1.761E-01
-2.3552E-04,1.601E-01
-2.3552E-04,1.761E-01
-2.3546E-04,1.521E-01
-2.3546E-04,1.761E-01
-2.3540E-04,1.521E-01
-2.3540E-04,1.761E-01
-2.3534E-04,1.601E-01
-2.3534E-04,1.761E-01
-2.3528E-04,1.521E-01
-2.3528E-04,1.761E-01
-2.3522E-04,1.601E-01
-2.3522E-04,1.761E-01
-2.3516E-04,1.601E-01
-2.3516E-04,1.761E-01
-2.3510E-04,1.601E-01
-2.3510E-04,1.761E-01
-2.3504E-04,1.521E-01
-2.3504E-04,1.761E-01
-2.3498E-04,1.521E-01
-2.3498E-04,1.761E-01
-2.3492E-04,1.521E-01
-2.3492E-04,1.761E-01
-2.3486E-04,1.521E-01
-2.3486E-04,1.761E-01
-2.3480E-04,1.521E-01
-2.3480E-04,1.761E-01
-2.3474E-04,1.521E-01
-2.3474E-04,1.761E-01
-2.3468E-04,1.521E-01
-2.3468E-04,1.761E-01
-2.3462E-04,1.521E-01
-2.3462E-04,1.681E-01
-2.3456E-04,1.521E-01
-2.3456E-04,1.681E-01
-2.3450E-04,1.521E-01
-2.3450E-04,1.681E-01
-2.3444E-04,1.441E-01
-2.3444E-04,1.681E-01
-2.3438E-04,1.521E-01
-2.3438E-04,1.681E-01
-2.3432E-04,1.521E-01
-2.3432E-04,1.681E-01
-2.3426E-04,1.521E-01
-2.3426E-04,1.681E-01
-2.3420E-04,1.521E-01
-2.3420E-04,1.681E-01
-2.3414E-04,1.521E-01
-2.3414E-04,1.681E-01
-2.3408E-04,1.521E-01
-2.3408E-04,1.681E-01
-2.3402E-04,1.521E-01
-2.3402E-04,1.681E-01
-2.3396E-04,1.441E-01
-2.3396E-04,1.681E-01
-2.3390E-04,1.441E-01
-2.3390E-04,1.681E-01
-2.3384E-04,1.441E-01
-2.3384E-04,1.681E-01
-2.3378E-04,1.441E-01
-2.3378E-04,1.681E-01
-2.3372E-04,1.441E-01
-2.3372E-04,1.601E-01
-2.3366E-04,1.441E-01
-2.3366E-04,1.601E-01
-2.3360E-04,1.441E-01
-2.3360E-04,1.601E-01
-2.3354E-04,1.441E-01
-2.3354E-04,1.601E-01
-2.3348E-04,1.441E-01
-2.3348E-04,1.601E-01
-2.3342E-04,1.441E-01
-2.3342E-04,1.601E-01
-2.3336E-04,1.441E-01
-2.3336E-04,1.601E-01
-2.3330E-04,1.441E-01
-2.3330E-04,1.601E-01
-2.3324E-04,1.441E-01
-2.3324E-04,1.601E-01
-2.3318E-04,1.441E-01
-2.3318E-04,1.601E-01
-2.3312E-04,1.441E-01
-2.3312E-04,1.601E-01
-2.3306E-04,1.441E-01
-2.3306E-04,1.601E-01
-2.3300E-04,1.441E-01
-2.3300E-04,1.601E-01
-2.3294E-04,1.441E-01
-2.3294E-04,1.601E-01
-2.3288E-04,1.441E-01
-2.3288E-04,1.601E-01
-2.3282E-04,1.361E-01
-2.3282E-04,1.601E-01
-2.3276E-04,1.361E-01
-2.3276E-04,1.601E-01
-2.3270E-04,1.361E-01
-2.3270E-04,1.601E-01
-2.3264E-04,1.361E-01
-2.3264E-04,1.521E-01
-2.3258E-04,1.361E-01
-2.3258E-04,1.601E-01
-2.3252E-04,1.361E-01
-2.3252E-04,1.601E-01
-2.3246E-04,1.361E-01
-2.3246E-04,1.601E-01
-2.3240E-04,1.441E-01
-2.3240E-04,1.601E-01
-2.3234E-04,1.361E-01
-2.3234E-04,1.521E-01
-2.3228E-04,1.361E-01
-2.3228E-04,1.601E-01
-2.3222E-04,1.441E-01
-2.3222E-04,1.601E-01
-2.3216E-04,1.441E-01
-2.3216E-04,1.601E-01
-2.3210E-04,1.441E-01
-2.3210E-04,1.601E-01
-2.3204E-04,1.361E-01
-2.3204E-04,1.521E-01
-2.3198E-04,1.361E-01
-2.3198E-04,1.521E-01
-2.3192E-04,1.361E-01
-2.3192E-04,1.521E-01
-2.3186E-04,1.361E-01
-2.3186E-04,1.521E-01
-2.3180E-04,1.361E-01
-2.3180E-04,1.521E-01
-2.3174E-04,1.361E-01
-2.3174E-04,1.601E-01
-2.3168E-04,1.361E-01
-2.3168E-04,1.601E-01
-2.3162E-04,1.361E-01
-2.3162E-04,1.521E-01
-2.3156E-04,1.361E-01
-2.3156E-04,1.521E-01
-2.3150E-04,1.361E-01
-2.3150E-04,1.521E-01
-2.3144E-04,1.361E-01
-2.3144E-04,1.521E-01
-2.3138E-04,1.361E-01
-2.3138E-04,1.521E-01
-2.3132E-04,1.361E-01
-2.3132E-04,1.521E-01
-2.3126E-04,1.361E-01
-2.3126E-04,1.521E-01
-2.3120E-04,1.361E-01
-2.3120E-04,1.521E-01
-2.3114E-04,1.361E-01
-2.3114E-04,1.521E-01
-2.3108E-04,1.361E-01
-2.3108E-04,1.521E-01
-2.3102E-04,1.361E-01
-2.3102E-04,1.521E-01
-2.3096E-04,1.361E-01
-2.3096E-04,1.521E-01
-2.3090E-04,1.361E-01
-2.3090E-04,1.521E-01
-2.3084E-04,1.361E-01
-2.3084E-04,1.521E-01
-2.3078E-04,1.361E-01
-2.3078E-04,1.521E-01
-2.3072E-04,1.361E-01
-2.3072E-04,1.521E-01
-2.3066E-04,1.361E-01
-2.3066E-04,1.521E-01
-2.3060E-04,1.361E-01
-2.3060E-04,1.521E-01
-2.3054E-04,1.361E-01
-2.3054E-04,1.521E-01
-2.3048E-04,1.361E-01
-2.3048E-04,1.521E-01
-2.3042E-04,1.361E-01
-2.3042E-04,1.521E-01
-2.3036E-04,1.361E-01
-2.3036E-04,1.521E-01
-2.3030E-04,1.361E-01
-2.3030E-04,1.521E-01
-2.3024E-04,1.361E-01
-2.3024E-04,1.521E-01
-2.3018E-04,1.361E-01
-2.3018E-04,1.521E-01
-2.3012E-04,1.361E-01
-2.3012E-04,1.521E-01
-2.3006E-04,1.361E-01
-2.3006E-04,1.521E-01
-2.3000E-04,1.361E-01
-2.3000E-04,1.521E-01
-2.2994E-04,1.361E-01
-2.2994E-04,1.521E-01
-2.2988E-04,1.361E-01
-2.2988E-04,1.521E-01
-2.2982E-04,1.361E-01
-2.2982E-04,1.521E-01
-2.2976E-04,1.361E-01
-2.2976E-04,1.521E-01
-2.2970E-04,1.361E-01
-2.2970E-04,1.521E-01
-2.2964E-04,1.361E-01
-2.2964E-04,1.521E-01
-2.2958E-04,1.361E-01
-2.2958E-04,1.521E-01
-2.2952E-04,1.361E-01
-2.2952E-04,1.521E-01
-2.2946E-04,1.361E-01
-2.2946E-04,1.521E-01
-2.2940E-04,1.361E-01
-2.2940E-04,1.521E-01
-2.2934E-04,1.361E-01
-2.2934E-04,1.521E-01
-2.2928E-04,1.361E-01
-2.2928E-04,1.521E-01
-2.2922E-04,1.361E-01
-2.2922E-04,1.521E-01
-2.2916E-04,1.361E-01
-2.2916E-04,1.521E-01
-2.2910E-04,1.361E-01
-2.2910E-04,1.521E-01
-2.2904E-04,1.361E-01
-2.2904E-04,1.521E-01
-2.2898E-04,1.361E-01
-2.2898E-04,1.521E-01
-2.2892E-04,1.361E-01
-2.2892E-04,1.521E-01
-2.2886E-04,1.361E-01
-2.2886E-04,1.521E-01
-2.2880E-04,1.361E-01
-2.2880E-04,1.521E-01
-2.2874E-04,1.361E-01
-2.2874E-04,1.521E-01
-2.2868E-04,1.361E-01
-2.2868E-04,1.521E-01
-2.2862E-04,1.361E-01
-2.2862E-04,1.521E-01
-2.2856E-04,1.281E-01
-2.2856E-04,1.521E-01
-2.2850E-04,1.361E-01
-2.2850E-04,1.521E-01
-2.2844E-04,1.361E-01
-2.2844E-04,1.521E-01
-2.2838E-04,1.361E-01
-2.2838E-04,1.521E-01
-2.2832E-04,1.361E-01
-2.2832E-04,1.521E-01
-2.2826E-04,1.361E-01
-2.2826E-04,1.521E-01
-2.2820E-04,1.361E-01
-2.2820E-04,1.521E-01
-2.2814E-04,1.361E-01
-2.2814E-04,1.521E-01
-2.2808E-04,1.361E-01
-2.2808E-04,1.521E-01
-2.2802E-04,1.361E-01
-2.2802E-04,1.521E-01
-2.2796E-04,1.281E-01
-2.2796E-04,1.521E-01
-2.2790E-04,1.281E-01
-2.2790E-04,1.521E-01
-2.2784E-04,1.281E-01
-2.2784E-04,1.521E-01
-2.2778E-04,1.281E-01
-2.2778E-04,1.521E-01
-2.2772E-04,1.361E-01
-2.2772E-04,1.521E-01
-2.2766E-04,1.361E-01
-2.2766E-04,1.521E-01
-2.2760E-04,1.361E-01
-2.2760E-04,1.521E-01
-2.2754E-04,1.361E-01
-2.2754E-04,1.521E-01
-2.2748E-04,1.361E-01
-2.2748E-04,1.521E-01
-2.2742E-04,1.361E-01
-2.2742E-04,1.521E-01
-2.2736E-04,1.361E-01
-2.2736E-04,1.521E-01
-2.2730E-04,1.361E-01
-2.2730E-04,1.521E-01
-2.2724E-04,1.361E-01
-2.2724E-04,1.521E-01
-2.2718E-04,1.281E-01
-2.2718E-04,1.521E-01
-2.2712E-04,1.281E-01
-2.2712E-04,1.521E-01
-2.2706E-04,1.361E-01
-2.2706E-04,1.521E-01
-2.2700E-04,1.361E-01
-2.2700E-04,1.521E-01
-2.2694E-04,1.361E-01
-2.2694E-04,1.521E-01
-2.2688E-04,1.281E-01
-2.2688E-04,1.521E-01
-2.2682E-04,1.281E-01
-2.2682E-04,1.521E-01
-2.2676E-04,1.361E-01
-2.2676E-04,1.521E-01
-2.2670E-04,1.361E-01
-2.2670E-04,1.521E-01
-2.2664E-04,1.361E-01
-2.2664E-04,1.521E-01
-2.2658E-04,1.361E-01
-2.2658E-04,1.521E-01
-2.2652E-04,1.361E-01
-2.2652E-04,1.521E-01
-2.2646E-04,1.281E-01
-2.2646E-04,1.521E-01
-2.2640E-04,1.281E-01
-2.2640E-04,1.521E-01
-2.2634E-04,1.361E-01
-2.2634E-04,1.521E-01
-2.2628E-04,1.361E-01
-2.2628E-04,1.521E-01
-2.2622E-04,1.361E-01
-2.2622E-04,1.521E-01
-2.2616E-04,1.361E-01
-2.2616E-04,1.521E-01
-2.2610E-04,1.361E-01
-2.2610E-04,1.521E-01
-2.2604E-04,1.281E-01
-2.2604E-04,1.521E-01
-2.2598E-04,1.361E-01
-2.2598E-04,1.521E-01
-2.2592E-04,1.361E-01
-2.2592E-04,1.521E-01
-2.2586E-04,1.361E-01
-2.2586E-04,1.521E-01
-2.2580E-04,1.361E-01
-2.2580E-04,1.521E-01
-2.2574E-04,1.361E-01
-2.2574E-04,1.521E-01
-2.2568E-04,1.361E-01
-2.2568E-04,1.521E-01
-2.2562E-04,1.361E-01
-2.2562E-04,1.521E-01
-2.2556E-04,1.361E-01
-2.2556E-04,1.521E-01
-2.2550E-04,1.361E-01
-2.2550E-04,1.521E-01
-2.2544E-04,1.361E-01
-2.2544E-04,1.521E-01
-2.2538E-04,1.361E-01
-2.2538E-04,1.521E-01
-2.2532E-04,1.441E-01
-2.2532E-04,1.601E-01
-2.2526E-04,1.441E-01
-2.2526E-04,1.601E-01
-2.2520E-04,1.441E-01
-2.2520E-04,1.601E-01
-2.2514E-04,1.441E-01
-2.2514E-04,1.601E-01
-2.2508E-04,1.441E-01
-2.2508E-04,1.601E-01
-2.2502E-04,1.361E-01
-2.2502E-04,1.601E-01
-2.2496E-04,1.361E-01
-2.2496E-04,1.601E-01
-2.2490E-04,1.441E-01
-2.2490E-04,1.601E-01
-2.2484E-04,1.441E-01
-2.2484E-04,1.601E-01
-2.2478E-04,1.441E-01
-2.2478E-04,1.601E-01
-2.2472E-04,1.361E-01
-2.2472E-04,1.601E-01
-2.2466E-04,1.441E-01
-2.2466E-04,1.601E-01
-2.2460E-04,1.441E-01
-2.2460E-04,1.601E-01
-2.2454E-04,1.441E-01
-2.2454E-04,1.601E-01
-2.2448E-04,1.441E-01
-2.2448E-04,1.601E-01
-2.2442E-04,1.441E-01
-2.2442E-04,1.601E-01
-2.2436E-04,1.441E-01
-2.2436E-04,1.601E-01
-2.2430E-04,1.441E-01
-2.2430E-04,1.601E-01
-2.2424E-04,1.361E-01
-2.2424E-04,1.681E-01
-2.2418E-04,1.361E-01
-2.2418E-04,1.601E-01
-2.2412E-04,1.441E-01
-2.2412E-04,1.601E-01
-2.2406E-04,1.441E-01
-2.2406E-04,1.601E-01
-2.2400E-04,1.441E-01
-2.2400E-04,1.601E-01
-2.2394E-04,1.441E-01
-2.2394E-04,1.601E-01
-2.2388E-04,1.441E-01
-2.2388E-04,1.601E-01
-2.2382E-04,1.441E-01
-2.2382E-04,1.601E-01
-2.2376E-04,1.441E-01
-2.2376E-04,1.681E-01
-2.2370E-04,1.441E-01
-2.2370E-04,1.681E-01
-2.2364E-04,1.441E-01
-2.2364E-04,1.601E-01
-2.2358E-04,1.441E-01
-2.2358E-04,1.681E-01
-2.2352E-04,1.521E-01
-2.2352E-04,1.681E-01
-2.2346E-04,1.521E-01
-2.2346E-04,1.681E-01
-2.2340E-04,1.521E-01
-2.2340E-04,1.681E-01
-2.2334E-04,1.521E-01
-2.2334E-04,1.681E-01
-2.2328E-04,1.441E-01
-2.2328E-04,1.601E-01
-2.2322E-04,1.521E-01
-2.2322E-04,1.681E-01
-2.2316E-04,1.441E-01
-2.2316E-04,1.681E-01
-2.2310E-04,1.441E-01
-2.2310E-04,1.681E-01
-2.2304E-04,1.521E-01
-2.2304E-04,1.681E-01
-2.2298E-04,1.521E-01
-2.2298E-04,1.681E-01
-2.2292E-04,1.521E-01
-2.2292E-04,1.681E-01
-2.2286E-04,1.521E-01
-2.2286E-04,1.681E-01
-2.2280E-04,1.521E-01
-2.2280E-04,1.681E-01
-2.2274E-04,1.521E-01
-2.2274E-04,1.681E-01
-2.2268E-04,1.521E-01
-2.2268E-04,1.681E-01
-2.2262E-04,1.521E-01
-2.2262E-04,1.681E-01
-2.2256E-04,1.521E-01
-2.2256E-04,1.681E-01
-2.2250E-04,1.521E-01
-2.2250E-04,1.681E-01
-2.2244E-04,1.521E-01
-2.2244E-04,1.681E-01
-2.2238E-04,1.521E-01
-2.2238E-04,1.761E-01
-2.2232E-04,1.601E-01
-2.2232E-04,1.761E-01
-2.2226E-04,1.521E-01
-2.2226E-04,1.761E-01
-2.2220E-04,1.521E-01
-2.2220E-04,1.761E-01
-2.2214E-04,1.601E-01
-2.2214E-04,1.761E-01
-2.2208E-04,1.521E-01
-2.2208E-04,1.761E-01
-2.2202E-04,1.521E-01
-2.2202E-04,1.761E-01
-2.2196E-04,1.601E-01
-2.2196E-04,1.761E-01
-2.2190E-04,1.601E-01
-2.2190E-04,1.761E-01
-2.2184E-04,1.601E-01
-2.2184E-04,1.761E-01
-2.2178E-04,1.601E-01
-2.2178E-04,1.761E-01
-2.2172E-04,1.601E-01
-2.2172E-04,1.761E-01
-2.2166E-04,1.601E-01
-2.2166E-04,1.761E-01
-2.2160E-04,1.601E-01
-2.2160E-04,1.761E-01
-2.2154E-04,1.601E-01
-2.2154E-04,1.761E-01
-2.2148E-04,1.601E-01
-2.2148E-04,1.761E-01
-2.2142E-04,1.601E-01
-2.2142E-04,1.761E-01
-2.2136E-04,1.601E-01
-2.2136E-04,1.761E-01
-2.2130E-04,1.601E-01
-2.2130E-04,1.761E-01
-2.2124E-04,1.601E-01
-2.2124E-04,1.761E-01
-2.2118E-04,1.601E-01
-2.2118E-04,1.841E-01
-2.2112E-04,1.601E-01
-2.2112E-04,1.841E-01
-2.2106E-04,1.601E-01
-2.2106E-04,1.761E-01
-2.2100E-04,1.681E-01
-2.2100E-04,1.841E-01
-2.2094E-04,1.601E-01
-2.2094E-04,1.761E-01
-2.2088E-04,1.681E-01
-2.2088E-04,1.761E-01
-2.2082E-04,1.681E-01
-2.2082E-04,1.841E-01
-2.2076E-04,1.681E-01
-2.2076E-04,1.841E-01
-2.2070E-04,1.681E-01
-2.2070E-04,1.841E-01
-2.2064E-04,1.681E-01
-2.2064E-04,1.841E-01
-2.2058E-04,1.681E-01
-2.2058E-04,1.841E-01
-2.2052E-04,1.681E-01
-2.2052E-04,1.841E-01
-2.2046E-04,1.681E-01
-2.2046E-04,1.841E-01
-2.2040E-04,1.681E-01
-2.2040E-04,1.841E-01
-2.2034E-04,1.681E-01
-2.2034E-04,1.841E-01
-2.2028E-04,1.681E-01
-2.2028E-04,1.841E-01
-2.2022E-04,1.681E-01
-2.2022E-04,1.921E-01
-2.2016E-04,1.681E-01
-2.2016E-04,1.921E-01
-2.2010E-04,1.681E-01
-2.2010E-04,1.841E-01
-2.2004E-04,1.761E-01
-2.2004E-04,1.921E-01
-2.1998E-04,1.681E-01
-2.1998E-04,1.921E-01
-2.1992E-04,1.761E-01
-2.1992E-04,1.921E-01
-2.1986E-04,1.761E-01
-2.1986E-04,1.921E-01
-2.1980E-04,1.761E-01
-2.1980E-04,1.921E-01
-2.1974E-04,1.761E-01
-2.1974E-04,1.921E-01
-2.1968E-04,1.761E-01
-2.1968E-04,1.921E-01
-2.1962E-04,1.761E-01
-2.1962E-04,1.921E-01
-2.1956E-04,1.761E-01
-2.1956E-04,1.921E-01
-2.1950E-04,1.761E-01
-2.1950E-04,2.001E-01
-2.1944E-04,1.761E-01
-2.1944E-04,2.001E-01
-2.1938E-04,1.841E-01
-2.1938E-04,2.001E-01
-2.1932E-04,1.761E-01
-2.1932E-04,1.921E-01
-2.1926E-04,1.841E-01
-2.1926E-04,2.001E-01
-2.1920E-04,1.841E-01
-2.1920E-04,2.001E-01
-2.1914E-04,1.841E-01
-2.1914E-04,2.001E-01
-2.1908E-04,1.841E-01
-2.1908E-04,2.001E-01
-2.1902E-04,1.841E-01
-2.1902E-04,2.001E-01
-2.1896E-04,1.841E-01
-2.1896E-04,2.001E-01
-2.1890E-04,1.841E-01
-2.1890E-04,2.081E-01
-2.1884E-04,1.841E-01
-2.1884E-04,2.001E-01
-2.1878E-04,1.841E-01
-2.1878E-04,2.001E-01
-2.1872E-04,1.921E-01
-2.1872E-04,2.001E-01
-2.1866E-04,1.841E-01
-2.1866E-04,2.081E-01
-2.1860E-04,1.841E-01
-2.1860E-04,2.081E-01
-2.1854E-04,1.921E-01
-2.1854E-04,2.081E-01
-2.1848E-04,1.921E-01
-2.1848E-04,2.081E-01
-2.1842E-04,1.841E-01
-2.1842E-04,2.081E-01
-2.1836E-04,1.841E-01
-2.1836E-04,2.161E-01
-2.1830E-04,1.921E-01
-2.1830E-04,2.161E-01
-2.1824E-04,1.921E-01
-2.1824E-04,2.161E-01
-2.1818E-04,1.921E-01
-2.1818E-04,2.161E-01
-2.1812E-04,1.921E-01
-2.1812E-04,2.161E-01
-2.1806E-04,1.921E-01
-2.1806E-04,2.161E-01
-2.1800E-04,2.001E-01
-2.1800E-04,2.161E-01
-2.1794E-04,2.001E-01
-2.1794E-04,2.161E-01
-2.1788E-04,2.001E-01
-2.1788E-04,2.161E-01
-2.1782E-04,2.001E-01
-2.1782E-04,2.161E-01
-2.1776E-04,2.001E-01
-2.1776E-04,2.161E-01
-2.1770E-04,2.001E-01
-2.1770E-04,2.241E-01
-2.1764E-04,2.001E-01
-2.1764E-04,2.161E-01
-2.1758E-04,1.921E-01
-2.1758E-04,2.161E-01
-2.1752E-04,1.921E-01
-2.1752E-04,2.241E-01
-2.1746E-04,2.001E-01
-2.1746E-04,2.161E-01
-2.1740E-04,2.001E-01
-2.1740E-04,2.241E-01
-2.1734E-04,2.081E-01
-2.1734E-04,2.241E-01
-2.1728E-04,2.081E-01
-2.1728E-04,2.241E-01
-2.1722E-04,2.081E-01
-2.1722E-04,2.321E-01
-2.1716E-04,2.081E-01
-2.1716E-04,2.321E-01
-2.1710E-04,2.081E-01
-2.1710E-04,2.241E-01
-2.1704E-04,2.161E-01
-2.1704E-04,2.321E-01
-2.1698E-04,2.161E-01
-2.1698E-04,2.321E-01
-2.1692E-04,2.081E-01
-2.1692E-04,2.241E-01
-2.1686E-04,2.161E-01
-2.1686E-04,2.241E-01
-2.1680E-04,2.081E-01
-2.1680E-04,2.321E-01
-2.1674E-04,2.161E-01
-2.1674E-04,2.321E-01
-2.1668E-04,2.161E-01
-2.1668E-04,2.321E-01
-2.1662E-04,2.161E-01
-2.1662E-04,2.321E-01
-2.1656E-04,2.161E-01
-2.1656E-04,2.321E-01
-2.1650E-04,2.161E-01
-2.1650E-04,2.401E-01
-2.1644E-04,2.161E-01
-2.1644E-04,2.401E-01
-2.1638E-04,2.161E-01
-2.1638E-04,2.401E-01
-2.1632E-04,2.161E-01
-2.1632E-04,2.401E-01
-2.1626E-04,2.241E-01
-2.1626E-04,2.401E-01
-2.1620E-04,2.241E-01
-2.1620E-04,2.401E-01
-2.1614E-04,2.241E-01
-2.1614E-04,2.401E-01
-2.1608E-04,2.241E-01
-2.1608E-04,2.481E-01
-2.1602E-04,2.241E-01
-2.1602E-04,2.401E-01
-2.1596E-04,2.241E-01
-2.1596E-04,2.481E-01
-2.1590E-04,2.241E-01
-2.1590E-04,2.481E-01
-2.1584E-04,2.321E-01
-2.1584E-04,2.481E-01
-2.1578E-04,2.321E-01
-2.1578E-04,2.481E-01
-2.1572E-04,2.241E-01
-2.1572E-04,2.481E-01
-2.1566E-04,2.321E-01
-2.1566E-04,2.561E-01
-2.1560E-04,2.321E-01
-2.1560E-04,2.561E-01
-2.1554E-04,2.321E-01
-2.1554E-04,2.481E-01
-2.1548E-04,2.321E-01
-2.1548E-04,2.481E-01
-2.1542E-04,2.321E-01
-2.1542E-04,2.561E-01
-2.1536E-04,2.401E-01
-2.1536E-04,2.561E-01
-2.1530E-04,2.401E-01
-2.1530E-04,2.561E-01
-2.1524E-04,2.401E-01
-2.1524E-04,2.561E-01
-2.1518E-04,2.401E-01
-2.1518E-04,2.561E-01
-2.1512E-04,2.401E-01
-2.1512E-04,2.561E-01
-2.1506E-04,2.401E-01
-2.1506E-04,2.561E-01
-2.1500E-04,2.401E-01
-2.1500E-04,2.641E-01
-2.1494E-04,2.401E-01
-2.1494E-04,2.641E-01
-2.1488E-04,2.401E-01
-2.1488E-04,2.641E-01
-2.1482E-04,2.401E-01
-2.1482E-04,2.641E-01
-2.1476E-04,2.481E-01
-2.1476E-04,2.641E-01
-2.1470E-04,2.481E-01
-2.1470E-04,2.641E-01
-2.1464E-04,2.481E-01
-2.1464E-04,2.641E-01
-2.1458E-04,2.481E-01
-2.1458E-04,2.641E-01
-2.1452E-04,2.481E-01
-2.1452E-04,2.641E-01
-2.1446E-04,2.561E-01
-2.1446E-04,2.641E-01
-2.1440E-04,2.561E-01
-2.1440E-04,2.721E-01
-2.1434E-04,2.561E-01
-2.1434E-04,2.721E-01
-2.1428E-04,2.561E-01
-2.1428E-04,2.721E-01
-2.1422E-04,2.561E-01
-2.1422E-04,2.721E-01
-2.1416E-04,2.561E-01
-2.1416E-04,2.721E-01
-2.1410E-04,2.561E-01
-2.1410E-04,2.801E-01
-2.1404E-04,2.641E-01
-2.1404E-04,2.801E-01
-2.1398E-04,2.641E-01
-2.1398E-04,2.801E-01
-2.1392E-04,2.641E-01
-2.1392E-04,2.801E-01
-2.1386E-04,2.641E-01
-2.1386E-04,2.801E-01
-2.1380E-04,2.641E-01
-2.1380E-04,2.881E-01
-2.1374E-04,2.641E-01
-2.1374E-04,2.881E-01
-2.1368E-04,2.641E-01
-2.1368E-04,2.881E-01
-2.1362E-04,2.721E-01
-2.1362E-04,2.881E-01
-2.1356E-04,2.721E-01
-2.1356E-04,2.881E-01
-2.1350E-04,2.721E-01
-2.1350E-04,2.881E-01
-2.1344E-04,2.641E-01
-2.1344E-04,2.881E-01
-2.1338E-04,2.641E-01
-2.1338E-04,2.881E-01
-2.1332E-04,2.721E-01
-2.1332E-04,2.881E-01
-2.1326E-04,2.721E-01
-2.1326E-04,2.881E-01
-2.1320E-04,2.721E-01
-2.1320E-04,2.961E-01
-2.1314E-04,2.721E-01
-2.1314E-04,2.961E-01
-2.1308E-04,2.721E-01
-2.1308E-04,2.961E-01
-2.1302E-04,2.721E-01
-2.1302E-04,2.961E-01
-2.1296E-04,2.721E-01
-2.1296E-04,2.961E-01
-2.1290E-04,2.801E-01
-2.1290E-04,2.961E-01
-2.1284E-04,2.801E-01
-2.1284E-04,2.961E-01
-2.1278E-04,2.801E-01
-2.1278E-04,2.961E-01
-2.1272E-04,2.721E-01
-2.1272E-04,2.961E-01
-2.1266E-04,2.721E-01
-2.1266E-04,2.881E-01
-2.1260E-04,2.721E-01
-2.1260E-04,2.961E-01
-2.1254E-04,2.801E-01
-2.1254E-04,2.961E-01
-2.1248E-04,2.801E-01
-2.1248E-04,3.041E-01
-2.1242E-04,2.881E-01
-2.1242E-04,3.041E-01
-2.1236E-04,2.881E-01
-2.1236E-04,3.041E-01
-2.1230E-04,2.881E-01
-2.1230E-04,3.041E-01
-2.1224E-04,2.881E-01
-2.1224E-04,3.121E-01
-2.1218E-04,2.881E-01
-2.1218E-04,3.121E-01
-2.1212E-04,2.961E-01
-2.1212E-04,3.121E-01
-2.1206E-04,2.961E-01
-2.1206E-04,3.121E-01
-2.1200E-04,2.881E-01
-2.1200E-04,3.121E-01
-2.1194E-04,2.961E-01
-2.1194E-04,3.121E-01
-2.1188E-04,2.961E-01
-2.1188E-04,3.201E-01
-2.1182E-04,3.041E-01
-2.1182E-04,3.201E-01
-2.1176E-04,2.961E-01
-2.1176E-04,3.201E-01
-2.1170E-04,3.041E-01
-2.1170E-04,3.201E-01
-2.1164E-04,3.041E-01
-2.1164E-04,3.201E-01
-2.1158E-04,3.041E-01
-2.1158E-04,3.281E-01
-2.1152E-04,3.041E-01
-2.1152E-04,3.281E-01
-2.1146E-04,3.121E-01
-2.1146E-04,3.281E-01
-2.1140E-04,3.121E-01
-2.1140E-04,3.281E-01
-2.1134E-04,3.121E-01
-2.1134E-04,3.361E-01
-2.1128E-04,3.121E-01
-2.1128E-04,3.281E-01
-2.1122E-04,3.121E-01
-2.1122E-04,3.361E-01
-2.1116E-04,3.201E-01
-2.1116E-04,3.361E-01
-2.1110E-04,3.201E-01
-2.1110E-04,3.361E-01
-2.1104E-04,3.201E-01
-2.1104E-04,3.441E-01
-2.1098E-04,3.201E-01
-2.1098E-04,3.361E-01
-2.1092E-04,3.201E-01
-2.1092E-04,3.361E-01
-2.1086E-04,3.201E-01
-2.1086E-04,3.441E-01
-2.1080E-04,3.281E-01
-2.1080E-04,3.441E-01
-2.1074E-04,3.281E-01
-2.1074E-04,3.441E-01
-2.1068E-04,3.281E-01
-2.1068E-04,3.441E-01
-2.1062E-04,3.281E-01
-2.1062E-04,3.521E-01
-2.1056E-04,3.281E-01
-2.1056E-04,3.441E-01
-2.1050E-04,3.281E-01
-2.1050E-04,3.521E-01
-2.1044E-04,3.361E-01
-2.1044E-04,3.521E-01
-2.1038E-04,3.361E-01
-2.1038E-04,3.521E-01
-2.1032E-04,3.361E-01
-2.1032E-04,3.601E-01
-2.1026E-04,3.361E-01
-2.1026E-04,3.521E-01
-2.1020E-04,3.361E-01
-2.1020E-04,3.601E-01
-2.1014E-04,3.361E-01
-2.1014E-04,3.601E-01
-2.1008E-04,3.441E-01
-2.1008E-04,3.521E-01
-2.1002E-04,3.441E-01
-2.1002E-04,3.601E-01
-2.0996E-04,3.441E-01
-2.0996E-04,3.601E-01
-2.0990E-04,3.441E-01
-2.0990E-04,3.601E-01
-2.0984E-04,3.441E-01
-2.0984E-04,3.601E-01
-2.0978E-04,3.441E-01
-2.0978E-04,3.681E-01
-2.0972E-04,3.521E-01
-2.0972E-04,3.681E-01
-2.0966E-04,3.521E-01
-2.0966E-04,3.681E-01
-2.0960E-04,3.521E-01
-2.0960E-04,3.681E-01
-2.0954E-04,3.521E-01
-2.0954E-04,3.761E-01
-2.0948E-04,3.521E-01
-2.0948E-04,3.681E-01
-2.0942E-04,3.521E-01
-2.0942E-04,3.681E-01
-2.0936E-04,3.601E-01
-2.0936E-04,3.761E-01
-2.0930E-04,3.601E-01
-2.0930E-04,3.761E-01
-2.0924E-04,3.601E-01
-2.0924E-04,3.761E-01
-2.0918E-04,3.601E-01
-2.0918E-04,3.841E-01
-2.0912E-04,3.601E-01
-2.0912E-04,3.841E-01
-2.0906E-04,3.681E-01
-2.0906E-04,3.841E-01
-2.0900E-04,3.681E-01
-2.0900E-04,3.841E-01
-2.0894E-04,3.681E-01
-2.0894E-04,3.921E-01
-2.0888E-04,3.681E-01
-2.0888E-04,3.841E-01
-2.0882E-04,3.681E-01
-2.0882E-04,3.841E-01
-2.0876E-04,3.681E-01
-2.0876E-04,3.921E-01
-2.0870E-04,3.681E-01
-2.0870E-04,3.921E-01
-2.0864E-04,3.761E-01
-2.0864E-04,3.921E-01
-2.0858E-04,3.761E-01
-2.0858E-04,4.001E-01
-2.0852E-04,3.761E-01
-2.0852E-04,4.001E-01
-2.0846E-04,3.841E-01
-2.0846E-04,4.001E-01
-2.0840E-04,3.841E-01
-2.0840E-04,4.001E-01
-2.0834E-04,3.841E-01
-2.0834E-04,4.001E-01
-2.0828E-04,3.841E-01
-2.0828E-04,4.001E-01
-2.0822E-04,3.841E-01
-2.0822E-04,4.081E-01
-2.0816E-04,3.841E-01
-2.0816E-04,4.081E-01
-2.0810E-04,3.921E-01
-2.0810E-04,4.081E-01
-2.0804E-04,3.921E-01
-2.0804E-04,4.081E-01
-2.0798E-04,3.921E-01
-2.0798E-04,4.161E-01
-2.0792E-04,3.921E-01
-2.0792E-04,4.161E-01
-2.0786E-04,3.921E-01
-2.0786E-04,4.161E-01
-2.0780E-04,4.001E-01
-2.0780E-04,4.161E-01
-2.0774E-04,4.001E-01
-2.0774E-04,4.161E-01
-2.0768E-04,4.001E-01
-2.0768E-04,4.241E-01
-2.0762E-04,4.001E-01
-2.0762E-04,4.161E-01
-2.0756E-04,4.001E-01
-2.0756E-04,4.241E-01
-2.0750E-04,4.001E-01
-2.0750E-04,4.241E-01
-2.0744E-04,4.001E-01
-2.0744E-04,4.241E-01
-2.0738E-04,4.081E-01
-2.0738E-04,4.241E-01
-2.0732E-04,4.081E-01
-2.0732E-04,4.321E-01
-2.0726E-04,4.081E-01
-2.0726E-04,4.321E-01
-2.0720E-04,4.081E-01
-2.0720E-04,4.321E-01
-2.0714E-04,4.161E-01
-2.0714E-04,4.321E-01
-2.0708E-04,4.161E-01
-2.0708E-04,4.321E-01
-2.0702E-04,4.161E-01
-2.0702E-04,4.401E-01
-2.0696E-04,4.161E-01
-2.0696E-04,4.321E-01
-2.0690E-04,4.241E-01
-2.0690E-04,4.401E-01
-2.0684E-04,4.161E-01
-2.0684E-04,4.401E-01
-2.0678E-04,4.241E-01
-2.0678E-04,4.401E-01
-2.0672E-04,4.161E-01
-2.0672E-04,4.401E-01
-2.0666E-04,4.161E-01
-2.0666E-04,4.401E-01
-2.0660E-04,4.321E-01
-2.0660E-04,4.481E-01
-2.0654E-04,4.241E-01
-2.0654E-04,4.481E-01
-2.0648E-04,4.321E-01
-2.0648E-04,4.481E-01
-2.0642E-04,4.321E-01
-2.0642E-04,4.481E-01
-2.0636E-04,4.321E-01
-2.0636E-04,4.481E-01
-2.0630E-04,4.401E-01
-2.0630E-04,4.561E-01
-2.0624E-04,4.401E-01
-2.0624E-04,4.561E-01
-2.0618E-04,4.401E-01
-2.0618E-04,4.561E-01
-2.0612E-04,4.401E-01
-2.0612E-04,4.561E-01
-2.0606E-04,4.401E-01
-2.0606E-04,4.561E-01
-2.0600E-04,4.401E-01
-2.0600E-04,4.641E-01
-2.0594E-04,4.401E-01
-2.0594E-04,4.641E-01
-2.0588E-04,4.401E-01
-2.0588E-04,4.641E-01
-2.0582E-04,4.401E-01
-2.0582E-04,4.641E-01
-2.0576E-04,4.481E-01
-2.0576E-04,4.721E-01
-2.0570E-04,4.481E-01
-2.0570E-04,4.721E-01
-2.0564E-04,4.481E-01
-2.0564E-04,4.721E-01
-2.0558E-04,4.481E-01
-2.0558E-04,4.721E-01
-2.0552E-04,4.561E-01
-2.0552E-04,4.721E-01
-2.0546E-04,4.561E-01
-2.0546E-04,4.801E-01
-2.0540E-04,4.641E-01
-2.0540E-04,4.801E-01
-2.0534E-04,4.641E-01
-2.0534E-04,4.801E-01
-2.0528E-04,4.641E-01
-2.0528E-04,4.801E-01
-2.0522E-04,4.641E-01
-2.0522E-04,4.801E-01
-2.0516E-04,4.641E-01
-2.0516E-04,4.801E-01
-2.0510E-04,4.641E-01
-2.0510E-04,4.801E-01
-2.0504E-04,4.641E-01
-2.0504E-04,4.881E-01
-2.0498E-04,4.721E-01
-2.0498E-04,4.881E-01
-2.0492E-04,4.641E-01
-2.0492E-04,4.881E-01
-2.0486E-04,4.641E-01
-2.0486E-04,4.881E-01
-2.0480E-04,4.721E-01
-2.0480E-04,4.881E-01
-2.0474E-04,4.721E-01
-2.0474E-04,4.881E-01
-2.0468E-04,4.721E-01
-2.0468E-04,4.961E-01
-2.0462E-04,4.801E-01
-2.0462E-04,4.961E-01
-2.0456E-04,4.801E-01
-2.0456E-04,4.961E-01
-2.0450E-04,4.801E-01
-2.0450E-04,5.041E-01
-2.0444E-04,4.801E-01
-2.0444E-04,5.041E-01
-2.0438E-04,4.801E-01
-2.0438E-04,5.041E-01
-2.0432E-04,4.801E-01
-2.0432E-04,4.961E-01
-2.0426E-04,4.801E-01
-2.0426E-04,4.961E-01
-2.0420E-04,4.801E-01
-2.0420E-04,5.041E-01
-2.0414E-04,4.881E-01
-2.0414E-04,5.041E-01
-2.0408E-04,4.881E-01
-2.0408E-04,5.041E-01
-2.0402E-04,4.881E-01
-2.0402E-04,5.121E-01
-2.0396E-04,4.881E-01
-2.0396E-04,5.041E-01
-2.0390E-04,4.881E-01
-2.0390E-04,5.121E-01
-2.0384E-04,4.881E-01
-2.0384E-04,5.121E-01
-2.0378E-04,4.961E-01
-2.0378E-04,5.121E-01
-2.0372E-04,4.961E-01
-2.0372E-04,5.121E-01
-2.0366E-04,4.961E-01
-2.0366E-04,5.201E-01
-2.0360E-04,4.961E-01
-2.0360E-04,5.201E-01
-2.0354E-04,5.041E-01
-2.0354E-04,5.201E-01
-2.0348E-04,5.041E-01
-2.0348E-04,5.201E-01
-2.0342E-04,5.041E-01
-2.0342E-04,5.201E-01
-2.0336E-04,5.041E-01
-2.0336E-04,5.281E-01
-2.0330E-04,5.041E-01
-2.0330E-04,5.201E-01
-2.0324E-04,5.041E-01
-2.0324E-04,5.201E-01
-2.0318E-04,5.121E-01
-2.0318E-04,5.281E-01
-2.0312E-04,5.121E-01
-2.0312E-04,5.281E-01
-2.0306E-04,5.121E-01
-2.0306E-04,5.361E-01
-2.0300E-04,5.121E-01
-2.0300E-04,5.281E-01
-2.0294E-04,5.201E-01
-2.0294E-04,5.361E-01
-2.0288E-04,5.201E-01
-2.0288E-04,5.361E-01
-2.0282E-04,5.121E-01
-2.0282E-04,5.361E-01
-2.0276E-04,5.201E-01
-2.0276E-04,5.361E-01
-2.0270E-04,5.201E-01
-2.0270E-04,5.441E-01
-2.0264E-04,5.201E-01
-2.0264E-04,5.441E-01
-2.0258E-04,5.281E-01
-2.0258E-04,5.441E-01
-2.0252E-04,5.281E-01
-2.0252E-04,5.441E-01
-2.0246E-04,5.281E-01
-2.0246E-04,5.441E-01
-2.0240E-04,5.281E-01
-2.0240E-04,5.521E-01
-2.0234E-04,5.361E-01
-2.0234E-04,5.521E-01
-2.0228E-04,5.361E-01
-2.0228E-04,5.521E-01
-2.0222E-04,5.441E-01
-2.0222E-04,5.601E-01
-2.0216E-04,5.441E-01
-2.0216E-04,5.601E-01
-2.0210E-04,5.441E-01
-2.0210E-04,5.601E-01
-2.0204E-04,5.441E-01
-2.0204E-04,5.681E-01
-2.0198E-04,5.441E-01
-2.0198E-04,5.681E-01
-2.0192E-04,5.441E-01
-2.0192E-04,5.681E-01
-2.0186E-04,5.521E-01
-2.0186E-04,5.681E-01
-2.0180E-04,5.521E-01
-2.0180E-04,5.761E-01
-2.0174E-04,5.521E-01
-2.0174E-04,5.761E-01
-2.0168E-04,5.601E-01
-2.0168E-04,5.761E-01
-2.0162E-04,5.601E-01
-2.0162E-04,5.761E-01
-2.0156E-04,5.601E-01
-2.0156E-04,5.761E-01
-2.0150E-04,5.601E-01
-2.0150E-04,5.841E-01
-2.0144E-04,5.601E-01
-2.0144E-04,5.841E-01
-2.0138E-04,5.601E-01
-2.0138E-04,5.841E-01
-2.0132E-04,5.601E-01
-2.0132E-04,5.841E-01
-2.0126E-04,5.681E-01
-2.0126E-04,5.841E-01
-2.0120E-04,5.681E-01
-2.0120E-04,5.921E-01
-2.0114E-04,5.681E-01
-2.0114E-04,5.921E-01
-2.0108E-04,5.681E-01
-2.0108E-04,5.921E-01
-2.0102E-04,5.681E-01
-2.0102E-04,5.921E-01
-2.0096E-04,5.761E-01
-2.0096E-04,5.921E-01
-2.0090E-04,5.761E-01
-2.0090E-04,5.921E-01
-2.0084E-04,5.761E-01
-2.0084E-04,5.921E-01
-2.0078E-04,5.761E-01
-2.0078E-04,6.001E-01
-2.0072E-04,5.761E-01
-2.0072E-04,6.001E-01
-2.0066E-04,5.841E-01
-2.0066E-04,6.001E-01
-2.0060E-04,5.841E-01
-2.0060E-04,6.001E-01
-2.0054E-04,5.841E-01
-2.0054E-04,6.001E-01
-2.0048E-04,5.841E-01
-2.0048E-04,6.001E-01
-2.0042E-04,5.841E-01
-2.0042E-04,6.081E-01
-2.0036E-04,5.921E-01
-2.0036E-04,6.081E-01
-2.0030E-04,5.921E-01
-2.0030E-04,6.081E-01
-2.0024E-04,5.921E-01
-2.0024E-04,6.161E-01
-2.0018E-04,5.921E-01
-2.0018E-04,6.161E-01
-2.0012E-04,6.001E-01
-2.0012E-04,6.161E-01
-2.0006E-04,6.001E-01
-2.0006E-04,6.161E-01
-2.0000E-04,6.001E-01
-2.0000E-04,6.161E-01
-1.9994E-04,6.001E-01
-1.9994E-04,6.161E-01
-1.9988E-04,6.001E-01
-1.9988E-04,6.241E-01
-1.9982E-04,6.001E-01
-1.9982E-04,6.241E-01
-1.9976E-04,6.001E-01
-1.9976E-04,6.241E-01
-1.9970E-04,6.001E-01
-1.9970E-04,6.241E-01
-1.9964E-04,6.081E-01
-1.9964E-04,6.321E-01
-1.9958E-04,6.081E-01
-1.9958E-04,6.321E-01
-1.9952E-04,6.081E-01
-1.9952E-04,6.321E-01
-1.9946E-04,6.081E-01
-1.9946E-04,6.321E-01
-1.9940E-04,6.161E-01
-1.9940E-04,6.321E-01
-1.9934E-04,6.161E-01
-1.9934E-04,6.321E-01
-1.9928E-04,6.161E-01
-1.9928E-04,6.321E-01
-1.9922E-04,6.161E-01
-1.9922E-04,6.401E-01
-1.9916E-04,6.241E-01
-1.9916E-04,6.401E-01
-1.9910E-04,6.241E-01
-1.9910E-04,6.481E-01
-1.9904E-04,6.241E-01
-1.9904E-04,6.401E-01
-1.9898E-04,6.241E-01
-1.9898E-04,6.481E-01
-1.9892E-04,6.321E-01
-1.9892E-04,6.481E-01
-1.9886E-04,6.321E-01
-1.9886E-04,6.481E-01
-1.9880E-04,6.321E-01
-1.9880E-04,6.481E-01
-1.9874E-04,6.321E-01
-1.9874E-04,6.481E-01
-1.9868E-04,6.321E-01
-1.9868E-04,6.561E-01
-1.9862E-04,6.401E-01
-1.9862E-04,6.561E-01
-1.9856E-04,6.401E-01
-1.9856E-04,6.561E-01
-1.9850E-04,6.401E-01
-1.9850E-04,6.561E-01
-1.9844E-04,6.401E-01
-1.9844E-04,6.641E-01
-1.9838E-04,6.401E-01
-1.9838E-04,6.641E-01
-1.9832E-04,6.401E-01
-1.9832E-04,6.641E-01
-1.9826E-04,6.401E-01
-1.9826E-04,6.641E-01
-1.9820E-04,6.481E-01
-1.9820E-04,6.641E-01
-1.9814E-04,6.481E-01
-1.9814E-04,6.641E-01
-1.9808E-04,6.561E-01
-1.9808E-04,6.641E-01
-1.9802E-04,6.481E-01
-1.9802E-04,6.641E-01
-1.9796E-04,6.481E-01
-1.9796E-04,6.721E-01
-1.9790E-04,6.561E-01
-1.9790E-04,6.721E-01
-1.9784E-04,6.561E-01
-1.9784E-04,6.721E-01
-1.9778E-04,6.561E-01
-1.9778E-04,6.721E-01
-1.9772E-04,6.561E-01
-1.9772E-04,6.801E-01
-1.9766E-04,6.561E-01
-1.9766E-04,6.801E-01
-1.9760E-04,6.641E-01
-1.9760E-04,6.801E-01
-1.9754E-04,6.641E-01
-1.9754E-04,6.801E-01
-1.9748E-04,6.641E-01
-1.9748E-04,6.801E-01
-1.9742E-04,6.641E-01
-1.9742E-04,6.881E-01
-1.9736E-04,6.641E-01
-1.9736E-04,6.881E-01
-1.9730E-04,6.641E-01
-1.9730E-04,6.881E-01
-1.9724E-04,6.641E-01
-1.9724E-04,6.881E-01
-1.9718E-04,6.721E-01
-1.9718E-04,6.881E-01
-1.9712E-04,6.721E-01
-1.9712E-04,6.881E-01
-1.9706E-04,6.721E-01
-1.9706E-04,6.961E-01
-1.9700E-04,6.801E-01
-1.9700E-04,6.961E-01
-1.9694E-04,6.801E-01
-1.9694E-04,6.961E-01
-1.9688E-04,6.801E-01
-1.9688E-04,6.961E-01
-1.9682E-04,6.801E-01
-1.9682E-04,6.961E-01
-1.9676E-04,6.801E-01
-1.9676E-04,7.041E-01
-1.9670E-04,6.801E-01
-1.9670E-04,7.041E-01
-1.9664E-04,6.801E-01
-1.9664E-04,7.041E-01
-1.9658E-04,6.881E-01
-1.9658E-04,7.041E-01
-1.9652E-04,6.881E-01
-1.9652E-04,7.041E-01
-1.9646E-04,6.881E-01
-1.9646E-04,7.041E-01
-1.9640E-04,6.881E-01
-1.9640E-04,7.041E-01
-1.9634E-04,6.881E-01
-1.9634E-04,7.041E-01
-1.9628E-04,6.961E-01
-1.9628E-04,7.121E-01
-1.9622E-04,6.881E-01
-1.9622E-04,7.121E-01
-1.9616E-04,6.881E-01
-1.9616E-04,7.201E-01
-1.9610E-04,6.961E-01
-1.9610E-04,7.201E-01
-1.9604E-04,6.961E-01
-1.9604E-04,7.201E-01
-1.9598E-04,7.041E-01
-1.9598E-04,7.201E-01
-1.9592E-04,7.041E-01
-1.9592E-04,7.201E-01
-1.9586E-04,7.041E-01
-1.9586E-04,7.201E-01
-1.9580E-04,7.041E-01
-1.9580E-04,7.201E-01
-1.9574E-04,7.041E-01
-1.9574E-04,7.281E-01
-1.9568E-04,7.121E-01
-1.9568E-04,7.281E-01
-1.9562E-04,7.041E-01
-1.9562E-04,7.281E-01
-1.9556E-04,7.121E-01
-1.9556E-04,7.281E-01
-1.9550E-04,7.121E-01
-1.9550E-04,7.281E-01
-1.9544E-04,7.121E-01
-1.9544E-04,7.361E-01
-1.9538E-04,7.121E-01
-1.9538E-04,7.361E-01
-1.9532E-04,7.121E-01
-1.9532E-04,7.361E-01
-1.9526E-04,7.121E-01
-1.9526E-04,7.361E-01
-1.9520E-04,7.201E-01
-1.9520E-04,7.361E-01
-1.9514E-04,7.201E-01
-1.9514E-04,7.441E-01
-1.9508E-04,7.201E-01
-1.9508E-04,7.441E-01
-1.9502E-04,7.201E-01
-1.9502E-04,7.361E-01
-1.9496E-04,7.281E-01
-1.9496E-04,7.441E-01
-1.9490E-04,7.281E-01
-1.9490E-04,7.521E-01
-1.9484E-04,7.281E-01
-1.9484E-04,7.441E-01
-1.9478E-04,7.281E-01
-1.9478E-04,7.441E-01
-1.9472E-04,7.281E-01
-1.9472E-04,7.441E-01
-1.9466E-04,7.281E-01
-1.9466E-04,7.521E-01
-1.9460E-04,7.361E-01
-1.9460E-04,7.521E-01
-1.9454E-04,7.361E-01
-1.9454E-04,7.521E-01
-1.9448E-04,7.361E-01
-1.9448E-04,7.521E-01
-1.9442E-04,7.361E-01
-1.9442E-04,7.521E-01
-1.9436E-04,7.441E-01
-1.9436E-04,7.521E-01
-1.9430E-04,7.441E-01
-1.9430E-04,7.521E-01
-1.9424E-04,7.361E-01
-1.9424E-04,7.601E-01
-1.9418E-04,7.441E-01
-1.9418E-04,7.601E-01
-1.9412E-04,7.441E-01
-1.9412E-04,7.681E-01
-1.9406E-04,7.521E-01
-1.9406E-04,7.601E-01
-1.9400E-04,7.521E-01
-1.9400E-04,7.601E-01
-1.9394E-04,7.521E-01
-1.9394E-04,7.681E-01
-1.9388E-04,7.521E-01
-1.9388E-04,7.681E-01
-1.9382E-04,7.521E-01
-1.9382E-04,7.761E-01
-1.9376E-04,7.521E-01
-1.9376E-04,7.761E-01
-1.9370E-04,7.521E-01
-1.9370E-04,7.761E-01
-1.9364E-04,7.601E-01
-1.9364E-04,7.761E-01
-1.9358E-04,7.601E-01
-1.9358E-04,7.761E-01
-1.9352E-04,7.601E-01
-1.9352E-04,7.761E-01
-1.9346E-04,7.601E-01
-1.9346E-04,7.761E-01
-1.9340E-04,7.601E-01
-1.9340E-04,7.841E-01
-1.9334E-04,7.601E-01
-1.9334E-04,7.761E-01
-1.9328E-04,7.601E-01
-1.9328E-04,7.761E-01
-1.9322E-04,7.601E-01
-1.9322E-04,7.841E-01
-1.9316E-04,7.681E-01
-1.9316E-04,7.841E-01
-1.9310E-04,7.681E-01
-1.9310E-04,7.841E-01
-1.9304E-04,7.681E-01
-1.9304E-04,7.841E-01
-1.9298E-04,7.681E-01
-1.9298E-04,7.921E-01
-1.9292E-04,7.681E-01
-1.9292E-04,7.921E-01
-1.9286E-04,7.761E-01
-1.9286E-04,8.001E-01
-1.9280E-04,7.761E-01
-1.9280E-04,7.921E-01
-1.9274E-04,7.761E-01
-1.9274E-04,7.921E-01
-1.9268E-04,7.761E-01
-1.9268E-04,8.001E-01
-1.9262E-04,7.761E-01
-1.9262E-04,8.001E-01
-1.9256E-04,7.841E-01
-1.9256E-04,8.001E-01
-1.9250E-04,7.841E-01
-1.9250E-04,8.001E-01
-1.9244E-04,7.841E-01
-1.9244E-04,8.001E-01
-1.9238E-04,7.841E-01
-1.9238E-04,8.001E-01
-1.9232E-04,7.841E-01
-1.9232E-04,8.001E-01
-1.9226E-04,7.841E-01
-1.9226E-04,8.001E-01
-1.9220E-04,7.841E-01
-1.9220E-04,8.081E-01
-1.9214E-04,7.921E-01
-1.9214E-04,8.081E-01
-1.9208E-04,7.921E-01
-1.9208E-04,8.081E-01
-1.9202E-04,7.841E-01
-1.9202E-04,8.081E-01
-1.9196E-04,7.841E-01
-1.9196E-04,8.081E-01
-1.9190E-04,7.841E-01
-1.9190E-04,8.081E-01
-1.9184E-04,7.921E-01
-1.9184E-04,8.081E-01
-1.9178E-04,7.921E-01
-1.9178E-04,8.161E-01
-1.9172E-04,7.921E-01
-1.9172E-04,8.161E-01
-1.9166E-04,7.921E-01
-1.9166E-04,8.161E-01
-1.9160E-04,8.001E-01
-1.9160E-04,8.241E-01
-1.9154E-04,8.001E-01
-1.9154E-04,8.241E-01
-1.9148E-04,8.001E-01
-1.9148E-04,8.241E-01
-1.9142E-04,8.001E-01
-1.9142E-04,8.241E-01
-1.9136E-04,8.001E-01
-1.9136E-04,8.241E-01
-1.9130E-04,8.081E-01
-1.9130E-04,8.241E-01
-1.9124E-04,8.081E-01
-1.9124E-04,8.321E-01
-1.9118E-04,8.081E-01
-1.9118E-04,8.321E-01
-1.9112E-04,8.161E-01
-1.9112E-04,8.321E-01
-1.9106E-04,8.161E-01
-1.9106E-04,8.321E-01
-1.9100E-04,8.161E-01
-1.9100E-04,8.401E-01
-1.9094E-04,8.161E-01
-1.9094E-04,8.401E-01
-1.9088E-04,8.161E-01
-1.9088E-04,8.401E-01
-1.9082E-04,8.161E-01
-1.9082E-04,8.401E-01
-1.9076E-04,8.161E-01
-1.9076E-04,8.401E-01
-1.9070E-04,8.241E-01
-1.9070E-04,8.481E-01
-1.9064E-04,8.241E-01
-1.9064E-04,8.401E-01
-1.9058E-04,8.241E-01
-1.9058E-04,8.401E-01
-1.9052E-04,8.241E-01
-1.9052E-04,8.401E-01
-1.9046E-04,8.241E-01
-1.9046E-04,8.401E-01
-1.9040E-04,8.241E-01
-1.9040E-04,8.401E-01
-1.9034E-04,8.161E-01
-1.9034E-04,8.481E-01
-1.9028E-04,8.161E-01
-1.9028E-04,8.481E-01
-1.9022E-04,8.241E-01
-1.9022E-04,8.481E-01
-1.9016E-04,8.241E-01
-1.9016E-04,8.481E-01
-1.9010E-04,8.241E-01
-1.9010E-04,8.481E-01
-1.9004E-04,8.321E-01
-1.9004E-04,8.481E-01
-1.8998E-04,8.321E-01
-1.8998E-04,8.481E-01
-1.8992E-04,8.241E-01
-1.8992E-04,8.561E-01
-1.8986E-04,8.321E-01
-1.8986E-04,8.481E-01
-1.8980E-04,8.321E-01
-1.8980E-04,8.561E-01
-1.8974E-04,8.401E-01
-1.8974E-04,8.481E-01
-1.8968E-04,8.321E-01
-1.8968E-04,8.481E-01
-1.8962E-04,8.321E-01
-1.8962E-04,8.561E-01
-1.8956E-04,8.401E-01
-1.8956E-04,8.561E-01
-1.8950E-04,8.321E-01
-1.8950E-04,8.561E-01
-1.8944E-04,8.401E-01
-1.8944E-04,8.561E-01
-1.8938E-04,8.321E-01
-1.8938E-04,8.641E-01
-1.8932E-04,8.401E-01
-1.8932E-04,8.641E-01
-1.8926E-04,8.401E-01
-1.8926E-04,8.641E-01
-1.8920E-04,8.481E-01
-1.8920E-04,8.641E-01
-1.8914E-04,8.401E-01
-1.8914E-04,8.641E-01
-1.8908E-04,8.401E-01
-1.8908E-04,8.641E-01
-1.8902E-04,8.481E-01
-1.8902E-04,8.641E-01
-1.8896E-04,8.481E-01
-1.8896E-04,8.721E-01
-1.8890E-04,8.561E-01
-1.8890E-04,8.721E-01
-1.8884E-04,8.481E-01
-1.8884E-04,8.721E-01
-1.8878E-04,8.561E-01
-1.8878E-04,8.721E-01
-1.8872E-04,8.561E-01
-1.8872E-04,8.721E-01
-1.8866E-04,8.561E-01
-1.8866E-04,8.721E-01
-1.8860E-04,8.561E-01
-1.8860E-04,8.721E-01
-1.8854E-04,8.561E-01
-1.8854E-04,8.721E-01
-1.8848E-04,8.641E-01
-1.8848E-04,8.801E-01
-1.8842E-04,8.561E-01
-1.8842E-04,8.801E-01
-1.8836E-04,8.641E-01
-1.8836E-04,8.881E-01
-1.8830E-04,8.641E-01
-1.8830E-04,8.881E-01
-1.8824E-04,8.641E-01
-1.8824E-04,8.881E-01
-1.8818E-04,8.641E-01
-1.8818E-04,8.801E-01
-1.8812E-04,8.641E-01
-1.8812E-04,8.801E-01
-1.8806E-04,8.641E-01
-1.8806E-04,8.801E-01
-1.8800E-04,8.721E-01
-1.8800E-04,8.881E-01
-1.8794E-04,8.721E-01
-1.8794E-04,8.881E-01
-1.8788E-04,8.721E-01
-1.8788E-04,8.961E-01
-1.8782E-04,8.721E-01
-1.8782E-04,8.961E-01
-1.8776E-04,8.721E-01
-1.8776E-04,8.961E-01
-1.8770E-04,8.721E-01
-1.8770E-04,8.961E-01
-1.8764E-04,8.641E-01
-1.8764E-04,8.961E-01
-1.8758E-04,8.641E-01
-1.8758E-04,8.881E-01
-1.8752E-04,8.641E-01
-1.8752E-04,8.881E-01
-1.8746E-04,8.721E-01
-1.8746E-04,8.961E-01
-1.8740E-04,8.801E-01
-1.8740E-04,9.041E-01
-1.8734E-04,8.801E-01
-1.8734E-04,9.041E-01
-1.8728E-04,8.801E-01
-1.8728E-04,9.041E-01
-1.8722E-04,8.801E-01
-1.8722E-04,9.041E-01
-1.8716E-04,8.801E-01
-1.8716E-04,9.041E-01
-1.8710E-04,8.881E-01
-1.8710E-04,9.041E-01
-1.8704E-04,8.881E-01
-1.8704E-04,9.041E-01
-1.8698E-04,8.881E-01
-1.8698E-04,9.121E-01
-1.8692E-04,8.881E-01
-1.8692E-04,9.121E-01
-1.8686E-04,8.881E-01
-1.8686E-04,9.121E-01
-1.8680E-04,8.881E-01
-1.8680E-04,9.121E-01
-1.8674E-04,8.881E-01
-1.8674E-04,9.121E-01
-1.8668E-04,8.881E-01
-1.8668E-04,9.121E-01
-1.8662E-04,8.961E-01
-1.8662E-04,9.121E-01
-1.8656E-04,8.961E-01
-1.8656E-04,9.121E-01
-1.8650E-04,8.961E-01
-1.8650E-04,9.201E-01
-1.8644E-04,9.041E-01
-1.8644E-04,9.201E-01
-1.8638E-04,8.961E-01
-1.8638E-04,9.201E-01
-1.8632E-04,8.961E-01
-1.8632E-04,9.201E-01
-1.8626E-04,9.041E-01
-1.8626E-04,9.201E-01
-1.8620E-04,9.041E-01
-1.8620E-04,9.201E-01
-1.8614E-04,9.041E-01
-1.8614E-04,9.201E-01
-1.8608E-04,9.041E-01
-1.8608E-04,9.201E-01
-1.8602E-04,9.041E-01
-1.8602E-04,9.201E-01
-1.8596E-04,9.041E-01
-1.8596E-04,9.201E-01
-1.8590E-04,9.121E-01
-1.8590E-04,9.201E-01
-1.8584E-04,9.121E-01
-1.8584E-04,9.281E-01
-1.8578E-04,9.041E-01
-1.8578E-04,9.281E-01
-1.8572E-04,9.041E-01
-1.8572E-04,9.281E-01
-1.8566E-04,9.121E-01
-1.8566E-04,9.281E-01
-1.8560E-04,9.121E-01
-1.8560E-04,9.281E-01
-1.8554E-04,9.121E-01
-1.8554E-04,9.281E-01
-1.8548E-04,9.121E-01
-1.8548E-04,9.361E-01
-1.8542E-04,9.121E-01
-1.8542E-04,9.361E-01
-1.8536E-04,9.121E-01
-1.8536E-04,9.281E-01
-1.8530E-04,9.121E-01
-1.8530E-04,9.361E-01
-1.8524E-04,9.121E-01
-1.8524E-04,9.361E-01
-1.8518E-04,9.201E-01
-1.8518E-04,9.361E-01
-1.8512E-04,9.201E-01
-1.8512E-04,9.361E-01
-1.8506E-04,9.201E-01
-1.8506E-04,9.361E-01
-1.8500E-04,9.201E-01
-1.8500E-04,9.361E-01
-1.8494E-04,9.201E-01
-1.8494E-04,9.441E-01
-1.8488E-04,9.201E-01
-1.8488E-04,9.361E-01
-1.8482E-04,9.201E-01
-1.8482E-04,9.441E-01
-1.8476E-04,9.201E-01
-1.8476E-04,9.361E-01
-1.8470E-04,9.281E-01
-1.8470E-04,9.441E-01
-1.8464E-04,9.281E-01
-1.8464E-04,9.441E-01
-1.8458E-04,9.281E-01
-1.8458E-04,9.441E-01
-1.8452E-04,9.281E-01
-1.8452E-04,9.441E-01
-1.8446E-04,9.281E-01
-1.8446E-04,9.521E-01
-1.8440E-04,9.281E-01
-1.8440E-04,9.441E-01
-1.8434E-04,9.281E-01
-1.8434E-04,9.441E-01
-1.8428E-04,9.281E-01
-1.8428E-04,9.441E-01
-1.8422E-04,9.281E-01
-1.8422E-04,9.521E-01
-1.8416E-04,9.281E-01
-1.8416E-04,9.521E-01
-1.8410E-04,9.281E-01
-1.8410E-04,9.521E-01
-1.8404E-04,9.361E-01
-1.8404E-04,9.521E-01
-1.8398E-04,9.361E-01
-1.8398E-04,9.521E-01
-1.8392E-04,9.361E-01
-1.8392E-04,9.521E-01
-1.8386E-04,9.361E-01
-1.8386E-04,9.521E-01
-1.8380E-04,9.281E-01
-1.8380E-04,9.521E-01
-1.8374E-04,9.281E-01
-1.8374E-04,9.521E-01
-1.8368E-04,9.361E-01
-1.8368E-04,9.521E-01
-1.8362E-04,9.361E-01
-1.8362E-04,9.521E-01
-1.8356E-04,9.361E-01
-1.8356E-04,9.521E-01
-1.8350E-04,9.361E-01
-1.8350E-04,9.521E-01
-1.8344E-04,9.361E-01
-1.8344E-04,9.521E-01
-1.8338E-04,9.361E-01
-1.8338E-04,9.601E-01
-1.8332E-04,9.361E-01
-1.8332E-04,9.601E-01
-1.8326E-04,9.441E-01
-1.8326E-04,9.601E-01
-1.8320E-04,9.361E-01
-1.8320E-04,9.601E-01
-1.8314E-04,9.441E-01
-1.8314E-04,9.601E-01
-1.8308E-04,9.441E-01
-1.8308E-04,9.601E-01
-1.8302E-04,9.441E-01
-1.8302E-04,9.601E-01
-1.8296E-04,9.441E-01
-1.8296E-04,9.601E-01
-1.8290E-04,9.361E-01
-1.8290E-04,9.601E-01
-1.8284E-04,9.441E-01
-1.8284E-04,9.601E-01
-1.8278E-04,9.441E-01
-1.8278E-04,9.681E-01
-1.8272E-04,9.441E-01
-1.8272E-04,9.681E-01
-1.8266E-04,9.441E-01
-1.8266E-04,9.681E-01
-1.8260E-04,9.441E-01
-1.8260E-04,9.681E-01
-1.8254E-04,9.441E-01
-1.8254E-04,9.681E-01
-1.8248E-04,9.521E-01
-1.8248E-04,9.681E-01
-1.8242E-04,9.441E-01
-1.8242E-04,9.681E-01
-1.8236E-04,9.521E-01
-1.8236E-04,9.681E-01
-1.8230E-04,9.521E-01
-1.8230E-04,9.681E-01
-1.8224E-04,9.521E-01
-1.8224E-04,9.681E-01
-1.8218E-04,9.521E-01
-1.8218E-04,9.681E-01
-1.8212E-04,9.441E-01
-1.8212E-04,9.681E-01
-1.8206E-04,9.441E-01
-1.8206E-04,9.681E-01
-1.8200E-04,9.441E-01
-1.8200E-04,9.681E-01
-1.8194E-04,9.441E-01
-1.8194E-04,9.601E-01
-1.8188E-04,9.361E-01
-1.8188E-04,9.601E-01
-1.8182E-04,9.361E-01
-1.8182E-04,9.601E-01
-1.8176E-04,9.441E-01
-1.8176E-04,9.601E-01
-1.8170E-04,9.441E-01
-1.8170E-04,9.601E-01
-1.8164E-04,9.441E-01
-1.8164E-04,9.601E-01
-1.8158E-04,9.441E-01
-1.8158E-04,9.601E-01
-1.8152E-04,9.441E-01
-1.8152E-04,9.601E-01
-1.8146E-04,9.441E-01
-1.8146E-04,9.601E-01
-1.8140E-04,9.441E-01
-1.8140E-04,9.601E-01
-1.8134E-04,9.441E-01
-1.8134E-04,9.601E-01
-1.8128E-04,9.441E-01
-1.8128E-04,9.681E-01
-1.8122E-04,9.441E-01
-1.8122E-04,9.681E-01
-1.8116E-04,9.441E-01
-1.8116E-04,9.681E-01
-1.8110E-04,9.441E-01
-1.8110E-04,9.601E-01
-1.8104E-04,9.441E-01
-1.8104E-04,9.601E-01
-1.8098E-04,9.361E-01
-1.8098E-04,9.681E-01
-1.8092E-04,9.441E-01
-1.8092E-04,9.681E-01
-1.8086E-04,9.441E-01
-1.8086E-04,9.601E-01
-1.8080E-04,9.441E-01
-1.8080E-04,9.681E-01
-1.8074E-04,9.441E-01
-1.8074E-04,9.681E-01
-1.8068E-04,9.441E-01
-1.8068E-04,9.681E-01
-1.8062E-04,9.441E-01
-1.8062E-04,9.601E-01
-1.8056E-04,9.441E-01
-1.8056E-04,9.681E-01
-1.8050E-04,9.441E-01
-1.8050E-04,9.601E-01
-1.8044E-04,9.441E-01
-1.8044E-04,9.681E-01
-1.8038E-04,9.441E-01
-1.8038E-04,9.681E-01
-1.8032E-04,9.441E-01
-1.8032E-04,9.681E-01
-1.8026E-04,9.441E-01
-1.8026E-04,9.681E-01
-1.8020E-04,9.441E-01
-1.8020E-04,9.681E-01
-1.8014E-04,9.441E-01
-1.8014E-04,9.601E-01
-1.8008E-04,9.441E-01
-1.8008E-04,9.601E-01
-1.8002E-04,9.441E-01
-1.8002E-04,9.601E-01
-1.7996E-04,9.521E-01
-1.7996E-04,9.681E-01
-1.7990E-04,9.441E-01
-1.7990E-04,9.681E-01
-1.7984E-04,9.441E-01
-1.7984E-04,9.681E-01
-1.7978E-04,9.521E-01
-1.7978E-04,9.681E-01
-1.7972E-04,9.441E-01
-1.7972E-04,9.681E-01
-1.7966E-04,9.521E-01
-1.7966E-04,9.681E-01
-1.7960E-04,9.521E-01
-1.7960E-04,9.681E-01
-1.7954E-04,9.521E-01
-1.7954E-04,9.681E-01
-1.7948E-04,9.521E-01
-1.7948E-04,9.681E-01
-1.7942E-04,9.521E-01
-1.7942E-04,9.681E-01
-1.7936E-04,9.521E-01
-1.7936E-04,9.681E-01
-1.7930E-04,9.521E-01
-1.7930E-04,9.761E-01
-1.7924E-04,9.521E-01
-1.7924E-04,9.761E-01
-1.7918E-04,9.521E-01
-1.7918E-04,9.761E-01
-1.7912E-04,9.601E-01
-1.7912E-04,9.761E-01
-1.7906E-04,9.601E-01
-1.7906E-04,9.761E-01
-1.7900E-04,9.521E-01
-1.7900E-04,9.761E-01
-1.7894E-04,9.521E-01
-1.7894E-04,9.761E-01
-1.7888E-04,9.521E-01
-1.7888E-04,9.761E-01
-1.7882E-04,9.521E-01
-1.7882E-04,9.761E-01
-1.7876E-04,9.521E-01
-1.7876E-04,9.761E-01
-1.7870E-04,9.521E-01
-1.7870E-04,9.761E-01
-1.7864E-04,9.601E-01
-1.7864E-04,9.761E-01
-1.7858E-04,9.601E-01
-1.7858E-04,9.761E-01
-1.7852E-04,9.601E-01
-1.7852E-04,9.761E-01
-1.7846E-04,9.601E-01
-1.7846E-04,9.761E-01
-1.7840E-04,9.521E-01
-1.7840E-04,9.761E-01
-1.7834E-04,9.521E-01
-1.7834E-04,9.761E-01
-1.7828E-04,9.521E-01
-1.7828E-04,9.761E-01
-1.7822E-04,9.521E-01
-1.7822E-04,9.761E-01
-1.7816E-04,9.521E-01
-1.7816E-04,9.761E-01
-1.7810E-04,9.521E-01
-1.7810E-04,9.681E-01
-1.7804E-04,9.521E-01
-1.7804E-04,9.761E-01
-1.7798E-04,9.521E-01
-1.7798E-04,9.761E-01
-1.7792E-04,9.521E-01
-1.7792E-04,9.761E-01
-1.7786E-04,9.521E-01
-1.7786E-04,9.761E-01
-1.7780E-04,9.521E-01
-1.7780E-04,9.761E-01
-1.7774E-04,9.521E-01
-1.7774E-04,9.761E-01
-1.7768E-04,9.521E-01
-1.7768E-04,9.761E-01
-1.7762E-04,9.521E-01
-1.7762E-04,9.681E-01
-1.7756E-04,9.521E-01
-1.7756E-04,9.761E-01
-1.7750E-04,9.521E-01
-1.7750E-04,9.761E-01
-1.7744E-04,9.521E-01
-1.7744E-04,9.681E-01
-1.7738E-04,9.441E-01
-1.7738E-04,9.681E-01
-1.7732E-04,9.521E-01
-1.7732E-04,9.681E-01
-1.7726E-04,9.521E-01
-1.7726E-04,9.681E-01
-1.7720E-04,9.521E-01
-1.7720E-04,9.681E-01
-1.7714E-04,9.521E-01
-1.7714E-04,9.681E-01
-1.7708E-04,9.521E-01
-1.7708E-04,9.681E-01
-1.7702E-04,9.521E-01
-1.7702E-04,9.681E-01
-1.7696E-04,9.521E-01
-1.7696E-04,9.761E-01
-1.7690E-04,9.521E-01
-1.7690E-04,9.681E-01
-1.7684E-04,9.521E-01
-1.7684E-04,9.681E-01
-1.7678E-04,9.521E-01
-1.7678E-04,9.681E-01
-1.7672E-04,9.441E-01
-1.7672E-04,9.681E-01
-1.7666E-04,9.521E-01
-1.7666E-04,9.681E-01
-1.7660E-04,9.441E-01
-1.7660E-04,9.681E-01
-1.7654E-04,9.521E-01
-1.7654E-04,9.681E-01
-1.7648E-04,9.521E-01
-1.7648E-04,9.681E-01
-1.7642E-04,9.441E-01
-1.7642E-04,9.681E-01
-1.7636E-04,9.441E-01
-1.7636E-04,9.681E-01
-1.7630E-04,9.441E-01
-1.7630E-04,9.681E-01
-1.7624E-04,9.441E-01
-1.7624E-04,9.601E-01
-1.7618E-04,9.441E-01
-1.7618E-04,9.601E-01
-1.7612E-04,9.441E-01
-1.7612E-04,9.681E-01
-1.7606E-04,9.441E-01
-1.7606E-04,9.681E-01
-1.7600E-04,9.441E-01
-1.7600E-04,9.681E-01
-1.7594E-04,9.361E-01
-1.7594E-04,9.601E-01
-1.7588E-04,9.361E-01
-1.7588E-04,9.681E-01
-1.7582E-04,9.441E-01
-1.7582E-04,9.601E-01
-1.7576E-04,9.441E-01
-1.7576E-04,9.601E-01
-1.7570E-04,9.441E-01
-1.7570E-04,9.601E-01
-1.7564E-04,9.441E-01
-1.7564E-04,9.601E-01
-1.7558E-04,9.441E-01
-1.7558E-04,9.601E-01
-1.7552E-04,9.361E-01
-1.7552E-04,9.601E-01
-1.7546E-04,9.441E-01
-1.7546E-04,9.601E-01
-1.7540E-04,9.361E-01
-1.7540E-04,9.601E-01
-1.7534E-04,9.361E-01
-1.7534E-04,9.601E-01
-1.7528E-04,9.361E-01
-1.7528E-04,9.601E-01
-1.7522E-04,9.441E-01
-1.7522E-04,9.601E-01
-1.7516E-04,9.441E-01
-1.7516E-04,9.601E-01
-1.7510E-04,9.361E-01
-1.7510E-04,9.601E-01
-1.7504E-04,9.281E-01
-1.7504E-04,9.601E-01
-1.7498E-04,9.361E-01
-1.7498E-04,9.601E-01
-1.7492E-04,9.361E-01
-1.7492E-04,9.601E-01
-1.7486E-04,9.361E-01
-1.7486E-04,9.601E-01
-1.7480E-04,9.361E-01
-1.7480E-04,9.521E-01
-1.7474E-04,9.281E-01
-1.7474E-04,9.601E-01
-1.7468E-04,9.281E-01
-1.7468E-04,9.521E-01
-1.7462E-04,9.281E-01
-1.7462E-04,9.521E-01
-1.7456E-04,9.281E-01
-1.7456E-04,9.521E-01
-1.7450E-04,9.281E-01
-1.7450E-04,9.521E-01
-1.7444E-04,9.281E-01
-1.7444E-04,9.521E-01
-1.7438E-04,9.281E-01
-1.7438E-04,9.441E-01
-1.7432E-04,9.281E-01
-1.7432E-04,9.521E-01
-1.7426E-04,9.281E-01
-1.7426E-04,9.521E-01
-1.7420E-04,9.281E-01
-1.7420E-04,9.521E-01
-1.7414E-04,9.281E-01
-1.7414E-04,9.521E-01
-1.7408E-04,9.281E-01
-1.7408E-04,9.441E-01
-1.7402E-04,9.281E-01
-1.7402E-04,9.521E-01
-1.7396E-04,9.281E-01
-1.7396E-04,9.521E-01
-1.7390E-04,9.281E-01
-1.7390E-04,9.521E-01
-1.7384E-04,9.201E-01
-1.7384E-04,9.441E-01
-1.7378E-04,9.201E-01
-1.7378E-04,9.441E-01
-1.7372E-04,9.281E-01
-1.7372E-04,9.441E-01
-1.7366E-04,9.201E-01
-1.7366E-04,9.441E-01
-1.7360E-04,9.201E-01
-1.7360E-04,9.441E-01
-1.7354E-04,9.281E-01
-1.7354E-04,9.441E-01
-1.7348E-04,9.201E-01
-1.7348E-04,9.441E-01
-1.7342E-04,9.201E-01
-1.7342E-04,9.441E-01
-1.7336E-04,9.201E-01
-1.7336E-04,9.441E-01
-1.7330E-04,9.281E-01
-1.7330E-04,9.441E-01
-1.7324E-04,9.201E-01
-1.7324E-04,9.441E-01
-1.7318E-04,9.201E-01
-1.7318E-04,9.441E-01
-1.7312E-04,9.201E-01
-1.7312E-04,9.441E-01
-1.7306E-04,9.201E-01
-1.7306E-04,9.361E-01
-1.7300E-04,9.121E-01
-1.7300E-04,9.361E-01
-1.7294E-04,9.121E-01
-1.7294E-04,9.361E-01
-1.7288E-04,9.201E-01
-1.7288E-04,9.361E-01
-1.7282E-04,9.201E-01
-1.7282E-04,9.361E-01
-1.7276E-04,9.201E-01
-1.7276E-04,9.361E-01
-1.7270E-04,9.201E-01
-1.7270E-04,9.361E-01
-1.7264E-04,9.121E-01
-1.7264E-04,9.361E-01
-1.7258E-04,9.121E-01
-1.7258E-04,9.361E-01
-1.7252E-04,9.121E-01
-1.7252E-04,9.361E-01
-1.7246E-04,9.121E-01
-1.7246E-04,9.281E-01
-1.7240E-04,9.121E-01
-1.7240E-04,9.281E-01
-1.7234E-04,9.041E-01
-1.7234E-04,9.281E-01
-1.7228E-04,9.041E-01
-1.7228E-04,9.281E-01
-1.7222E-04,9.121E-01
-1.7222E-04,9.201E-01
-1.7216E-04,9.121E-01
-1.7216E-04,9.281E-01
-1.7210E-04,9.121E-01
-1.7210E-04,9.281E-01
-1.7204E-04,9.121E-01
-1.7204E-04,9.281E-01
-1.7198E-04,9.041E-01
-1.7198E-04,9.281E-01
-1.7192E-04,9.041E-01
-1.7192E-04,9.281E-01
-1.7186E-04,9.041E-01
-1.7186E-04,9.281E-01
-1.7180E-04,9.121E-01
-1.7180E-04,9.281E-01
-1.7174E-04,9.041E-01
-1.7174E-04,9.281E-01
-1.7168E-04,9.041E-01
-1.7168E-04,9.201E-01
-1.7162E-04,9.041E-01
-1.7162E-04,9.201E-01
-1.7156E-04,9.041E-01
-1.7156E-04,9.201E-01
-1.7150E-04,9.041E-01
-1.7150E-04,9.281E-01
-1.7144E-04,9.041E-01
-1.7144E-04,9.201E-01
-1.7138E-04,9.041E-01
-1.7138E-04,9.201E-01
-1.7132E-04,9.041E-01
-1.7132E-04,9.201E-01
-1.7126E-04,9.041E-01
-1.7126E-04,9.201E-01
-1.7120E-04,8.961E-01
-1.7120E-04,9.201E-01
-1.7114E-04,8.961E-01
-1.7114E-04,9.121E-01
-1.7108E-04,8.961E-01
-1.7108E-04,9.201E-01
-1.7102E-04,8.961E-01
-1.7102E-04,9.201E-01
-1.7096E-04,8.961E-01
-1.7096E-04,9.201E-01
-1.7090E-04,8.961E-01
-1.7090E-04,9.121E-01
-1.7084E-04,8.961E-01
-1.7084E-04,9.121E-01
-1.7078E-04,8.881E-01
-1.7078E-04,9.121E-01
-1.7072E-04,8.881E-01
-1.7072E-04,9.121E-01
-1.7066E-04,8.961E-01
-1.7066E-04,9.121E-01
-1.7060E-04,8.881E-01
-1.7060E-04,9.041E-01
-1.7054E-04,8.881E-01
-1.7054E-04,9.041E-01
-1.7048E-04,8.881E-01
-1.7048E-04,9.041E-01
-1.7042E-04,8.881E-01
-1.7042E-04,9.041E-01
-1.7036E-04,8.881E-01
-1.7036E-04,9.041E-01
-1.7030E-04,8.881E-01
-1.7030E-04,9.041E-01
-1.7024E-04,8.881E-01
-1.7024E-04,9.041E-01
-1.7018E-04,8.801E-01
-1.7018E-04,9.041E-01
-1.7012E-04,8.881E-01
-1.7012E-04,9.041E-01
-1.7006E-04,8.881E-01
-1.7006E-04,9.041E-01
-1.7000E-04,8.801E-01
-1.7000E-04,8.961E-01
-1.6994E-04,8.801E-01
-1.6994E-04,9.041E-01
-1.6988E-04,8.801E-01
-1.6988E-04,8.961E-01
-1.6982E-04,8.801E-01
-1.6982E-04,9.041E-01
-1.6976E-04,8.721E-01
-1.6976E-04,9.041E-01
-1.6970E-04,8.721E-01
-1.6970E-04,9.041E-01
-1.6964E-04,8.801E-01
-1.6964E-04,8.881E-01
-1.6958E-04,8.721E-01
-1.6958E-04,8.881E-01
-1.6952E-04,8.721E-01
-1.6952E-04,8.961E-01
-1.6946E-04,8.721E-01
-1.6946E-04,8.881E-01
-1.6940E-04,8.721E-01
-1.6940E-04,8.881E-01
-1.6934E-04,8.721E-01
-1.6934E-04,8.881E-01
-1.6928E-04,8.641E-01
-1.6928E-04,8.881E-01
-1.6922E-04,8.721E-01
-1.6922E-04,8.881E-01
-1.6916E-04,8.641E-01
-1.6916E-04,8.881E-01
-1.6910E-04,8.641E-01
-1.6910E-04,8.881E-01
-1.6904E-04,8.641E-01
-1.6904E-04,8.881E-01
-1.6898E-04,8.641E-01
-1.6898E-04,8.881E-01
-1.6892E-04,8.641E-01
-1.6892E-04,8.881E-01
-1.6886E-04,8.641E-01
-1.6886E-04,8.881E-01
-1.6880E-04,8.641E-01
-1.6880E-04,8.801E-01
-1.6874E-04,8.561E-01
-1.6874E-04,8.801E-01
-1.6868E-04,8.561E-01
-1.6868E-04,8.721E-01
-1.6862E-04,8.481E-01
-1.6862E-04,8.721E-01
-1.6856E-04,8.561E-01
-1.6856E-04,8.721E-01
-1.6850E-04,8.561E-01
-1.6850E-04,8.721E-01
-1.6844E-04,8.561E-01
-1.6844E-04,8.721E-01
-1.6838E-04,8.561E-01
-1.6838E-04,8.721E-01
-1.6832E-04,8.561E-01
-1.6832E-04,8.801E-01
-1.6826E-04,8.561E-01
-1.6826E-04,8.721E-01
-1.6820E-04,8.561E-01
-1.6820E-04,8.721E-01
-1.6814E-04,8.561E-01
-1.6814E-04,8.801E-01
-1.6808E-04,8.561E-01
-1.6808E-04,8.801E-01
-1.6802E-04,8.561E-01
-1.6802E-04,8.721E-01
-1.6796E-04,8.561E-01
-1.6796E-04,8.721E-01
-1.6790E-04,8.561E-01
-1.6790E-04,8.721E-01
-1.6784E-04,8.481E-01
-1.6784E-04,8.721E-01
-1.6778E-04,8.481E-01
-1.6778E-04,8.721E-01
-1.6772E-04,8.481E-01
-1.6772E-04,8.641E-01
-1.6766E-04,8.401E-01
-1.6766E-04,8.641E-01
-1.6760E-04,8.401E-01
-1.6760E-04,8.561E-01
-1.6754E-04,8.401E-01
-1.6754E-04,8.561E-01
-1.6748E-04,8.401E-01
-1.6748E-04,8.561E-01
-1.6742E-04,8.321E-01
-1.6742E-04,8.561E-01
-1.6736E-04,8.321E-01
-1.6736E-04,8.561E-01
-1.6730E-04,8.321E-01
-1.6730E-04,8.561E-01
-1.6724E-04,8.321E-01
-1.6724E-04,8.481E-01
-1.6718E-04,8.321E-01
-1.6718E-04,8.481E-01
-1.6712E-04,8.321E-01
-1.6712E-04,8.481E-01
-1.6706E-04,8.321E-01
-1.6706E-04,8.481E-01
-1.6700E-04,8.241E-01
-1.6700E-04,8.481E-01
-1.6694E-04,8.321E-01
-1.6694E-04,8.401E-01
-1.6688E-04,8.241E-01
-1.6688E-04,8.401E-01
-1.6682E-04,8.241E-01
-1.6682E-04,8.401E-01
-1.6676E-04,8.241E-01
-1.6676E-04,8.481E-01
-1.6670E-04,8.161E-01
-1.6670E-04,8.481E-01
-1.6664E-04,8.161E-01
-1.6664E-04,8.401E-01
-1.6658E-04,8.161E-01
-1.6658E-04,8.401E-01
-1.6652E-04,8.161E-01
-1.6652E-04,8.401E-01
-1.6646E-04,8.161E-01
-1.6646E-04,8.321E-01
-1.6640E-04,8.161E-01
-1.6640E-04,8.321E-01
-1.6634E-04,8.161E-01
-1.6634E-04,8.321E-01
-1.6628E-04,8.161E-01
-1.6628E-04,8.321E-01
-1.6622E-04,8.161E-01
-1.6622E-04,8.321E-01
-1.6616E-04,8.081E-01
-1.6616E-04,8.321E-01
-1.6610E-04,8.081E-01
-1.6610E-04,8.321E-01
-1.6604E-04,8.081E-01
-1.6604E-04,8.321E-01
-1.6598E-04,8.081E-01
-1.6598E-04,8.321E-01
-1.6592E-04,8.081E-01
-1.6592E-04,8.241E-01
-1.6586E-04,8.081E-01
-1.6586E-04,8.241E-01
-1.6580E-04,8.001E-01
-1.6580E-04,8.241E-01
-1.6574E-04,8.001E-01
-1.6574E-04,8.241E-01
-1.6568E-04,8.001E-01
-1.6568E-04,8.241E-01
-1.6562E-04,8.001E-01
-1.6562E-04,8.241E-01
-1.6556E-04,8.001E-01
-1.6556E-04,8.241E-01
-1.6550E-04,8.001E-01
-1.6550E-04,8.161E-01
-1.6544E-04,8.001E-01
-1.6544E-04,8.161E-01
-1.6538E-04,8.001E-01
-1.6538E-04,8.161E-01
-1.6532E-04,8.001E-01
-1.6532E-04,8.161E-01
-1.6526E-04,7.921E-01
-1.6526E-04,8.161E-01
-1.6520E-04,7.921E-01
-1.6520E-04,8.081E-01
-1.6514E-04,7.921E-01
-1.6514E-04,8.081E-01
-1.6508E-04,7.921E-01
-1.6508E-04,8.161E-01
-1.6502E-04,7.921E-01
-1.6502E-04,8.161E-01
-1.6496E-04,7.841E-01
-1.6496E-04,8.161E-01
-1.6490E-04,7.841E-01
-1.6490E-04,8.081E-01
-1.6484E-04,7.841E-01
-1.6484E-04,8.081E-01
-1.6478E-04,7.841E-01
-1.6478E-04,8.081E-01
-1.6472E-04,7.841E-01
-1.6472E-04,8.001E-01
-1.6466E-04,7.841E-01
-1.6466E-04,8.001E-01
-1.6460E-04,7.841E-01
-1.6460E-04,8.001E-01
-1.6454E-04,7.841E-01
-1.6454E-04,8.001E-01
-1.6448E-04,7.841E-01
-1.6448E-04,8.001E-01
-1.6442E-04,7.761E-01
-1.6442E-04,8.001E-01
-1.6436E-04,7.761E-01
-1.6436E-04,8.001E-01
-1.6430E-04,7.761E-01
-1.6430E-04,8.001E-01
-1.6424E-04,7.761E-01
-1.6424E-04,7.921E-01
-1.6418E-04,7.761E-01
-1.6418E-04,7.921E-01
-1.6412E-04,7.761E-01
-1.6412E-04,7.921E-01
-1.6406E-04,7.761E-01
-1.6406E-04,7.921E-01
-1.6400E-04,7.681E-01
-1.6400E-04,7.921E-01
-1.6394E-04,7.681E-01
-1.6394E-04,7.841E-01
-1.6388E-04,7.681E-01
-1.6388E-04,7.841E-01
-1.6382E-04,7.681E-01
-1.6382E-04,7.841E-01
-1.6376E-04,7.681E-01
-1.6376E-04,7.841E-01
-1.6370E-04,7.681E-01
-1.6370E-04,7.841E-01
-1.6364E-04,7.601E-01
-1.6364E-04,7.841E-01
-1.6358E-04,7.601E-01
-1.6358E-04,7.841E-01
-1.6352E-04,7.601E-01
-1.6352E-04,7.841E-01
-1.6346E-04,7.601E-01
-1.6346E-04,7.761E-01
-1.6340E-04,7.601E-01
-1.6340E-04,7.761E-01
-1.6334E-04,7.601E-01
-1.6334E-04,7.761E-01
-1.6328E-04,7.601E-01
-1.6328E-04,7.761E-01
-1.6322E-04,7.601E-01
-1.6322E-04,7.761E-01
-1.6316E-04,7.521E-01
-1.6316E-04,7.681E-01
-1.6310E-04,7.521E-01
-1.6310E-04,7.681E-01
-1.6304E-04,7.521E-01
-1.6304E-04,7.681E-01
-1.6298E-04,7.521E-01
-1.6298E-04,7.681E-01
-1.6292E-04,7.441E-01
-1.6292E-04,7.681E-01
-1.6286E-04,7.441E-01
-1.6286E-04,7.681E-01
-1.6280E-04,7.441E-01
-1.6280E-04,7.681E-01
-1.6274E-04,7.441E-01
-1.6274E-04,7.601E-01
-1.6268E-04,7.441E-01
-1.6268E-04,7.601E-01
-1.6262E-04,7.441E-01
-1.6262E-04,7.601E-01
-1.6256E-04,7.441E-01
-1.6256E-04,7.601E-01
-1.6250E-04,7.441E-01
-1.6250E-04,7.681E-01
-1.6244E-04,7.441E-01
-1.6244E-04,7.681E-01
-1.6238E-04,7.361E-01
-1.6238E-04,7.521E-01
-1.6232E-04,7.361E-01
-1.6232E-04,7.521E-01
-1.6226E-04,7.361E-01
-1.6226E-04,7.521E-01
-1.6220E-04,7.361E-01
-1.6220E-04,7.521E-01
-1.6214E-04,7.281E-01
-1.6214E-04,7.521E-01
-1.6208E-04,7.281E-01
-1.6208E-04,7.441E-01
-1.6202E-04,7.281E-01
-1.6202E-04,7.441E-01
-1.6196E-04,7.281E-01
-1.6196E-04,7.441E-01
-1.6190E-04,7.281E-01
-1.6190E-04,7.441E-01
-1.6184E-04,7.281E-01
-1.6184E-04,7.441E-01
-1.6178E-04,7.201E-01
-1.6178E-04,7.441E-01
-1.6172E-04,7.201E-01
-1.6172E-04,7.361E-01
-1.6166E-04,7.201E-01
-1.6166E-04,7.361E-01
-1.6160E-04,7.201E-01
-1.6160E-04,7.361E-01
-1.6154E-04,7.121E-01
-1.6154E-04,7.361E-01
-1.6148E-04,7.121E-01
-1.6148E-04,7.281E-01
-1.6142E-04,7.121E-01
-1.6142E-04,7.281E-01
-1.6136E-04,7.121E-01
-1.6136E-04,7.281E-01
-1.6130E-04,7.121E-01
-1.6130E-04,7.281E-01
-1.6124E-04,7.121E-01
-1.6124E-04,7.281E-01
-1.6118E-04,7.121E-01
-1.6118E-04,7.281E-01
-1.6112E-04,7.041E-01
-1.6112E-04,7.281E-01
-1.6106E-04,7.041E-01
-1.6106E-04,7.201E-01
-1.6100E-04,7.041E-01
-1.6100E-04,7.281E-01
-1.6094E-04,7.041E-01
-1.6094E-04,7.201E-01
-1.6088E-04,6.961E-01
-1.6088E-04,7.201E-01
-1.6082E-04,6.961E-01
-1.6082E-04,7.201E-01
-1.6076E-04,6.961E-01
-1.6076E-04,7.201E-01
-1.6070E-04,6.961E-01
-1.6070E-04,7.121E-01
-1.6064E-04,6.961E-01
-1.6064E-04,7.121E-01
-1.6058E-04,6.961E-01
-1.6058E-04,7.121E-01
-1.6052E-04,6.961E-01
-1.6052E-04,7.201E-01
-1.6046E-04,6.881E-01
-1.6046E-04,7.201E-01
-1.6040E-04,6.881E-01
-1.6040E-04,7.041E-01
-1.6034E-04,6.881E-01
-1.6034E-04,7.041E-01
-1.6028E-04,6.881E-01
-1.6028E-04,7.041E-01
-1.6022E-04,6.881E-01
-1.6022E-04,7.041E-01
-1.6016E-04,6.881E-01
-1.6016E-04,7.041E-01
-1.6010E-04,6.881E-01
-1.6010E-04,7.041E-01
-1.6004E-04,6.801E-01
-1.6004E-04,7.041E-01
-1.5998E-04,6.801E-01
-1.5998E-04,6.961E-01
-1.5992E-04,6.801E-01
-1.5992E-04,6.961E-01
-1.5986E-04,6.801E-01
-1.5986E-04,6.961E-01
-1.5980E-04,6.801E-01
-1.5980E-04,6.961E-01
-1.5974E-04,6.721E-01
-1.5974E-04,6.961E-01
-1.5968E-04,6.721E-01
-1.5968E-04,6.881E-01
-1.5962E-04,6.721E-01
-1.5962E-04,6.881E-01
-1.5956E-04,6.721E-01
-1.5956E-04,6.881E-01
-1.5950E-04,6.641E-01
-1.5950E-04,6.881E-01
-1.5944E-04,6.641E-01
-1.5944E-04,6.881E-01
-1.5938E-04,6.641E-01
-1.5938E-04,6.881E-01
-1.5932E-04,6.641E-01
-1.5932E-04,6.801E-01
-1.5926E-04,6.641E-01
-1.5926E-04,6.801E-01
-1.5920E-04,6.561E-01
-1.5920E-04,6.801E-01
-1.5914E-04,6.641E-01
-1.5914E-04,6.801E-01
-1.5908E-04,6.561E-01
-1.5908E-04,6.721E-01
-1.5902E-04,6.481E-01
-1.5902E-04,6.721E-01
-1.5896E-04,6.481E-01
-1.5896E-04,6.721E-01
-1.5890E-04,6.481E-01
-1.5890E-04,6.641E-01
-1.5884E-04,6.401E-01
-1.5884E-04,6.641E-01
-1.5878E-04,6.401E-01
-1.5878E-04,6.641E-01
-1.5872E-04,6.401E-01
-1.5872E-04,6.641E-01
-1.5866E-04,6.401E-01
-1.5866E-04,6.641E-01
-1.5860E-04,6.401E-01
-1.5860E-04,6.561E-01
-1.5854E-04,6.321E-01
-1.5854E-04,6.561E-01
-1.5848E-04,6.321E-01
-1.5848E-04,6.481E-01
-1.5842E-04,6.401E-01
-1.5842E-04,6.561E-01
-1.5836E-04,6.321E-01
-1.5836E-04,6.561E-01
-1.5830E-04,6.321E-01
-1.5830E-04,6.481E-01
-1.5824E-04,6.241E-01
-1.5824E-04,6.481E-01
-1.5818E-04,6.241E-01
-1.5818E-04,6.481E-01
-1.5812E-04,6.241E-01
-1.5812E-04,6.481E-01
-1.5806E-04,6.241E-01
-1.5806E-04,6.481E-01
-1.5800E-04,6.241E-01
-1.5800E-04,6.401E-01
-1.5794E-04,6.161E-01
-1.5794E-04,6.481E-01
-1.5788E-04,6.161E-01
-1.5788E-04,6.401E-01
-1.5782E-04,6.161E-01
-1.5782E-04,6.401E-01
-1.5776E-04,6.161E-01
-1.5776E-04,6.321E-01
-1.5770E-04,6.161E-01
-1.5770E-04,6.401E-01
-1.5764E-04,6.081E-01
-1.5764E-04,6.321E-01
-1.5758E-04,6.081E-01
-1.5758E-04,6.321E-01
-1.5752E-04,6.081E-01
-1.5752E-04,6.241E-01
-1.5746E-04,6.081E-01
-1.5746E-04,6.241E-01
-1.5740E-04,6.081E-01
-1.5740E-04,6.241E-01
-1.5734E-04,6.001E-01
-1.5734E-04,6.241E-01
-1.5728E-04,6.081E-01
-1.5728E-04,6.161E-01
-1.5722E-04,5.921E-01
-1.5722E-04,6.161E-01
-1.5716E-04,5.921E-01
-1.5716E-04,6.161E-01
-1.5710E-04,5.921E-01
-1.5710E-04,6.161E-01
-1.5704E-04,5.921E-01
-1.5704E-04,6.161E-01
-1.5698E-04,5.921E-01
-1.5698E-04,6.161E-01
-1.5692E-04,5.921E-01
-1.5692E-04,6.081E-01
-1.5686E-04,5.921E-01
-1.5686E-04,6.081E-01
-1.5680E-04,5.921E-01
-1.5680E-04,6.081E-01
-1.5674E-04,5.921E-01
-1.5674E-04,6.081E-01
-1.5668E-04,5.921E-01
-1.5668E-04,6.081E-01
-1.5662E-04,5.841E-01
-1.5662E-04,6.081E-01
-1.5656E-04,5.841E-01
-1.5656E-04,6.081E-01
-1.5650E-04,5.841E-01
-1.5650E-04,6.081E-01
-1.5644E-04,5.841E-01
-1.5644E-04,6.001E-01
-1.5638E-04,5.841E-01
-1.5638E-04,6.001E-01
-1.5632E-04,5.761E-01
-1.5632E-04,6.001E-01
-1.5626E-04,5.761E-01
-1.5626E-04,6.001E-01
-1.5620E-04,5.761E-01
-1.5620E-04,6.001E-01
-1.5614E-04,5.761E-01
-1.5614E-04,5.921E-01
-1.5608E-04,5.761E-01
-1.5608E-04,6.001E-01
-1.5602E-04,5.761E-01
-1.5602E-04,5.921E-01
-1.5596E-04,5.761E-01
-1.5596E-04,5.841E-01
-1.5590E-04,5.681E-01
-1.5590E-04,5.841E-01
-1.5584E-04,5.681E-01
-1.5584E-04,5.841E-01
-1.5578E-04,5.601E-01
-1.5578E-04,5.841E-01
-1.5572E-04,5.601E-01
-1.5572E-04,5.841E-01
-1.5566E-04,5.601E-01
-1.5566E-04,5.841E-01
-1.5560E-04,5.681E-01
-1.5560E-04,5.841E-01
-1.5554E-04,5.601E-01
-1.5554E-04,5.761E-01
-1.5548E-04,5.601E-01
-1.5548E-04,5.761E-01
-1.5542E-04,5.521E-01
-1.5542E-04,5.761E-01
-1.5536E-04,5.601E-01
-1.5536E-04,5.681E-01
-1.5530E-04,5.521E-01
-1.5530E-04,5.681E-01
-1.5524E-04,5.521E-01
-1.5524E-04,5.681E-01
-1.5518E-04,5.521E-01
-1.5518E-04,5.681E-01
-1.5512E-04,5.441E-01
-1.5512E-04,5.601E-01
-1.5506E-04,5.441E-01
-1.5506E-04,5.601E-01
-1.5500E-04,5.441E-01
-1.5500E-04,5.601E-01
-1.5494E-04,5.441E-01
-1.5494E-04,5.601E-01
-1.5488E-04,5.361E-01
-1.5488E-04,5.601E-01
-1.5482E-04,5.361E-01
-1.5482E-04,5.601E-01
-1.5476E-04,5.361E-01
-1.5476E-04,5.521E-01
-1.5470E-04,5.361E-01
-1.5470E-04,5.521E-01
-1.5464E-04,5.281E-01
-1.5464E-04,5.521E-01
-1.5458E-04,5.281E-01
-1.5458E-04,5.441E-01
-1.5452E-04,5.281E-01
-1.5452E-04,5.441E-01
-1.5446E-04,5.281E-01
-1.5446E-04,5.441E-01
-1.5440E-04,5.201E-01
-1.5440E-04,5.441E-01
-1.5434E-04,5.201E-01
-1.5434E-04,5.441E-01
-1.5428E-04,5.201E-01
-1.5428E-04,5.441E-01
-1.5422E-04,5.201E-01
-1.5422E-04,5.441E-01
-1.5416E-04,5.201E-01
-1.5416E-04,5.361E-01
-1.5410E-04,5.121E-01
-1.5410E-04,5.361E-01
-1.5404E-04,5.121E-01
-1.5404E-04,5.281E-01
-1.5398E-04,5.121E-01
-1.5398E-04,5.281E-01
-1.5392E-04,5.121E-01
-1.5392E-04,5.281E-01
-1.5386E-04,5.121E-01
-1.5386E-04,5.281E-01
-1.5380E-04,5.041E-01
-1.5380E-04,5.281E-01
-1.5374E-04,5.041E-01
-1.5374E-04,5.281E-01
-1.5368E-04,5.041E-01
-1.5368E-04,5.201E-01
-1.5362E-04,5.041E-01
-1.5362E-04,5.281E-01
-1.5356E-04,5.041E-01
-1.5356E-04,5.201E-01
-1.5350E-04,5.041E-01
-1.5350E-04,5.121E-01
-1.5344E-04,4.961E-01
-1.5344E-04,5.201E-01
-1.5338E-04,4.961E-01
-1.5338E-04,5.121E-01
-1.5332E-04,4.961E-01
-1.5332E-04,5.121E-01
-1.5326E-04,4.961E-01
-1.5326E-04,5.121E-01
-1.5320E-04,4.961E-01
-1.5320E-04,5.121E-01
-1.5314E-04,4.801E-01
-1.5314E-04,5.121E-01
-1.5308E-04,4.881E-01
-1.5308E-04,5.041E-01
-1.5302E-04,4.881E-01
-1.5302E-04,5.121E-01
-1.5296E-04,4.881E-01
-1.5296E-04,5.121E-01
-1.5290E-04,4.881E-01
-1.5290E-04,5.041E-01
-1.5284E-04,4.801E-01
-1.5284E-04,5.041E-01
-1.5278E-04,4.801E-01
-1.5278E-04,5.041E-01
-1.5272E-04,4.801E-01
-1.5272E-04,4.961E-01
-1.5266E-04,4.801E-01
-1.5266E-04,4.961E-01
-1.5260E-04,4.721E-01
-1.5260E-04,4.961E-01
-1.5254E-04,4.721E-01
-1.5254E-04,4.881E-01
-1.5248E-04,4.721E-01
-1.5248E-04,4.881E-01
-1.5242E-04,4.721E-01
-1.5242E-04,4.961E-01
-1.5236E-04,4.721E-01
-1.5236E-04,4.881E-01
-1.5230E-04,4.641E-01
-1.5230E-04,4.881E-01
-1.5224E-04,4.641E-01
-1.5224E-04,4.881E-01
-1.5218E-04,4.641E-01
-1.5218E-04,4.801E-01
-1.5212E-04,4.641E-01
-1.5212E-04,4.801E-01
-1.5206E-04,4.561E-01
-1.5206E-04,4.801E-01
-1.5200E-04,4.561E-01
-1.5200E-04,4.801E-01
-1.5194E-04,4.561E-01
-1.5194E-04,4.801E-01
-1.5188E-04,4.561E-01
-1.5188E-04,4.801E-01
-1.5182E-04,4.561E-01
-1.5182E-04,4.801E-01
-1.5176E-04,4.561E-01
-1.5176E-04,4.721E-01
-1.5170E-04,4.561E-01
-1.5170E-04,4.721E-01
-1.5164E-04,4.481E-01
-1.5164E-04,4.721E-01
-1.5158E-04,4.481E-01
-1.5158E-04,4.641E-01
-1.5152E-04,4.401E-01
-1.5152E-04,4.641E-01
-1.5146E-04,4.401E-01
-1.5146E-04,4.641E-01
-1.5140E-04,4.481E-01
-1.5140E-04,4.641E-01
-1.5134E-04,4.401E-01
-1.5134E-04,4.641E-01
-1.5128E-04,4.401E-01
-1.5128E-04,4.641E-01
-1.5122E-04,4.401E-01
-1.5122E-04,4.561E-01
-1.5116E-04,4.401E-01
-1.5116E-04,4.561E-01
-1.5110E-04,4.401E-01
-1.5110E-04,4.561E-01
-1.5104E-04,4.321E-01
-1.5104E-04,4.561E-01
-1.5098E-04,4.321E-01
-1.5098E-04,4.481E-01
-1.5092E-04,4.321E-01
-1.5092E-04,4.481E-01
-1.5086E-04,4.321E-01
-1.5086E-04,4.481E-01
-1.5080E-04,4.241E-01
-1.5080E-04,4.481E-01
-1.5074E-04,4.241E-01
-1.5074E-04,4.481E-01
-1.5068E-04,4.321E-01
-1.5068E-04,4.481E-01
-1.5062E-04,4.241E-01
-1.5062E-04,4.401E-01
-1.5056E-04,4.241E-01
-1.5056E-04,4.401E-01
-1.5050E-04,4.241E-01
-1.5050E-04,4.401E-01
-1.5044E-04,4.241E-01
-1.5044E-04,4.401E-01
-1.5038E-04,4.241E-01
-1.5038E-04,4.401E-01
-1.5032E-04,4.241E-01
-1.5032E-04,4.401E-01
-1.5026E-04,4.161E-01
-1.5026E-04,4.321E-01
-1.5020E-04,4.161E-01
-1.5020E-04,4.321E-01
-1.5014E-04,4.081E-01
-1.5014E-04,4.321E-01
-1.5008E-04,4.081E-01
-1.5008E-04,4.321E-01
-1.5002E-04,4.081E-01
-1.5002E-04,4.321E-01
-1.4996E-04,4.081E-01
-1.4996E-04,4.321E-01
-1.4990E-04,4.081E-01
-1.4990E-04,4.321E-01
-1.4984E-04,4.081E-01
-1.4984E-04,4.241E-01
-1.4978E-04,4.081E-01
-1.4978E-04,4.241E-01
-1.4972E-04,4.081E-01
-1.4972E-04,4.161E-01
-1.4966E-04,4.001E-01
-1.4966E-04,4.161E-01
-1.4960E-04,4.001E-01
-1.4960E-04,4.161E-01
-1.4954E-04,4.001E-01
-1.4954E-04,4.161E-01
-1.4948E-04,4.001E-01
-1.4948E-04,4.161E-01
-1.4942E-04,3.921E-01
-1.4942E-04,4.081E-01
-1.4936E-04,3.921E-01
-1.4936E-04,4.161E-01
-1.4930E-04,3.921E-01
-1.4930E-04,4.081E-01
-1.4924E-04,3.921E-01
-1.4924E-04,4.081E-01
-1.4918E-04,3.921E-01
-1.4918E-04,4.081E-01
-1.4912E-04,3.841E-01
-1.4912E-04,4.081E-01
-1.4906E-04,3.841E-01
-1.4906E-04,4.081E-01
-1.4900E-04,3.841E-01
-1.4900E-04,4.081E-01
-1.4894E-04,3.921E-01
-1.4894E-04,4.081E-01
-1.4888E-04,3.841E-01
-1.4888E-04,4.001E-01
-1.4882E-04,3.761E-01
-1.4882E-04,4.001E-01
-1.4876E-04,3.761E-01
-1.4876E-04,4.001E-01
-1.4870E-04,3.761E-01
-1.4870E-04,4.001E-01
-1.4864E-04,3.761E-01
-1.4864E-04,3.921E-01
-1.4858E-04,3.761E-01
-1.4858E-04,3.921E-01
-1.4852E-04,3.681E-01
-1.4852E-04,3.921E-01
-1.4846E-04,3.681E-01
-1.4846E-04,3.921E-01
-1.4840E-04,3.681E-01
-1.4840E-04,3.841E-01
-1.4834E-04,3.681E-01
-1.4834E-04,3.921E-01
-1.4828E-04,3.681E-01
-1.4828E-04,3.841E-01
-1.4822E-04,3.601E-01
-1.4822E-04,3.841E-01
-1.4816E-04,3.681E-01
-1.4816E-04,3.841E-01
-1.4810E-04,3.601E-01
-1.4810E-04,3.841E-01
-1.4804E-04,3.601E-01
-1.4804E-04,3.841E-01
-1.4798E-04,3.601E-01
-1.4798E-04,3.761E-01
-1.4792E-04,3.601E-01
-1.4792E-04,3.761E-01
-1.4786E-04,3.601E-01
-1.4786E-04,3.761E-01
-1.4780E-04,3.521E-01
-1.4780E-04,3.761E-01
-1.4774E-04,3.521E-01
-1.4774E-04,3.681E-01
-1.4768E-04,3.521E-01
-1.4768E-04,3.761E-01
-1.4762E-04,3.521E-01
-1.4762E-04,3.681E-01
-1.4756E-04,3.521E-01
-1.4756E-04,3.681E-01
-1.4750E-04,3.441E-01
-1.4750E-04,3.681E-01
-1.4744E-04,3.441E-01
-1.4744E-04,3.681E-01
-1.4738E-04,3.441E-01
-1.4738E-04,3.601E-01
-1.4732E-04,3.441E-01
-1.4732E-04,3.601E-01
-1.4726E-04,3.441E-01
-1.4726E-04,3.601E-01
-1.4720E-04,3.441E-01
-1.4720E-04,3.601E-01
-1.4714E-04,3.361E-01
-1.4714E-04,3.601E-01
-1.4708E-04,3.361E-01
-1.4708E-04,3.601E-01
-1.4702E-04,3.361E-01
-1.4702E-04,3.601E-01
-1.4696E-04,3.361E-01
-1.4696E-04,3.521E-01
-1.4690E-04,3.361E-01
-1.4690E-04,3.521E-01
-1.4684E-04,3.361E-01
-1.4684E-04,3.521E-01
-1.4678E-04,3.361E-01
-1.4678E-04,3.521E-01
-1.4672E-04,3.281E-01
-1.4672E-04,3.521E-01
-1.4666E-04,3.281E-01
-1.4666E-04,3.521E-01
-1.4660E-04,3.281E-01
-1.4660E-04,3.441E-01
-1.4654E-04,3.201E-01
-1.4654E-04,3.441E-01
-1.4648E-04,3.281E-01
-1.4648E-04,3.441E-01
-1.4642E-04,3.281E-01
-1.4642E-04,3.441E-01
-1.4636E-04,3.201E-01
-1.4636E-04,3.361E-01
-1.4630E-04,3.201E-01
-1.4630E-04,3.361E-01
-1.4624E-04,3.201E-01
-1.4624E-04,3.441E-01
-1.4618E-04,3.121E-01
-1.4618E-04,3.361E-01
-1.4612E-04,3.201E-01
-1.4612E-04,3.361E-01
-1.4606E-04,3.201E-01
-1.4606E-04,3.361E-01
-1.4600E-04,3.201E-01
-1.4600E-04,3.361E-01
-1.4594E-04,3.121E-01
-1.4594E-04,3.281E-01
-1.4588E-04,3.121E-01
-1.4588E-04,3.361E-01
-1.4582E-04,3.121E-01
-1.4582E-04,3.281E-01
-1.4576E-04,3.121E-01
-1.4576E-04,3.281E-01
-1.4570E-04,3.121E-01
-1.4570E-04,3.281E-01
-1.4564E-04,3.041E-01
-1.4564E-04,3.361E-01
-1.4558E-04,3.041E-01
-1.4558E-04,3.361E-01
-1.4552E-04,3.041E-01
-1.4552E-04,3.281E-01
-1.4546E-04,3.041E-01
-1.4546E-04,3.201E-01
-1.4540E-04,3.041E-01
-1.4540E-04,3.201E-01
-1.4534E-04,3.041E-01
-1.4534E-04,3.201E-01
-1.4528E-04,3.041E-01
-1.4528E-04,3.201E-01
-1.4522E-04,2.961E-01
-1.4522E-04,3.201E-01
-1.4516E-04,2.961E-01
-1.4516E-04,3.201E-01
-1.4510E-04,3.041E-01
-1.4510E-04,3.201E-01
-1.4504E-04,3.041E-01
-1.4504E-04,3.201E-01
-1.4498E-04,2.961E-01
-1.4498E-04,3.201E-01
-1.4492E-04,2.961E-01
-1.4492E-04,3.121E-01
-1.4486E-04,2.961E-01
-1.4486E-04,3.121E-01
-1.4480E-04,2.881E-01
-1.4480E-04,3.121E-01
-1.4474E-04,2.881E-01
-1.4474E-04,3.121E-01
-1.4468E-04,2.881E-01
-1.4468E-04,3.041E-01
-1.4462E-04,2.881E-01
-1.4462E-04,3.041E-01
-1.4456E-04,2.881E-01
-1.4456E-04,3.041E-01
-1.4450E-04,2.801E-01
-1.4450E-04,3.041E-01
-1.4444E-04,2.801E-01
-1.4444E-04,3.041E-01
-1.4438E-04,2.801E-01
-1.4438E-04,3.041E-01
-1.4432E-04,2.801E-01
-1.4432E-04,3.041E-01
-1.4426E-04,2.801E-01
-1.4426E-04,2.961E-01
-1.4420E-04,2.801E-01
-1.4420E-04,2.961E-01
-1.4414E-04,2.801E-01
-1.4414E-04,2.961E-01
-1.4408E-04,2.721E-01
-1.4408E-04,2.961E-01
-1.4402E-04,2.721E-01
-1.4402E-04,2.961E-01
-1.4396E-04,2.721E-01
-1.4396E-04,2.881E-01
-1.4390E-04,2.721E-01
-1.4390E-04,2.881E-01
-1.4384E-04,2.721E-01
-1.4384E-04,2.881E-01
-1.4378E-04,2.721E-01
-1.4378E-04,2.881E-01
-1.4372E-04,2.721E-01
-1.4372E-04,2.881E-01
-1.4366E-04,2.641E-01
-1.4366E-04,2.881E-01
-1.4360E-04,2.641E-01
-1.4360E-04,2.881E-01
-1.4354E-04,2.641E-01
-1.4354E-04,2.881E-01
-1.4348E-04,2.641E-01
-1.4348E-04,2.801E-01
-1.4342E-04,2.641E-01
-1.4342E-04,2.801E-01
-1.4336E-04,2.641E-01
-1.4336E-04,2.801E-01
-1.4330E-04,2.641E-01
-1.4330E-04,2.801E-01
-1.4324E-04,2.641E-01
-1.4324E-04,2.801E-01
-1.4318E-04,2.561E-01
-1.4318E-04,2.801E-01
-1.4312E-04,2.561E-01
-1.4312E-04,2.801E-01
-1.4306E-04,2.561E-01
-1.4306E-04,2.721E-01
-1.4300E-04,2.561E-01
-1.4300E-04,2.801E-01
-1.4294E-04,2.561E-01
-1.4294E-04,2.721E-01
-1.4288E-04,2.561E-01
-1.4288E-04,2.721E-01
-1.4282E-04,2.561E-01
-1.4282E-04,2.641E-01
-1.4276E-04,2.481E-01
-1.4276E-04,2.721E-01
-1.4270E-04,2.561E-01
-1.4270E-04,2.721E-01
-1.4264E-04,2.481E-01
-1.4264E-04,2.721E-01
-1.4258E-04,2.481E-01
-1.4258E-04,2.641E-01
-1.4252E-04,2.481E-01
-1.4252E-04,2.721E-01
-1.4246E-04,2.481E-01
-1.4246E-04,2.721E-01
-1.4240E-04,2.481E-01
-1.4240E-04,2.641E-01
-1.4234E-04,2.481E-01
-1.4234E-04,2.641E-01
-1.4228E-04,2.481E-01
-1.4228E-04,2.641E-01
-1.4222E-04,2.401E-01
-1.4222E-04,2.641E-01
-1.4216E-04,2.481E-01
-1.4216E-04,2.641E-01
-1.4210E-04,2.401E-01
-1.4210E-04,2.641E-01
-1.4204E-04,2.401E-01
-1.4204E-04,2.641E-01
-1.4198E-04,2.401E-01
-1.4198E-04,2.561E-01
-1.4192E-04,2.401E-01
-1.4192E-04,2.561E-01
-1.4186E-04,2.401E-01
-1.4186E-04,2.561E-01
-1.4180E-04,2.401E-01
-1.4180E-04,2.561E-01
-1.4174E-04,2.401E-01
-1.4174E-04,2.561E-01
-1.4168E-04,2.321E-01
-1.4168E-04,2.561E-01
-1.4162E-04,2.321E-01
-1.4162E-04,2.561E-01
-1.4156E-04,2.321E-01
-1.4156E-04,2.481E-01
-1.4150E-04,2.321E-01
-1.4150E-04,2.481E-01
-1.4144E-04,2.321E-01
-1.4144E-04,2.481E-01
-1.4138E-04,2.321E-01
-1.4138E-04,2.561E-01
-1.4132E-04,2.241E-01
-1.4132E-04,2.561E-01
-1.4126E-04,2.241E-01
-1.4126E-04,2.481E-01
-1.4120E-04,2.321E-01
-1.4120E-04,2.481E-01
-1.4114E-04,2.321E-01
-1.4114E-04,2.481E-01
-1.4108E-04,2.241E-01
-1.4108E-04,2.401E-01
-1.4102E-04,2.161E-01
-1.4102E-04,2.481E-01
-1.4096E-04,2.161E-01
-1.4096E-04,2.481E-01
-1.4090E-04,2.241E-01
-1.4090E-04,2.401E-01
-1.4084E-04,2.241E-01
-1.4084E-04,2.401E-01
-1.4078E-04,2.241E-01
-1.4078E-04,2.401E-01
-1.4072E-04,2.241E-01
-1.4072E-04,2.401E-01
-1.4066E-04,2.241E-01
-1.4066E-04,2.401E-01
-1.4060E-04,2.161E-01
-1.4060E-04,2.321E-01
-1.4054E-04,2.161E-01
-1.4054E-04,2.321E-01
-1.4048E-04,2.161E-01
-1.4048E-04,2.401E-01
-1.4042E-04,2.161E-01
-1.4042E-04,2.321E-01
-1.4036E-04,2.161E-01
-1.4036E-04,2.401E-01
-1.4030E-04,2.161E-01
-1.4030E-04,2.321E-01
-1.4024E-04,2.161E-01
-1.4024E-04,2.321E-01
-1.4018E-04,2.161E-01
-1.4018E-04,2.321E-01
-1.4012E-04,2.161E-01
-1.4012E-04,2.241E-01
-1.4006E-04,2.081E-01
-1.4006E-04,2.321E-01
-1.4000E-04,2.081E-01
-1.4000E-04,2.321E-01
-1.3994E-04,2.081E-01
-1.3994E-04,2.321E-01
-1.3988E-04,2.081E-01
-1.3988E-04,2.241E-01
-1.3982E-04,2.081E-01
-1.3982E-04,2.241E-01
-1.3976E-04,2.081E-01
-1.3976E-04,2.241E-01
-1.3970E-04,2.081E-01
-1.3970E-04,2.241E-01
-1.3964E-04,2.081E-01
-1.3964E-04,2.241E-01
-1.3958E-04,2.081E-01
-1.3958E-04,2.241E-01
-1.3952E-04,2.081E-01
-1.3952E-04,2.161E-01
-1.3946E-04,2.001E-01
-1.3946E-04,2.241E-01
-1.3940E-04,2.001E-01
-1.3940E-04,2.241E-01
-1.3934E-04,2.001E-01
-1.3934E-04,2.241E-01
-1.3928E-04,2.001E-01
-1.3928E-04,2.241E-01
-1.3922E-04,2.001E-01
-1.3922E-04,2.161E-01
-1.3916E-04,2.001E-01
-1.3916E-04,2.161E-01
-1.3910E-04,2.001E-01
-1.3910E-04,2.161E-01
-1.3904E-04,2.001E-01
-1.3904E-04,2.161E-01
-1.3898E-04,1.921E-01
-1.3898E-04,2.161E-01
-1.3892E-04,1.921E-01
-1.3892E-04,2.161E-01
-1.3886E-04,1.921E-01
-1.3886E-04,2.161E-01
-1.3880E-04,1.921E-01
-1.3880E-04,2.081E-01
-1.3874E-04,1.921E-01
-1.3874E-04,2.081E-01
-1.3868E-04,1.921E-01
-1.3868E-04,2.081E-01
-1.3862E-04,1.921E-01
-1.3862E-04,2.081E-01
-1.3856E-04,1.921E-01
-1.3856E-04,2.081E-01
-1.3850E-04,1.921E-01
-1.3850E-04,2.081E-01
-1.3844E-04,1.921E-01
-1.3844E-04,2.081E-01
-1.3838E-04,1.841E-01
-1.3838E-04,2.081E-01
-1.3832E-04,1.841E-01
-1.3832E-04,2.081E-01
-1.3826E-04,1.921E-01
-1.3826E-04,2.081E-01
-1.3820E-04,1.921E-01
-1.3820E-04,2.081E-01
-1.3814E-04,1.841E-01
-1.3814E-04,2.081E-01
-1.3808E-04,1.841E-01
-1.3808E-04,2.081E-01
-1.3802E-04,1.841E-01
-1.3802E-04,2.001E-01
-1.3796E-04,1.841E-01
-1.3796E-04,2.001E-01
-1.3790E-04,1.841E-01
-1.3790E-04,2.001E-01
-1.3784E-04,1.841E-01
-1.3784E-04,1.921E-01
-1.3778E-04,1.841E-01
-1.3778E-04,2.001E-01
-1.3772E-04,1.841E-01
-1.3772E-04,2.001E-01
-1.3766E-04,1.761E-01
-1.3766E-04,2.001E-01
-1.3760E-04,1.841E-01
-1.3760E-04,2.001E-01
-1.3754E-04,1.841E-01
-1.3754E-04,2.001E-01
-1.3748E-04,1.841E-01
-1.3748E-04,1.921E-01
-1.3742E-04,1.841E-01
-1.3742E-04,1.921E-01
-1.3736E-04,1.841E-01
-1.3736E-04,1.921E-01
-1.3730E-04,1.841E-01
-1.3730E-04,1.921E-01
-1.3724E-04,1.761E-01
-1.3724E-04,2.001E-01
-1.3718E-04,1.761E-01
-1.3718E-04,1.921E-01
-1.3712E-04,1.761E-01
-1.3712E-04,1.921E-01
-1.3706E-04,1.761E-01
-1.3706E-04,2.001E-01
-1.3700E-04,1.681E-01
-1.3700E-04,1.921E-01
-1.3694E-04,1.761E-01
-1.3694E-04,1.921E-01
-1.3688E-04,1.761E-01
-1.3688E-04,1.921E-01
-1.3682E-04,1.681E-01
-1.3682E-04,1.921E-01
-1.3676E-04,1.681E-01
-1.3676E-04,1.921E-01
-1.3670E-04,1.681E-01
-1.3670E-04,1.841E-01
-1.3664E-04,1.681E-01
-1.3664E-04,1.921E-01
-1.3658E-04,1.681E-01
-1.3658E-04,1.841E-01
-1.3652E-04,1.681E-01
-1.3652E-04,1.921E-01
-1.3646E-04,1.681E-01
-1.3646E-04,1.921E-01
-1.3640E-04,1.681E-01
-1.3640E-04,1.841E-01
-1.3634E-04,1.681E-01
-1.3634E-04,1.841E-01
-1.3628E-04,1.681E-01
-1.3628E-04,1.841E-01
-1.3622E-04,1.681E-01
-1.3622E-04,1.841E-01
-1.3616E-04,1.681E-01
-1.3616E-04,1.841E-01
-1.3610E-04,1.681E-01
-1.3610E-04,1.841E-01
-1.3604E-04,1.681E-01
-1.3604E-04,1.841E-01
-1.3598E-04,1.601E-01
-1.3598E-04,1.841E-01
-1.3592E-04,1.601E-01
-1.3592E-04,1.841E-01
-1.3586E-04,1.681E-01
-1.3586E-04,1.841E-01
-1.3580E-04,1.601E-01
-1.3580E-04,1.761E-01
-1.3574E-04,1.601E-01
-1.3574E-04,1.761E-01
-1.3568E-04,1.601E-01
-1.3568E-04,1.761E-01
-1.3562E-04,1.601E-01
-1.3562E-04,1.841E-01
-1.3556E-04,1.601E-01
-1.3556E-04,1.841E-01
-1.3550E-04,1.601E-01
-1.3550E-04,1.761E-01
-1.3544E-04,1.601E-01
-1.3544E-04,1.761E-01
-1.3538E-04,1.601E-01
-1.3538E-04,1.761E-01
-1.3532E-04,1.601E-01
-1.3532E-04,1.761E-01
-1.3526E-04,1.601E-01
-1.3526E-04,1.761E-01
-1.3520E-04,1.521E-01
-1.3520E-04,1.681E-01
-1.3514E-04,1.601E-01
-1.3514E-04,1.761E-01
-1.3508E-04,1.601E-01
-1.3508E-04,1.761E-01
-1.3502E-04,1.521E-01
-1.3502E-04,1.761E-01
-1.3496E-04,1.601E-01
-1.3496E-04,1.681E-01
-1.3490E-04,1.521E-01
-1.3490E-04,1.761E-01
-1.3484E-04,1.521E-01
-1.3484E-04,1.761E-01
-1.3478E-04,1.521E-01
-1.3478E-04,1.761E-01
-1.3472E-04,1.521E-01
-1.3472E-04,1.761E-01
-1.3466E-04,1.521E-01
-1.3466E-04,1.681E-01
-1.3460E-04,1.521E-01
-1.3460E-04,1.681E-01
-1.3454E-04,1.521E-01
-1.3454E-04,1.681E-01
-1.3448E-04,1.521E-01
-1.3448E-04,1.681E-01
-1.3442E-04,1.521E-01
-1.3442E-04,1.681E-01
-1.3436E-04,1.521E-01
-1.3436E-04,1.681E-01
-1.3430E-04,1.521E-01
-1.3430E-04,1.681E-01
-1.3424E-04,1.521E-01
-1.3424E-04,1.681E-01
-1.3418E-04,1.521E-01
-1.3418E-04,1.681E-01
-1.3412E-04,1.521E-01
-1.3412E-04,1.681E-01
-1.3406E-04,1.441E-01
-1.3406E-04,1.681E-01
-1.3400E-04,1.521E-01
-1.3400E-04,1.681E-01
-1.3394E-04,1.441E-01
-1.3394E-04,1.681E-01
-1.3388E-04,1.521E-01
-1.3388E-04,1.681E-01
-1.3382E-04,1.521E-01
-1.3382E-04,1.681E-01
-1.3376E-04,1.441E-01
-1.3376E-04,1.601E-01
-1.3370E-04,1.521E-01
-1.3370E-04,1.601E-01
-1.3364E-04,1.521E-01
-1.3364E-04,1.601E-01
-1.3358E-04,1.441E-01
-1.3358E-04,1.601E-01
-1.3352E-04,1.521E-01
-1.3352E-04,1.681E-01
-1.3346E-04,1.521E-01
-1.3346E-04,1.681E-01
-1.3340E-04,1.441E-01
-1.3340E-04,1.601E-01
-1.3334E-04,1.441E-01
-1.3334E-04,1.601E-01
-1.3328E-04,1.441E-01
-1.3328E-04,1.601E-01
-1.3322E-04,1.441E-01
-1.3322E-04,1.601E-01
-1.3316E-04,1.441E-01
-1.3316E-04,1.601E-01
-1.3310E-04,1.441E-01
-1.3310E-04,1.601E-01
-1.3304E-04,1.441E-01
-1.3304E-04,1.601E-01
-1.3298E-04,1.441E-01
-1.3298E-04,1.601E-01
-1.3292E-04,1.441E-01
-1.3292E-04,1.601E-01
-1.3286E-04,1.441E-01
-1.3286E-04,1.601E-01
-1.3280E-04,1.441E-01
-1.3280E-04,1.601E-01
-1.3274E-04,1.361E-01
-1.3274E-04,1.601E-01
-1.3268E-04,1.361E-01
-1.3268E-04,1.601E-01
-1.3262E-04,1.441E-01
-1.3262E-04,1.601E-01
-1.3256E-04,1.441E-01
-1.3256E-04,1.601E-01
-1.3250E-04,1.441E-01
-1.3250E-04,1.601E-01
-1.3244E-04,1.361E-01
-1.3244E-04,1.601E-01
-1.3238E-04,1.361E-01
-1.3238E-04,1.521E-01
-1.3232E-04,1.441E-01
-1.3232E-04,1.521E-01
-1.3226E-04,1.441E-01
-1.3226E-04,1.601E-01
-1.3220E-04,1.361E-01
-1.3220E-04,1.601E-01
-1.3214E-04,1.441E-01
-1.3214E-04,1.601E-01
-1.3208E-04,1.361E-01
-1.3208E-04,1.521E-01
-1.3202E-04,1.361E-01
-1.3202E-04,1.521E-01
-1.3196E-04,1.361E-01
-1.3196E-04,1.601E-01
-1.3190E-04,1.361E-01
-1.3190E-04,1.521E-01
-1.3184E-04,1.361E-01
-1.3184E-04,1.521E-01
-1.3178E-04,1.361E-01
-1.3178E-04,1.521E-01
-1.3172E-04,1.361E-01
-1.3172E-04,1.521E-01
-1.3166E-04,1.361E-01
-1.3166E-04,1.521E-01
-1.3160E-04,1.361E-01
-1.3160E-04,1.601E-01
-1.3154E-04,1.361E-01
-1.3154E-04,1.521E-01
-1.3148E-04,1.361E-01
-1.3148E-04,1.521E-01
-1.3142E-04,1.361E-01
-1.3142E-04,1.521E-01
-1.3136E-04,1.361E-01
-1.3136E-04,1.521E-01
-1.3130E-04,1.361E-01
-1.3130E-04,1.521E-01
-1.3124E-04,1.361E-01
-1.3124E-04,1.521E-01
-1.3118E-04,1.361E-01
-1.3118E-04,1.521E-01
-1.3112E-04,1.361E-01
-1.3112E-04,1.521E-01
-1.3106E-04,1.281E-01
-1.3106E-04,1.521E-01
-1.3100E-04,1.361E-01
-1.3100E-04,1.521E-01
-1.3094E-04,1.361E-01
-1.3094E-04,1.521E-01
-1.3088E-04,1.361E-01
-1.3088E-04,1.521E-01
-1.3082E-04,1.281E-01
-1.3082E-04,1.521E-01
-1.3076E-04,1.281E-01
-1.3076E-04,1.521E-01
-1.3070E-04,1.361E-01
-1.3070E-04,1.521E-01
-1.3064E-04,1.361E-01
-1.3064E-04,1.521E-01
-1.3058E-04,1.281E-01
-1.3058E-04,1.521E-01
-1.3052E-04,1.281E-01
-1.3052E-04,1.521E-01
-1.3046E-04,1.361E-01
-1.3046E-04,1.521E-01
-1.3040E-04,1.361E-01
-1.3040E-04,1.521E-01
-1.3034E-04,1.361E-01
-1.3034E-04,1.521E-01
-1.3028E-04,1.361E-01
-1.3028E-04,1.521E-01
-1.3022E-04,1.281E-01
-1.3022E-04,1.521E-01
-1.3016E-04,1.361E-01
-1.3016E-04,1.521E-01
-1.3010E-04,1.361E-01
-1.3010E-04,1.521E-01
-1.3004E-04,1.361E-01
-1.3004E-04,1.521E-01
-1.2998E-04,1.361E-01
-1.2998E-04,1.521E-01
-1.2992E-04,1.281E-01
-1.2992E-04,1.441E-01
-1.2986E-04,1.281E-01
-1.2986E-04,1.521E-01
-1.2980E-04,1.361E-01
-1.2980E-04,1.521E-01
-1.2974E-04,1.361E-01
-1.2974E-04,1.521E-01
-1.2968E-04,1.361E-01
-1.2968E-04,1.521E-01
-1.2962E-04,1.361E-01
-1.2962E-04,1.521E-01
-1.2956E-04,1.361E-01
-1.2956E-04,1.441E-01
-1.2950E-04,1.281E-01
-1.2950E-04,1.521E-01
-1.2944E-04,1.361E-01
-1.2944E-04,1.521E-01
-1.2938E-04,1.361E-01
-1.2938E-04,1.521E-01
-1.2932E-04,1.361E-01
-1.2932E-04,1.521E-01
-1.2926E-04,1.281E-01
-1.2926E-04,1.521E-01
-1.2920E-04,1.281E-01
-1.2920E-04,1.521E-01
-1.2914E-04,1.281E-01
-1.2914E-04,1.521E-01
-1.2908E-04,1.281E-01
-1.2908E-04,1.521E-01
-1.2902E-04,1.281E-01
-1.2902E-04,1.521E-01
-1.2896E-04,1.281E-01
-1.2896E-04,1.521E-01
-1.2890E-04,1.361E-01
-1.2890E-04,1.521E-01
-1.2884E-04,1.281E-01
-1.2884E-04,1.521E-01
-1.2878E-04,1.361E-01
-1.2878E-04,1.521E-01
-1.2872E-04,1.281E-01
-1.2872E-04,1.441E-01
-1.2866E-04,1.281E-01
-1.2866E-04,1.521E-01
-1.2860E-04,1.281E-01
-1.2860E-04,1.521E-01
-1.2854E-04,1.281E-01
-1.2854E-04,1.521E-01
-1.2848E-04,1.361E-01
-1.2848E-04,1.521E-01
-1.2842E-04,1.361E-01
-1.2842E-04,1.521E-01
-1.2836E-04,1.281E-01
-1.2836E-04,1.521E-01
-1.2830E-04,1.281E-01
-1.2830E-04,1.521E-01
-1.2824E-04,1.361E-01
-1.2824E-04,1.521E-01
-1.2818E-04,1.361E-01
-1.2818E-04,1.521E-01
-1.2812E-04,1.281E-01
-1.2812E-04,1.521E-01
-1.2806E-04,1.361E-01
-1.2806E-04,1.441E-01
-1.2800E-04,1.281E-01
-1.2800E-04,1.441E-01
-1.2794E-04,1.281E-01
-1.2794E-04,1.441E-01
-1.2788E-04,1.281E-01
-1.2788E-04,1.441E-01
-1.2782E-04,1.361E-01
-1.2782E-04,1.521E-01
-1.2776E-04,1.281E-01
-1.2776E-04,1.521E-01
-1.2770E-04,1.281E-01
-1.2770E-04,1.521E-01
-1.2764E-04,1.281E-01
-1.2764E-04,1.521E-01
-1.2758E-04,1.281E-01
-1.2758E-04,1.521E-01
-1.2752E-04,1.281E-01
-1.2752E-04,1.521E-01
-1.2746E-04,1.361E-01
-1.2746E-04,1.521E-01
-1.2740E-04,1.281E-01
-1.2740E-04,1.521E-01
-1.2734E-04,1.281E-01
-1.2734E-04,1.521E-01
-1.2728E-04,1.361E-01
-1.2728E-04,1.441E-01
-1.2722E-04,1.281E-01
-1.2722E-04,1.521E-01
-1.2716E-04,1.281E-01
-1.2716E-04,1.521E-01
-1.2710E-04,1.361E-01
-1.2710E-04,1.521E-01
-1.2704E-04,1.281E-01
-1.2704E-04,1.521E-01
-1.2698E-04,1.281E-01
-1.2698E-04,1.521E-01
-1.2692E-04,1.281E-01
-1.2692E-04,1.521E-01
-1.2686E-04,1.361E-01
-1.2686E-04,1.521E-01
-1.2680E-04,1.281E-01
-1.2680E-04,1.521E-01
-1.2674E-04,1.281E-01
-1.2674E-04,1.521E-01
-1.2668E-04,1.361E-01
-1.2668E-04,1.521E-01
-1.2662E-04,1.281E-01
-1.2662E-04,1.521E-01
-1.2656E-04,1.281E-01
-1.2656E-04,1.521E-01
-1.2650E-04,1.361E-01
-1.2650E-04,1.521E-01
-1.2644E-04,1.361E-01
-1.2644E-04,1.521E-01
-1.2638E-04,1.361E-01
-1.2638E-04,1.521E-01
-1.2632E-04,1.361E-01
-1.2632E-04,1.441E-01
-1.2626E-04,1.361E-01
-1.2626E-04,1.521E-01
-1.2620E-04,1.361E-01
-1.2620E-04,1.521E-01
-1.2614E-04,1.281E-01
-1.2614E-04,1.521E-01
-1.2608E-04,1.361E-01
-1.2608E-04,1.521E-01
-1.2602E-04,1.361E-01
-1.2602E-04,1.521E-01
-1.2596E-04,1.361E-01
-1.2596E-04,1.521E-01
-1.2590E-04,1.361E-01
-1.2590E-04,1.521E-01
-1.2584E-04,1.361E-01
-1.2584E-04,1.521E-01
-1.2578E-04,1.361E-01
-1.2578E-04,1.521E-01
-1.2572E-04,1.361E-01
-1.2572E-04,1.521E-01
-1.2566E-04,1.361E-01
-1.2566E-04,1.521E-01
-1.2560E-04,1.361E-01
-1.2560E-04,1.521E-01
-1.2554E-04,1.361E-01
-1.2554E-04,1.521E-01
-1.2548E-04,1.361E-01
-1.2548E-04,1.521E-01
-1.2542E-04,1.361E-01
-1.2542E-04,1.521E-01
-1.2536E-04,1.361E-01
-1.2536E-04,1.521E-01
-1.2530E-04,1.361E-01
-1.2530E-04,1.521E-01
-1.2524E-04,1.361E-01
-1.2524E-04,1.521E-01
-1.2518E-04,1.361E-01
-1.2518E-04,1.521E-01
-1.2512E-04,1.361E-01
-1.2512E-04,1.521E-01
-1.2506E-04,1.441E-01
-1.2506E-04,1.601E-01
-1.2500E-04,1.361E-01
-1.2500E-04,1.521E-01
-1.2494E-04,1.361E-01
-1.2494E-04,1.521E-01
-1.2488E-04,1.361E-01
-1.2488E-04,1.521E-01
-1.2482E-04,1.361E-01
-1.2482E-04,1.521E-01
-1.2476E-04,1.441E-01
-1.2476E-04,1.601E-01
-1.2470E-04,1.361E-01
-1.2470E-04,1.521E-01
-1.2464E-04,1.361E-01
-1.2464E-04,1.601E-01
-1.2458E-04,1.441E-01
-1.2458E-04,1.521E-01
-1.2452E-04,1.441E-01
-1.2452E-04,1.521E-01
-1.2446E-04,1.441E-01
-1.2446E-04,1.601E-01
-1.2440E-04,1.361E-01
-1.2440E-04,1.601E-01
-1.2434E-04,1.441E-01
-1.2434E-04,1.601E-01
-1.2428E-04,1.361E-01
-1.2428E-04,1.521E-01
-1.2422E-04,1.361E-01
-1.2422E-04,1.601E-01
-1.2416E-04,1.441E-01
-1.2416E-04,1.521E-01
-1.2410E-04,1.441E-01
-1.2410E-04,1.601E-01
-1.2404E-04,1.361E-01
-1.2404E-04,1.601E-01
-1.2398E-04,1.361E-01
-1.2398E-04,1.601E-01
-1.2392E-04,1.441E-01
-1.2392E-04,1.601E-01
-1.2386E-04,1.441E-01
-1.2386E-04,1.601E-01
-1.2380E-04,1.441E-01
-1.2380E-04,1.601E-01
-1.2374E-04,1.441E-01
-1.2374E-04,1.601E-01
-1.2368E-04,1.441E-01
-1.2368E-04,1.601E-01
-1.2362E-04,1.441E-01
-1.2362E-04,1.601E-01
-1.2356E-04,1.441E-01
-1.2356E-04,1.601E-01
-1.2350E-04,1.441E-01
-1.2350E-04,1.681E-01
-1.2344E-04,1.441E-01
-1.2344E-04,1.681E-01
-1.2338E-04,1.441E-01
-1.2338E-04,1.681E-01
-1.2332E-04,1.441E-01
-1.2332E-04,1.681E-01
-1.2326E-04,1.441E-01
-1.2326E-04,1.601E-01
-1.2320E-04,1.441E-01
-1.2320E-04,1.601E-01
-1.2314E-04,1.521E-01
-1.2314E-04,1.681E-01
-1.2308E-04,1.521E-01
-1.2308E-04,1.681E-01
-1.2302E-04,1.521E-01
-1.2302E-04,1.681E-01
-1.2296E-04,1.521E-01
-1.2296E-04,1.681E-01
-1.2290E-04,1.521E-01
-1.2290E-04,1.601E-01
-1.2284E-04,1.521E-01
-1.2284E-04,1.681E-01
-1.2278E-04,1.521E-01
-1.2278E-04,1.681E-01
-1.2272E-04,1.521E-01
-1.2272E-04,1.681E-01
-1.2266E-04,1.521E-01
-1.2266E-04,1.681E-01
-1.2260E-04,1.521E-01
-1.2260E-04,1.681E-01
-1.2254E-04,1.521E-01
-1.2254E-04,1.681E-01
-1.2248E-04,1.521E-01
-1.2248E-04,1.681E-01
-1.2242E-04,1.521E-01
-1.2242E-04,1.681E-01
-1.2236E-04,1.521E-01
-1.2236E-04,1.681E-01
-1.2230E-04,1.601E-01
-1.2230E-04,1.761E-01
-1.2224E-04,1.521E-01
-1.2224E-04,1.761E-01
-1.2218E-04,1.521E-01
-1.2218E-04,1.761E-01
-1.2212E-04,1.521E-01
-1.2212E-04,1.761E-01
-1.2206E-04,1.601E-01
-1.2206E-04,1.761E-01
-1.2200E-04,1.601E-01
-1.2200E-04,1.761E-01
-1.2194E-04,1.601E-01
-1.2194E-04,1.761E-01
-1.2188E-04,1.521E-01
-1.2188E-04,1.681E-01
-1.2182E-04,1.521E-01
-1.2182E-04,1.761E-01
-1.2176E-04,1.521E-01
-1.2176E-04,1.761E-01
-1.2170E-04,1.601E-01
-1.2170E-04,1.761E-01
-1.2164E-04,1.601E-01
-1.2164E-04,1.761E-01
-1.2158E-04,1.601E-01
-1.2158E-04,1.761E-01
-1.2152E-04,1.601E-01
-1.2152E-04,1.761E-01
-1.2146E-04,1.601E-01
-1.2146E-04,1.761E-01
-1.2140E-04,1.601E-01
-1.2140E-04,1.761E-01
-1.2134E-04,1.601E-01
-1.2134E-04,1.761E-01
-1.2128E-04,1.601E-01
-1.2128E-04,1.841E-01
-1.2122E-04,1.601E-01
-1.2122E-04,1.841E-01
-1.2116E-04,1.601E-01
-1.2116E-04,1.761E-01
-1.2110E-04,1.601E-01
-1.2110E-04,1.761E-01
-1.2104E-04,1.601E-01
-1.2104E-04,1.841E-01
-1.2098E-04,1.601E-01
-1.2098E-04,1.841E-01
-1.2092E-04,1.601E-01
-1.2092E-04,1.761E-01
-1.2086E-04,1.601E-01
-1.2086E-04,1.841E-01
-1.2080E-04,1.681E-01
-1.2080E-04,1.841E-01
-1.2074E-04,1.681E-01
-1.2074E-04,1.841E-01
-1.2068E-04,1.681E-01
-1.2068E-04,1.841E-01
-1.2062E-04,1.681E-01
-1.2062E-04,1.841E-01
-1.2056E-04,1.681E-01
-1.2056E-04,1.841E-01
-1.2050E-04,1.681E-01
-1.2050E-04,1.841E-01
-1.2044E-04,1.681E-01
-1.2044E-04,1.841E-01
-1.2038E-04,1.601E-01
-1.2038E-04,1.841E-01
-1.2032E-04,1.681E-01
-1.2032E-04,1.841E-01
-1.2026E-04,1.761E-01
-1.2026E-04,1.841E-01
-1.2020E-04,1.681E-01
-1.2020E-04,1.841E-01
-1.2014E-04,1.761E-01
-1.2014E-04,1.921E-01
-1.2008E-04,1.681E-01
-1.2008E-04,1.921E-01
-1.2002E-04,1.761E-01
-1.2002E-04,1.921E-01
-1.1996E-04,1.681E-01
-1.1996E-04,1.921E-01
-1.1990E-04,1.761E-01
-1.1990E-04,1.921E-01
-1.1984E-04,1.761E-01
-1.1984E-04,1.921E-01
-1.1978E-04,1.761E-01
-1.1978E-04,1.921E-01
-1.1972E-04,1.761E-01
-1.1972E-04,1.921E-01
-1.1966E-04,1.761E-01
-1.1966E-04,1.921E-01
-1.1960E-04,1.761E-01
-1.1960E-04,1.921E-01
-1.1954E-04,1.761E-01
-1.1954E-04,1.921E-01
-1.1948E-04,1.761E-01
-1.1948E-04,2.001E-01
-1.1942E-04,1.761E-01
-1.1942E-04,2.001E-01
-1.1936E-04,1.761E-01
-1.1936E-04,2.001E-01
-1.1930E-04,1.761E-01
-1.1930E-04,2.001E-01
-1.1924E-04,1.841E-01
-1.1924E-04,2.001E-01
-1.1918E-04,1.841E-01
-1.1918E-04,2.001E-01
-1.1912E-04,1.761E-01
-1.1912E-04,2.001E-01
-1.1906E-04,1.841E-01
-1.1906E-04,2.001E-01
-1.1900E-04,1.841E-01
-1.1900E-04,2.001E-01
-1.1894E-04,1.841E-01
-1.1894E-04,2.001E-01
-1.1888E-04,1.841E-01
-1.1888E-04,2.001E-01
-1.1882E-04,1.841E-01
-1.1882E-04,2.081E-01
-1.1876E-04,1.841E-01
-1.1876E-04,2.081E-01
-1.1870E-04,1.841E-01
-1.1870E-04,2.081E-01
-1.1864E-04,1.921E-01
-1.1864E-04,2.081E-01
-1.1858E-04,1.921E-01
-1.1858E-04,2.081E-01
-1.1852E-04,1.921E-01
-1.1852E-04,2.081E-01
-1.1846E-04,1.921E-01
-1.1846E-04,2.081E-01
-1.1840E-04,1.921E-01
-1.1840E-04,2.081E-01
-1.1834E-04,1.921E-01
-1.1834E-04,2.081E-01
-1.1828E-04,1.921E-01
-1.1828E-04,2.081E-01
-1.1822E-04,1.921E-01
-1.1822E-04,2.081E-01
-1.1816E-04,1.921E-01
-1.1816E-04,2.081E-01
-1.1810E-04,1.921E-01
-1.1810E-04,2.161E-01
-1.1804E-04,2.001E-01
-1.1804E-04,2.161E-01
-1.1798E-04,2.001E-01
-1.1798E-04,2.161E-01
-1.1792E-04,2.001E-01
-1.1792E-04,2.161E-01
-1.1786E-04,2.001E-01
-1.1786E-04,2.161E-01
-1.1780E-04,2.001E-01
-1.1780E-04,2.161E-01
-1.1774E-04,2.001E-01
-1.1774E-04,2.161E-01
-1.1768E-04,2.001E-01
-1.1768E-04,2.161E-01
-1.1762E-04,2.001E-01
-1.1762E-04,2.161E-01
-1.1756E-04,2.001E-01
-1.1756E-04,2.241E-01
-1.1750E-04,2.001E-01
-1.1750E-04,2.241E-01
-1.1744E-04,2.001E-01
-1.1744E-04,2.241E-01
-1.1738E-04,2.081E-01
-1.1738E-04,2.241E-01
-1.1732E-04,2.081E-01
-1.1732E-04,2.241E-01
-1.1726E-04,2.081E-01
-1.1726E-04,2.241E-01
-1.1720E-04,2.081E-01
-1.1720E-04,2.241E-01
-1.1714E-04,2.081E-01
-1.1714E-04,2.241E-01
-1.1708E-04,2.081E-01
-1.1708E-04,2.241E-01
-1.1702E-04,2.081E-01
-1.1702E-04,2.241E-01
-1.1696E-04,2.161E-01
-1.1696E-04,2.321E-01
-1.1690E-04,2.161E-01
-1.1690E-04,2.321E-01
-1.1684E-04,2.161E-01
-1.1684E-04,2.321E-01
-1.1678E-04,2.161E-01
-1.1678E-04,2.321E-01
-1.1672E-04,2.161E-01
-1.1672E-04,2.321E-01
-1.1666E-04,2.161E-01
-1.1666E-04,2.401E-01
-1.1660E-04,2.161E-01
-1.1660E-04,2.401E-01
-1.1654E-04,2.161E-01
-1.1654E-04,2.321E-01
-1.1648E-04,2.161E-01
-1.1648E-04,2.401E-01
-1.1642E-04,2.161E-01
-1.1642E-04,2.401E-01
-1.1636E-04,2.241E-01
-1.1636E-04,2.401E-01
-1.1630E-04,2.241E-01
-1.1630E-04,2.401E-01
-1.1624E-04,2.161E-01
-1.1624E-04,2.401E-01
-1.1618E-04,2.241E-01
-1.1618E-04,2.401E-01
-1.1612E-04,2.241E-01
-1.1612E-04,2.401E-01
-1.1606E-04,2.241E-01
-1.1606E-04,2.401E-01
-1.1600E-04,2.241E-01
-1.1600E-04,2.481E-01
-1.1594E-04,2.321E-01
-1.1594E-04,2.481E-01
-1.1588E-04,2.241E-01
-1.1588E-04,2.481E-01
-1.1582E-04,2.241E-01
-1.1582E-04,2.481E-01
-1.1576E-04,2.321E-01
-1.1576E-04,2.481E-01
-1.1570E-04,2.321E-01
-1.1570E-04,2.561E-01
-1.1564E-04,2.321E-01
-1.1564E-04,2.481E-01
-1.1558E-04,2.321E-01
-1.1558E-04,2.561E-01
-1.1552E-04,2.321E-01
-1.1552E-04,2.481E-01
-1.1546E-04,2.321E-01
-1.1546E-04,2.481E-01
-1.1540E-04,2.401E-01
-1.1540E-04,2.561E-01
-1.1534E-04,2.401E-01
-1.1534E-04,2.561E-01
-1.1528E-04,2.321E-01
-1.1528E-04,2.561E-01
-1.1522E-04,2.401E-01
-1.1522E-04,2.561E-01
-1.1516E-04,2.401E-01
-1.1516E-04,2.561E-01
-1.1510E-04,2.401E-01
-1.1510E-04,2.641E-01
-1.1504E-04,2.481E-01
-1.1504E-04,2.641E-01
-1.1498E-04,2.481E-01
-1.1498E-04,2.641E-01
-1.1492E-04,2.401E-01
-1.1492E-04,2.641E-01
-1.1486E-04,2.401E-01
-1.1486E-04,2.641E-01
-1.1480E-04,2.481E-01
-1.1480E-04,2.641E-01
-1.1474E-04,2.481E-01
-1.1474E-04,2.641E-01
-1.1468E-04,2.561E-01
-1.1468E-04,2.721E-01
-1.1462E-04,2.481E-01
-1.1462E-04,2.721E-01
-1.1456E-04,2.561E-01
-1.1456E-04,2.721E-01
-1.1450E-04,2.561E-01
-1.1450E-04,2.721E-01
-1.1444E-04,2.561E-01
-1.1444E-04,2.721E-01
-1.1438E-04,2.561E-01
-1.1438E-04,2.721E-01
-1.1432E-04,2.561E-01
-1.1432E-04,2.721E-01
-1.1426E-04,2.561E-01
-1.1426E-04,2.721E-01
-1.1420E-04,2.561E-01
-1.1420E-04,2.721E-01
-1.1414E-04,2.561E-01
-1.1414E-04,2.721E-01
-1.1408E-04,2.561E-01
-1.1408E-04,2.801E-01
-1.1402E-04,2.641E-01
-1.1402E-04,2.801E-01
-1.1396E-04,2.641E-01
-1.1396E-04,2.801E-01
-1.1390E-04,2.641E-01
-1.1390E-04,2.881E-01
-1.1384E-04,2.641E-01
-1.1384E-04,2.881E-01
-1.1378E-04,2.641E-01
-1.1378E-04,2.801E-01
-1.1372E-04,2.641E-01
-1.1372E-04,2.801E-01
-1.1366E-04,2.721E-01
-1.1366E-04,2.881E-01
-1.1360E-04,2.721E-01
-1.1360E-04,2.881E-01
-1.1354E-04,2.721E-01
-1.1354E-04,2.881E-01
-1.1348E-04,2.721E-01
-1.1348E-04,2.881E-01
-1.1342E-04,2.721E-01
-1.1342E-04,2.881E-01
-1.1336E-04,2.721E-01
-1.1336E-04,2.881E-01
-1.1330E-04,2.721E-01
-1.1330E-04,2.961E-01
-1.1324E-04,2.721E-01
-1.1324E-04,2.961E-01
-1.1318E-04,2.721E-01
-1.1318E-04,2.961E-01
-1.1312E-04,2.721E-01
-1.1312E-04,2.961E-01
-1.1306E-04,2.801E-01
-1.1306E-04,2.961E-01
-1.1300E-04,2.801E-01
-1.1300E-04,2.961E-01
-1.1294E-04,2.801E-01
-1.1294E-04,2.961E-01
-1.1288E-04,2.801E-01
-1.1288E-04,3.041E-01
-1.1282E-04,2.801E-01
-1.1282E-04,3.041E-01
-1.1276E-04,2.801E-01
-1.1276E-04,3.041E-01
-1.1270E-04,2.801E-01
-1.1270E-04,3.041E-01
-1.1264E-04,2.881E-01
-1.1264E-04,3.041E-01
-1.1258E-04,2.881E-01
-1.1258E-04,3.041E-01
-1.1252E-04,2.881E-01
-1.1252E-04,3.041E-01
-1.1246E-04,2.881E-01
-1.1246E-04,3.041E-01
-1.1240E-04,2.881E-01
-1.1240E-04,3.121E-01
-1.1234E-04,2.881E-01
-1.1234E-04,3.121E-01
-1.1228E-04,2.961E-01
-1.1228E-04,3.121E-01
-1.1222E-04,2.961E-01
-1.1222E-04,3.121E-01
-1.1216E-04,2.961E-01
-1.1216E-04,3.201E-01
-1.1210E-04,2.961E-01
-1.1210E-04,3.121E-01
-1.1204E-04,2.961E-01
-1.1204E-04,3.121E-01
-1.1198E-04,2.961E-01
-1.1198E-04,3.201E-01
-1.1192E-04,2.961E-01
-1.1192E-04,3.201E-01
-1.1186E-04,2.961E-01
-1.1186E-04,3.201E-01
-1.1180E-04,2.961E-01
-1.1180E-04,3.201E-01
-1.1174E-04,3.041E-01
-1.1174E-04,3.201E-01
-1.1168E-04,3.041E-01
-1.1168E-04,3.201E-01
-1.1162E-04,3.121E-01
-1.1162E-04,3.281E-01
-1.1156E-04,3.041E-01
-1.1156E-04,3.281E-01
-1.1150E-04,3.121E-01
-1.1150E-04,3.281E-01
-1.1144E-04,3.041E-01
-1.1144E-04,3.281E-01
-1.1138E-04,3.121E-01
-1.1138E-04,3.281E-01
-1.1132E-04,3.121E-01
-1.1132E-04,3.281E-01
-1.1126E-04,3.121E-01
-1.1126E-04,3.361E-01
-1.1120E-04,3.121E-01
-1.1120E-04,3.361E-01
-1.1114E-04,3.201E-01
-1.1114E-04,3.281E-01
-1.1108E-04,3.201E-01
-1.1108E-04,3.361E-01
-1.1102E-04,3.201E-01
-1.1102E-04,3.361E-01
-1.1096E-04,3.201E-01
-1.1096E-04,3.361E-01
-1.1090E-04,3.201E-01
-1.1090E-04,3.441E-01
-1.1084E-04,3.281E-01
-1.1084E-04,3.441E-01
-1.1078E-04,3.281E-01
-1.1078E-04,3.441E-01
-1.1072E-04,3.281E-01
-1.1072E-04,3.441E-01
-1.1066E-04,3.281E-01
-1.1066E-04,3.521E-01
-1.1060E-04,3.281E-01
-1.1060E-04,3.521E-01
-1.1054E-04,3.281E-01
-1.1054E-04,3.521E-01
-1.1048E-04,3.281E-01
-1.1048E-04,3.521E-01
-1.1042E-04,3.361E-01
-1.1042E-04,3.521E-01
-1.1036E-04,3.361E-01
-1.1036E-04,3.521E-01
-1.1030E-04,3.361E-01
-1.1030E-04,3.601E-01
-1.1024E-04,3.361E-01
-1.1024E-04,3.601E-01
-1.1018E-04,3.361E-01
-1.1018E-04,3.601E-01
-1.1012E-04,3.441E-01
-1.1012E-04,3.601E-01
-1.1006E-04,3.441E-01
-1.1006E-04,3.601E-01
-1.1000E-04,3.441E-01
-1.1000E-04,3.601E-01
-1.0994E-04,3.441E-01
-1.0994E-04,3.681E-01
-1.0988E-04,3.521E-01
-1.0988E-04,3.601E-01
-1.0982E-04,3.521E-01
-1.0982E-04,3.681E-01
-1.0976E-04,3.441E-01
-1.0976E-04,3.681E-01
-1.0970E-04,3.441E-01
-1.0970E-04,3.681E-01
-1.0964E-04,3.521E-01
-1.0964E-04,3.681E-01
-1.0958E-04,3.521E-01
-1.0958E-04,3.681E-01
-1.0952E-04,3.521E-01
-1.0952E-04,3.761E-01
-1.0946E-04,3.601E-01
-1.0946E-04,3.761E-01
-1.0940E-04,3.601E-01
-1.0940E-04,3.761E-01
-1.0934E-04,3.601E-01
-1.0934E-04,3.761E-01
-1.0928E-04,3.601E-01
-1.0928E-04,3.761E-01
-1.0922E-04,3.601E-01
-1.0922E-04,3.841E-01
-1.0916E-04,3.601E-01
-1.0916E-04,3.841E-01
-1.0910E-04,3.601E-01
-1.0910E-04,3.841E-01
-1.0904E-04,3.681E-01
-1.0904E-04,3.841E-01
-1.0898E-04,3.681E-01
-1.0898E-04,3.921E-01
-1.0892E-04,3.681E-01
-1.0892E-04,3.921E-01
-1.0886E-04,3.681E-01
-1.0886E-04,3.841E-01
-1.0880E-04,3.681E-01
-1.0880E-04,3.921E-01
-1.0874E-04,3.681E-01
-1.0874E-04,3.921E-01
-1.0868E-04,3.761E-01
-1.0868E-04,3.921E-01
-1.0862E-04,3.681E-01
-1.0862E-04,3.921E-01
-1.0856E-04,3.761E-01
-1.0856E-04,3.921E-01
-1.0850E-04,3.761E-01
-1.0850E-04,4.001E-01
-1.0844E-04,3.841E-01
-1.0844E-04,4.001E-01
-1.0838E-04,3.841E-01
-1.0838E-04,4.001E-01
-1.0832E-04,3.761E-01
-1.0832E-04,4.001E-01
-1.0826E-04,3.761E-01
-1.0826E-04,4.001E-01
-1.0820E-04,3.841E-01
-1.0820E-04,4.081E-01
-1.0814E-04,3.841E-01
-1.0814E-04,4.081E-01
-1.0808E-04,3.841E-01
-1.0808E-04,4.081E-01
-1.0802E-04,3.921E-01
-1.0802E-04,4.081E-01
-1.0796E-04,3.921E-01
-1.0796E-04,4.081E-01
-1.0790E-04,3.921E-01
-1.0790E-04,4.081E-01
-1.0784E-04,3.921E-01
-1.0784E-04,4.081E-01
-1.0778E-04,3.921E-01
-1.0778E-04,4.161E-01
-1.0772E-04,3.921E-01
-1.0772E-04,4.161E-01
-1.0766E-04,4.001E-01
-1.0766E-04,4.161E-01
-1.0760E-04,4.001E-01
-1.0760E-04,4.161E-01
-1.0754E-04,4.001E-01
-1.0754E-04,4.161E-01
-1.0748E-04,4.001E-01
-1.0748E-04,4.241E-01
-1.0742E-04,4.081E-01
-1.0742E-04,4.241E-01
-1.0736E-04,4.081E-01
-1.0736E-04,4.241E-01
-1.0730E-04,4.081E-01
-1.0730E-04,4.241E-01
-1.0724E-04,4.081E-01
-1.0724E-04,4.321E-01
-1.0718E-04,4.001E-01
-1.0718E-04,4.321E-01
-1.0712E-04,4.081E-01
-1.0712E-04,4.241E-01
-1.0706E-04,4.081E-01
-1.0706E-04,4.321E-01
-1.0700E-04,4.161E-01
-1.0700E-04,4.321E-01
-1.0694E-04,4.161E-01
-1.0694E-04,4.321E-01
-1.0688E-04,4.161E-01
-1.0688E-04,4.401E-01
-1.0682E-04,4.161E-01
-1.0682E-04,4.401E-01
-1.0676E-04,4.161E-01
-1.0676E-04,4.401E-01
-1.0670E-04,4.241E-01
-1.0670E-04,4.401E-01
-1.0664E-04,4.241E-01
-1.0664E-04,4.401E-01
-1.0658E-04,4.241E-01
-1.0658E-04,4.401E-01
-1.0652E-04,4.241E-01
-1.0652E-04,4.481E-01
-1.0646E-04,4.321E-01
-1.0646E-04,4.481E-01
-1.0640E-04,4.321E-01
-1.0640E-04,4.481E-01
-1.0634E-04,4.321E-01
-1.0634E-04,4.481E-01
-1.0628E-04,4.321E-01
-1.0628E-04,4.561E-01
-1.0622E-04,4.321E-01
-1.0622E-04,4.561E-01
-1.0616E-04,4.321E-01
-1.0616E-04,4.561E-01
-1.0610E-04,4.321E-01
-1.0610E-04,4.481E-01
-1.0604E-04,4.321E-01
-1.0604E-04,4.561E-01
-1.0598E-04,4.401E-01
-1.0598E-04,4.561E-01
-1.0592E-04,4.401E-01
-1.0592E-04,4.641E-01
-1.0586E-04,4.401E-01
-1.0586E-04,4.561E-01
-1.0580E-04,4.401E-01
-1.0580E-04,4.641E-01
-1.0574E-04,4.481E-01
-1.0574E-04,4.641E-01
-1.0568E-04,4.481E-01
-1.0568E-04,4.641E-01
-1.0562E-04,4.481E-01
-1.0562E-04,4.641E-01
-1.0556E-04,4.481E-01
-1.0556E-04,4.721E-01
-1.0550E-04,4.481E-01
-1.0550E-04,4.721E-01
-1.0544E-04,4.481E-01
-1.0544E-04,4.721E-01
-1.0538E-04,4.481E-01
-1.0538E-04,4.721E-01
-1.0532E-04,4.561E-01
-1.0532E-04,4.721E-01
-1.0526E-04,4.561E-01
-1.0526E-04,4.721E-01
-1.0520E-04,4.561E-01
-1.0520E-04,4.721E-01
-1.0514E-04,4.561E-01
-1.0514E-04,4.721E-01
-1.0508E-04,4.641E-01
-1.0508E-04,4.801E-01
-1.0502E-04,4.561E-01
-1.0502E-04,4.801E-01
-1.0496E-04,4.641E-01
-1.0496E-04,4.801E-01
-1.0490E-04,4.641E-01
-1.0490E-04,4.801E-01
-1.0484E-04,4.641E-01
-1.0484E-04,4.881E-01
-1.0478E-04,4.641E-01
-1.0478E-04,4.801E-01
-1.0472E-04,4.641E-01
-1.0472E-04,4.961E-01
-1.0466E-04,4.721E-01
-1.0466E-04,4.961E-01
-1.0460E-04,4.641E-01
-1.0460E-04,4.961E-01
-1.0454E-04,4.641E-01
-1.0454E-04,4.961E-01
-1.0448E-04,4.801E-01
-1.0448E-04,4.961E-01
-1.0442E-04,4.801E-01
-1.0442E-04,4.961E-01
-1.0436E-04,4.801E-01
-1.0436E-04,4.961E-01
-1.0430E-04,4.801E-01
-1.0430E-04,4.961E-01
-1.0424E-04,4.801E-01
-1.0424E-04,5.041E-01
-1.0418E-04,4.801E-01
-1.0418E-04,5.041E-01
-1.0412E-04,4.801E-01
-1.0412E-04,5.041E-01
-1.0406E-04,4.881E-01
-1.0406E-04,5.041E-01
-1.0400E-04,4.881E-01
-1.0400E-04,5.041E-01
-1.0394E-04,4.881E-01
-1.0394E-04,5.041E-01
-1.0388E-04,4.881E-01
-1.0388E-04,5.041E-01
-1.0382E-04,4.961E-01
-1.0382E-04,5.121E-01
-1.0376E-04,4.961E-01
-1.0376E-04,5.121E-01
-1.0370E-04,4.961E-01
-1.0370E-04,5.121E-01
-1.0364E-04,4.961E-01
-1.0364E-04,5.121E-01
-1.0358E-04,4.961E-01
-1.0358E-04,5.121E-01
-1.0352E-04,4.961E-01
-1.0352E-04,5.201E-01
-1.0346E-04,5.041E-01
-1.0346E-04,5.201E-01
-1.0340E-04,5.041E-01
-1.0340E-04,5.201E-01
-1.0334E-04,5.041E-01
-1.0334E-04,5.201E-01
-1.0328E-04,5.121E-01
-1.0328E-04,5.281E-01
-1.0322E-04,5.121E-01
-1.0322E-04,5.281E-01
-1.0316E-04,5.121E-01
-1.0316E-04,5.281E-01
-1.0310E-04,5.121E-01
-1.0310E-04,5.281E-01
-1.0304E-04,5.121E-01
-1.0304E-04,5.281E-01
-1.0298E-04,5.121E-01
-1.0298E-04,5.281E-01
-1.0292E-04,5.201E-01
-1.0292E-04,5.361E-01
-1.0286E-04,5.201E-01
-1.0286E-04,5.361E-01
-1.0280E-04,5.201E-01
-1.0280E-04,5.361E-01
-1.0274E-04,5.201E-01
-1.0274E-04,5.361E-01
-1.0268E-04,5.201E-01
-1.0268E-04,5.361E-01
-1.0262E-04,5.201E-01
-1.0262E-04,5.441E-01
-1.0256E-04,5.201E-01
-1.0256E-04,5.441E-01
-1.0250E-04,5.281E-01
-1.0250E-04,5.441E-01
-1.0244E-04,5.201E-01
-1.0244E-04,5.521E-01
-1.0238E-04,5.201E-01
-1.0238E-04,5.521E-01
-1.0232E-04,5.281E-01
-1.0232E-04,5.521E-01
-1.0226E-04,5.361E-01
-1.0226E-04,5.521E-01
-1.0220E-04,5.361E-01
-1.0220E-04,5.521E-01
-1.0214E-04,5.361E-01
-1.0214E-04,5.521E-01
-1.0208E-04,5.361E-01
-1.0208E-04,5.601E-01
-1.0202E-04,5.361E-01
-1.0202E-04,5.601E-01
-1.0196E-04,5.441E-01
-1.0196E-04,5.601E-01
-1.0190E-04,5.441E-01
-1.0190E-04,5.681E-01
-1.0184E-04,5.441E-01
-1.0184E-04,5.601E-01
-1.0178E-04,5.441E-01
-1.0178E-04,5.681E-01
-1.0172E-04,5.441E-01
-1.0172E-04,5.681E-01
-1.0166E-04,5.441E-01
-1.0166E-04,5.681E-01
-1.0160E-04,5.521E-01
-1.0160E-04,5.761E-01
-1.0154E-04,5.521E-01
-1.0154E-04,5.761E-01
-1.0148E-04,5.521E-01
-1.0148E-04,5.761E-01
-1.0142E-04,5.601E-01
-1.0142E-04,5.761E-01
-1.0136E-04,5.601E-01
-1.0136E-04,5.761E-01
-1.0130E-04,5.601E-01
-1.0130E-04,5.761E-01
-1.0124E-04,5.601E-01
-1.0124E-04,5.761E-01
-1.0118E-04,5.601E-01
-1.0118E-04,5.761E-01
-1.0112E-04,5.601E-01
-1.0112E-04,5.841E-01
-1.0106E-04,5.681E-01
-1.0106E-04,5.841E-01
-1.0100E-04,5.681E-01
-1.0100E-04,5.841E-01
-1.0094E-04,5.681E-01
-1.0094E-04,5.841E-01
-1.0088E-04,5.681E-01
-1.0088E-04,5.841E-01
-1.0082E-04,5.681E-01
-1.0082E-04,5.921E-01
-1.0076E-04,5.761E-01
-1.0076E-04,5.921E-01
-1.0070E-04,5.761E-01
-1.0070E-04,6.001E-01
-1.0064E-04,5.761E-01
-1.0064E-04,6.001E-01
-1.0058E-04,5.761E-01
-1.0058E-04,6.001E-01
-1.0052E-04,5.841E-01
-1.0052E-04,6.001E-01
-1.0046E-04,5.841E-01
-1.0046E-04,6.001E-01
-1.0040E-04,5.841E-01
-1.0040E-04,6.001E-01
-1.0034E-04,5.841E-01
-1.0034E-04,6.081E-01
-1.0028E-04,5.841E-01
-1.0028E-04,6.081E-01
-1.0022E-04,5.921E-01
-1.0022E-04,6.081E-01
-1.0016E-04,5.921E-01
-1.0016E-04,6.081E-01
-1.0010E-04,5.841E-01
-1.0010E-04,6.161E-01
-1.0004E-04,6.001E-01
-1.0004E-04,6.161E-01
-9.9980E-05,6.001E-01
-9.9980E-05,6.161E-01
-9.9920E-05,6.001E-01
-9.9920E-05,6.161E-01
-9.9860E-05,6.001E-01
-9.9860E-05,6.241E-01
-9.9800E-05,6.001E-01
-9.9800E-05,6.161E-01
-9.9740E-05,6.001E-01
-9.9740E-05,6.241E-01
-9.9680E-05,6.081E-01
-9.9680E-05,6.321E-01
-9.9620E-05,6.081E-01
-9.9620E-05,6.241E-01
-9.9560E-05,6.081E-01
-9.9560E-05,6.321E-01
-9.9500E-05,6.081E-01
-9.9500E-05,6.321E-01
-9.9440E-05,6.161E-01
-9.9440E-05,6.321E-01
-9.9380E-05,6.161E-01
-9.9380E-05,6.401E-01
-9.9320E-05,6.161E-01
-9.9320E-05,6.481E-01
-9.9260E-05,6.241E-01
-9.9260E-05,6.401E-01
-9.9200E-05,6.161E-01
-9.9200E-05,6.401E-01
-9.9140E-05,6.161E-01
-9.9140E-05,6.401E-01
-9.9080E-05,6.161E-01
-9.9080E-05,6.401E-01
-9.9020E-05,6.161E-01
-9.9020E-05,6.401E-01
-9.8960E-05,6.241E-01
-9.8960E-05,6.401E-01
-9.8900E-05,6.241E-01
-9.8900E-05,6.401E-01
-9.8840E-05,6.241E-01
-9.8840E-05,6.481E-01
-9.8780E-05,6.321E-01
-9.8780E-05,6.481E-01
-9.8720E-05,6.321E-01
-9.8720E-05,6.481E-01
-9.8660E-05,6.321E-01
-9.8660E-05,6.481E-01
-9.8600E-05,6.321E-01
-9.8600E-05,6.481E-01
-9.8540E-05,6.321E-01
-9.8540E-05,6.481E-01
-9.8480E-05,6.321E-01
-9.8480E-05,6.561E-01
-9.8420E-05,6.321E-01
-9.8420E-05,6.561E-01
-9.8360E-05,6.321E-01
-9.8360E-05,6.561E-01
-9.8300E-05,6.321E-01
-9.8300E-05,6.641E-01
-9.8240E-05,6.401E-01
-9.8240E-05,6.641E-01
-9.8180E-05,6.401E-01
-9.8180E-05,6.641E-01
-9.8120E-05,6.401E-01
-9.8120E-05,6.641E-01
-9.8060E-05,6.481E-01
-9.8060E-05,6.641E-01
-9.8000E-05,6.481E-01
-9.8000E-05,6.641E-01
-9.7940E-05,6.481E-01
-9.7940E-05,6.641E-01
-9.7880E-05,6.481E-01
-9.7880E-05,6.641E-01
-9.7820E-05,6.561E-01
-9.7820E-05,6.721E-01
-9.7760E-05,6.481E-01
-9.7760E-05,6.721E-01
-9.7700E-05,6.561E-01
-9.7700E-05,6.721E-01
-9.7640E-05,6.641E-01
-9.7640E-05,6.721E-01
-9.7580E-05,6.561E-01
-9.7580E-05,6.801E-01
-9.7520E-05,6.561E-01
-9.7520E-05,6.801E-01
-9.7460E-05,6.561E-01
-9.7460E-05,6.801E-01
-9.7400E-05,6.641E-01
-9.7400E-05,6.801E-01
-9.7340E-05,6.641E-01
-9.7340E-05,6.801E-01
-9.7280E-05,6.721E-01
-9.7280E-05,6.881E-01
-9.7220E-05,6.721E-01
-9.7220E-05,6.881E-01
-9.7160E-05,6.721E-01
-9.7160E-05,6.881E-01
-9.7100E-05,6.721E-01
-9.7100E-05,6.881E-01
-9.7040E-05,6.721E-01
-9.7040E-05,6.961E-01
-9.6980E-05,6.721E-01
-9.6980E-05,6.961E-01
-9.6920E-05,6.801E-01
-9.6920E-05,6.961E-01
-9.6860E-05,6.801E-01
-9.6860E-05,6.961E-01
-9.6800E-05,6.721E-01
-9.6800E-05,6.961E-01
-9.6740E-05,6.801E-01
-9.6740E-05,7.041E-01
-9.6680E-05,6.881E-01
-9.6680E-05,7.041E-01
-9.6620E-05,6.881E-01
-9.6620E-05,7.041E-01
-9.6560E-05,6.881E-01
-9.6560E-05,7.041E-01
-9.6500E-05,6.881E-01
-9.6500E-05,7.041E-01
-9.6440E-05,6.881E-01
-9.6440E-05,7.041E-01
-9.6380E-05,6.881E-01
-9.6380E-05,7.041E-01
-9.6320E-05,6.881E-01
-9.6320E-05,7.121E-01
-9.6260E-05,6.961E-01
-9.6260E-05,7.121E-01
-9.6200E-05,6.961E-01
-9.6200E-05,7.121E-01
-9.6140E-05,6.961E-01
-9.6140E-05,7.201E-01
-9.6080E-05,7.041E-01
-9.6080E-05,7.201E-01
-9.6020E-05,6.961E-01
-9.6020E-05,7.281E-01
-9.5960E-05,7.041E-01
-9.5960E-05,7.281E-01
-9.5900E-05,7.041E-01
-9.5900E-05,7.281E-01
-9.5840E-05,7.121E-01
-9.5840E-05,7.281E-01
-9.5780E-05,7.121E-01
-9.5780E-05,7.281E-01
-9.5720E-05,7.121E-01
-9.5720E-05,7.281E-01
-9.5660E-05,7.121E-01
-9.5660E-05,7.281E-01
-9.5600E-05,7.121E-01
-9.5600E-05,7.281E-01
-9.5540E-05,7.121E-01
-9.5540E-05,7.281E-01
-9.5480E-05,7.201E-01
-9.5480E-05,7.281E-01
-9.5420E-05,7.121E-01
-9.5420E-05,7.361E-01
-9.5360E-05,7.201E-01
-9.5360E-05,7.361E-01
-9.5300E-05,7.201E-01
-9.5300E-05,7.361E-01
-9.5240E-05,7.201E-01
-9.5240E-05,7.361E-01
-9.5180E-05,7.201E-01
-9.5180E-05,7.441E-01
-9.5120E-05,7.281E-01
-9.5120E-05,7.441E-01
-9.5060E-05,7.201E-01
-9.5060E-05,7.441E-01
-9.5000E-05,7.281E-01
-9.5000E-05,7.441E-01
-9.4940E-05,7.281E-01
-9.4940E-05,7.441E-01
-9.4880E-05,7.281E-01
-9.4880E-05,7.521E-01
-9.4820E-05,7.361E-01
-9.4820E-05,7.521E-01
-9.4760E-05,7.281E-01
-9.4760E-05,7.521E-01
-9.4700E-05,7.361E-01
-9.4700E-05,7.521E-01
-9.4640E-05,7.361E-01
-9.4640E-05,7.521E-01
-9.4580E-05,7.361E-01
-9.4580E-05,7.601E-01
-9.4520E-05,7.441E-01
-9.4520E-05,7.601E-01
-9.4460E-05,7.361E-01
-9.4460E-05,7.601E-01
-9.4400E-05,7.441E-01
-9.4400E-05,7.601E-01
-9.4340E-05,7.441E-01
-9.4340E-05,7.601E-01
-9.4280E-05,7.521E-01
-9.4280E-05,7.681E-01
-9.4220E-05,7.521E-01
-9.4220E-05,7.681E-01
-9.4160E-05,7.521E-01
-9.4160E-05,7.681E-01
-9.4100E-05,7.521E-01
-9.4100E-05,7.681E-01
-9.4040E-05,7.521E-01
-9.4040E-05,7.681E-01
-9.3980E-05,7.601E-01
-9.3980E-05,7.761E-01
-9.3920E-05,7.601E-01
-9.3920E-05,7.761E-01
-9.3860E-05,7.601E-01
-9.3860E-05,7.761E-01
-9.3800E-05,7.521E-01
-9.3800E-05,7.841E-01
-9.3740E-05,7.601E-01
-9.3740E-05,7.841E-01
-9.3680E-05,7.601E-01
-9.3680E-05,7.841E-01
-9.3620E-05,7.601E-01
-9.3620E-05,7.841E-01
-9.3560E-05,7.601E-01
-9.3560E-05,7.841E-01
-9.3500E-05,7.601E-01
-9.3500E-05,7.841E-01
-9.3440E-05,7.681E-01
-9.3440E-05,7.841E-01
-9.3380E-05,7.681E-01
-9.3380E-05,7.841E-01
-9.3320E-05,7.681E-01
-9.3320E-05,7.921E-01
-9.3260E-05,7.761E-01
-9.3260E-05,7.921E-01
-9.3200E-05,7.761E-01
-9.3200E-05,8.001E-01
-9.3140E-05,7.841E-01
-9.3140E-05,8.001E-01
-9.3080E-05,7.761E-01
-9.3080E-05,8.001E-01
-9.3020E-05,7.761E-01
-9.3020E-05,8.001E-01
-9.2960E-05,7.761E-01
-9.2960E-05,8.001E-01
-9.2900E-05,7.761E-01
-9.2900E-05,8.001E-01
-9.2840E-05,7.761E-01
-9.2840E-05,8.001E-01
-9.2780E-05,7.761E-01
-9.2780E-05,8.001E-01
-9.2720E-05,7.841E-01
-9.2720E-05,8.081E-01
-9.2660E-05,7.841E-01
-9.2660E-05,8.081E-01
-9.2600E-05,7.921E-01
-9.2600E-05,8.081E-01
-9.2540E-05,7.921E-01
-9.2540E-05,8.081E-01
-9.2480E-05,7.921E-01
-9.2480E-05,8.081E-01
-9.2420E-05,7.921E-01
-9.2420E-05,8.081E-01
-9.2360E-05,7.921E-01
-9.2360E-05,8.081E-01
-9.2300E-05,7.921E-01
-9.2300E-05,8.161E-01
-9.2240E-05,7.921E-01
-9.2240E-05,8.161E-01
-9.2180E-05,8.001E-01
-9.2180E-05,8.161E-01
-9.2120E-05,7.921E-01
-9.2120E-05,8.161E-01
-9.2060E-05,7.921E-01
-9.2060E-05,8.161E-01
-9.2000E-05,8.081E-01
-9.2000E-05,8.161E-01
-9.1940E-05,8.001E-01
-9.1940E-05,8.241E-01
-9.1880E-05,8.081E-01
-9.1880E-05,8.241E-01
-9.1820E-05,8.081E-01
-9.1820E-05,8.241E-01
-9.1760E-05,8.081E-01
-9.1760E-05,8.241E-01
-9.1700E-05,8.081E-01
-9.1700E-05,8.241E-01
-9.1640E-05,8.081E-01
-9.1640E-05,8.241E-01
-9.1580E-05,8.081E-01
-9.1580E-05,8.321E-01
-9.1520E-05,8.081E-01
-9.1520E-05,8.321E-01
-9.1460E-05,8.161E-01
-9.1460E-05,8.321E-01
-9.1400E-05,8.161E-01
-9.1400E-05,8.321E-01
-9.1340E-05,8.161E-01
-9.1340E-05,8.321E-01
-9.1280E-05,8.161E-01
-9.1280E-05,8.401E-01
-9.1220E-05,8.241E-01
-9.1220E-05,8.401E-01
-9.1160E-05,8.161E-01
-9.1160E-05,8.401E-01
-9.1100E-05,8.241E-01
-9.1100E-05,8.401E-01
-9.1040E-05,8.241E-01
-9.1040E-05,8.481E-01
-9.0980E-05,8.241E-01
-9.0980E-05,8.401E-01
-9.0920E-05,8.241E-01
-9.0920E-05,8.561E-01
-9.0860E-05,8.241E-01
-9.0860E-05,8.481E-01
-9.0800E-05,8.321E-01
-9.0800E-05,8.481E-01
-9.0740E-05,8.321E-01
-9.0740E-05,8.481E-01
-9.0680E-05,8.321E-01
-9.0680E-05,8.481E-01
-9.0620E-05,8.321E-01
-9.0620E-05,8.481E-01
-9.0560E-05,8.241E-01
-9.0560E-05,8.561E-01
-9.0500E-05,8.241E-01
-9.0500E-05,8.481E-01
-9.0440E-05,8.321E-01
-9.0440E-05,8.481E-01
-9.0380E-05,8.321E-01
-9.0380E-05,8.481E-01
-9.0320E-05,8.321E-01
-9.0320E-05,8.481E-01
-9.0260E-05,8.321E-01
-9.0260E-05,8.481E-01
-9.0200E-05,8.321E-01
-9.0200E-05,8.561E-01
-9.0140E-05,8.321E-01
-9.0140E-05,8.561E-01
-9.0080E-05,8.321E-01
-9.0080E-05,8.561E-01
-9.0020E-05,8.321E-01
-9.0020E-05,8.481E-01
-8.9960E-05,8.401E-01
-8.9960E-05,8.561E-01
-8.9900E-05,8.401E-01
-8.9900E-05,8.561E-01
-8.9840E-05,8.401E-01
-8.9840E-05,8.561E-01
-8.9780E-05,8.401E-01
-8.9780E-05,8.561E-01
-8.9720E-05,8.401E-01
-8.9720E-05,8.561E-01
-8.9660E-05,8.401E-01
-8.9660E-05,8.641E-01
-8.9600E-05,8.401E-01
-8.9600E-05,8.561E-01
-8.9540E-05,8.481E-01
-8.9540E-05,8.641E-01
-8.9480E-05,8.401E-01
-8.9480E-05,8.641E-01
-8.9420E-05,8.401E-01
-8.9420E-05,8.641E-01
-8.9360E-05,8.481E-01
-8.9360E-05,8.641E-01
-8.9300E-05,8.481E-01
-8.9300E-05,8.641E-01
-8.9240E-05,8.481E-01
-8.9240E-05,8.641E-01
-8.9180E-05,8.481E-01
-8.9180E-05,8.721E-01
-8.9120E-05,8.481E-01
-8.9120E-05,8.721E-01
-8.9060E-05,8.481E-01
-8.9060E-05,8.721E-01
-8.9000E-05,8.481E-01
-8.9000E-05,8.721E-01
-8.8940E-05,8.481E-01
-8.8940E-05,8.721E-01
-8.8880E-05,8.561E-01
-8.8880E-05,8.721E-01
-8.8820E-05,8.481E-01
-8.8820E-05,8.721E-01
-8.8760E-05,8.561E-01
-8.8760E-05,8.721E-01
-8.8700E-05,8.561E-01
-8.8700E-05,8.801E-01
-8.8640E-05,8.561E-01
-8.8640E-05,8.721E-01
-8.8580E-05,8.561E-01
-8.8580E-05,8.801E-01
-8.8520E-05,8.561E-01
-8.8520E-05,8.801E-01
-8.8460E-05,8.641E-01
-8.8460E-05,8.801E-01
-8.8400E-05,8.641E-01
-8.8400E-05,8.801E-01
-8.8340E-05,8.641E-01
-8.8340E-05,8.801E-01
-8.8280E-05,8.641E-01
-8.8280E-05,8.881E-01
-8.8220E-05,8.641E-01
-8.8220E-05,8.961E-01
-8.8160E-05,8.721E-01
-8.8160E-05,8.881E-01
-8.8100E-05,8.721E-01
-8.8100E-05,8.881E-01
-8.8040E-05,8.721E-01
-8.8040E-05,8.881E-01
-8.7980E-05,8.721E-01
-8.7980E-05,8.881E-01
-8.7920E-05,8.721E-01
-8.7920E-05,8.961E-01
-8.7860E-05,8.801E-01
-8.7860E-05,9.041E-01
-8.7800E-05,8.801E-01
-8.7800E-05,9.041E-01
-8.7740E-05,8.801E-01
-8.7740E-05,9.041E-01
-8.7680E-05,8.881E-01
-8.7680E-05,9.041E-01
-8.7620E-05,8.881E-01
-8.7620E-05,9.041E-01
-8.7560E-05,8.721E-01
-8.7560E-05,8.961E-01
-8.7500E-05,8.721E-01
-8.7500E-05,8.961E-01
-8.7440E-05,8.721E-01
-8.7440E-05,8.961E-01
-8.7380E-05,8.721E-01
-8.7380E-05,9.041E-01
-8.7320E-05,8.801E-01
-8.7320E-05,9.041E-01
-8.7260E-05,8.881E-01
-8.7260E-05,9.121E-01
-8.7200E-05,8.881E-01
-8.7200E-05,9.121E-01
-8.7140E-05,8.881E-01
-8.7140E-05,9.041E-01
-8.7080E-05,8.961E-01
-8.7080E-05,9.121E-01
-8.7020E-05,8.961E-01
-8.7020E-05,9.121E-01
-8.6960E-05,8.881E-01
-8.6960E-05,9.121E-01
-8.6900E-05,8.961E-01
-8.6900E-05,9.121E-01
-8.6840E-05,8.961E-01
-8.6840E-05,9.121E-01
-8.6780E-05,8.961E-01
-8.6780E-05,9.201E-01
-8.6720E-05,8.961E-01
-8.6720E-05,9.201E-01
-8.6660E-05,8.961E-01
-8.6660E-05,9.201E-01
-8.6600E-05,8.961E-01
-8.6600E-05,9.121E-01
-8.6540E-05,8.961E-01
-8.6540E-05,9.201E-01
-8.6480E-05,8.961E-01
-8.6480E-05,9.121E-01
-8.6420E-05,9.041E-01
-8.6420E-05,9.121E-01
-8.6360E-05,9.041E-01
-8.6360E-05,9.201E-01
-8.6300E-05,9.041E-01
-8.6300E-05,9.201E-01
-8.6240E-05,9.041E-01
-8.6240E-05,9.201E-01
-8.6180E-05,9.041E-01
-8.6180E-05,9.201E-01
-8.6120E-05,9.041E-01
-8.6120E-05,9.201E-01
-8.6060E-05,9.041E-01
-8.6060E-05,9.201E-01
-8.6000E-05,9.041E-01
-8.6000E-05,9.201E-01
-8.5940E-05,9.041E-01
-8.5940E-05,9.201E-01
-8.5880E-05,9.041E-01
-8.5880E-05,9.201E-01
-8.5820E-05,9.041E-01
-8.5820E-05,9.201E-01
-8.5760E-05,9.041E-01
-8.5760E-05,9.201E-01
-8.5700E-05,9.041E-01
-8.5700E-05,9.281E-01
-8.5640E-05,9.041E-01
-8.5640E-05,9.281E-01
-8.5580E-05,9.121E-01
-8.5580E-05,9.281E-01
-8.5520E-05,9.121E-01
-8.5520E-05,9.281E-01
-8.5460E-05,9.121E-01
-8.5460E-05,9.281E-01
-8.5400E-05,9.121E-01
-8.5400E-05,9.281E-01
-8.5340E-05,9.121E-01
-8.5340E-05,9.281E-01
-8.5280E-05,9.121E-01
-8.5280E-05,9.281E-01
-8.5220E-05,9.121E-01
-8.5220E-05,9.281E-01
-8.5160E-05,9.121E-01
-8.5160E-05,9.361E-01
-8.5100E-05,9.121E-01
-8.5100E-05,9.361E-01
-8.5040E-05,9.121E-01
-8.5040E-05,9.361E-01
-8.4980E-05,9.121E-01
-8.4980E-05,9.361E-01
-8.4920E-05,9.201E-01
-8.4920E-05,9.361E-01
-8.4860E-05,9.201E-01
-8.4860E-05,9.361E-01
-8.4800E-05,9.201E-01
-8.4800E-05,9.361E-01
-8.4740E-05,9.201E-01
-8.4740E-05,9.361E-01
-8.4680E-05,9.201E-01
-8.4680E-05,9.361E-01
-8.4620E-05,9.201E-01
-8.4620E-05,9.361E-01
-8.4560E-05,9.201E-01
-8.4560E-05,9.361E-01
-8.4500E-05,9.201E-01
-8.4500E-05,9.361E-01
-8.4440E-05,9.201E-01
-8.4440E-05,9.361E-01
-8.4380E-05,9.201E-01
-8.4380E-05,9.441E-01
-8.4320E-05,9.201E-01
-8.4320E-05,9.441E-01
-8.4260E-05,9.201E-01
-8.4260E-05,9.441E-01
-8.4200E-05,9.201E-01
-8.4200E-05,9.441E-01
-8.4140E-05,9.201E-01
-8.4140E-05,9.441E-01
-8.4080E-05,9.201E-01
-8.4080E-05,9.441E-01
-8.4020E-05,9.201E-01
-8.4020E-05,9.361E-01
-8.3960E-05,9.201E-01
-8.3960E-05,9.361E-01
-8.3900E-05,9.201E-01
-8.3900E-05,9.441E-01
-8.3840E-05,9.201E-01
-8.3840E-05,9.441E-01
-8.3780E-05,9.281E-01
-8.3780E-05,9.441E-01
-8.3720E-05,9.201E-01
-8.3720E-05,9.441E-01
-8.3660E-05,9.201E-01
-8.3660E-05,9.441E-01
-8.3600E-05,9.281E-01
-8.3600E-05,9.441E-01
-8.3540E-05,9.281E-01
-8.3540E-05,9.441E-01
-8.3480E-05,9.281E-01
-8.3480E-05,9.441E-01
-8.3420E-05,9.281E-01
-8.3420E-05,9.521E-01
-8.3360E-05,9.281E-01
-8.3360E-05,9.441E-01
-8.3300E-05,9.281E-01
-8.3300E-05,9.441E-01
-8.3240E-05,9.281E-01
-8.3240E-05,9.441E-01
-8.3180E-05,9.281E-01
-8.3180E-05,9.521E-01
-8.3120E-05,9.281E-01
-8.3120E-05,9.521E-01
-8.3060E-05,9.281E-01
-8.3060E-05,9.521E-01
-8.3000E-05,9.281E-01
-8.3000E-05,9.521E-01
-8.2940E-05,9.281E-01
-8.2940E-05,9.521E-01
-8.2880E-05,9.281E-01
-8.2880E-05,9.521E-01
-8.2820E-05,9.281E-01
-8.2820E-05,9.521E-01
-8.2760E-05,9.281E-01
-8.2760E-05,9.521E-01
-8.2700E-05,9.281E-01
-8.2700E-05,9.521E-01
-8.2640E-05,9.281E-01
-8.2640E-05,9.521E-01
-8.2580E-05,9.281E-01
-8.2580E-05,9.521E-01
-8.2520E-05,9.281E-01
-8.2520E-05,9.521E-01
-8.2460E-05,9.281E-01
-8.2460E-05,9.521E-01
-8.2400E-05,9.361E-01
-8.2400E-05,9.521E-01
-8.2340E-05,9.361E-01
-8.2340E-05,9.521E-01
-8.2280E-05,9.361E-01
-8.2280E-05,9.521E-01
-8.2220E-05,9.361E-01
-8.2220E-05,9.521E-01
-8.2160E-05,9.361E-01
-8.2160E-05,9.521E-01
-8.2100E-05,9.361E-01
-8.2100E-05,9.521E-01
-8.2040E-05,9.361E-01
-8.2040E-05,9.521E-01
-8.1980E-05,9.361E-01
-8.1980E-05,9.521E-01
-8.1920E-05,9.361E-01
-8.1920E-05,9.521E-01
-8.1860E-05,9.361E-01
-8.1860E-05,9.521E-01
-8.1800E-05,9.361E-01
-8.1800E-05,9.601E-01
-8.1740E-05,9.361E-01
-8.1740E-05,9.521E-01
-8.1680E-05,9.361E-01
-8.1680E-05,9.521E-01
-8.1620E-05,9.361E-01
-8.1620E-05,9.601E-01
-8.1560E-05,9.361E-01
-8.1560E-05,9.601E-01
-8.1500E-05,9.361E-01
-8.1500E-05,9.601E-01
-8.1440E-05,9.361E-01
-8.1440E-05,9.601E-01
-8.1380E-05,9.441E-01
-8.1380E-05,9.601E-01
-8.1320E-05,9.441E-01
-8.1320E-05,9.601E-01
-8.1260E-05,9.361E-01
-8.1260E-05,9.601E-01
-8.1200E-05,9.361E-01
-8.1200E-05,9.601E-01
-8.1140E-05,9.361E-01
-8.1140E-05,9.601E-01
-8.1080E-05,9.361E-01
-8.1080E-05,9.601E-01
-8.1020E-05,9.441E-01
-8.1020E-05,9.601E-01
-8.0960E-05,9.361E-01
-8.0960E-05,9.601E-01
-8.0900E-05,9.361E-01
-8.0900E-05,9.601E-01
-8.0840E-05,9.441E-01
-8.0840E-05,9.601E-01
-8.0780E-05,9.441E-01
-8.0780E-05,9.601E-01
-8.0720E-05,9.441E-01
-8.0720E-05,9.601E-01
-8.0660E-05,9.441E-01
-8.0660E-05,9.601E-01
-8.0600E-05,9.441E-01
-8.0600E-05,9.601E-01
-8.0540E-05,9.441E-01
-8.0540E-05,9.601E-01
-8.0480E-05,9.441E-01
-8.0480E-05,9.601E-01
-8.0420E-05,9.441E-01
-8.0420E-05,9.601E-01
-8.0360E-05,9.361E-01
-8.0360E-05,9.601E-01
-8.0300E-05,9.441E-01
-8.0300E-05,9.601E-01
-8.0240E-05,9.441E-01
-8.0240E-05,9.601E-01
-8.0180E-05,9.441E-01
-8.0180E-05,9.601E-01
-8.0120E-05,9.441E-01
-8.0120E-05,9.601E-01
-8.0060E-05,9.441E-01
-8.0060E-05,9.601E-01
-8.0000E-05,9.441E-01
-8.0000E-05,9.681E-01
-7.9940E-05,9.441E-01
-7.9940E-05,9.681E-01
-7.9880E-05,9.441E-01
-7.9880E-05,9.681E-01
-7.9820E-05,9.441E-01
-7.9820E-05,9.681E-01
-7.9760E-05,9.441E-01
-7.9760E-05,9.601E-01
-7.9700E-05,9.441E-01
-7.9700E-05,9.601E-01
-7.9640E-05,9.441E-01
-7.9640E-05,9.601E-01
-7.9580E-05,9.441E-01
-7.9580E-05,9.681E-01
-7.9520E-05,9.441E-01
-7.9520E-05,9.681E-01
-7.9460E-05,9.441E-01
-7.9460E-05,9.681E-01
-7.9400E-05,9.441E-01
-7.9400E-05,9.681E-01
-7.9340E-05,9.441E-01
-7.9340E-05,9.681E-01
-7.9280E-05,9.441E-01
-7.9280E-05,9.601E-01
-7.9220E-05,9.441E-01
-7.9220E-05,9.601E-01
-7.9160E-05,9.441E-01
-7.9160E-05,9.601E-01
-7.9100E-05,9.441E-01
-7.9100E-05,9.681E-01
-7.9040E-05,9.441E-01
-7.9040E-05,9.601E-01
-7.8980E-05,9.441E-01
-7.8980E-05,9.601E-01
-7.8920E-05,9.441E-01
-7.8920E-05,9.681E-01
-7.8860E-05,9.441E-01
-7.8860E-05,9.681E-01
-7.8800E-05,9.441E-01
-7.8800E-05,9.681E-01
-7.8740E-05,9.441E-01
-7.8740E-05,9.681E-01
-7.8680E-05,9.521E-01
-7.8680E-05,9.681E-01
-7.8620E-05,9.441E-01
-7.8620E-05,9.681E-01
-7.8560E-05,9.441E-01
-7.8560E-05,9.681E-01
-7.8500E-05,9.441E-01
-7.8500E-05,9.681E-01
-7.8440E-05,9.441E-01
-7.8440E-05,9.601E-01
-7.8380E-05,9.441E-01
-7.8380E-05,9.681E-01
-7.8320E-05,9.441E-01
-7.8320E-05,9.601E-01
-7.8260E-05,9.441E-01
-7.8260E-05,9.601E-01
-7.8200E-05,9.361E-01
-7.8200E-05,9.681E-01
-7.8140E-05,9.441E-01
-7.8140E-05,9.681E-01
-7.8080E-05,9.441E-01
-7.8080E-05,9.681E-01
-7.8020E-05,9.441E-01
-7.8020E-05,9.601E-01
-7.7960E-05,9.441E-01
-7.7960E-05,9.601E-01
-7.7900E-05,9.441E-01
-7.7900E-05,9.681E-01
-7.7840E-05,9.441E-01
-7.7840E-05,9.601E-01
-7.7780E-05,9.441E-01
-7.7780E-05,9.681E-01
-7.7720E-05,9.441E-01
-7.7720E-05,9.601E-01
-7.7660E-05,9.441E-01
-7.7660E-05,9.601E-01
-7.7600E-05,9.441E-01
-7.7600E-05,9.601E-01
-7.7540E-05,9.441E-01
-7.7540E-05,9.601E-01
-7.7480E-05,9.441E-01
-7.7480E-05,9.601E-01
-7.7420E-05,9.441E-01
-7.7420E-05,9.601E-01
-7.7360E-05,9.361E-01
-7.7360E-05,9.601E-01
-7.7300E-05,9.361E-01
-7.7300E-05,9.601E-01
-7.7240E-05,9.361E-01
-7.7240E-05,9.601E-01
-7.7180E-05,9.361E-01
-7.7180E-05,9.681E-01
-7.7120E-05,9.361E-01
-7.7120E-05,9.681E-01
-7.7060E-05,9.361E-01
-7.7060E-05,9.601E-01
-7.7000E-05,9.361E-01
-7.7000E-05,9.601E-01
-7.6940E-05,9.441E-01
-7.6940E-05,9.601E-01
-7.6880E-05,9.441E-01
-7.6880E-05,9.681E-01
-7.6820E-05,9.441E-01
-7.6820E-05,9.681E-01
-7.6760E-05,9.441E-01
-7.6760E-05,9.681E-01
-7.6700E-05,9.521E-01
-7.6700E-05,9.681E-01
-7.6640E-05,9.521E-01
-7.6640E-05,9.681E-01
-7.6580E-05,9.521E-01
-7.6580E-05,9.681E-01
-7.6520E-05,9.521E-01
-7.6520E-05,9.681E-01
-7.6460E-05,9.521E-01
-7.6460E-05,9.681E-01
-7.6400E-05,9.521E-01
-7.6400E-05,9.681E-01
-7.6340E-05,9.441E-01
-7.6340E-05,9.681E-01
-7.6280E-05,9.441E-01
-7.6280E-05,9.681E-01
-7.6220E-05,9.441E-01
-7.6220E-05,9.681E-01
-7.6160E-05,9.441E-01
-7.6160E-05,9.601E-01
-7.6100E-05,9.361E-01
-7.6100E-05,9.601E-01
-7.6040E-05,9.361E-01
-7.6040E-05,9.601E-01
-7.5980E-05,9.361E-01
-7.5980E-05,9.601E-01
-7.5920E-05,9.361E-01
-7.5920E-05,9.601E-01
-7.5860E-05,9.361E-01
-7.5860E-05,9.601E-01
-7.5800E-05,9.361E-01
-7.5800E-05,9.521E-01
-7.5740E-05,9.361E-01
-7.5740E-05,9.521E-01
-7.5680E-05,9.361E-01
-7.5680E-05,9.601E-01
-7.5620E-05,9.361E-01
-7.5620E-05,9.601E-01
-7.5560E-05,9.361E-01
-7.5560E-05,9.521E-01
-7.5500E-05,9.361E-01
-7.5500E-05,9.521E-01
-7.5440E-05,9.281E-01
-7.5440E-05,9.521E-01
-7.5380E-05,9.361E-01
-7.5380E-05,9.521E-01
-7.5320E-05,9.361E-01
-7.5320E-05,9.521E-01
-7.5260E-05,9.281E-01
-7.5260E-05,9.521E-01
-7.5200E-05,9.361E-01
-7.5200E-05,9.521E-01
-7.5140E-05,9.361E-01
-7.5140E-05,9.521E-01
-7.5080E-05,9.281E-01
-7.5080E-05,9.441E-01
-7.5020E-05,9.281E-01
-7.5020E-05,9.521E-01
-7.4960E-05,9.201E-01
-7.4960E-05,9.361E-01
-7.4900E-05,9.201E-01
-7.4900E-05,9.441E-01
-7.4840E-05,9.281E-01
-7.4840E-05,9.441E-01
-7.4780E-05,9.281E-01
-7.4780E-05,9.521E-01
-7.4720E-05,9.281E-01
-7.4720E-05,9.521E-01
-7.4660E-05,9.281E-01
-7.4660E-05,9.521E-01
-7.4600E-05,9.281E-01
-7.4600E-05,9.521E-01
-7.4540E-05,9.281E-01
-7.4540E-05,9.441E-01
-7.4480E-05,9.281E-01
-7.4480E-05,9.521E-01
-7.4420E-05,9.281E-01
-7.4420E-05,9.521E-01
-7.4360E-05,9.281E-01
-7.4360E-05,9.521E-01
-7.4300E-05,9.281E-01
-7.4300E-05,9.441E-01
-7.4240E-05,9.281E-01
-7.4240E-05,9.521E-01
-7.4180E-05,9.281E-01
-7.4180E-05,9.441E-01
-7.4120E-05,9.281E-01
-7.4120E-05,9.521E-01
-7.4060E-05,9.281E-01
-7.4060E-05,9.441E-01
-7.4000E-05,9.281E-01
-7.4000E-05,9.441E-01
-7.3940E-05,9.281E-01
-7.3940E-05,9.441E-01
-7.3880E-05,9.281E-01
-7.3880E-05,9.441E-01
-7.3820E-05,9.281E-01
-7.3820E-05,9.441E-01
-7.3760E-05,9.281E-01
-7.3760E-05,9.441E-01
-7.3700E-05,9.281E-01
-7.3700E-05,9.441E-01
-7.3640E-05,9.281E-01
-7.3640E-05,9.441E-01
-7.3580E-05,9.201E-01
-7.3580E-05,9.441E-01
-7.3520E-05,9.201E-01
-7.3520E-05,9.441E-01
-7.3460E-05,9.281E-01
-7.3460E-05,9.441E-01
-7.3400E-05,9.201E-01
-7.3400E-05,9.441E-01
-7.3340E-05,9.201E-01
-7.3340E-05,9.441E-01
-7.3280E-05,9.281E-01
-7.3280E-05,9.441E-01
-7.3220E-05,9.201E-01
-7.3220E-05,9.441E-01
-7.3160E-05,9.201E-01
-7.3160E-05,9.441E-01
-7.3100E-05,9.201E-01
-7.3100E-05,9.441E-01
-7.3040E-05,9.201E-01
-7.3040E-05,9.441E-01
-7.2980E-05,9.201E-01
-7.2980E-05,9.441E-01
-7.2920E-05,9.201E-01
-7.2920E-05,9.441E-01
-7.2860E-05,9.201E-01
-7.2860E-05,9.441E-01
-7.2800E-05,9.201E-01
-7.2800E-05,9.361E-01
-7.2740E-05,9.201E-01
-7.2740E-05,9.361E-01
-7.2680E-05,9.201E-01
-7.2680E-05,9.361E-01
-7.2620E-05,9.201E-01
-7.2620E-05,9.361E-01
-7.2560E-05,9.201E-01
-7.2560E-05,9.361E-01
-7.2500E-05,9.201E-01
-7.2500E-05,9.361E-01
-7.2440E-05,9.201E-01
-7.2440E-05,9.441E-01
-7.2380E-05,9.201E-01
-7.2380E-05,9.361E-01
-7.2320E-05,9.201E-01
-7.2320E-05,9.361E-01
-7.2260E-05,9.201E-01
-7.2260E-05,9.441E-01
-7.2200E-05,9.121E-01
-7.2200E-05,9.361E-01
-7.2140E-05,9.121E-01
-7.2140E-05,9.361E-01
-7.2080E-05,9.121E-01
-7.2080E-05,9.361E-01
-7.2020E-05,9.121E-01
-7.2020E-05,9.361E-01
-7.1960E-05,9.121E-01
-7.1960E-05,9.281E-01
-7.1900E-05,9.121E-01
-7.1900E-05,9.281E-01
-7.1840E-05,9.121E-01
-7.1840E-05,9.281E-01
-7.1780E-05,9.041E-01
-7.1780E-05,9.281E-01
-7.1720E-05,9.121E-01
-7.1720E-05,9.281E-01
-7.1660E-05,9.121E-01
-7.1660E-05,9.281E-01
-7.1600E-05,9.121E-01
-7.1600E-05,9.281E-01
-7.1540E-05,9.121E-01
-7.1540E-05,9.281E-01
-7.1480E-05,9.121E-01
-7.1480E-05,9.281E-01
-7.1420E-05,9.121E-01
-7.1420E-05,9.281E-01
-7.1360E-05,9.121E-01
-7.1360E-05,9.281E-01
-7.1300E-05,9.121E-01
-7.1300E-05,9.281E-01
-7.1240E-05,9.041E-01
-7.1240E-05,9.201E-01
-7.1180E-05,9.041E-01
-7.1180E-05,9.201E-01
-7.1120E-05,9.041E-01
-7.1120E-05,9.201E-01
-7.1060E-05,9.041E-01
-7.1060E-05,9.201E-01
-7.1000E-05,9.041E-01
-7.1000E-05,9.201E-01
-7.0940E-05,9.041E-01
-7.0940E-05,9.201E-01
-7.0880E-05,9.041E-01
-7.0880E-05,9.201E-01
-7.0820E-05,9.041E-01
-7.0820E-05,9.201E-01
-7.0760E-05,9.041E-01
-7.0760E-05,9.201E-01
-7.0700E-05,9.041E-01
-7.0700E-05,9.201E-01
-7.0640E-05,9.041E-01
-7.0640E-05,9.201E-01
-7.0580E-05,8.961E-01
-7.0580E-05,9.201E-01
-7.0520E-05,8.961E-01
-7.0520E-05,9.201E-01
-7.0460E-05,9.041E-01
-7.0460E-05,9.201E-01
-7.0400E-05,8.961E-01
-7.0400E-05,9.201E-01
-7.0340E-05,8.961E-01
-7.0340E-05,9.121E-01
-7.0280E-05,8.881E-01
-7.0280E-05,9.121E-01
-7.0220E-05,8.961E-01
-7.0220E-05,9.121E-01
-7.0160E-05,8.961E-01
-7.0160E-05,9.121E-01
-7.0100E-05,8.881E-01
-7.0100E-05,9.121E-01
-7.0040E-05,8.881E-01
-7.0040E-05,9.121E-01
-6.9980E-05,8.961E-01
-6.9980E-05,9.121E-01
-6.9920E-05,8.881E-01
-6.9920E-05,9.041E-01
-6.9860E-05,8.881E-01
-6.9860E-05,9.041E-01
-6.9800E-05,8.881E-01
-6.9800E-05,9.121E-01
-6.9740E-05,8.881E-01
-6.9740E-05,9.121E-01
-6.9680E-05,8.881E-01
-6.9680E-05,9.041E-01
-6.9620E-05,8.881E-01
-6.9620E-05,9.041E-01
-6.9560E-05,8.881E-01
-6.9560E-05,9.041E-01
-6.9500E-05,8.881E-01
-6.9500E-05,9.041E-01
-6.9440E-05,8.801E-01
-6.9440E-05,9.041E-01
-6.9380E-05,8.801E-01
-6.9380E-05,9.041E-01
-6.9320E-05,8.801E-01
-6.9320E-05,8.961E-01
-6.9260E-05,8.801E-01
-6.9260E-05,9.041E-01
-6.9200E-05,8.801E-01
-6.9200E-05,9.041E-01
-6.9140E-05,8.801E-01
-6.9140E-05,8.961E-01
-6.9080E-05,8.801E-01
-6.9080E-05,8.961E-01
-6.9020E-05,8.801E-01
-6.9020E-05,8.961E-01
-6.8960E-05,8.721E-01
-6.8960E-05,8.961E-01
-6.8900E-05,8.721E-01
-6.8900E-05,8.961E-01
-6.8840E-05,8.721E-01
-6.8840E-05,8.961E-01
-6.8780E-05,8.721E-01
-6.8780E-05,8.881E-01
-6.8720E-05,8.721E-01
-6.8720E-05,8.961E-01
-6.8660E-05,8.641E-01
-6.8660E-05,8.881E-01
-6.8600E-05,8.721E-01
-6.8600E-05,8.881E-01
-6.8540E-05,8.721E-01
-6.8540E-05,8.881E-01
-6.8480E-05,8.641E-01
-6.8480E-05,8.881E-01
-6.8420E-05,8.641E-01
-6.8420E-05,8.881E-01
-6.8360E-05,8.641E-01
-6.8360E-05,8.881E-01
-6.8300E-05,8.641E-01
-6.8300E-05,8.881E-01
-6.8240E-05,8.641E-01
-6.8240E-05,8.801E-01
-6.8180E-05,8.641E-01
-6.8180E-05,8.881E-01
-6.8120E-05,8.641E-01
-6.8120E-05,8.881E-01
-6.8060E-05,8.641E-01
-6.8060E-05,8.801E-01
-6.8000E-05,8.641E-01
-6.8000E-05,8.801E-01
-6.7940E-05,8.561E-01
-6.7940E-05,8.801E-01
-6.7880E-05,8.561E-01
-6.7880E-05,8.721E-01
-6.7820E-05,8.561E-01
-6.7820E-05,8.721E-01
-6.7760E-05,8.561E-01
-6.7760E-05,8.721E-01
-6.7700E-05,8.561E-01
-6.7700E-05,8.721E-01
-6.7640E-05,8.481E-01
-6.7640E-05,8.721E-01
-6.7580E-05,8.481E-01
-6.7580E-05,8.641E-01
-6.7520E-05,8.481E-01
-6.7520E-05,8.641E-01
-6.7460E-05,8.401E-01
-6.7460E-05,8.641E-01
-6.7400E-05,8.481E-01
-6.7400E-05,8.641E-01
-6.7340E-05,8.401E-01
-6.7340E-05,8.641E-01
-6.7280E-05,8.401E-01
-6.7280E-05,8.641E-01
-6.7220E-05,8.401E-01
-6.7220E-05,8.561E-01
-6.7160E-05,8.401E-01
-6.7160E-05,8.561E-01
-6.7100E-05,8.321E-01
-6.7100E-05,8.561E-01
-6.7040E-05,8.321E-01
-6.7040E-05,8.481E-01
-6.6980E-05,8.321E-01
-6.6980E-05,8.481E-01
-6.6920E-05,8.321E-01
-6.6920E-05,8.561E-01
-6.6860E-05,8.321E-01
-6.6860E-05,8.481E-01
-6.6800E-05,8.321E-01
-6.6800E-05,8.481E-01
-6.6740E-05,8.241E-01
-6.6740E-05,8.481E-01
-6.6680E-05,8.241E-01
-6.6680E-05,8.401E-01
-6.6620E-05,8.241E-01
-6.6620E-05,8.481E-01
-6.6560E-05,8.241E-01
-6.6560E-05,8.401E-01
-6.6500E-05,8.241E-01
-6.6500E-05,8.401E-01
-6.6440E-05,8.241E-01
-6.6440E-05,8.401E-01
-6.6380E-05,8.161E-01
-6.6380E-05,8.401E-01
-6.6320E-05,8.161E-01
-6.6320E-05,8.401E-01
-6.6260E-05,8.161E-01
-6.6260E-05,8.321E-01
-6.6200E-05,8.161E-01
-6.6200E-05,8.321E-01
-6.6140E-05,8.161E-01
-6.6140E-05,8.401E-01
-6.6080E-05,8.161E-01
-6.6080E-05,8.321E-01
-6.6020E-05,8.161E-01
-6.6020E-05,8.321E-01
-6.5960E-05,8.161E-01
-6.5960E-05,8.321E-01
-6.5900E-05,8.081E-01
-6.5900E-05,8.321E-01
-6.5840E-05,8.081E-01
-6.5840E-05,8.321E-01
-6.5780E-05,8.081E-01
-6.5780E-05,8.321E-01
-6.5720E-05,8.081E-01
-6.5720E-05,8.241E-01
-6.5660E-05,8.001E-01
-6.5660E-05,8.241E-01
-6.5600E-05,8.001E-01
-6.5600E-05,8.241E-01
-6.5540E-05,8.001E-01
-6.5540E-05,8.241E-01
-6.5480E-05,8.001E-01
-6.5480E-05,8.161E-01
-6.5420E-05,8.001E-01
-6.5420E-05,8.161E-01
-6.5360E-05,8.001E-01
-6.5360E-05,8.161E-01
-6.5300E-05,8.001E-01
-6.5300E-05,8.161E-01
-6.5240E-05,8.001E-01
-6.5240E-05,8.241E-01
-6.5180E-05,8.001E-01
-6.5180E-05,8.161E-01
-6.5120E-05,8.001E-01
-6.5120E-05,8.161E-01
-6.5060E-05,8.001E-01
-6.5060E-05,8.161E-01
-6.5000E-05,7.921E-01
-6.5000E-05,8.161E-01
-6.4940E-05,7.921E-01
-6.4940E-05,8.081E-01
-6.4880E-05,7.921E-01
-6.4880E-05,8.081E-01
-6.4820E-05,7.921E-01
-6.4820E-05,8.081E-01
-6.4760E-05,7.921E-01
-6.4760E-05,8.161E-01
-6.4700E-05,7.921E-01
-6.4700E-05,8.161E-01
-6.4640E-05,7.921E-01
-6.4640E-05,8.081E-01
-6.4580E-05,7.841E-01
-6.4580E-05,8.081E-01
-6.4520E-05,7.841E-01
-6.4520E-05,8.001E-01
-6.4460E-05,7.841E-01
-6.4460E-05,8.001E-01
-6.4400E-05,7.841E-01
-6.4400E-05,8.001E-01
-6.4340E-05,7.841E-01
-6.4340E-05,8.001E-01
-6.4280E-05,7.841E-01
-6.4280E-05,8.001E-01
-6.4220E-05,7.841E-01
-6.4220E-05,8.001E-01
-6.4160E-05,7.761E-01
-6.4160E-05,8.001E-01
-6.4100E-05,7.761E-01
-6.4100E-05,8.001E-01
-6.4040E-05,7.681E-01
-6.4040E-05,7.921E-01
-6.3980E-05,7.761E-01
-6.3980E-05,8.001E-01
-6.3920E-05,7.681E-01
-6.3920E-05,7.921E-01
-6.3860E-05,7.681E-01
-6.3860E-05,8.001E-01
-6.3800E-05,7.681E-01
-6.3800E-05,7.921E-01
-6.3740E-05,7.681E-01
-6.3740E-05,7.841E-01
-6.3680E-05,7.681E-01
-6.3680E-05,7.841E-01
-6.3620E-05,7.681E-01
-6.3620E-05,7.841E-01
-6.3560E-05,7.601E-01
-6.3560E-05,7.761E-01
-6.3500E-05,7.601E-01
-6.3500E-05,7.761E-01
-6.3440E-05,7.601E-01
-6.3440E-05,7.841E-01
-6.3380E-05,7.601E-01
-6.3380E-05,7.761E-01
-6.3320E-05,7.601E-01
-6.3320E-05,7.761E-01
-6.3260E-05,7.601E-01
-6.3260E-05,7.761E-01
-6.3200E-05,7.521E-01
-6.3200E-05,7.761E-01
-6.3140E-05,7.521E-01
-6.3140E-05,7.761E-01
-6.3080E-05,7.441E-01
-6.3080E-05,7.681E-01
-6.3020E-05,7.521E-01
-6.3020E-05,7.681E-01
-6.2960E-05,7.441E-01
-6.2960E-05,7.681E-01
-6.2900E-05,7.521E-01
-6.2900E-05,7.681E-01
-6.2840E-05,7.521E-01
-6.2840E-05,7.601E-01
-6.2780E-05,7.441E-01
-6.2780E-05,7.681E-01
-6.2720E-05,7.441E-01
-6.2720E-05,7.601E-01
-6.2660E-05,7.361E-01
-6.2660E-05,7.601E-01
-6.2600E-05,7.441E-01
-6.2600E-05,7.601E-01
-6.2540E-05,7.361E-01
-6.2540E-05,7.601E-01
-6.2480E-05,7.281E-01
-6.2480E-05,7.521E-01
-6.2420E-05,7.201E-01
-6.2420E-05,7.441E-01
-6.2360E-05,7.201E-01
-6.2360E-05,7.441E-01
-6.2300E-05,7.281E-01
-6.2300E-05,7.521E-01
-6.2240E-05,7.281E-01
-6.2240E-05,7.521E-01
-6.2180E-05,7.281E-01
-6.2180E-05,7.441E-01
-6.2120E-05,7.281E-01
-6.2120E-05,7.441E-01
-6.2060E-05,7.281E-01
-6.2060E-05,7.441E-01
-6.2000E-05,7.281E-01
-6.2000E-05,7.441E-01
-6.1940E-05,7.281E-01
-6.1940E-05,7.441E-01
-6.1880E-05,7.201E-01
-6.1880E-05,7.441E-01
-6.1820E-05,7.201E-01
-6.1820E-05,7.441E-01
-6.1760E-05,7.201E-01
-6.1760E-05,7.361E-01
-6.1700E-05,7.201E-01
-6.1700E-05,7.361E-01
-6.1640E-05,7.201E-01
-6.1640E-05,7.361E-01
-6.1580E-05,7.121E-01
-6.1580E-05,7.361E-01
-6.1520E-05,7.121E-01
-6.1520E-05,7.361E-01
-6.1460E-05,7.121E-01
-6.1460E-05,7.281E-01
-6.1400E-05,7.121E-01
-6.1400E-05,7.281E-01
-6.1340E-05,7.041E-01
-6.1340E-05,7.281E-01
-6.1280E-05,7.041E-01
-6.1280E-05,7.281E-01
-6.1220E-05,7.041E-01
-6.1220E-05,7.201E-01
-6.1160E-05,7.041E-01
-6.1160E-05,7.201E-01
-6.1100E-05,7.041E-01
-6.1100E-05,7.201E-01
-6.1040E-05,6.961E-01
-6.1040E-05,7.201E-01
-6.0980E-05,6.961E-01
-6.0980E-05,7.201E-01
-6.0920E-05,6.961E-01
-6.0920E-05,7.201E-01
-6.0860E-05,6.961E-01
-6.0860E-05,7.201E-01
-6.0800E-05,6.881E-01
-6.0800E-05,7.121E-01
-6.0740E-05,6.881E-01
-6.0740E-05,7.121E-01
-6.0680E-05,6.881E-01
-6.0680E-05,7.121E-01
-6.0620E-05,6.881E-01
-6.0620E-05,7.121E-01
-6.0560E-05,6.881E-01
-6.0560E-05,7.121E-01
-6.0500E-05,6.881E-01
-6.0500E-05,7.041E-01
-6.0440E-05,6.801E-01
-6.0440E-05,7.041E-01
-6.0380E-05,6.801E-01
-6.0380E-05,7.041E-01
-6.0320E-05,6.801E-01
-6.0320E-05,6.961E-01
-6.0260E-05,6.801E-01
-6.0260E-05,7.041E-01
-6.0200E-05,6.801E-01
-6.0200E-05,6.961E-01
-6.0140E-05,6.801E-01
-6.0140E-05,6.961E-01
-6.0080E-05,6.801E-01
-6.0080E-05,6.961E-01
-6.0020E-05,6.721E-01
-6.0020E-05,6.961E-01
-5.9960E-05,6.721E-01
-5.9960E-05,6.881E-01
-5.9900E-05,6.721E-01
-5.9900E-05,6.881E-01
-5.9840E-05,6.721E-01
-5.9840E-05,6.881E-01
-5.9780E-05,6.721E-01
-5.9780E-05,6.881E-01
-5.9720E-05,6.641E-01
-5.9720E-05,6.881E-01
-5.9660E-05,6.641E-01
-5.9660E-05,6.881E-01
-5.9600E-05,6.641E-01
-5.9600E-05,6.801E-01
-5.9540E-05,6.641E-01
-5.9540E-05,6.801E-01
-5.9480E-05,6.641E-01
-5.9480E-05,6.801E-01
-5.9420E-05,6.561E-01
-5.9420E-05,6.721E-01
-5.9360E-05,6.561E-01
-5.9360E-05,6.721E-01
-5.9300E-05,6.561E-01
-5.9300E-05,6.721E-01
-5.9240E-05,6.481E-01
-5.9240E-05,6.721E-01
-5.9180E-05,6.481E-01
-5.9180E-05,6.721E-01
-5.9120E-05,6.481E-01
-5.9120E-05,6.721E-01
-5.9060E-05,6.481E-01
-5.9060E-05,6.641E-01
-5.9000E-05,6.401E-01
-5.9000E-05,6.641E-01
-5.8940E-05,6.481E-01
-5.8940E-05,6.641E-01
-5.8880E-05,6.481E-01
-5.8880E-05,6.641E-01
-5.8820E-05,6.401E-01
-5.8820E-05,6.561E-01
-5.8760E-05,6.401E-01
-5.8760E-05,6.561E-01
-5.8700E-05,6.401E-01
-5.8700E-05,6.641E-01
-5.8640E-05,6.401E-01
-5.8640E-05,6.561E-01
-5.8580E-05,6.321E-01
-5.8580E-05,6.481E-01
-5.8520E-05,6.321E-01
-5.8520E-05,6.561E-01
-5.8460E-05,6.321E-01
-5.8460E-05,6.561E-01
-5.8400E-05,6.321E-01
-5.8400E-05,6.481E-01
-5.8340E-05,6.321E-01
-5.8340E-05,6.481E-01
-5.8280E-05,6.241E-01
-5.8280E-05,6.481E-01
-5.8220E-05,6.241E-01
-5.8220E-05,6.401E-01
-5.8160E-05,6.241E-01
-5.8160E-05,6.481E-01
-5.8100E-05,6.241E-01
-5.8100E-05,6.401E-01
-5.8040E-05,6.161E-01
-5.8040E-05,6.401E-01
-5.7980E-05,6.161E-01
-5.7980E-05,6.321E-01
-5.7920E-05,6.161E-01
-5.7920E-05,6.321E-01
-5.7860E-05,6.161E-01
-5.7860E-05,6.321E-01
-5.7800E-05,6.081E-01
-5.7800E-05,6.321E-01
-5.7740E-05,6.081E-01
-5.7740E-05,6.321E-01
-5.7680E-05,6.081E-01
-5.7680E-05,6.321E-01
-5.7620E-05,6.081E-01
-5.7620E-05,6.241E-01
-5.7560E-05,6.081E-01
-5.7560E-05,6.241E-01
-5.7500E-05,6.001E-01
-5.7500E-05,6.241E-01
-5.7440E-05,6.001E-01
-5.7440E-05,6.241E-01
-5.7380E-05,6.001E-01
-5.7380E-05,6.241E-01
-5.7320E-05,6.001E-01
-5.7320E-05,6.161E-01
-5.7260E-05,5.921E-01
-5.7260E-05,6.161E-01
-5.7200E-05,5.921E-01
-5.7200E-05,6.161E-01
-5.7140E-05,5.921E-01
-5.7140E-05,6.081E-01
-5.7080E-05,5.921E-01
-5.7080E-05,6.161E-01
-5.7020E-05,5.921E-01
-5.7020E-05,6.161E-01
-5.6960E-05,5.841E-01
-5.6960E-05,6.081E-01
-5.6900E-05,5.841E-01
-5.6900E-05,6.081E-01
-5.6840E-05,5.841E-01
-5.6840E-05,6.081E-01
-5.6780E-05,5.841E-01
-5.6780E-05,6.081E-01
-5.6720E-05,5.841E-01
-5.6720E-05,6.001E-01
-5.6660E-05,5.841E-01
-5.6660E-05,6.001E-01
-5.6600E-05,5.761E-01
-5.6600E-05,6.001E-01
-5.6540E-05,5.761E-01
-5.6540E-05,5.921E-01
-5.6480E-05,5.761E-01
-5.6480E-05,5.921E-01
-5.6420E-05,5.761E-01
-5.6420E-05,6.001E-01
-5.6360E-05,5.761E-01
-5.6360E-05,5.921E-01
-5.6300E-05,5.681E-01
-5.6300E-05,5.921E-01
-5.6240E-05,5.761E-01
-5.6240E-05,5.921E-01
-5.6180E-05,5.681E-01
-5.6180E-05,5.921E-01
-5.6120E-05,5.681E-01
-5.6120E-05,5.841E-01
-5.6060E-05,5.681E-01
-5.6060E-05,5.841E-01
-5.6000E-05,5.601E-01
-5.6000E-05,5.841E-01
-5.5940E-05,5.601E-01
-5.5940E-05,5.841E-01
-5.5880E-05,5.601E-01
-5.5880E-05,5.761E-01
-5.5820E-05,5.521E-01
-5.5820E-05,5.841E-01
-5.5760E-05,5.521E-01
-5.5760E-05,5.761E-01
-5.5700E-05,5.521E-01
-5.5700E-05,5.761E-01
-5.5640E-05,5.601E-01
-5.5640E-05,5.761E-01
-5.5580E-05,5.521E-01
-5.5580E-05,5.681E-01
-5.5520E-05,5.521E-01
-5.5520E-05,5.681E-01
-5.5460E-05,5.521E-01
-5.5460E-05,5.681E-01
-5.5400E-05,5.441E-01
-5.5400E-05,5.681E-01
-5.5340E-05,5.441E-01
-5.5340E-05,5.681E-01
-5.5280E-05,5.441E-01
-5.5280E-05,5.681E-01
-5.5220E-05,5.441E-01
-5.5220E-05,5.681E-01
-5.5160E-05,5.361E-01
-5.5160E-05,5.601E-01
-5.5100E-05,5.361E-01
-5.5100E-05,5.521E-01
-5.5040E-05,5.361E-01
-5.5040E-05,5.521E-01
-5.4980E-05,5.361E-01
-5.4980E-05,5.521E-01
-5.4920E-05,5.361E-01
-5.4920E-05,5.521E-01
-5.4860E-05,5.361E-01
-5.4860E-05,5.521E-01
-5.4800E-05,5.281E-01
-5.4800E-05,5.521E-01
-5.4740E-05,5.281E-01
-5.4740E-05,5.441E-01
-5.4680E-05,5.281E-01
-5.4680E-05,5.441E-01
-5.4620E-05,5.201E-01
-5.4620E-05,5.441E-01
-5.4560E-05,5.201E-01
-5.4560E-05,5.441E-01
-5.4500E-05,5.201E-01
-5.4500E-05,5.441E-01
-5.4440E-05,5.201E-01
-5.4440E-05,5.441E-01
-5.4380E-05,5.201E-01
-5.4380E-05,5.361E-01
-5.4320E-05,5.201E-01
-5.4320E-05,5.361E-01
-5.4260E-05,5.121E-01
-5.4260E-05,5.361E-01
-5.4200E-05,5.121E-01
-5.4200E-05,5.281E-01
-5.4140E-05,5.121E-01
-5.4140E-05,5.281E-01
-5.4080E-05,5.121E-01
-5.4080E-05,5.281E-01
-5.4020E-05,5.121E-01
-5.4020E-05,5.281E-01
-5.3960E-05,5.041E-01
-5.3960E-05,5.281E-01
-5.3900E-05,5.041E-01
-5.3900E-05,5.281E-01
-5.3840E-05,5.121E-01
-5.3840E-05,5.281E-01
-5.3780E-05,5.121E-01
-5.3780E-05,5.281E-01
-5.3720E-05,5.041E-01
-5.3720E-05,5.281E-01
-5.3660E-05,5.041E-01
-5.3660E-05,5.281E-01
-5.3600E-05,5.041E-01
-5.3600E-05,5.281E-01
-5.3540E-05,5.041E-01
-5.3540E-05,5.281E-01
-5.3480E-05,5.041E-01
-5.3480E-05,5.281E-01
-5.3420E-05,4.961E-01
-5.3420E-05,5.121E-01
-5.3360E-05,4.961E-01
-5.3360E-05,5.121E-01
-5.3300E-05,4.961E-01
-5.3300E-05,5.121E-01
-5.3240E-05,4.881E-01
-5.3240E-05,5.041E-01
-5.3180E-05,4.881E-01
-5.3180E-05,5.041E-01
-5.3120E-05,4.801E-01
-5.3120E-05,5.041E-01
-5.3060E-05,4.801E-01
-5.3060E-05,5.041E-01
-5.3000E-05,4.801E-01
-5.3000E-05,5.041E-01
-5.2940E-05,4.881E-01
-5.2940E-05,4.961E-01
-5.2880E-05,4.801E-01
-5.2880E-05,4.961E-01
-5.2820E-05,4.801E-01
-5.2820E-05,4.961E-01
-5.2760E-05,4.801E-01
-5.2760E-05,4.961E-01
-5.2700E-05,4.721E-01
-5.2700E-05,4.961E-01
-5.2640E-05,4.721E-01
-5.2640E-05,4.961E-01
-5.2580E-05,4.721E-01
-5.2580E-05,4.961E-01
-5.2520E-05,4.721E-01
-5.2520E-05,4.881E-01
-5.2460E-05,4.641E-01
-5.2460E-05,4.881E-01
-5.2400E-05,4.721E-01
-5.2400E-05,4.881E-01
-5.2340E-05,4.641E-01
-5.2340E-05,4.801E-01
-5.2280E-05,4.641E-01
-5.2280E-05,4.801E-01
-5.2220E-05,4.641E-01
-5.2220E-05,4.801E-01
-5.2160E-05,4.641E-01
-5.2160E-05,4.801E-01
-5.2100E-05,4.641E-01
-5.2100E-05,4.801E-01
-5.2040E-05,4.561E-01
-5.2040E-05,4.801E-01
-5.1980E-05,4.561E-01
-5.1980E-05,4.801E-01
-5.1920E-05,4.561E-01
-5.1920E-05,4.801E-01
-5.1860E-05,4.561E-01
-5.1860E-05,4.721E-01
-5.1800E-05,4.481E-01
-5.1800E-05,4.721E-01
-5.1740E-05,4.561E-01
-5.1740E-05,4.721E-01
-5.1680E-05,4.481E-01
-5.1680E-05,4.721E-01
-5.1620E-05,4.481E-01
-5.1620E-05,4.641E-01
-5.1560E-05,4.481E-01
-5.1560E-05,4.641E-01
-5.1500E-05,4.481E-01
-5.1500E-05,4.641E-01
-5.1440E-05,4.481E-01
-5.1440E-05,4.641E-01
-5.1380E-05,4.401E-01
-5.1380E-05,4.641E-01
-5.1320E-05,4.401E-01
-5.1320E-05,4.641E-01
-5.1260E-05,4.401E-01
-5.1260E-05,4.641E-01
-5.1200E-05,4.401E-01
-5.1200E-05,4.561E-01
-5.1140E-05,4.401E-01
-5.1140E-05,4.561E-01
-5.1080E-05,4.321E-01
-5.1080E-05,4.561E-01
-5.1020E-05,4.401E-01
-5.1020E-05,4.561E-01
-5.0960E-05,4.401E-01
-5.0960E-05,4.561E-01
-5.0900E-05,4.321E-01
-5.0900E-05,4.481E-01
-5.0840E-05,4.321E-01
-5.0840E-05,4.481E-01
-5.0780E-05,4.241E-01
-5.0780E-05,4.481E-01
-5.0720E-05,4.321E-01
-5.0720E-05,4.481E-01
-5.0660E-05,4.321E-01
-5.0660E-05,4.481E-01
-5.0600E-05,4.241E-01
-5.0600E-05,4.401E-01
-5.0540E-05,4.241E-01
-5.0540E-05,4.401E-01
-5.0480E-05,4.241E-01
-5.0480E-05,4.401E-01
-5.0420E-05,4.241E-01
-5.0420E-05,4.481E-01
-5.0360E-05,4.241E-01
-5.0360E-05,4.401E-01
-5.0300E-05,4.241E-01
-5.0300E-05,4.401E-01
-5.0240E-05,4.161E-01
-5.0240E-05,4.401E-01
-5.0180E-05,4.161E-01
-5.0180E-05,4.321E-01
-5.0120E-05,4.081E-01
-5.0120E-05,4.321E-01
-5.0060E-05,4.081E-01
-5.0060E-05,4.321E-01
-5.0000E-05,4.081E-01
-5.0000E-05,4.241E-01
-4.9940E-05,4.001E-01
-4.9940E-05,4.161E-01
-4.9880E-05,4.001E-01
-4.9880E-05,4.241E-01
-4.9820E-05,4.081E-01
-4.9820E-05,4.241E-01
-4.9760E-05,4.081E-01
-4.9760E-05,4.241E-01
-4.9700E-05,4.081E-01
-4.9700E-05,4.161E-01
-4.9640E-05,4.081E-01
-4.9640E-05,4.241E-01
-4.9580E-05,4.081E-01
-4.9580E-05,4.161E-01
-4.9520E-05,4.001E-01
-4.9520E-05,4.241E-01
-4.9460E-05,4.001E-01
-4.9460E-05,4.161E-01
-4.9400E-05,3.921E-01
-4.9400E-05,4.161E-01
-4.9340E-05,3.921E-01
-4.9340E-05,4.161E-01
-4.9280E-05,3.921E-01
-4.9280E-05,4.161E-01
-4.9220E-05,3.921E-01
-4.9220E-05,4.161E-01
-4.9160E-05,3.921E-01
-4.9160E-05,4.081E-01
-4.9100E-05,3.921E-01
-4.9100E-05,4.081E-01
-4.9040E-05,3.921E-01
-4.9040E-05,4.081E-01
-4.8980E-05,3.841E-01
-4.8980E-05,4.081E-01
-4.8920E-05,3.921E-01
-4.8920E-05,4.081E-01
-4.8860E-05,3.921E-01
-4.8860E-05,4.001E-01
-4.8800E-05,3.841E-01
-4.8800E-05,4.081E-01
-4.8740E-05,3.841E-01
-4.8740E-05,4.001E-01
-4.8680E-05,3.761E-01
-4.8680E-05,4.001E-01
-4.8620E-05,3.841E-01
-4.8620E-05,4.001E-01
-4.8560E-05,3.761E-01
-4.8560E-05,4.001E-01
-4.8500E-05,3.761E-01
-4.8500E-05,3.921E-01
-4.8440E-05,3.681E-01
-4.8440E-05,3.921E-01
-4.8380E-05,3.681E-01
-4.8380E-05,3.921E-01
-4.8320E-05,3.681E-01
-4.8320E-05,3.921E-01
-4.8260E-05,3.681E-01
-4.8260E-05,3.921E-01
-4.8200E-05,3.681E-01
-4.8200E-05,3.921E-01
-4.8140E-05,3.681E-01
-4.8140E-05,3.921E-01
-4.8080E-05,3.601E-01
-4.8080E-05,3.841E-01
-4.8020E-05,3.601E-01
-4.8020E-05,3.841E-01
-4.7960E-05,3.681E-01
-4.7960E-05,3.841E-01
-4.7900E-05,3.601E-01
-4.7900E-05,3.841E-01
-4.7840E-05,3.601E-01
-4.7840E-05,3.841E-01
-4.7780E-05,3.601E-01
-4.7780E-05,3.761E-01
-4.7720E-05,3.601E-01
-4.7720E-05,3.761E-01
-4.7660E-05,3.601E-01
-4.7660E-05,3.761E-01
-4.7600E-05,3.521E-01
-4.7600E-05,3.761E-01
-4.7540E-05,3.521E-01
-4.7540E-05,3.761E-01
-4.7480E-05,3.521E-01
-4.7480E-05,3.761E-01
-4.7420E-05,3.441E-01
-4.7420E-05,3.681E-01
-4.7360E-05,3.441E-01
-4.7360E-05,3.681E-01
-4.7300E-05,3.521E-01
-4.7300E-05,3.681E-01
-4.7240E-05,3.521E-01
-4.7240E-05,3.681E-01
-4.7180E-05,3.521E-01
-4.7180E-05,3.681E-01
-4.7120E-05,3.441E-01
-4.7120E-05,3.681E-01
-4.7060E-05,3.441E-01
-4.7060E-05,3.601E-01
-4.7000E-05,3.441E-01
-4.7000E-05,3.601E-01
-4.6940E-05,3.441E-01
-4.6940E-05,3.601E-01
-4.6880E-05,3.441E-01
-4.6880E-05,3.601E-01
-4.6820E-05,3.441E-01
-4.6820E-05,3.601E-01
-4.6760E-05,3.361E-01
-4.6760E-05,3.601E-01
-4.6700E-05,3.361E-01
-4.6700E-05,3.521E-01
-4.6640E-05,3.361E-01
-4.6640E-05,3.521E-01
-4.6580E-05,3.361E-01
-4.6580E-05,3.521E-01
-4.6520E-05,3.281E-01
-4.6520E-05,3.521E-01
-4.6460E-05,3.281E-01
-4.6460E-05,3.521E-01
-4.6400E-05,3.281E-01
-4.6400E-05,3.521E-01
-4.6340E-05,3.281E-01
-4.6340E-05,3.441E-01
-4.6280E-05,3.281E-01
-4.6280E-05,3.441E-01
-4.6220E-05,3.281E-01
-4.6220E-05,3.441E-01
-4.6160E-05,3.281E-01
-4.6160E-05,3.441E-01
-4.6100E-05,3.201E-01
-4.6100E-05,3.441E-01
-4.6040E-05,3.281E-01
-4.6040E-05,3.441E-01
-4.5980E-05,3.201E-01
-4.5980E-05,3.361E-01
-4.5920E-05,3.201E-01
-4.5920E-05,3.361E-01
-4.5860E-05,3.201E-01
-4.5860E-05,3.361E-01
-4.5800E-05,3.201E-01
-4.5800E-05,3.361E-01
-4.5740E-05,3.121E-01
-4.5740E-05,3.361E-01
-4.5680E-05,3.121E-01
-4.5680E-05,3.361E-01
-4.5620E-05,3.121E-01
-4.5620E-05,3.361E-01
-4.5560E-05,3.121E-01
-4.5560E-05,3.281E-01
-4.5500E-05,3.121E-01
-4.5500E-05,3.361E-01
-4.5440E-05,3.121E-01
-4.5440E-05,3.281E-01
-4.5380E-05,3.041E-01
-4.5380E-05,3.281E-01
-4.5320E-05,3.121E-01
-4.5320E-05,3.281E-01
-4.5260E-05,3.121E-01
-4.5260E-05,3.281E-01
-4.5200E-05,3.041E-01
-4.5200E-05,3.201E-01
-4.5140E-05,3.041E-01
-4.5140E-05,3.201E-01
-4.5080E-05,3.041E-01
-4.5080E-05,3.201E-01
-4.5020E-05,2.961E-01
-4.5020E-05,3.281E-01
-4.4960E-05,2.961E-01
-4.4960E-05,3.201E-01
-4.4900E-05,2.961E-01
-4.4900E-05,3.201E-01
-4.4840E-05,2.961E-01
-4.4840E-05,3.121E-01
-4.4780E-05,2.961E-01
-4.4780E-05,3.121E-01
-4.4720E-05,2.961E-01
-4.4720E-05,3.121E-01
-4.4660E-05,2.881E-01
-4.4660E-05,3.121E-01
-4.4600E-05,2.881E-01
-4.4600E-05,3.121E-01
-4.4540E-05,2.881E-01
-4.4540E-05,3.121E-01
-4.4480E-05,2.881E-01
-4.4480E-05,3.121E-01
-4.4420E-05,2.801E-01
-4.4420E-05,3.041E-01
-4.4360E-05,2.801E-01
-4.4360E-05,2.961E-01
-4.4300E-05,2.801E-01
-4.4300E-05,2.961E-01
-4.4240E-05,2.801E-01
-4.4240E-05,2.961E-01
-4.4180E-05,2.801E-01
-4.4180E-05,3.041E-01
-4.4120E-05,2.801E-01
-4.4120E-05,2.961E-01
-4.4060E-05,2.721E-01
-4.4060E-05,2.961E-01
-4.4000E-05,2.721E-01
-4.4000E-05,2.961E-01
-4.3940E-05,2.721E-01
-4.3940E-05,2.961E-01
-4.3880E-05,2.721E-01
-4.3880E-05,2.961E-01
-4.3820E-05,2.721E-01
-4.3820E-05,2.881E-01
-4.3760E-05,2.721E-01
-4.3760E-05,2.881E-01
-4.3700E-05,2.721E-01
-4.3700E-05,2.881E-01
-4.3640E-05,2.721E-01
-4.3640E-05,2.881E-01
-4.3580E-05,2.721E-01
-4.3580E-05,2.881E-01
-4.3520E-05,2.721E-01
-4.3520E-05,2.881E-01
-4.3460E-05,2.641E-01
-4.3460E-05,2.801E-01
-4.3400E-05,2.641E-01
-4.3400E-05,2.801E-01
-4.3340E-05,2.641E-01
-4.3340E-05,2.801E-01
-4.3280E-05,2.641E-01
-4.3280E-05,2.881E-01
-4.3220E-05,2.561E-01
-4.3220E-05,2.881E-01
-4.3160E-05,2.641E-01
-4.3160E-05,2.801E-01
-4.3100E-05,2.641E-01
-4.3100E-05,2.801E-01
-4.3040E-05,2.561E-01
-4.3040E-05,2.801E-01
-4.2980E-05,2.561E-01
-4.2980E-05,2.801E-01
-4.2920E-05,2.561E-01
-4.2920E-05,2.721E-01
-4.2860E-05,2.561E-01
-4.2860E-05,2.721E-01
-4.2800E-05,2.561E-01
-4.2800E-05,2.721E-01
-4.2740E-05,2.561E-01
-4.2740E-05,2.721E-01
-4.2680E-05,2.561E-01
-4.2680E-05,2.721E-01
-4.2620E-05,2.561E-01
-4.2620E-05,2.721E-01
-4.2560E-05,2.481E-01
-4.2560E-05,2.641E-01
-4.2500E-05,2.481E-01
-4.2500E-05,2.721E-01
-4.2440E-05,2.481E-01
-4.2440E-05,2.641E-01
-4.2380E-05,2.481E-01
-4.2380E-05,2.641E-01
-4.2320E-05,2.481E-01
-4.2320E-05,2.641E-01
-4.2260E-05,2.481E-01
-4.2260E-05,2.721E-01
-4.2200E-05,2.481E-01
-4.2200E-05,2.641E-01
-4.2140E-05,2.481E-01
-4.2140E-05,2.641E-01
-4.2080E-05,2.401E-01
-4.2080E-05,2.641E-01
-4.2020E-05,2.401E-01
-4.2020E-05,2.641E-01
-4.1960E-05,2.401E-01
-4.1960E-05,2.561E-01
-4.1900E-05,2.401E-01
-4.1900E-05,2.561E-01
-4.1840E-05,2.401E-01
-4.1840E-05,2.561E-01
-4.1780E-05,2.401E-01
-4.1780E-05,2.561E-01
-4.1720E-05,2.401E-01
-4.1720E-05,2.561E-01
-4.1660E-05,2.401E-01
-4.1660E-05,2.561E-01
-4.1600E-05,2.401E-01
-4.1600E-05,2.561E-01
-4.1540E-05,2.321E-01
-4.1540E-05,2.481E-01
-4.1480E-05,2.321E-01
-4.1480E-05,2.561E-01
-4.1420E-05,2.321E-01
-4.1420E-05,2.561E-01
-4.1360E-05,2.321E-01
-4.1360E-05,2.561E-01
-4.1300E-05,2.321E-01
-4.1300E-05,2.481E-01
-4.1240E-05,2.321E-01
-4.1240E-05,2.481E-01
-4.1180E-05,2.321E-01
-4.1180E-05,2.481E-01
-4.1120E-05,2.241E-01
-4.1120E-05,2.481E-01
-4.1060E-05,2.241E-01
-4.1060E-05,2.481E-01
-4.1000E-05,2.241E-01
-4.1000E-05,2.481E-01
-4.0940E-05,2.241E-01
-4.0940E-05,2.481E-01
-4.0880E-05,2.241E-01
-4.0880E-05,2.401E-01
-4.0820E-05,2.241E-01
-4.0820E-05,2.401E-01
-4.0760E-05,2.161E-01
-4.0760E-05,2.401E-01
-4.0700E-05,2.241E-01
-4.0700E-05,2.401E-01
-4.0640E-05,2.161E-01
-4.0640E-05,2.401E-01
-4.0580E-05,2.161E-01
-4.0580E-05,2.401E-01
-4.0520E-05,2.161E-01
-4.0520E-05,2.401E-01
-4.0460E-05,2.161E-01
-4.0460E-05,2.401E-01
-4.0400E-05,2.161E-01
-4.0400E-05,2.401E-01
-4.0340E-05,2.161E-01
-4.0340E-05,2.401E-01
-4.0280E-05,2.161E-01
-4.0280E-05,2.321E-01
-4.0220E-05,2.161E-01
-4.0220E-05,2.401E-01
-4.0160E-05,2.081E-01
-4.0160E-05,2.321E-01
-4.0100E-05,2.081E-01
-4.0100E-05,2.321E-01
-4.0040E-05,2.081E-01
-4.0040E-05,2.321E-01
-3.9980E-05,2.081E-01
-3.9980E-05,2.321E-01
-3.9920E-05,2.081E-01
-3.9920E-05,2.241E-01
-3.9860E-05,2.081E-01
-3.9860E-05,2.241E-01
-3.9800E-05,2.081E-01
-3.9800E-05,2.241E-01
-3.9740E-05,2.081E-01
-3.9740E-05,2.241E-01
-3.9680E-05,2.081E-01
-3.9680E-05,2.241E-01
-3.9620E-05,2.001E-01
-3.9620E-05,2.241E-01
-3.9560E-05,2.001E-01
-3.9560E-05,2.241E-01
-3.9500E-05,2.001E-01
-3.9500E-05,2.241E-01
-3.9440E-05,2.001E-01
-3.9440E-05,2.241E-01
-3.9380E-05,2.001E-01
-3.9380E-05,2.241E-01
-3.9320E-05,2.001E-01
-3.9320E-05,2.161E-01
-3.9260E-05,2.001E-01
-3.9260E-05,2.161E-01
-3.9200E-05,2.001E-01
-3.9200E-05,2.161E-01
-3.9140E-05,2.001E-01
-3.9140E-05,2.161E-01
-3.9080E-05,2.001E-01
-3.9080E-05,2.161E-01
-3.9020E-05,2.001E-01
-3.9020E-05,2.161E-01
-3.8960E-05,1.921E-01
-3.8960E-05,2.161E-01
-3.8900E-05,1.921E-01
-3.8900E-05,2.081E-01
-3.8840E-05,1.921E-01
-3.8840E-05,2.161E-01
-3.8780E-05,1.921E-01
-3.8780E-05,2.081E-01
-3.8720E-05,1.921E-01
-3.8720E-05,2.081E-01
-3.8660E-05,1.921E-01
-3.8660E-05,2.081E-01
-3.8600E-05,1.921E-01
-3.8600E-05,2.081E-01
-3.8540E-05,1.921E-01
-3.8540E-05,2.161E-01
-3.8480E-05,1.921E-01
-3.8480E-05,2.081E-01
-3.8420E-05,1.841E-01
-3.8420E-05,2.081E-01
-3.8360E-05,1.841E-01
-3.8360E-05,2.081E-01
-3.8300E-05,1.841E-01
-3.8300E-05,2.001E-01
-3.8240E-05,1.841E-01
-3.8240E-05,2.081E-01
-3.8180E-05,1.841E-01
-3.8180E-05,2.081E-01
-3.8120E-05,1.841E-01
-3.8120E-05,2.081E-01
-3.8060E-05,1.841E-01
-3.8060E-05,2.081E-01
-3.8000E-05,1.841E-01
-3.8000E-05,2.001E-01
-3.7940E-05,1.841E-01
-3.7940E-05,2.001E-01
-3.7880E-05,1.761E-01
-3.7880E-05,2.001E-01
-3.7820E-05,1.761E-01
-3.7820E-05,2.001E-01
-3.7760E-05,1.761E-01
-3.7760E-05,2.001E-01
-3.7700E-05,1.761E-01
-3.7700E-05,1.921E-01
-3.7640E-05,1.761E-01
-3.7640E-05,2.001E-01
-3.7580E-05,1.761E-01
-3.7580E-05,2.001E-01
-3.7520E-05,1.761E-01
-3.7520E-05,1.921E-01
-3.7460E-05,1.761E-01
-3.7460E-05,1.921E-01
-3.7400E-05,1.681E-01
-3.7400E-05,1.921E-01
-3.7340E-05,1.681E-01
-3.7340E-05,1.921E-01
-3.7280E-05,1.681E-01
-3.7280E-05,1.921E-01
-3.7220E-05,1.761E-01
-3.7220E-05,1.921E-01
-3.7160E-05,1.761E-01
-3.7160E-05,1.921E-01
-3.7100E-05,1.681E-01
-3.7100E-05,1.921E-01
-3.7040E-05,1.761E-01
-3.7040E-05,1.921E-01
-3.6980E-05,1.681E-01
-3.6980E-05,1.921E-01
-3.6920E-05,1.681E-01
-3.6920E-05,1.921E-01
-3.6860E-05,1.681E-01
-3.6860E-05,1.921E-01
-3.6800E-05,1.681E-01
-3.6800E-05,1.841E-01
-3.6740E-05,1.681E-01
-3.6740E-05,1.841E-01
-3.6680E-05,1.681E-01
-3.6680E-05,1.841E-01
-3.6620E-05,1.681E-01
-3.6620E-05,1.841E-01
-3.6560E-05,1.681E-01
-3.6560E-05,1.841E-01
-3.6500E-05,1.681E-01
-3.6500E-05,1.841E-01
-3.6440E-05,1.681E-01
-3.6440E-05,1.841E-01
-3.6380E-05,1.601E-01
-3.6380E-05,1.841E-01
-3.6320E-05,1.601E-01
-3.6320E-05,1.841E-01
-3.6260E-05,1.681E-01
-3.6260E-05,1.841E-01
-3.6200E-05,1.681E-01
-3.6200E-05,1.841E-01
-3.6140E-05,1.681E-01
-3.6140E-05,1.841E-01
-3.6080E-05,1.601E-01
-3.6080E-05,1.841E-01
-3.6020E-05,1.601E-01
-3.6020E-05,1.841E-01
-3.5960E-05,1.601E-01
-3.5960E-05,1.841E-01
-3.5900E-05,1.601E-01
-3.5900E-05,1.761E-01
-3.5840E-05,1.601E-01
-3.5840E-05,1.841E-01
-3.5780E-05,1.601E-01
-3.5780E-05,1.841E-01
-3.5720E-05,1.601E-01
-3.5720E-05,1.841E-01
-3.5660E-05,1.601E-01
-3.5660E-05,1.841E-01
-3.5600E-05,1.601E-01
-3.5600E-05,1.761E-01
-3.5540E-05,1.601E-01
-3.5540E-05,1.761E-01
-3.5480E-05,1.601E-01
-3.5480E-05,1.761E-01
-3.5420E-05,1.601E-01
-3.5420E-05,1.761E-01
-3.5360E-05,1.601E-01
-3.5360E-05,1.761E-01
-3.5300E-05,1.601E-01
-3.5300E-05,1.761E-01
-3.5240E-05,1.601E-01
-3.5240E-05,1.761E-01
-3.5180E-05,1.601E-01
-3.5180E-05,1.761E-01
-3.5120E-05,1.601E-01
-3.5120E-05,1.761E-01
-3.5060E-05,1.521E-01
-3.5060E-05,1.761E-01
-3.5000E-05,1.521E-01
-3.5000E-05,1.681E-01
-3.4940E-05,1.521E-01
-3.4940E-05,1.761E-01
-3.4880E-05,1.521E-01
-3.4880E-05,1.681E-01
-3.4820E-05,1.521E-01
-3.4820E-05,1.681E-01
-3.4760E-05,1.521E-01
-3.4760E-05,1.681E-01
-3.4700E-05,1.521E-01
-3.4700E-05,1.681E-01
-3.4640E-05,1.521E-01
-3.4640E-05,1.681E-01
-3.4580E-05,1.521E-01
-3.4580E-05,1.681E-01
-3.4520E-05,1.521E-01
-3.4520E-05,1.681E-01
-3.4460E-05,1.521E-01
-3.4460E-05,1.681E-01
-3.4400E-05,1.521E-01
-3.4400E-05,1.681E-01
-3.4340E-05,1.521E-01
-3.4340E-05,1.681E-01
-3.4280E-05,1.521E-01
-3.4280E-05,1.681E-01
-3.4220E-05,1.521E-01
-3.4220E-05,1.681E-01
-3.4160E-05,1.521E-01
-3.4160E-05,1.681E-01
-3.4100E-05,1.521E-01
-3.4100E-05,1.681E-01
-3.4040E-05,1.441E-01
-3.4040E-05,1.681E-01
-3.3980E-05,1.441E-01
-3.3980E-05,1.681E-01
-3.3920E-05,1.441E-01
-3.3920E-05,1.601E-01
-3.3860E-05,1.441E-01
-3.3860E-05,1.681E-01
-3.3800E-05,1.521E-01
-3.3800E-05,1.601E-01
-3.3740E-05,1.441E-01
-3.3740E-05,1.601E-01
-3.3680E-05,1.521E-01
-3.3680E-05,1.601E-01
-3.3620E-05,1.441E-01
-3.3620E-05,1.601E-01
-3.3560E-05,1.441E-01
-3.3560E-05,1.601E-01
-3.3500E-05,1.441E-01
-3.3500E-05,1.601E-01
-3.3440E-05,1.441E-01
-3.3440E-05,1.601E-01
-3.3380E-05,1.441E-01
-3.3380E-05,1.601E-01
-3.3320E-05,1.441E-01
-3.3320E-05,1.601E-01
-3.3260E-05,1.441E-01
-3.3260E-05,1.601E-01
-3.3200E-05,1.441E-01
-3.3200E-05,1.601E-01
-3.3140E-05,1.361E-01
-3.3140E-05,1.601E-01
-3.3080E-05,1.441E-01
-3.3080E-05,1.601E-01
-3.3020E-05,1.441E-01
-3.3020E-05,1.601E-01
-3.2960E-05,1.441E-01
-3.2960E-05,1.601E-01
-3.2900E-05,1.441E-01
-3.2900E-05,1.601E-01
-3.2840E-05,1.441E-01
-3.2840E-05,1.601E-01
-3.2780E-05,1.441E-01
-3.2780E-05,1.601E-01
-3.2720E-05,1.441E-01
-3.2720E-05,1.601E-01
-3.2660E-05,1.441E-01
-3.2660E-05,1.601E-01
-3.2600E-05,1.441E-01
-3.2600E-05,1.601E-01
-3.2540E-05,1.361E-01
-3.2540E-05,1.601E-01
-3.2480E-05,1.441E-01
-3.2480E-05,1.601E-01
-3.2420E-05,1.441E-01
-3.2420E-05,1.601E-01
-3.2360E-05,1.361E-01
-3.2360E-05,1.601E-01
-3.2300E-05,1.361E-01
-3.2300E-05,1.521E-01
-3.2240E-05,1.441E-01
-3.2240E-05,1.601E-01
-3.2180E-05,1.361E-01
-3.2180E-05,1.601E-01
-3.2120E-05,1.361E-01
-3.2120E-05,1.521E-01
-3.2060E-05,1.441E-01
-3.2060E-05,1.521E-01
-3.2000E-05,1.361E-01
-3.2000E-05,1.601E-01
-3.1940E-05,1.361E-01
-3.1940E-05,1.521E-01
-3.1880E-05,1.361E-01
-3.1880E-05,1.521E-01
-3.1820E-05,1.361E-01
-3.1820E-05,1.521E-01
-3.1760E-05,1.361E-01
-3.1760E-05,1.521E-01
-3.1700E-05,1.361E-01
-3.1700E-05,1.521E-01
-3.1640E-05,1.361E-01
-3.1640E-05,1.601E-01
-3.1580E-05,1.361E-01
-3.1580E-05,1.521E-01
-3.1520E-05,1.361E-01
-3.1520E-05,1.521E-01
-3.1460E-05,1.361E-01
-3.1460E-05,1.521E-01
-3.1400E-05,1.361E-01
-3.1400E-05,1.521E-01
-3.1340E-05,1.361E-01
-3.1340E-05,1.521E-01
-3.1280E-05,1.361E-01
-3.1280E-05,1.521E-01
-3.1220E-05,1.361E-01
-3.1220E-05,1.521E-01
-3.1160E-05,1.281E-01
-3.1160E-05,1.521E-01
-3.1100E-05,1.281E-01
-3.1100E-05,1.521E-01
-3.1040E-05,1.361E-01
-3.1040E-05,1.521E-01
-3.0980E-05,1.361E-01
-3.0980E-05,1.521E-01
-3.0920E-05,1.361E-01
-3.0920E-05,1.521E-01
-3.0860E-05,1.361E-01
-3.0860E-05,1.521E-01
-3.0800E-05,1.361E-01
-3.0800E-05,1.521E-01
-3.0740E-05,1.361E-01
-3.0740E-05,1.521E-01
-3.0680E-05,1.361E-01
-3.0680E-05,1.521E-01
-3.0620E-05,1.361E-01
-3.0620E-05,1.521E-01
-3.0560E-05,1.361E-01
-3.0560E-05,1.521E-01
-3.0500E-05,1.361E-01
-3.0500E-05,1.521E-01
-3.0440E-05,1.361E-01
-3.0440E-05,1.521E-01
-3.0380E-05,1.361E-01
-3.0380E-05,1.521E-01
-3.0320E-05,1.281E-01
-3.0320E-05,1.521E-01
-3.0260E-05,1.281E-01
-3.0260E-05,1.521E-01
-3.0200E-05,1.281E-01
-3.0200E-05,1.521E-01
-3.0140E-05,1.361E-01
-3.0140E-05,1.521E-01
-3.0080E-05,1.281E-01
-3.0080E-05,1.521E-01
-3.0020E-05,1.281E-01
-3.0020E-05,1.521E-01
-2.9960E-05,1.361E-01
-2.9960E-05,1.521E-01
-2.9900E-05,1.281E-01
-2.9900E-05,1.521E-01
-2.9840E-05,1.361E-01
-2.9840E-05,1.521E-01
-2.9780E-05,1.361E-01
-2.9780E-05,1.521E-01
-2.9720E-05,1.361E-01
-2.9720E-05,1.521E-01
-2.9660E-05,1.361E-01
-2.9660E-05,1.521E-01
-2.9600E-05,1.281E-01
-2.9600E-05,1.521E-01
-2.9540E-05,1.281E-01
-2.9540E-05,1.441E-01
-2.9480E-05,1.361E-01
-2.9480E-05,1.521E-01
-2.9420E-05,1.281E-01
-2.9420E-05,1.521E-01
-2.9360E-05,1.281E-01
-2.9360E-05,1.441E-01
-2.9300E-05,1.281E-01
-2.9300E-05,1.521E-01
-2.9240E-05,1.361E-01
-2.9240E-05,1.521E-01
-2.9180E-05,1.361E-01
-2.9180E-05,1.521E-01
-2.9120E-05,1.281E-01
-2.9120E-05,1.521E-01
-2.9060E-05,1.281E-01
-2.9060E-05,1.521E-01
-2.9000E-05,1.281E-01
-2.9000E-05,1.521E-01
-2.8940E-05,1.281E-01
-2.8940E-05,1.521E-01
-2.8880E-05,1.281E-01
-2.8880E-05,1.521E-01
-2.8820E-05,1.281E-01
-2.8820E-05,1.521E-01
-2.8760E-05,1.281E-01
-2.8760E-05,1.521E-01
-2.8700E-05,1.281E-01
-2.8700E-05,1.441E-01
-2.8640E-05,1.361E-01
-2.8640E-05,1.521E-01
-2.8580E-05,1.281E-01
-2.8580E-05,1.521E-01
-2.8520E-05,1.361E-01
-2.8520E-05,1.521E-01
-2.8460E-05,1.361E-01
-2.8460E-05,1.521E-01
-2.8400E-05,1.281E-01
-2.8400E-05,1.521E-01
-2.8340E-05,1.361E-01
-2.8340E-05,1.521E-01
-2.8280E-05,1.361E-01
-2.8280E-05,1.441E-01
-2.8220E-05,1.361E-01
-2.8220E-05,1.521E-01
-2.8160E-05,1.281E-01
-2.8160E-05,1.521E-01
-2.8100E-05,1.361E-01
-2.8100E-05,1.521E-01
-2.8040E-05,1.361E-01
-2.8040E-05,1.521E-01
-2.7980E-05,1.361E-01
-2.7980E-05,1.521E-01
-2.7920E-05,1.361E-01
-2.7920E-05,1.521E-01
-2.7860E-05,1.281E-01
-2.7860E-05,1.521E-01
-2.7800E-05,1.281E-01
-2.7800E-05,1.521E-01
-2.7740E-05,1.281E-01
-2.7740E-05,1.521E-01
-2.7680E-05,1.281E-01
-2.7680E-05,1.521E-01
-2.7620E-05,1.361E-01
-2.7620E-05,1.521E-01
-2.7560E-05,1.361E-01
-2.7560E-05,1.521E-01
-2.7500E-05,1.361E-01
-2.7500E-05,1.521E-01
-2.7440E-05,1.361E-01
-2.7440E-05,1.521E-01
-2.7380E-05,1.361E-01
-2.7380E-05,1.521E-01
-2.7320E-05,1.361E-01
-2.7320E-05,1.521E-01
-2.7260E-05,1.361E-01
-2.7260E-05,1.521E-01
-2.7200E-05,1.361E-01
-2.7200E-05,1.521E-01
-2.7140E-05,1.361E-01
-2.7140E-05,1.521E-01
-2.7080E-05,1.361E-01
-2.7080E-05,1.521E-01
-2.7020E-05,1.361E-01
-2.7020E-05,1.521E-01
-2.6960E-05,1.361E-01
-2.6960E-05,1.521E-01
-2.6900E-05,1.361E-01
-2.6900E-05,1.521E-01
-2.6840E-05,1.361E-01
-2.6840E-05,1.521E-01
-2.6780E-05,1.361E-01
-2.6780E-05,1.521E-01
-2.6720E-05,1.361E-01
-2.6720E-05,1.521E-01
-2.6660E-05,1.361E-01
-2.6660E-05,1.521E-01
-2.6600E-05,1.281E-01
-2.6600E-05,1.521E-01
-2.6540E-05,1.361E-01
-2.6540E-05,1.521E-01
-2.6480E-05,1.361E-01
-2.6480E-05,1.521E-01
-2.6420E-05,1.361E-01
-2.6420E-05,1.521E-01
-2.6360E-05,1.361E-01
-2.6360E-05,1.521E-01
-2.6300E-05,1.361E-01
-2.6300E-05,1.521E-01
-2.6240E-05,1.361E-01
-2.6240E-05,1.521E-01
-2.6180E-05,1.361E-01
-2.6180E-05,1.521E-01
-2.6120E-05,1.361E-01
-2.6120E-05,1.521E-01
-2.6060E-05,1.361E-01
-2.6060E-05,1.521E-01
-2.6000E-05,1.361E-01
-2.6000E-05,1.521E-01
-2.5940E-05,1.361E-01
-2.5940E-05,1.521E-01
-2.5880E-05,1.361E-01
-2.5880E-05,1.521E-01
-2.5820E-05,1.361E-01
-2.5820E-05,1.521E-01
-2.5760E-05,1.361E-01
-2.5760E-05,1.521E-01
-2.5700E-05,1.361E-01
-2.5700E-05,1.521E-01
-2.5640E-05,1.361E-01
-2.5640E-05,1.521E-01
-2.5580E-05,1.361E-01
-2.5580E-05,1.521E-01
-2.5520E-05,1.361E-01
-2.5520E-05,1.601E-01
-2.5460E-05,1.361E-01
-2.5460E-05,1.601E-01
-2.5400E-05,1.361E-01
-2.5400E-05,1.521E-01
-2.5340E-05,1.361E-01
-2.5340E-05,1.521E-01
-2.5280E-05,1.361E-01
-2.5280E-05,1.601E-01
-2.5220E-05,1.361E-01
-2.5220E-05,1.521E-01
-2.5160E-05,1.361E-01
-2.5160E-05,1.521E-01
-2.5100E-05,1.361E-01
-2.5100E-05,1.521E-01
-2.5040E-05,1.361E-01
-2.5040E-05,1.601E-01
-2.4980E-05,1.441E-01
-2.4980E-05,1.681E-01
-2.4920E-05,1.441E-01
-2.4920E-05,1.681E-01
-2.4860E-05,1.441E-01
-2.4860E-05,1.601E-01
-2.4800E-05,1.441E-01
-2.4800E-05,1.601E-01
-2.4740E-05,1.441E-01
-2.4740E-05,1.601E-01
-2.4680E-05,1.441E-01
-2.4680E-05,1.601E-01
-2.4620E-05,1.441E-01
-2.4620E-05,1.601E-01
-2.4560E-05,1.361E-01
-2.4560E-05,1.681E-01
-2.4500E-05,1.361E-01
-2.4500E-05,1.681E-01
-2.4440E-05,1.441E-01
-2.4440E-05,1.601E-01
-2.4380E-05,1.441E-01
-2.4380E-05,1.601E-01
-2.4320E-05,1.441E-01
-2.4320E-05,1.601E-01
-2.4260E-05,1.441E-01
-2.4260E-05,1.601E-01
-2.4200E-05,1.441E-01
-2.4200E-05,1.601E-01
-2.4140E-05,1.441E-01
-2.4140E-05,1.601E-01
-2.4080E-05,1.441E-01
-2.4080E-05,1.601E-01
-2.4020E-05,1.441E-01
-2.4020E-05,1.601E-01
-2.3960E-05,1.441E-01
-2.3960E-05,1.601E-01
-2.3900E-05,1.441E-01
-2.3900E-05,1.681E-01
-2.3840E-05,1.441E-01
-2.3840E-05,1.681E-01
-2.3780E-05,1.441E-01
-2.3780E-05,1.601E-01
-2.3720E-05,1.441E-01
-2.3720E-05,1.681E-01
-2.3660E-05,1.441E-01
-2.3660E-05,1.681E-01
-2.3600E-05,1.441E-01
-2.3600E-05,1.681E-01
-2.3540E-05,1.441E-01
-2.3540E-05,1.601E-01
-2.3480E-05,1.521E-01
-2.3480E-05,1.681E-01
-2.3420E-05,1.521E-01
-2.3420E-05,1.681E-01
-2.3360E-05,1.521E-01
-2.3360E-05,1.681E-01
-2.3300E-05,1.441E-01
-2.3300E-05,1.601E-01
-2.3240E-05,1.521E-01
-2.3240E-05,1.681E-01
-2.3180E-05,1.521E-01
-2.3180E-05,1.681E-01
-2.3120E-05,1.521E-01
-2.3120E-05,1.681E-01
-2.3060E-05,1.521E-01
-2.3060E-05,1.681E-01
-2.3000E-05,1.521E-01
-2.3000E-05,1.681E-01
-2.2940E-05,1.521E-01
-2.2940E-05,1.681E-01
-2.2880E-05,1.521E-01
-2.2880E-05,1.681E-01
-2.2820E-05,1.521E-01
-2.2820E-05,1.681E-01
-2.2760E-05,1.521E-01
-2.2760E-05,1.681E-01
-2.2700E-05,1.521E-01
-2.2700E-05,1.681E-01
-2.2640E-05,1.521E-01
-2.2640E-05,1.681E-01
-2.2580E-05,1.521E-01
-2.2580E-05,1.761E-01
-2.2520E-05,1.521E-01
-2.2520E-05,1.761E-01
-2.2460E-05,1.521E-01
-2.2460E-05,1.761E-01
-2.2400E-05,1.521E-01
-2.2400E-05,1.761E-01
-2.2340E-05,1.521E-01
-2.2340E-05,1.761E-01
-2.2280E-05,1.601E-01
-2.2280E-05,1.761E-01
-2.2220E-05,1.601E-01
-2.2220E-05,1.761E-01
-2.2160E-05,1.601E-01
-2.2160E-05,1.761E-01
-2.2100E-05,1.601E-01
-2.2100E-05,1.761E-01
-2.2040E-05,1.601E-01
-2.2040E-05,1.761E-01
-2.1980E-05,1.601E-01
-2.1980E-05,1.761E-01
-2.1920E-05,1.601E-01
-2.1920E-05,1.761E-01
-2.1860E-05,1.601E-01
-2.1860E-05,1.761E-01
-2.1800E-05,1.601E-01
-2.1800E-05,1.841E-01
-2.1740E-05,1.521E-01
-2.1740E-05,1.761E-01
-2.1680E-05,1.601E-01
-2.1680E-05,1.761E-01
-2.1620E-05,1.601E-01
-2.1620E-05,1.761E-01
-2.1560E-05,1.601E-01
-2.1560E-05,1.761E-01
-2.1500E-05,1.601E-01
-2.1500E-05,1.761E-01
-2.1440E-05,1.601E-01
-2.1440E-05,1.841E-01
-2.1380E-05,1.601E-01
-2.1380E-05,1.761E-01
-2.1320E-05,1.601E-01
-2.1320E-05,1.841E-01
-2.1260E-05,1.601E-01
-2.1260E-05,1.841E-01
-2.1200E-05,1.681E-01
-2.1200E-05,1.761E-01
-2.1140E-05,1.601E-01
-2.1140E-05,1.841E-01
-2.1080E-05,1.601E-01
-2.1080E-05,1.841E-01
-2.1020E-05,1.601E-01
-2.1020E-05,1.841E-01
-2.0960E-05,1.681E-01
-2.0960E-05,1.841E-01
-2.0900E-05,1.681E-01
-2.0900E-05,1.841E-01
-2.0840E-05,1.681E-01
-2.0840E-05,1.841E-01
-2.0780E-05,1.681E-01
-2.0780E-05,1.841E-01
-2.0720E-05,1.681E-01
-2.0720E-05,1.841E-01
-2.0660E-05,1.681E-01
-2.0660E-05,1.841E-01
-2.0600E-05,1.681E-01
-2.0600E-05,1.841E-01
-2.0540E-05,1.681E-01
-2.0540E-05,1.841E-01
-2.0480E-05,1.681E-01
-2.0480E-05,1.841E-01
-2.0420E-05,1.681E-01
-2.0420E-05,1.841E-01
-2.0360E-05,1.681E-01
-2.0360E-05,1.841E-01
-2.0300E-05,1.681E-01
-2.0300E-05,1.921E-01
-2.0240E-05,1.681E-01
-2.0240E-05,1.921E-01
-2.0180E-05,1.681E-01
-2.0180E-05,1.921E-01
-2.0120E-05,1.681E-01
-2.0120E-05,1.921E-01
-2.0060E-05,1.761E-01
-2.0060E-05,1.921E-01
-2.0000E-05,1.681E-01
-2.0000E-05,1.921E-01
-1.9940E-05,1.761E-01
-1.9940E-05,1.921E-01
-1.9880E-05,1.681E-01
-1.9880E-05,1.921E-01
-1.9820E-05,1.681E-01
-1.9820E-05,1.921E-01
-1.9760E-05,1.761E-01
-1.9760E-05,1.921E-01
-1.9700E-05,1.761E-01
-1.9700E-05,1.921E-01
-1.9640E-05,1.761E-01
-1.9640E-05,1.921E-01
-1.9580E-05,1.761E-01
-1.9580E-05,1.921E-01
-1.9520E-05,1.761E-01
-1.9520E-05,1.921E-01
-1.9460E-05,1.761E-01
-1.9460E-05,2.001E-01
-1.9400E-05,1.841E-01
-1.9400E-05,2.001E-01
-1.9340E-05,1.841E-01
-1.9340E-05,2.001E-01
-1.9280E-05,1.841E-01
-1.9280E-05,2.001E-01
-1.9220E-05,1.841E-01
-1.9220E-05,2.001E-01
-1.9160E-05,1.841E-01
-1.9160E-05,2.081E-01
-1.9100E-05,1.841E-01
-1.9100E-05,2.001E-01
-1.9040E-05,1.841E-01
-1.9040E-05,2.081E-01
-1.8980E-05,1.841E-01
-1.8980E-05,2.001E-01
-1.8920E-05,1.841E-01
-1.8920E-05,2.001E-01
-1.8860E-05,1.841E-01
-1.8860E-05,2.001E-01
-1.8800E-05,1.921E-01
-1.8800E-05,2.081E-01
-1.8740E-05,1.921E-01
-1.8740E-05,2.081E-01
-1.8680E-05,1.921E-01
-1.8680E-05,2.081E-01
-1.8620E-05,1.921E-01
-1.8620E-05,2.081E-01
-1.8560E-05,1.921E-01
-1.8560E-05,2.081E-01
-1.8500E-05,1.921E-01
-1.8500E-05,2.081E-01
-1.8440E-05,1.921E-01
-1.8440E-05,2.161E-01
-1.8380E-05,1.921E-01
-1.8380E-05,2.161E-01
-1.8320E-05,1.921E-01
-1.8320E-05,2.161E-01
-1.8260E-05,1.921E-01
-1.8260E-05,2.161E-01
-1.8200E-05,1.921E-01
-1.8200E-05,2.161E-01
-1.8140E-05,1.921E-01
-1.8140E-05,2.161E-01
-1.8080E-05,2.001E-01
-1.8080E-05,2.161E-01
-1.8020E-05,2.001E-01
-1.8020E-05,2.161E-01
-1.7960E-05,2.001E-01
-1.7960E-05,2.241E-01
-1.7900E-05,1.921E-01
-1.7900E-05,2.241E-01
-1.7840E-05,2.001E-01
-1.7840E-05,2.161E-01
-1.7780E-05,2.001E-01
-1.7780E-05,2.161E-01
-1.7720E-05,2.001E-01
-1.7720E-05,2.161E-01
-1.7660E-05,2.081E-01
-1.7660E-05,2.161E-01
-1.7600E-05,2.001E-01
-1.7600E-05,2.241E-01
-1.7540E-05,2.081E-01
-1.7540E-05,2.241E-01
-1.7480E-05,2.081E-01
-1.7480E-05,2.241E-01
-1.7420E-05,2.081E-01
-1.7420E-05,2.241E-01
-1.7360E-05,2.081E-01
-1.7360E-05,2.321E-01
-1.7300E-05,2.081E-01
-1.7300E-05,2.321E-01
-1.7240E-05,2.081E-01
-1.7240E-05,2.321E-01
-1.7180E-05,2.081E-01
-1.7180E-05,2.321E-01
-1.7120E-05,2.161E-01
-1.7120E-05,2.321E-01
-1.7060E-05,2.081E-01
-1.7060E-05,2.321E-01
-1.7000E-05,2.161E-01
-1.7000E-05,2.321E-01
-1.6940E-05,2.081E-01
-1.6940E-05,2.321E-01
-1.6880E-05,2.081E-01
-1.6880E-05,2.321E-01
-1.6820E-05,2.161E-01
-1.6820E-05,2.321E-01
-1.6760E-05,2.161E-01
-1.6760E-05,2.401E-01
-1.6700E-05,2.161E-01
-1.6700E-05,2.401E-01
-1.6640E-05,2.161E-01
-1.6640E-05,2.321E-01
-1.6580E-05,2.161E-01
-1.6580E-05,2.321E-01
-1.6520E-05,2.161E-01
-1.6520E-05,2.401E-01
-1.6460E-05,2.161E-01
-1.6460E-05,2.401E-01
-1.6400E-05,2.241E-01
-1.6400E-05,2.401E-01
-1.6340E-05,2.241E-01
-1.6340E-05,2.401E-01
-1.6280E-05,2.241E-01
-1.6280E-05,2.401E-01
-1.6220E-05,2.241E-01
-1.6220E-05,2.401E-01
-1.6160E-05,2.241E-01
-1.6160E-05,2.401E-01
-1.6100E-05,2.241E-01
-1.6100E-05,2.481E-01
-1.6040E-05,2.241E-01
-1.6040E-05,2.401E-01
-1.5980E-05,2.241E-01
-1.5980E-05,2.481E-01
-1.5920E-05,2.241E-01
-1.5920E-05,2.481E-01
-1.5860E-05,2.241E-01
-1.5860E-05,2.481E-01
-1.5800E-05,2.321E-01
-1.5800E-05,2.481E-01
-1.5740E-05,2.241E-01
-1.5740E-05,2.481E-01
-1.5680E-05,2.321E-01
-1.5680E-05,2.481E-01
-1.5620E-05,2.321E-01
-1.5620E-05,2.481E-01
-1.5560E-05,2.321E-01
-1.5560E-05,2.561E-01
-1.5500E-05,2.321E-01
-1.5500E-05,2.561E-01
-1.5440E-05,2.321E-01
-1.5440E-05,2.561E-01
-1.5380E-05,2.321E-01
-1.5380E-05,2.561E-01
-1.5320E-05,2.401E-01
-1.5320E-05,2.561E-01
-1.5260E-05,2.401E-01
-1.5260E-05,2.561E-01
-1.5200E-05,2.401E-01
-1.5200E-05,2.561E-01
-1.5140E-05,2.401E-01
-1.5140E-05,2.561E-01
-1.5080E-05,2.401E-01
-1.5080E-05,2.561E-01
-1.5020E-05,2.481E-01
-1.5020E-05,2.641E-01
-1.4960E-05,2.401E-01
-1.4960E-05,2.641E-01
-1.4900E-05,2.481E-01
-1.4900E-05,2.641E-01
-1.4840E-05,2.401E-01
-1.4840E-05,2.641E-01
-1.4780E-05,2.481E-01
-1.4780E-05,2.641E-01
-1.4720E-05,2.481E-01
-1.4720E-05,2.641E-01
-1.4660E-05,2.481E-01
-1.4660E-05,2.641E-01
-1.4600E-05,2.481E-01
-1.4600E-05,2.641E-01
-1.4540E-05,2.481E-01
-1.4540E-05,2.641E-01
-1.4480E-05,2.561E-01
-1.4480E-05,2.721E-01
-1.4420E-05,2.561E-01
-1.4420E-05,2.721E-01
-1.4360E-05,2.561E-01
-1.4360E-05,2.721E-01
-1.4300E-05,2.561E-01
-1.4300E-05,2.721E-01
-1.4240E-05,2.561E-01
-1.4240E-05,2.721E-01
-1.4180E-05,2.561E-01
-1.4180E-05,2.721E-01
-1.4120E-05,2.561E-01
-1.4120E-05,2.801E-01
-1.4060E-05,2.561E-01
-1.4060E-05,2.801E-01
-1.4000E-05,2.641E-01
-1.4000E-05,2.801E-01
-1.3940E-05,2.641E-01
-1.3940E-05,2.801E-01
-1.3880E-05,2.641E-01
-1.3880E-05,2.801E-01
-1.3820E-05,2.641E-01
-1.3820E-05,2.801E-01
-1.3760E-05,2.641E-01
-1.3760E-05,2.801E-01
-1.3700E-05,2.641E-01
-1.3700E-05,2.801E-01
-1.3640E-05,2.641E-01
-1.3640E-05,2.881E-01
-1.3580E-05,2.721E-01
-1.3580E-05,2.881E-01
-1.3520E-05,2.641E-01
-1.3520E-05,2.881E-01
-1.3460E-05,2.721E-01
-1.3460E-05,2.881E-01
-1.3400E-05,2.721E-01
-1.3400E-05,2.881E-01
-1.3340E-05,2.721E-01
-1.3340E-05,2.961E-01
-1.3280E-05,2.721E-01
-1.3280E-05,2.881E-01
-1.3220E-05,2.721E-01
-1.3220E-05,2.961E-01
-1.3160E-05,2.721E-01
-1.3160E-05,2.961E-01
-1.3100E-05,2.801E-01
-1.3100E-05,2.961E-01
-1.3040E-05,2.801E-01
-1.3040E-05,2.961E-01
-1.2980E-05,2.801E-01
-1.2980E-05,2.961E-01
-1.2920E-05,2.801E-01
-1.2920E-05,2.961E-01
-1.2860E-05,2.801E-01
-1.2860E-05,2.961E-01
-1.2800E-05,2.801E-01
-1.2800E-05,3.041E-01
-1.2740E-05,2.801E-01
-1.2740E-05,3.041E-01
-1.2680E-05,2.801E-01
-1.2680E-05,3.041E-01
-1.2620E-05,2.881E-01
-1.2620E-05,3.041E-01
-1.2560E-05,2.801E-01
-1.2560E-05,3.041E-01
-1.2500E-05,2.881E-01
-1.2500E-05,3.121E-01
-1.2440E-05,2.881E-01
-1.2440E-05,3.121E-01
-1.2380E-05,2.881E-01
-1.2380E-05,3.121E-01
-1.2320E-05,2.881E-01
-1.2320E-05,3.201E-01
-1.2260E-05,2.961E-01
-1.2260E-05,3.201E-01
-1.2200E-05,2.961E-01
-1.2200E-05,3.121E-01
-1.2140E-05,2.961E-01
-1.2140E-05,3.121E-01
-1.2080E-05,2.961E-01
-1.2080E-05,3.201E-01
-1.2020E-05,2.961E-01
-1.2020E-05,3.201E-01
-1.1960E-05,2.961E-01
-1.1960E-05,3.201E-01
-1.1900E-05,2.961E-01
-1.1900E-05,3.201E-01
-1.1840E-05,3.041E-01
-1.1840E-05,3.201E-01
-1.1780E-05,3.041E-01
-1.1780E-05,3.201E-01
-1.1720E-05,3.041E-01
-1.1720E-05,3.281E-01
-1.1660E-05,3.041E-01
-1.1660E-05,3.201E-01
-1.1600E-05,3.041E-01
-1.1600E-05,3.201E-01
-1.1540E-05,3.041E-01
-1.1540E-05,3.281E-01
-1.1480E-05,3.121E-01
-1.1480E-05,3.281E-01
-1.1420E-05,3.041E-01
-1.1420E-05,3.281E-01
-1.1360E-05,3.121E-01
-1.1360E-05,3.281E-01
-1.1300E-05,3.121E-01
-1.1300E-05,3.281E-01
-1.1240E-05,3.121E-01
-1.1240E-05,3.281E-01
-1.1180E-05,3.121E-01
-1.1180E-05,3.281E-01
-1.1120E-05,3.201E-01
-1.1120E-05,3.281E-01
-1.1060E-05,3.201E-01
-1.1060E-05,3.361E-01
-1.1000E-05,3.201E-01
-1.1000E-05,3.361E-01
-1.0940E-05,3.201E-01
-1.0940E-05,3.361E-01
-1.0880E-05,3.201E-01
-1.0880E-05,3.441E-01
-1.0820E-05,3.281E-01
-1.0820E-05,3.441E-01
-1.0760E-05,3.281E-01
-1.0760E-05,3.441E-01
-1.0700E-05,3.281E-01
-1.0700E-05,3.441E-01
-1.0640E-05,3.201E-01
-1.0640E-05,3.521E-01
-1.0580E-05,3.201E-01
-1.0580E-05,3.441E-01
-1.0520E-05,3.281E-01
-1.0520E-05,3.441E-01
-1.0460E-05,3.361E-01
-1.0460E-05,3.521E-01
-1.0400E-05,3.281E-01
-1.0400E-05,3.521E-01
-1.0340E-05,3.361E-01
-1.0340E-05,3.521E-01
-1.0280E-05,3.361E-01
-1.0280E-05,3.521E-01
-1.0220E-05,3.361E-01
-1.0220E-05,3.521E-01
-1.0160E-05,3.361E-01
-1.0160E-05,3.521E-01
-1.0100E-05,3.441E-01
-1.0100E-05,3.601E-01
-1.0040E-05,3.361E-01
-1.0040E-05,3.601E-01
-9.9800E-06,3.441E-01
-9.9800E-06,3.601E-01
-9.9200E-06,3.441E-01
-9.9200E-06,3.601E-01
-9.8600E-06,3.441E-01
-9.8600E-06,3.601E-01
-9.8000E-06,3.441E-01
-9.8000E-06,3.601E-01
-9.7400E-06,3.441E-01
-9.7400E-06,3.601E-01
-9.6800E-06,3.521E-01
-9.6800E-06,3.681E-01
-9.6200E-06,3.521E-01
-9.6200E-06,3.681E-01
-9.5600E-06,3.441E-01
-9.5600E-06,3.681E-01
-9.5000E-06,3.521E-01
-9.5000E-06,3.681E-01
-9.4400E-06,3.441E-01
-9.4400E-06,3.681E-01
-9.3800E-06,3.521E-01
-9.3800E-06,3.681E-01
-9.3200E-06,3.521E-01
-9.3200E-06,3.681E-01
-9.2600E-06,3.521E-01
-9.2600E-06,3.761E-01
-9.2000E-06,3.601E-01
-9.2000E-06,3.761E-01
-9.1400E-06,3.601E-01
-9.1400E-06,3.761E-01
-9.0800E-06,3.601E-01
-9.0800E-06,3.761E-01
-9.0200E-06,3.601E-01
-9.0200E-06,3.841E-01
-8.9600E-06,3.681E-01
-8.9600E-06,3.841E-01
-8.9000E-06,3.681E-01
-8.9000E-06,3.841E-01
-8.8400E-06,3.681E-01
-8.8400E-06,3.841E-01
-8.7800E-06,3.681E-01
-8.7800E-06,3.841E-01
-8.7200E-06,3.681E-01
-8.7200E-06,3.841E-01
-8.6600E-06,3.681E-01
-8.6600E-06,3.841E-01
-8.6000E-06,3.761E-01
-8.6000E-06,3.921E-01
-8.5400E-06,3.761E-01
-8.5400E-06,3.921E-01
-8.4800E-06,3.761E-01
-8.4800E-06,3.921E-01
-8.4200E-06,3.761E-01
-8.4200E-06,4.001E-01
-8.3600E-06,3.761E-01
-8.3600E-06,4.001E-01
-8.3000E-06,3.761E-01
-8.3000E-06,4.001E-01
-8.2400E-06,3.841E-01
-8.2400E-06,4.001E-01
-8.1800E-06,3.841E-01
-8.1800E-06,4.081E-01
-8.1200E-06,3.841E-01
-8.1200E-06,4.081E-01
-8.0600E-06,3.921E-01
-8.0600E-06,4.081E-01
-8.0000E-06,3.921E-01
-8.0000E-06,4.161E-01
-7.9400E-06,3.921E-01
-7.9400E-06,4.161E-01
-7.8800E-06,4.001E-01
-7.8800E-06,4.161E-01
-7.8200E-06,3.921E-01
-7.8200E-06,4.161E-01
-7.7600E-06,4.001E-01
-7.7600E-06,4.161E-01
-7.7000E-06,4.001E-01
-7.7000E-06,4.161E-01
-7.6400E-06,3.921E-01
-7.6400E-06,4.161E-01
-7.5800E-06,4.001E-01
-7.5800E-06,4.161E-01
-7.5200E-06,4.001E-01
-7.5200E-06,4.161E-01
-7.4600E-06,4.001E-01
-7.4600E-06,4.161E-01
-7.4000E-06,4.001E-01
-7.4000E-06,4.241E-01
-7.3400E-06,4.081E-01
-7.3400E-06,4.241E-01
-7.2800E-06,4.081E-01
-7.2800E-06,4.241E-01
-7.2200E-06,4.081E-01
-7.2200E-06,4.241E-01
-7.1600E-06,4.081E-01
-7.1600E-06,4.241E-01
-7.1000E-06,4.081E-01
-7.1000E-06,4.241E-01
-7.0400E-06,4.081E-01
-7.0400E-06,4.321E-01
-6.9800E-06,4.161E-01
-6.9800E-06,4.321E-01
-6.9200E-06,4.161E-01
-6.9200E-06,4.321E-01
-6.8600E-06,4.161E-01
-6.8600E-06,4.321E-01
-6.8000E-06,4.161E-01
-6.8000E-06,4.321E-01
-6.7400E-06,4.161E-01
-6.7400E-06,4.321E-01
-6.6800E-06,4.161E-01
-6.6800E-06,4.401E-01
-6.6200E-06,4.241E-01
-6.6200E-06,4.401E-01
-6.5600E-06,4.161E-01
-6.5600E-06,4.401E-01
-6.5000E-06,4.241E-01
-6.5000E-06,4.401E-01
-6.4400E-06,4.241E-01
-6.4400E-06,4.401E-01
-6.3800E-06,4.241E-01
-6.3800E-06,4.401E-01
-6.3200E-06,4.241E-01
-6.3200E-06,4.401E-01
-6.2600E-06,4.241E-01
-6.2600E-06,4.481E-01
-6.2000E-06,4.321E-01
-6.2000E-06,4.561E-01
-6.1400E-06,4.321E-01
-6.1400E-06,4.561E-01
-6.0800E-06,4.321E-01
-6.0800E-06,4.561E-01
-6.0200E-06,4.321E-01
-6.0200E-06,4.561E-01
-5.9600E-06,4.401E-01
-5.9600E-06,4.641E-01
-5.9000E-06,4.401E-01
-5.9000E-06,4.561E-01
-5.8400E-06,4.401E-01
-5.8400E-06,4.641E-01
-5.7800E-06,4.401E-01
-5.7800E-06,4.641E-01
-5.7200E-06,4.401E-01
-5.7200E-06,4.641E-01
-5.6600E-06,4.401E-01
-5.6600E-06,4.641E-01
-5.6000E-06,4.481E-01
-5.6000E-06,4.721E-01
-5.5400E-06,4.481E-01
-5.5400E-06,4.641E-01
-5.4800E-06,4.481E-01
-5.4800E-06,4.721E-01
-5.4200E-06,4.481E-01
-5.4200E-06,4.721E-01
-5.3600E-06,4.561E-01
-5.3600E-06,4.721E-01
-5.3000E-06,4.481E-01
-5.3000E-06,4.721E-01
-5.2400E-06,4.561E-01
-5.2400E-06,4.721E-01
-5.1800E-06,4.561E-01
-5.1800E-06,4.721E-01
-5.1200E-06,4.561E-01
-5.1200E-06,4.721E-01
-5.0600E-06,4.641E-01
-5.0600E-06,4.801E-01
-5.0000E-06,4.641E-01
-5.0000E-06,4.801E-01
-4.9400E-06,4.641E-01
-4.9400E-06,4.801E-01
-4.8800E-06,4.641E-01
-4.8800E-06,4.881E-01
-4.8200E-06,4.641E-01
-4.8200E-06,4.881E-01
-4.7600E-06,4.721E-01
-4.7600E-06,4.881E-01
-4.7000E-06,4.721E-01
-4.7000E-06,4.881E-01
-4.6400E-06,4.721E-01
-4.6400E-06,4.881E-01
-4.5800E-06,4.721E-01
-4.5800E-06,4.961E-01
-4.5200E-06,4.801E-01
-4.5200E-06,4.961E-01
-4.4600E-06,4.801E-01
-4.4600E-06,4.961E-01
-4.4000E-06,4.801E-01
-4.4000E-06,4.961E-01
-4.3400E-06,4.801E-01
-4.3400E-06,4.961E-01
-4.2800E-06,4.801E-01
-4.2800E-06,5.041E-01
-4.2200E-06,4.881E-01
-4.2200E-06,5.041E-01
-4.1600E-06,4.881E-01
-4.1600E-06,5.041E-01
-4.1000E-06,4.881E-01
-4.1000E-06,5.041E-01
-4.0400E-06,4.881E-01
-4.0400E-06,5.041E-01
-3.9800E-06,4.881E-01
-3.9800E-06,5.121E-01
-3.9200E-06,4.961E-01
-3.9200E-06,5.121E-01
-3.8600E-06,4.961E-01
-3.8600E-06,5.121E-01
-3.8000E-06,4.961E-01
-3.8000E-06,5.201E-01
-3.7400E-06,5.041E-01
-3.7400E-06,5.121E-01
-3.6800E-06,5.041E-01
-3.6800E-06,5.121E-01
-3.6200E-06,5.041E-01
-3.6200E-06,5.121E-01
-3.5600E-06,5.041E-01
-3.5600E-06,5.201E-01
-3.5000E-06,5.041E-01
-3.5000E-06,5.201E-01
-3.4400E-06,5.041E-01
-3.4400E-06,5.201E-01
-3.3800E-06,5.041E-01
-3.3800E-06,5.281E-01
-3.3200E-06,5.121E-01
-3.3200E-06,5.281E-01
-3.2600E-06,5.041E-01
-3.2600E-06,5.281E-01
-3.2000E-06,5.121E-01
-3.2000E-06,5.281E-01
-3.1400E-06,5.121E-01
-3.1400E-06,5.281E-01
-3.0800E-06,5.201E-01
-3.0800E-06,5.361E-01
-3.0200E-06,5.201E-01
-3.0200E-06,5.361E-01
-2.9600E-06,5.121E-01
-2.9600E-06,5.361E-01
-2.9000E-06,5.201E-01
-2.9000E-06,5.361E-01
-2.8400E-06,5.201E-01
-2.8400E-06,5.441E-01
-2.7800E-06,5.281E-01
-2.7800E-06,5.441E-01
-2.7200E-06,5.281E-01
-2.7200E-06,5.441E-01
-2.6600E-06,5.281E-01
-2.6600E-06,5.521E-01
-2.6000E-06,5.281E-01
-2.6000E-06,5.441E-01
-2.5400E-06,5.281E-01
-2.5400E-06,5.521E-01
-2.4800E-06,5.281E-01
-2.4800E-06,5.521E-01
-2.4200E-06,5.281E-01
-2.4200E-06,5.521E-01
-2.3600E-06,5.361E-01
-2.3600E-06,5.521E-01
-2.3000E-06,5.361E-01
-2.3000E-06,5.681E-01
-2.2400E-06,5.441E-01
-2.2400E-06,5.601E-01
-2.1800E-06,5.361E-01
-2.1800E-06,5.601E-01
-2.1200E-06,5.441E-01
-2.1200E-06,5.601E-01
-2.0600E-06,5.441E-01
-2.0600E-06,5.601E-01
-2.0000E-06,5.441E-01
-2.0000E-06,5.681E-01
-1.9400E-06,5.441E-01
-1.9400E-06,5.681E-01
-1.8800E-06,5.521E-01
-1.8800E-06,5.681E-01
-1.8200E-06,5.521E-01
-1.8200E-06,5.681E-01
-1.7600E-06,5.521E-01
-1.7600E-06,5.761E-01
-1.7000E-06,5.521E-01
-1.7000E-06,5.761E-01
-1.6400E-06,5.521E-01
-1.6400E-06,5.761E-01
-1.5800E-06,5.601E-01
-1.5800E-06,5.841E-01
-1.5200E-06,5.601E-01
-1.5200E-06,5.761E-01
-1.4600E-06,5.601E-01
-1.4600E-06,5.841E-01
-1.4000E-06,5.601E-01
-1.4000E-06,5.841E-01
-1.3400E-06,5.601E-01
-1.3400E-06,5.841E-01
-1.2800E-06,5.681E-01
-1.2800E-06,5.921E-01
-1.2200E-06,5.681E-01
-1.2200E-06,5.841E-01
-1.1600E-06,5.681E-01
-1.1600E-06,5.921E-01
-1.1000E-06,5.761E-01
-1.1000E-06,5.921E-01
-1.0400E-06,5.761E-01
-1.0400E-06,5.921E-01
-9.7998E-07,5.761E-01
-9.7998E-07,5.921E-01
-9.1998E-07,5.761E-01
-9.1998E-07,6.001E-01
-8.5998E-07,5.761E-01
-8.5998E-07,6.001E-01
-7.9998E-07,5.841E-01
-7.9998E-07,6.001E-01
-7.3998E-07,5.841E-01
-7.3998E-07,6.001E-01
-6.7998E-07,5.841E-01
-6.7998E-07,6.001E-01
-6.1998E-07,5.841E-01
-6.1998E-07,6.001E-01
-5.5998E-07,5.841E-01
-5.5998E-07,6.001E-01
-4.9998E-07,5.841E-01
-4.9998E-07,6.081E-01
-4.3998E-07,5.921E-01
-4.3998E-07,6.081E-01
-3.7998E-07,5.921E-01
-3.7998E-07,6.081E-01
-3.1998E-07,5.921E-01
-3.1998E-07,6.161E-01
-2.5998E-07,6.001E-01
-2.5998E-07,6.161E-01
-1.9998E-07,5.921E-01
-1.9998E-07,6.161E-01
-1.3998E-07,6.001E-01
-1.3998E-07,6.161E-01
-7.9976E-08,6.001E-01
-7.9976E-08,6.161E-01
-1.9976E-08,6.001E-01
-1.9976E-08,6.161E-01
4.0024E-08,6.001E-01
4.0024E-08,6.241E-01
1.0002E-07,6.081E-01
1.0002E-07,6.241E-01
1.6002E-07,6.001E-01
1.6002E-07,6.241E-01
2.2002E-07,6.081E-01
2.2002E-07,6.241E-01
2.8002E-07,6.081E-01
2.8002E-07,6.241E-01
3.4002E-07,6.081E-01
3.4002E-07,6.321E-01
4.0002E-07,6.081E-01
4.0002E-07,6.321E-01
4.6002E-07,6.161E-01
4.6002E-07,6.321E-01
5.2002E-07,6.161E-01
5.2002E-07,6.401E-01
5.8002E-07,6.161E-01
5.8002E-07,6.401E-01
6.4002E-07,6.241E-01
6.4002E-07,6.401E-01
7.0002E-07,6.241E-01
7.0002E-07,6.401E-01
7.6002E-07,6.241E-01
7.6002E-07,6.401E-01
8.2002E-07,6.241E-01
8.2002E-07,6.401E-01
8.8002E-07,6.241E-01
8.8002E-07,6.401E-01
9.4002E-07,6.241E-01
9.4002E-07,6.481E-01
1.0000E-06,6.241E-01
1.0000E-06,6.561E-01
1.0600E-06,6.241E-01
1.0600E-06,6.561E-01
1.1200E-06,6.321E-01
1.1200E-06,6.481E-01
1.1800E-06,6.321E-01
1.1800E-06,6.481E-01
1.2400E-06,6.321E-01
1.2400E-06,6.561E-01
1.3000E-06,6.321E-01
1.3000E-06,6.561E-01
1.3600E-06,6.321E-01
1.3600E-06,6.561E-01
1.4200E-06,6.321E-01
1.4200E-06,6.561E-01
1.4800E-06,6.401E-01
1.4800E-06,6.641E-01
1.5400E-06,6.401E-01
1.5400E-06,6.641E-01
1.6000E-06,6.401E-01
1.6000E-06,6.641E-01
1.6600E-06,6.401E-01
1.6600E-06,6.641E-01
1.7200E-06,6.481E-01
1.7200E-06,6.641E-01
1.7800E-06,6.481E-01
1.7800E-06,6.641E-01
1.8400E-06,6.481E-01
1.8400E-06,6.641E-01
1.9000E-06,6.561E-01
1.9000E-06,6.721E-01
1.9600E-06,6.561E-01
1.9600E-06,6.721E-01
2.0200E-06,6.561E-01
2.0200E-06,6.721E-01
2.0800E-06,6.561E-01
2.0800E-06,6.721E-01
2.1400E-06,6.561E-01
2.1400E-06,6.721E-01
2.2000E-06,6.561E-01
2.2000E-06,6.801E-01
2.2600E-06,6.561E-01
2.2600E-06,6.801E-01
2.3200E-06,6.641E-01
2.3200E-06,6.801E-01
2.3800E-06,6.641E-01
2.3800E-06,6.801E-01
2.4400E-06,6.641E-01
2.4400E-06,6.801E-01
2.5000E-06,6.641E-01
2.5000E-06,6.881E-01
2.5600E-06,6.721E-01
2.5600E-06,6.881E-01
2.6200E-06,6.721E-01
2.6200E-06,6.881E-01
2.6800E-06,6.641E-01
2.6800E-06,6.881E-01
2.7400E-06,6.721E-01
2.7400E-06,6.881E-01
2.8000E-06,6.721E-01
2.8000E-06,6.881E-01
2.8600E-06,6.721E-01
2.8600E-06,6.881E-01
2.9200E-06,6.721E-01
2.9200E-06,6.961E-01
2.9800E-06,6.721E-01
2.9800E-06,6.961E-01
3.0400E-06,6.721E-01
3.0400E-06,6.961E-01
3.1000E-06,6.801E-01
3.1000E-06,6.961E-01
3.1600E-06,6.801E-01
3.1600E-06,7.041E-01
3.2200E-06,6.801E-01
3.2200E-06,6.961E-01
3.2800E-06,6.881E-01
3.2800E-06,7.041E-01
3.3400E-06,6.881E-01
3.3400E-06,7.041E-01
3.4000E-06,6.881E-01
3.4000E-06,7.041E-01
3.4600E-06,6.881E-01
3.4600E-06,7.121E-01
3.5200E-06,6.961E-01
3.5200E-06,7.121E-01
3.5800E-06,6.961E-01
3.5800E-06,7.121E-01
3.6400E-06,7.041E-01
3.6400E-06,7.121E-01
3.7000E-06,6.961E-01
3.7000E-06,7.121E-01
3.7600E-06,7.041E-01
3.7600E-06,7.201E-01
3.8200E-06,7.041E-01
3.8200E-06,7.201E-01
3.8800E-06,7.041E-01
3.8800E-06,7.201E-01
3.9400E-06,7.121E-01
3.9400E-06,7.201E-01
4.0000E-06,7.121E-01
4.0000E-06,7.201E-01
4.0600E-06,7.121E-01
4.0600E-06,7.281E-01
4.1200E-06,7.121E-01
4.1200E-06,7.281E-01
4.1800E-06,7.121E-01
4.1800E-06,7.281E-01
4.2400E-06,7.121E-01
4.2400E-06,7.361E-01
4.3000E-06,7.121E-01
4.3000E-06,7.361E-01
4.3600E-06,7.121E-01
4.3600E-06,7.361E-01
4.4200E-06,7.201E-01
4.4200E-06,7.361E-01
4.4800E-06,7.201E-01
4.4800E-06,7.361E-01
4.5400E-06,7.201E-01
4.5400E-06,7.361E-01
4.6000E-06,7.201E-01
4.6000E-06,7.361E-01
4.6600E-06,7.201E-01
4.6600E-06,7.361E-01
4.7200E-06,7.201E-01
4.7200E-06,7.361E-01
4.7800E-06,7.201E-01
4.7800E-06,7.441E-01
4.8400E-06,7.201E-01
4.8400E-06,7.441E-01
4.9000E-06,7.281E-01
4.9000E-06,7.441E-01
4.9600E-06,7.281E-01
4.9600E-06,7.441E-01
5.0200E-06,7.281E-01
5.0200E-06,7.441E-01
5.0800E-06,7.281E-01
5.0800E-06,7.521E-01
5.1400E-06,7.361E-01
5.1400E-06,7.521E-01
5.2000E-06,7.361E-01
5.2000E-06,7.521E-01
5.2600E-06,7.361E-01
5.2600E-06,7.521E-01
5.3200E-06,7.361E-01
5.3200E-06,7.521E-01
5.3800E-06,7.361E-01
5.3800E-06,7.601E-01
5.4400E-06,7.441E-01
5.4400E-06,7.601E-01
5.5000E-06,7.441E-01
5.5000E-06,7.601E-01
5.5600E-06,7.441E-01
5.5600E-06,7.601E-01
5.6200E-06,7.441E-01
5.6200E-06,7.601E-01
5.6800E-06,7.441E-01
5.6800E-06,7.681E-01
5.7400E-06,7.441E-01
5.7400E-06,7.681E-01
5.8000E-06,7.521E-01
5.8000E-06,7.761E-01
5.8600E-06,7.521E-01
5.8600E-06,7.761E-01
5.9200E-06,7.521E-01
5.9200E-06,7.681E-01
5.9800E-06,7.521E-01
5.9800E-06,7.681E-01
6.0400E-06,7.521E-01
6.0400E-06,7.681E-01
6.1000E-06,7.601E-01
6.1000E-06,7.681E-01
6.1600E-06,7.601E-01
6.1600E-06,7.681E-01
6.2200E-06,7.521E-01
6.2200E-06,7.761E-01
6.2800E-06,7.521E-01
6.2800E-06,7.761E-01
6.3400E-06,7.601E-01
6.3400E-06,7.761E-01
6.4000E-06,7.601E-01
6.4000E-06,7.761E-01
6.4600E-06,7.601E-01
6.4600E-06,7.761E-01
6.5200E-06,7.601E-01
6.5200E-06,7.841E-01
6.5800E-06,7.681E-01
6.5800E-06,7.841E-01
6.6400E-06,7.681E-01
6.6400E-06,7.841E-01
6.7000E-06,7.681E-01
6.7000E-06,7.921E-01
6.7600E-06,7.601E-01
6.7600E-06,7.921E-01
6.8200E-06,7.681E-01
6.8200E-06,7.921E-01
6.8800E-06,7.681E-01
6.8800E-06,7.921E-01
6.9400E-06,7.761E-01
6.9400E-06,7.921E-01
7.0000E-06,7.761E-01
7.0000E-06,7.921E-01
7.0600E-06,7.761E-01
7.0600E-06,7.921E-01
7.1200E-06,7.761E-01
7.1200E-06,7.921E-01
7.1800E-06,7.761E-01
7.1800E-06,7.921E-01
7.2400E-06,7.761E-01
7.2400E-06,7.921E-01
7.3000E-06,7.841E-01
7.3000E-06,7.921E-01
7.3600E-06,7.841E-01
7.3600E-06,8.001E-01
7.4200E-06,7.761E-01
7.4200E-06,8.001E-01
7.4800E-06,7.841E-01
7.4800E-06,8.001E-01
7.5400E-06,7.841E-01
7.5400E-06,8.001E-01
7.6000E-06,7.841E-01
7.6000E-06,8.081E-01
7.6600E-06,7.841E-01
7.6600E-06,8.081E-01
7.7200E-06,7.841E-01
7.7200E-06,8.081E-01
7.7800E-06,7.921E-01
7.7800E-06,8.081E-01
7.8400E-06,7.921E-01
7.8400E-06,8.081E-01
7.9000E-06,7.921E-01
7.9000E-06,8.081E-01
7.9600E-06,7.921E-01
7.9600E-06,8.161E-01
8.0200E-06,7.921E-01
8.0200E-06,8.081E-01
8.0800E-06,7.921E-01
8.0800E-06,8.161E-01
8.1400E-06,7.921E-01
8.1400E-06,8.161E-01
8.2000E-06,7.921E-01
8.2000E-06,8.161E-01
8.2600E-06,7.921E-01
8.2600E-06,8.161E-01
8.3200E-06,8.001E-01
8.3200E-06,8.161E-01
8.3800E-06,8.001E-01
8.3800E-06,8.161E-01
8.4400E-06,8.001E-01
8.4400E-06,8.241E-01
8.5000E-06,8.001E-01
8.5000E-06,8.241E-01
8.5600E-06,8.001E-01
8.5600E-06,8.241E-01
8.6200E-06,8.001E-01
8.6200E-06,8.241E-01
8.6800E-06,8.081E-01
8.6800E-06,8.241E-01
8.7400E-06,8.081E-01
8.7400E-06,8.241E-01
8.8000E-06,8.081E-01
8.8000E-06,8.321E-01
8.8600E-06,8.081E-01
8.8600E-06,8.241E-01
8.9200E-06,8.081E-01
8.9200E-06,8.321E-01
8.9800E-06,8.081E-01
8.9800E-06,8.321E-01
9.0400E-06,8.161E-01
9.0400E-06,8.321E-01
9.1000E-06,8.161E-01
9.1000E-06,8.321E-01
9.1600E-06,8.161E-01
9.1600E-06,8.321E-01
9.2200E-06,8.161E-01
9.2200E-06,8.401E-01
9.2800E-06,8.161E-01
9.2800E-06,8.401E-01
9.3400E-06,8.161E-01
9.3400E-06,8.401E-01
9.4000E-06,8.161E-01
9.4000E-06,8.401E-01
9.4600E-06,8.161E-01
9.4600E-06,8.401E-01
9.5200E-06,8.241E-01
9.5200E-06,8.401E-01
9.5800E-06,8.321E-01
9.5800E-06,8.481E-01
9.6400E-06,8.241E-01
9.6400E-06,8.401E-01
9.7000E-06,8.241E-01
9.7000E-06,8.401E-01
9.7600E-06,8.241E-01
9.7600E-06,8.481E-01
9.8200E-06,8.241E-01
9.8200E-06,8.481E-01
9.8800E-06,8.321E-01
9.8800E-06,8.481E-01
9.9400E-06,8.321E-01
9.9400E-06,8.481E-01
1.0000E-05,8.321E-01
1.0000E-05,8.481E-01
1.0060E-05,8.321E-01
1.0060E-05,8.481E-01
1.0120E-05,8.321E-01
1.0120E-05,8.481E-01
1.0180E-05,8.321E-01
1.0180E-05,8.481E-01
1.0240E-05,8.321E-01
1.0240E-05,8.561E-01
1.0300E-05,8.401E-01
1.0300E-05,8.561E-01
1.0360E-05,8.401E-01
1.0360E-05,8.641E-01
1.0420E-05,8.401E-01
1.0420E-05,8.641E-01
1.0480E-05,8.401E-01
1.0480E-05,8.561E-01
1.0540E-05,8.401E-01
1.0540E-05,8.641E-01
1.0600E-05,8.401E-01
1.0600E-05,8.641E-01
1.0660E-05,8.401E-01
1.0660E-05,8.561E-01
1.0720E-05,8.401E-01
1.0720E-05,8.561E-01
1.0780E-05,8.481E-01
1.0780E-05,8.641E-01
1.0840E-05,8.401E-01
1.0840E-05,8.641E-01
1.0900E-05,8.481E-01
1.0900E-05,8.641E-01
1.0960E-05,8.481E-01
1.0960E-05,8.721E-01
1.1020E-05,8.481E-01
1.1020E-05,8.721E-01
1.1080E-05,8.481E-01
1.1080E-05,8.721E-01
1.1140E-05,8.561E-01
1.1140E-05,8.721E-01
1.1200E-05,8.481E-01
1.1200E-05,8.721E-01
1.1260E-05,8.561E-01
1.1260E-05,8.721E-01
1.1320E-05,8.561E-01
1.1320E-05,8.721E-01
1.1380E-05,8.561E-01
1.1380E-05,8.721E-01
1.1440E-05,8.561E-01
1.1440E-05,8.801E-01
1.1500E-05,8.561E-01
1.1500E-05,8.801E-01
1.1560E-05,8.561E-01
1.1560E-05,8.801E-01
1.1620E-05,8.641E-01
1.1620E-05,8.801E-01
1.1680E-05,8.561E-01
1.1680E-05,8.801E-01
1.1740E-05,8.641E-01
1.1740E-05,8.801E-01
1.1800E-05,8.641E-01
1.1800E-05,8.801E-01
1.1860E-05,8.641E-01
1.1860E-05,8.881E-01
1.1920E-05,8.721E-01
1.1920E-05,8.881E-01
1.1980E-05,8.721E-01
1.1980E-05,8.881E-01
1.2040E-05,8.721E-01
1.2040E-05,8.881E-01
1.2100E-05,8.641E-01
1.2100E-05,8.881E-01
1.2160E-05,8.641E-01
1.2160E-05,8.881E-01
1.2220E-05,8.721E-01
1.2220E-05,8.961E-01
1.2280E-05,8.721E-01
1.2280E-05,8.881E-01
1.2340E-05,8.641E-01
1.2340E-05,8.881E-01
1.2400E-05,8.561E-01
1.2400E-05,8.801E-01
1.2460E-05,8.561E-01
1.2460E-05,8.881E-01
1.2520E-05,8.721E-01
1.2520E-05,8.961E-01
1.2580E-05,8.721E-01
1.2580E-05,8.961E-01
1.2640E-05,8.721E-01
1.2640E-05,8.961E-01
1.2700E-05,8.721E-01
1.2700E-05,8.961E-01
1.2760E-05,8.721E-01
1.2760E-05,8.961E-01
1.2820E-05,8.801E-01
1.2820E-05,8.961E-01
1.2880E-05,8.801E-01
1.2880E-05,9.041E-01
1.2940E-05,8.801E-01
1.2940E-05,9.041E-01
1.3000E-05,8.801E-01
1.3000E-05,9.041E-01
1.3060E-05,8.881E-01
1.3060E-05,9.041E-01
1.3120E-05,8.881E-01
1.3120E-05,9.041E-01
1.3180E-05,8.881E-01
1.3180E-05,9.041E-01
1.3240E-05,8.881E-01
1.3240E-05,9.041E-01
1.3300E-05,8.881E-01
1.3300E-05,9.041E-01
1.3360E-05,8.881E-01
1.3360E-05,9.041E-01
1.3420E-05,8.881E-01
1.3420E-05,9.121E-01
1.3480E-05,8.881E-01
1.3480E-05,9.121E-01
1.3540E-05,8.881E-01
1.3540E-05,9.121E-01
1.3600E-05,8.881E-01
1.3600E-05,9.121E-01
1.3660E-05,8.881E-01
1.3660E-05,9.121E-01
1.3720E-05,8.961E-01
1.3720E-05,9.201E-01
1.3780E-05,8.961E-01
1.3780E-05,9.201E-01
1.3840E-05,8.961E-01
1.3840E-05,9.121E-01
1.3900E-05,8.961E-01
1.3900E-05,9.201E-01
1.3960E-05,8.961E-01
1.3960E-05,9.201E-01
1.4020E-05,8.961E-01
1.4020E-05,9.201E-01
1.4080E-05,9.041E-01
1.4080E-05,9.201E-01
1.4140E-05,9.041E-01
1.4140E-05,9.201E-01
1.4200E-05,8.961E-01
1.4200E-05,9.201E-01
1.4260E-05,8.961E-01
1.4260E-05,9.201E-01
1.4320E-05,9.041E-01
1.4320E-05,9.201E-01
1.4380E-05,9.041E-01
1.4380E-05,9.201E-01
1.4440E-05,9.041E-01
1.4440E-05,9.201E-01
1.4500E-05,9.041E-01
1.4500E-05,9.201E-01
1.4560E-05,9.041E-01
1.4560E-05,9.201E-01
1.4620E-05,9.041E-01
1.4620E-05,9.201E-01
1.4680E-05,9.041E-01
1.4680E-05,9.281E-01
1.4740E-05,9.121E-01
1.4740E-05,9.281E-01
1.4800E-05,9.121E-01
1.4800E-05,9.361E-01
1.4860E-05,9.201E-01
1.4860E-05,9.361E-01
1.4920E-05,9.201E-01
1.4920E-05,9.361E-01
1.4980E-05,9.201E-01
1.4980E-05,9.361E-01
1.5040E-05,9.201E-01
1.5040E-05,9.361E-01
1.5100E-05,9.201E-01
1.5100E-05,9.361E-01
1.5160E-05,9.201E-01
1.5160E-05,9.361E-01
1.5220E-05,9.201E-01
1.5220E-05,9.361E-01
1.5280E-05,9.121E-01
1.5280E-05,9.361E-01
1.5340E-05,9.121E-01
1.5340E-05,9.281E-01
1.5400E-05,9.121E-01
1.5400E-05,9.281E-01
1.5460E-05,9.121E-01
1.5460E-05,9.361E-01
1.5520E-05,9.121E-01
1.5520E-05,9.281E-01
1.5580E-05,9.121E-01
1.5580E-05,9.281E-01
1.5640E-05,9.121E-01
1.5640E-05,9.361E-01
1.5700E-05,9.121E-01
1.5700E-05,9.361E-01
1.5760E-05,9.121E-01
1.5760E-05,9.281E-01
1.5820E-05,9.201E-01
1.5820E-05,9.361E-01
1.5880E-05,9.201E-01
1.5880E-05,9.361E-01
1.5940E-05,9.121E-01
1.5940E-05,9.361E-01
1.6000E-05,9.121E-01
1.6000E-05,9.361E-01
1.6060E-05,9.201E-01
1.6060E-05,9.441E-01
1.6120E-05,9.201E-01
1.6120E-05,9.361E-01
1.6180E-05,9.201E-01
1.6180E-05,9.361E-01
1.6240E-05,9.201E-01
1.6240E-05,9.361E-01
1.6300E-05,9.201E-01
1.6300E-05,9.441E-01
1.6360E-05,9.201E-01
1.6360E-05,9.441E-01
1.6420E-05,9.201E-01
1.6420E-05,9.361E-01
1.6480E-05,9.201E-01
1.6480E-05,9.361E-01
1.6540E-05,9.201E-01
1.6540E-05,9.441E-01
1.6600E-05,9.281E-01
1.6600E-05,9.441E-01
1.6660E-05,9.201E-01
1.6660E-05,9.441E-01
1.6720E-05,9.281E-01
1.6720E-05,9.441E-01
1.6780E-05,9.201E-01
1.6780E-05,9.521E-01
1.6840E-05,9.201E-01
1.6840E-05,9.441E-01
1.6900E-05,9.281E-01
1.6900E-05,9.521E-01
1.6960E-05,9.281E-01
1.6960E-05,9.521E-01
1.7020E-05,9.281E-01
1.7020E-05,9.521E-01
1.7080E-05,9.281E-01
1.7080E-05,9.441E-01
1.7140E-05,9.281E-01
1.7140E-05,9.441E-01
1.7200E-05,9.281E-01
1.7200E-05,9.521E-01
1.7260E-05,9.281E-01
1.7260E-05,9.521E-01
1.7320E-05,9.361E-01
1.7320E-05,9.521E-01
1.7380E-05,9.361E-01
1.7380E-05,9.521E-01
1.7440E-05,9.361E-01
1.7440E-05,9.521E-01
1.7500E-05,9.361E-01
1.7500E-05,9.521E-01
1.7560E-05,9.361E-01
1.7560E-05,9.521E-01
1.7620E-05,9.281E-01
1.7620E-05,9.521E-01
1.7680E-05,9.281E-01
1.7680E-05,9.521E-01
1.7740E-05,9.361E-01
1.7740E-05,9.521E-01
1.7800E-05,9.361E-01
1.7800E-05,9.521E-01
1.7860E-05,9.361E-01
1.7860E-05,9.521E-01
1.7920E-05,9.281E-01
1.7920E-05,9.601E-01
1.7980E-05,9.361E-01
1.7980E-05,9.601E-01
1.8040E-05,9.441E-01
1.8040E-05,9.601E-01
1.8100E-05,9.361E-01
1.8100E-05,9.601E-01
1.8160E-05,9.361E-01
1.8160E-05,9.601E-01
1.8220E-05,9.361E-01
1.8220E-05,9.601E-01
1.8280E-05,9.361E-01
1.8280E-05,9.601E-01
1.8340E-05,9.441E-01
1.8340E-05,9.601E-01
1.8400E-05,9.361E-01
1.8400E-05,9.601E-01
1.8460E-05,9.361E-01
1.8460E-05,9.601E-01
1.8520E-05,9.441E-01
1.8520E-05,9.601E-01
1.8580E-05,9.441E-01
1.8580E-05,9.601E-01
1.8640E-05,9.441E-01
1.8640E-05,9.601E-01
1.8700E-05,9.441E-01
1.8700E-05,9.601E-01
1.8760E-05,9.441E-01
1.8760E-05,9.601E-01
1.8820E-05,9.441E-01
1.8820E-05,9.681E-01
1.8880E-05,9.441E-01
1.8880E-05,9.601E-01
1.8940E-05,9.441E-01
1.8940E-05,9.681E-01
1.9000E-05,9.441E-01
1.9000E-05,9.681E-01
1.9060E-05,9.441E-01
1.9060E-05,9.681E-01
1.9120E-05,9.441E-01
1.9120E-05,9.681E-01
1.9180E-05,9.521E-01
1.9180E-05,9.681E-01
1.9240E-05,9.441E-01
1.9240E-05,9.681E-01
1.9300E-05,9.441E-01
1.9300E-05,9.681E-01
1.9360E-05,9.441E-01
1.9360E-05,9.681E-01
1.9420E-05,9.521E-01
1.9420E-05,9.681E-01
1.9480E-05,9.521E-01
1.9480E-05,9.681E-01
1.9540E-05,9.521E-01
1.9540E-05,9.761E-01
1.9600E-05,9.521E-01
1.9600E-05,9.761E-01
1.9660E-05,9.521E-01
1.9660E-05,9.681E-01
1.9720E-05,9.441E-01
1.9720E-05,9.681E-01
1.9780E-05,9.521E-01
1.9780E-05,9.681E-01
1.9840E-05,9.521E-01
1.9840E-05,9.681E-01
1.9900E-05,9.521E-01
1.9900E-05,9.681E-01
1.9960E-05,9.521E-01
1.9960E-05,9.681E-01
2.0020E-05,9.521E-01
2.0020E-05,9.681E-01
2.0080E-05,9.521E-01
2.0080E-05,9.761E-01
2.0140E-05,9.521E-01
2.0140E-05,9.761E-01
2.0200E-05,9.521E-01
2.0200E-05,9.761E-01
2.0260E-05,9.521E-01
2.0260E-05,9.681E-01
2.0320E-05,9.521E-01
2.0320E-05,9.761E-01
2.0380E-05,9.601E-01
2.0380E-05,9.761E-01
2.0440E-05,9.601E-01
2.0440E-05,9.761E-01
2.0500E-05,9.601E-01
2.0500E-05,9.761E-01
2.0560E-05,9.601E-01
2.0560E-05,9.761E-01
2.0620E-05,9.601E-01
2.0620E-05,9.761E-01
2.0680E-05,9.601E-01
2.0680E-05,9.761E-01
2.0740E-05,9.521E-01
2.0740E-05,9.761E-01
2.0800E-05,9.521E-01
2.0800E-05,9.761E-01
2.0860E-05,9.521E-01
2.0860E-05,9.761E-01
2.0920E-05,9.521E-01
2.0920E-05,9.761E-01
2.0980E-05,9.601E-01
2.0980E-05,9.761E-01
2.1040E-05,9.521E-01
2.1040E-05,9.761E-01
2.1100E-05,9.601E-01
2.1100E-05,9.761E-01
2.1160E-05,9.601E-01
2.1160E-05,9.761E-01
2.1220E-05,9.601E-01
2.1220E-05,9.761E-01
2.1280E-05,9.601E-01
2.1280E-05,9.761E-01
2.1340E-05,9.601E-01
2.1340E-05,9.761E-01
2.1400E-05,9.601E-01
2.1400E-05,9.761E-01
2.1460E-05,9.601E-01
2.1460E-05,9.761E-01
2.1520E-05,9.521E-01
2.1520E-05,9.761E-01
2.1580E-05,9.521E-01
2.1580E-05,9.841E-01
2.1640E-05,9.601E-01
2.1640E-05,9.761E-01
2.1700E-05,9.601E-01
2.1700E-05,9.761E-01
2.1760E-05,9.601E-01
2.1760E-05,9.761E-01
2.1820E-05,9.601E-01
2.1820E-05,9.761E-01
2.1880E-05,9.601E-01
2.1880E-05,9.761E-01
2.1940E-05,9.521E-01
2.1940E-05,9.761E-01
2.2000E-05,9.521E-01
2.2000E-05,9.761E-01
2.2060E-05,9.521E-01
2.2060E-05,9.761E-01
2.2120E-05,9.601E-01
2.2120E-05,9.761E-01
2.2180E-05,9.601E-01
2.2180E-05,9.761E-01
2.2240E-05,9.601E-01
2.2240E-05,9.761E-01
2.2300E-05,9.601E-01
2.2300E-05,9.761E-01
2.2360E-05,9.601E-01
2.2360E-05,9.761E-01
2.2420E-05,9.601E-01
2.2420E-05,9.761E-01
2.2480E-05,9.521E-01
2.2480E-05,9.761E-01
2.2540E-05,9.601E-01
2.2540E-05,9.761E-01
2.2600E-05,9.601E-01
2.2600E-05,9.761E-01
2.2660E-05,9.601E-01
2.2660E-05,9.761E-01
2.2720E-05,9.601E-01
2.2720E-05,9.841E-01
2.2780E-05,9.601E-01
2.2780E-05,9.841E-01
2.2840E-05,9.601E-01
2.2840E-05,9.761E-01
2.2900E-05,9.601E-01
2.2900E-05,9.761E-01
2.2960E-05,9.601E-01
2.2960E-05,9.761E-01
2.3020E-05,9.601E-01
2.3020E-05,9.761E-01
2.3080E-05,9.601E-01
2.3080E-05,9.761E-01
2.3140E-05,9.601E-01
2.3140E-05,9.761E-01
2.3200E-05,9.601E-01
2.3200E-05,9.761E-01
2.3260E-05,9.521E-01
2.3260E-05,9.841E-01
2.3320E-05,9.521E-01
2.3320E-05,9.761E-01
2.3380E-05,9.601E-01
2.3380E-05,9.761E-01
2.3440E-05,9.601E-01
2.3440E-05,9.761E-01
2.3500E-05,9.601E-01
2.3500E-05,9.761E-01
2.3560E-05,9.601E-01
2.3560E-05,9.761E-01
2.3620E-05,9.601E-01
2.3620E-05,9.761E-01
2.3680E-05,9.601E-01
2.3680E-05,9.761E-01
2.3740E-05,9.521E-01
2.3740E-05,9.761E-01
2.3800E-05,9.521E-01
2.3800E-05,9.681E-01
2.3860E-05,9.521E-01
2.3860E-05,9.681E-01
2.3920E-05,9.521E-01
2.3920E-05,9.681E-01
2.3980E-05,9.441E-01
2.3980E-05,9.681E-01
2.4040E-05,9.441E-01
2.4040E-05,9.681E-01
2.4100E-05,9.441E-01
2.4100E-05,9.681E-01
2.4160E-05,9.441E-01
2.4160E-05,9.681E-01
2.4220E-05,9.441E-01
2.4220E-05,9.681E-01
2.4280E-05,9.441E-01
2.4280E-05,9.681E-01
2.4340E-05,9.441E-01
2.4340E-05,9.601E-01
2.4400E-05,9.441E-01
2.4400E-05,9.681E-01
2.4460E-05,9.441E-01
2.4460E-05,9.681E-01
2.4520E-05,9.441E-01
2.4520E-05,9.601E-01
2.4580E-05,9.441E-01
2.4580E-05,9.601E-01
2.4640E-05,9.361E-01
2.4640E-05,9.601E-01
2.4700E-05,9.361E-01
2.4700E-05,9.601E-01
2.4760E-05,9.361E-01
2.4760E-05,9.601E-01
2.4820E-05,9.361E-01
2.4820E-05,9.601E-01
2.4880E-05,9.281E-01
2.4880E-05,9.521E-01
2.4940E-05,9.281E-01
2.4940E-05,9.521E-01
2.5000E-05,9.441E-01
2.5000E-05,9.521E-01
2.5060E-05,9.361E-01
2.5060E-05,9.601E-01
2.5120E-05,9.441E-01
2.5120E-05,9.601E-01
2.5180E-05,9.441E-01
2.5180E-05,9.601E-01
2.5240E-05,9.361E-01
2.5240E-05,9.601E-01
2.5300E-05,9.361E-01
2.5300E-05,9.601E-01
2.5360E-05,9.361E-01
2.5360E-05,9.601E-01
2.5420E-05,9.361E-01
2.5420E-05,9.601E-01
2.5480E-05,9.361E-01
2.5480E-05,9.521E-01
2.5540E-05,9.361E-01
2.5540E-05,9.521E-01
2.5600E-05,9.361E-01
2.5600E-05,9.521E-01
2.5660E-05,9.361E-01
2.5660E-05,9.601E-01
2.5720E-05,9.361E-01
2.5720E-05,9.521E-01
2.5780E-05,9.281E-01
2.5780E-05,9.521E-01
2.5840E-05,9.281E-01
2.5840E-05,9.521E-01
2.5900E-05,9.281E-01
2.5900E-05,9.521E-01
2.5960E-05,9.281E-01
2.5960E-05,9.521E-01
2.6020E-05,9.281E-01
2.6020E-05,9.441E-01
2.6080E-05,9.281E-01
2.6080E-05,9.441E-01
2.6140E-05,9.281E-01
2.6140E-05,9.441E-01
2.6200E-05,9.281E-01
2.6200E-05,9.521E-01
2.6260E-05,9.281E-01
2.6260E-05,9.441E-01
2.6320E-05,9.281E-01
2.6320E-05,9.521E-01
2.6380E-05,9.281E-01
2.6380E-05,9.521E-01
2.6440E-05,9.361E-01
2.6440E-05,9.521E-01
2.6500E-05,9.361E-01
2.6500E-05,9.521E-01
2.6560E-05,9.281E-01
2.6560E-05,9.521E-01
2.6620E-05,9.361E-01
2.6620E-05,9.521E-01
2.6680E-05,9.281E-01
2.6680E-05,9.441E-01
2.6740E-05,9.281E-01
2.6740E-05,9.521E-01
2.6800E-05,9.281E-01
2.6800E-05,9.441E-01
2.6860E-05,9.281E-01
2.6860E-05,9.521E-01
2.6920E-05,9.281E-01
2.6920E-05,9.521E-01
2.6980E-05,9.281E-01
2.6980E-05,9.441E-01
2.7040E-05,9.281E-01
2.7040E-05,9.441E-01
2.7100E-05,9.281E-01
2.7100E-05,9.441E-01
2.7160E-05,9.281E-01
2.7160E-05,9.441E-01
2.7220E-05,9.281E-01
2.7220E-05,9.441E-01
2.7280E-05,9.281E-01
2.7280E-05,9.441E-01
2.7340E-05,9.281E-01
2.7340E-05,9.441E-01
2.7400E-05,9.201E-01
2.7400E-05,9.441E-01
2.7460E-05,9.201E-01
2.7460E-05,9.441E-01
2.7520E-05,9.281E-01
2.7520E-05,9.441E-01
2.7580E-05,9.201E-01
2.7580E-05,9.441E-01
2.7640E-05,9.201E-01
2.7640E-05,9.441E-01
2.7700E-05,9.201E-01
2.7700E-05,9.361E-01
2.7760E-05,9.201E-01
2.7760E-05,9.361E-01
2.7820E-05,9.121E-01
2.7820E-05,9.361E-01
2.7880E-05,9.201E-01
2.7880E-05,9.361E-01
2.7940E-05,9.201E-01
2.7940E-05,9.361E-01
2.8000E-05,9.121E-01
2.8000E-05,9.361E-01
2.8060E-05,9.121E-01
2.8060E-05,9.361E-01
2.8120E-05,9.201E-01
2.8120E-05,9.361E-01
2.8180E-05,9.201E-01
2.8180E-05,9.361E-01
2.8240E-05,9.121E-01
2.8240E-05,9.281E-01
2.8300E-05,9.121E-01
2.8300E-05,9.281E-01
2.8360E-05,9.121E-01
2.8360E-05,9.281E-01
2.8420E-05,9.121E-01
2.8420E-05,9.281E-01
2.8480E-05,9.041E-01
2.8480E-05,9.281E-01
2.8540E-05,9.041E-01
2.8540E-05,9.281E-01
2.8600E-05,9.121E-01
2.8600E-05,9.281E-01
2.8660E-05,9.121E-01
2.8660E-05,9.201E-01
2.8720E-05,9.041E-01
2.8720E-05,9.281E-01
2.8780E-05,9.041E-01
2.8780E-05,9.281E-01
2.8840E-05,9.041E-01
2.8840E-05,9.201E-01
2.8900E-05,9.041E-01
2.8900E-05,9.201E-01
2.8960E-05,9.041E-01
2.8960E-05,9.201E-01
2.9020E-05,9.041E-01
2.9020E-05,9.201E-01
2.9080E-05,8.961E-01
2.9080E-05,9.201E-01
2.9140E-05,9.041E-01
2.9140E-05,9.201E-01
2.9200E-05,9.041E-01
2.9200E-05,9.201E-01
2.9260E-05,9.041E-01
2.9260E-05,9.201E-01
2.9320E-05,8.961E-01
2.9320E-05,9.201E-01
2.9380E-05,8.961E-01
2.9380E-05,9.121E-01
2.9440E-05,8.961E-01
2.9440E-05,9.121E-01
2.9500E-05,8.881E-01
2.9500E-05,9.121E-01
2.9560E-05,8.961E-01
2.9560E-05,9.121E-01
2.9620E-05,8.881E-01
2.9620E-05,9.121E-01
2.9680E-05,8.881E-01
2.9680E-05,9.121E-01
2.9740E-05,8.961E-01
2.9740E-05,9.121E-01
2.9800E-05,8.881E-01
2.9800E-05,9.121E-01
2.9860E-05,8.881E-01
2.9860E-05,9.121E-01
2.9920E-05,8.881E-01
2.9920E-05,9.041E-01
2.9980E-05,8.881E-01
2.9980E-05,9.041E-01
3.0040E-05,8.801E-01
3.0040E-05,9.041E-01
3.0100E-05,8.881E-01
3.0100E-05,9.041E-01
3.0160E-05,8.801E-01
3.0160E-05,9.041E-01
3.0220E-05,8.801E-01
3.0220E-05,9.041E-01
3.0280E-05,8.801E-01
3.0280E-05,9.041E-01
3.0340E-05,8.801E-01
3.0340E-05,9.041E-01
3.0400E-05,8.801E-01
3.0400E-05,8.961E-01
3.0460E-05,8.801E-01
3.0460E-05,8.961E-01
3.0520E-05,8.801E-01
3.0520E-05,8.961E-01
3.0580E-05,8.721E-01
3.0580E-05,8.961E-01
3.0640E-05,8.721E-01
3.0640E-05,8.961E-01
3.0700E-05,8.721E-01
3.0700E-05,8.961E-01
3.0760E-05,8.721E-01
3.0760E-05,8.881E-01
3.0820E-05,8.721E-01
3.0820E-05,8.881E-01
3.0880E-05,8.721E-01
3.0880E-05,8.881E-01
3.0940E-05,8.721E-01
3.0940E-05,8.881E-01
3.1000E-05,8.641E-01
3.1000E-05,8.801E-01
3.1060E-05,8.641E-01
3.1060E-05,8.881E-01
3.1120E-05,8.641E-01
3.1120E-05,8.881E-01
3.1180E-05,8.641E-01
3.1180E-05,8.881E-01
3.1240E-05,8.641E-01
3.1240E-05,8.801E-01
3.1300E-05,8.561E-01
3.1300E-05,8.801E-01
3.1360E-05,8.641E-01
3.1360E-05,8.801E-01
3.1420E-05,8.561E-01
3.1420E-05,8.801E-01
3.1480E-05,8.561E-01
3.1480E-05,8.801E-01
3.1540E-05,8.561E-01
3.1540E-05,8.801E-01
3.1600E-05,8.561E-01
3.1600E-05,8.801E-01
3.1660E-05,8.561E-01
3.1660E-05,8.801E-01
3.1720E-05,8.561E-01
3.1720E-05,8.721E-01
3.1780E-05,8.561E-01
3.1780E-05,8.801E-01
3.1840E-05,8.481E-01
3.1840E-05,8.801E-01
3.1900E-05,8.481E-01
3.1900E-05,8.641E-01
3.1960E-05,8.481E-01
3.1960E-05,8.641E-01
3.2020E-05,8.481E-01
3.2020E-05,8.641E-01
3.2080E-05,8.401E-01
3.2080E-05,8.641E-01
3.2140E-05,8.481E-01
3.2140E-05,8.641E-01
3.2200E-05,8.481E-01
3.2200E-05,8.641E-01
3.2260E-05,8.481E-01
3.2260E-05,8.641E-01
3.2320E-05,8.401E-01
3.2320E-05,8.641E-01
3.2380E-05,8.401E-01
3.2380E-05,8.641E-01
3.2440E-05,8.401E-01
3.2440E-05,8.641E-01
3.2500E-05,8.401E-01
3.2500E-05,8.561E-01
3.2560E-05,8.401E-01
3.2560E-05,8.561E-01
3.2620E-05,8.401E-01
3.2620E-05,8.561E-01
3.2680E-05,8.321E-01
3.2680E-05,8.561E-01
3.2740E-05,8.321E-01
3.2740E-05,8.561E-01
3.2800E-05,8.321E-01
3.2800E-05,8.481E-01
3.2860E-05,8.321E-01
3.2860E-05,8.481E-01
3.2920E-05,8.321E-01
3.2920E-05,8.561E-01
3.2980E-05,8.321E-01
3.2980E-05,8.561E-01
3.3040E-05,8.321E-01
3.3040E-05,8.481E-01
3.3100E-05,8.241E-01
3.3100E-05,8.481E-01
3.3160E-05,8.241E-01
3.3160E-05,8.481E-01
3.3220E-05,8.241E-01
3.3220E-05,8.481E-01
3.3280E-05,8.241E-01
3.3280E-05,8.481E-01
3.3340E-05,8.241E-01
3.3340E-05,8.401E-01
3.3400E-05,8.241E-01
3.3400E-05,8.401E-01
3.3460E-05,8.241E-01
3.3460E-05,8.401E-01
3.3520E-05,8.161E-01
3.3520E-05,8.401E-01
3.3580E-05,8.161E-01
3.3580E-05,8.401E-01
3.3640E-05,8.161E-01
3.3640E-05,8.321E-01
3.3700E-05,8.161E-01
3.3700E-05,8.321E-01
3.3760E-05,8.161E-01
3.3760E-05,8.321E-01
3.3820E-05,8.161E-01
3.3820E-05,8.321E-01
3.3880E-05,8.081E-01
3.3880E-05,8.321E-01
3.3940E-05,8.081E-01
3.3940E-05,8.321E-01
3.4000E-05,8.081E-01
3.4000E-05,8.321E-01
3.4060E-05,8.081E-01
3.4060E-05,8.321E-01
3.4120E-05,8.081E-01
3.4120E-05,8.321E-01
3.4180E-05,8.081E-01
3.4180E-05,8.241E-01
3.4240E-05,8.081E-01
3.4240E-05,8.241E-01
3.4300E-05,8.001E-01
3.4300E-05,8.241E-01
3.4360E-05,8.081E-01
3.4360E-05,8.241E-01
3.4420E-05,8.001E-01
3.4420E-05,8.161E-01
3.4480E-05,8.001E-01
3.4480E-05,8.161E-01
3.4540E-05,8.001E-01
3.4540E-05,8.161E-01
3.4600E-05,8.001E-01
3.4600E-05,8.161E-01
3.4660E-05,7.921E-01
3.4660E-05,8.161E-01
3.4720E-05,7.921E-01
3.4720E-05,8.161E-01
3.4780E-05,7.921E-01
3.4780E-05,8.081E-01
3.4840E-05,7.921E-01
3.4840E-05,8.081E-01
3.4900E-05,7.921E-01
3.4900E-05,8.081E-01
3.4960E-05,7.841E-01
3.4960E-05,8.001E-01
3.5020E-05,7.921E-01
3.5020E-05,8.081E-01
3.5080E-05,7.841E-01
3.5080E-05,8.081E-01
3.5140E-05,7.841E-01
3.5140E-05,8.001E-01
3.5200E-05,7.841E-01
3.5200E-05,8.001E-01
3.5260E-05,7.841E-01
3.5260E-05,8.001E-01
3.5320E-05,7.761E-01
3.5320E-05,8.001E-01
3.5380E-05,7.761E-01
3.5380E-05,8.001E-01
3.5440E-05,7.761E-01
3.5440E-05,8.001E-01
3.5500E-05,7.761E-01
3.5500E-05,7.921E-01
3.5560E-05,7.761E-01
3.5560E-05,8.001E-01
3.5620E-05,7.761E-01
3.5620E-05,7.921E-01
3.5680E-05,7.761E-01
3.5680E-05,7.921E-01
3.5740E-05,7.761E-01
3.5740E-05,7.921E-01
3.5800E-05,7.681E-01
3.5800E-05,7.921E-01
3.5860E-05,7.681E-01
3.5860E-05,7.921E-01
3.5920E-05,7.681E-01
3.5920E-05,7.921E-01
3.5980E-05,7.681E-01
3.5980E-05,7.841E-01
3.6040E-05,7.681E-01
3.6040E-05,7.841E-01
3.6100E-05,7.681E-01
3.6100E-05,7.841E-01
3.6160E-05,7.681E-01
3.6160E-05,7.841E-01
3.6220E-05,7.601E-01
3.6220E-05,7.841E-01
3.6280E-05,7.601E-01
3.6280E-05,7.841E-01
3.6340E-05,7.601E-01
3.6340E-05,7.761E-01
3.6400E-05,7.601E-01
3.6400E-05,7.761E-01
3.6460E-05,7.521E-01
3.6460E-05,7.761E-01
3.6520E-05,7.521E-01
3.6520E-05,7.761E-01
3.6580E-05,7.521E-01
3.6580E-05,7.761E-01
3.6640E-05,7.521E-01
3.6640E-05,7.761E-01
3.6700E-05,7.521E-01
3.6700E-05,7.681E-01
3.6760E-05,7.521E-01
3.6760E-05,7.681E-01
3.6820E-05,7.521E-01
3.6820E-05,7.681E-01
3.6880E-05,7.441E-01
3.6880E-05,7.681E-01
3.6940E-05,7.441E-01
3.6940E-05,7.681E-01
3.7000E-05,7.441E-01
3.7000E-05,7.681E-01
3.7060E-05,7.441E-01
3.7060E-05,7.601E-01
3.7120E-05,7.441E-01
3.7120E-05,7.601E-01
3.7180E-05,7.441E-01
3.7180E-05,7.601E-01
3.7240E-05,7.441E-01
3.7240E-05,7.601E-01
3.7300E-05,7.361E-01
3.7300E-05,7.601E-01
3.7360E-05,7.361E-01
3.7360E-05,7.521E-01
3.7420E-05,7.361E-01
3.7420E-05,7.521E-01
3.7480E-05,7.281E-01
3.7480E-05,7.521E-01
3.7540E-05,7.361E-01
3.7540E-05,7.521E-01
3.7600E-05,7.281E-01
3.7600E-05,7.521E-01
3.7660E-05,7.281E-01
3.7660E-05,7.521E-01
3.7720E-05,7.361E-01
3.7720E-05,7.521E-01
3.7780E-05,7.281E-01
3.7780E-05,7.521E-01
3.7840E-05,7.361E-01
3.7840E-05,7.521E-01
3.7900E-05,7.281E-01
3.7900E-05,7.521E-01
3.7960E-05,7.281E-01
3.7960E-05,7.521E-01
3.8020E-05,7.281E-01
3.8020E-05,7.441E-01
3.8080E-05,7.201E-01
3.8080E-05,7.441E-01
3.8140E-05,7.121E-01
3.8140E-05,7.441E-01
3.8200E-05,7.121E-01
3.8200E-05,7.361E-01
3.8260E-05,7.121E-01
3.8260E-05,7.281E-01
3.8320E-05,7.121E-01
3.8320E-05,7.281E-01
3.8380E-05,7.121E-01
3.8380E-05,7.281E-01
3.8440E-05,7.041E-01
3.8440E-05,7.281E-01
3.8500E-05,7.041E-01
3.8500E-05,7.281E-01
3.8560E-05,7.041E-01
3.8560E-05,7.281E-01
3.8620E-05,7.041E-01
3.8620E-05,7.201E-01
3.8680E-05,7.041E-01
3.8680E-05,7.201E-01
3.8740E-05,7.041E-01
3.8740E-05,7.201E-01
3.8800E-05,7.041E-01
3.8800E-05,7.121E-01
3.8860E-05,6.961E-01
3.8860E-05,7.201E-01
3.8920E-05,6.961E-01
3.8920E-05,7.121E-01
3.8980E-05,6.881E-01
3.8980E-05,7.121E-01
3.9040E-05,6.881E-01
3.9040E-05,7.121E-01
3.9100E-05,6.881E-01
3.9100E-05,7.121E-01
3.9160E-05,6.961E-01
3.9160E-05,7.121E-01
3.9220E-05,6.881E-01
3.9220E-05,7.121E-01
3.9280E-05,6.881E-01
3.9280E-05,7.121E-01
3.9340E-05,6.881E-01
3.9340E-05,7.041E-01
3.9400E-05,6.881E-01
3.9400E-05,7.041E-01
3.9460E-05,6.881E-01
3.9460E-05,7.041E-01
3.9520E-05,6.801E-01
3.9520E-05,7.041E-01
3.9580E-05,6.801E-01
3.9580E-05,7.041E-01
3.9640E-05,6.801E-01
3.9640E-05,6.961E-01
3.9700E-05,6.801E-01
3.9700E-05,6.961E-01
3.9760E-05,6.801E-01
3.9760E-05,6.961E-01
3.9820E-05,6.801E-01
3.9820E-05,6.961E-01
3.9880E-05,6.801E-01
3.9880E-05,6.961E-01
3.9940E-05,6.721E-01
3.9940E-05,6.881E-01
4.0000E-05,6.721E-01
4.0000E-05,6.881E-01
4.0060E-05,6.721E-01
4.0060E-05,6.881E-01
4.0120E-05,6.721E-01
4.0120E-05,6.881E-01
4.0180E-05,6.721E-01
4.0180E-05,6.881E-01
4.0240E-05,6.641E-01
4.0240E-05,6.881E-01
4.0300E-05,6.641E-01
4.0300E-05,6.801E-01
4.0360E-05,6.641E-01
4.0360E-05,6.881E-01
4.0420E-05,6.641E-01
4.0420E-05,6.881E-01
4.0480E-05,6.641E-01
4.0480E-05,6.801E-01
4.0540E-05,6.561E-01
4.0540E-05,6.801E-01
4.0600E-05,6.641E-01
4.0600E-05,6.801E-01
4.0660E-05,6.561E-01
4.0660E-05,6.801E-01
4.0720E-05,6.561E-01
4.0720E-05,6.801E-01
4.0780E-05,6.561E-01
4.0780E-05,6.801E-01
4.0840E-05,6.561E-01
4.0840E-05,6.721E-01
4.0900E-05,6.481E-01
4.0900E-05,6.721E-01
4.0960E-05,6.481E-01
4.0960E-05,6.641E-01
4.1020E-05,6.481E-01
4.1020E-05,6.641E-01
4.1080E-05,6.481E-01
4.1080E-05,6.641E-01
4.1140E-05,6.401E-01
4.1140E-05,6.641E-01
4.1200E-05,6.401E-01
4.1200E-05,6.641E-01
4.1260E-05,6.401E-01
4.1260E-05,6.641E-01
4.1320E-05,6.401E-01
4.1320E-05,6.561E-01
4.1380E-05,6.401E-01
4.1380E-05,6.641E-01
4.1440E-05,6.321E-01
4.1440E-05,6.641E-01
4.1500E-05,6.401E-01
4.1500E-05,6.561E-01
4.1560E-05,6.401E-01
4.1560E-05,6.561E-01
4.1620E-05,6.321E-01
4.1620E-05,6.561E-01
4.1680E-05,6.321E-01
4.1680E-05,6.561E-01
4.1740E-05,6.321E-01
4.1740E-05,6.481E-01
4.1800E-05,6.321E-01
4.1800E-05,6.481E-01
4.1860E-05,6.241E-01
4.1860E-05,6.481E-01
4.1920E-05,6.241E-01
4.1920E-05,6.481E-01
4.1980E-05,6.241E-01
4.1980E-05,6.481E-01
4.2040E-05,6.241E-01
4.2040E-05,6.401E-01
4.2100E-05,6.241E-01
4.2100E-05,6.481E-01
4.2160E-05,6.161E-01
4.2160E-05,6.481E-01
4.2220E-05,6.161E-01
4.2220E-05,6.401E-01
4.2280E-05,6.081E-01
4.2280E-05,6.401E-01
4.2340E-05,6.081E-01
4.2340E-05,6.401E-01
4.2400E-05,6.161E-01
4.2400E-05,6.321E-01
4.2460E-05,6.161E-01
4.2460E-05,6.321E-01
4.2520E-05,6.081E-01
4.2520E-05,6.321E-01
4.2580E-05,6.081E-01
4.2580E-05,6.321E-01
4.2640E-05,6.081E-01
4.2640E-05,6.241E-01
4.2700E-05,6.081E-01
4.2700E-05,6.241E-01
4.2760E-05,6.001E-01
4.2760E-05,6.241E-01
4.2820E-05,6.001E-01
4.2820E-05,6.241E-01
4.2880E-05,6.001E-01
4.2880E-05,6.241E-01
4.2940E-05,6.001E-01
4.2940E-05,6.161E-01
4.3000E-05,6.001E-01
4.3000E-05,6.161E-01
4.3060E-05,6.001E-01
4.3060E-05,6.161E-01
4.3120E-05,6.001E-01
4.3120E-05,6.161E-01
4.3180E-05,6.001E-01
4.3180E-05,6.161E-01
4.3240E-05,5.921E-01
4.3240E-05,6.161E-01
4.3300E-05,5.921E-01
4.3300E-05,6.081E-01
4.3360E-05,5.921E-01
4.3360E-05,6.081E-01
4.3420E-05,5.921E-01
4.3420E-05,6.081E-01
4.3480E-05,5.841E-01
4.3480E-05,6.001E-01
4.3540E-05,5.841E-01
4.3540E-05,6.001E-01
4.3600E-05,5.841E-01
4.3600E-05,6.001E-01
4.3660E-05,5.841E-01
4.3660E-05,6.001E-01
4.3720E-05,5.841E-01
4.3720E-05,6.001E-01
4.3780E-05,5.761E-01
4.3780E-05,6.001E-01
4.3840E-05,5.761E-01
4.3840E-05,6.001E-01
4.3900E-05,5.761E-01
4.3900E-05,5.921E-01
4.3960E-05,5.761E-01
4.3960E-05,5.921E-01
4.4020E-05,5.681E-01
4.4020E-05,5.921E-01
4.4080E-05,5.681E-01
4.4080E-05,5.921E-01
4.4140E-05,5.681E-01
4.4140E-05,5.841E-01
4.4200E-05,5.681E-01
4.4200E-05,5.841E-01
4.4260E-05,5.681E-01
4.4260E-05,5.921E-01
4.4320E-05,5.601E-01
4.4320E-05,5.761E-01
4.4380E-05,5.601E-01
4.4380E-05,5.841E-01
4.4440E-05,5.601E-01
4.4440E-05,5.841E-01
4.4500E-05,5.601E-01
4.4500E-05,5.761E-01
4.4560E-05,5.601E-01
4.4560E-05,5.761E-01
4.4620E-05,5.521E-01
4.4620E-05,5.761E-01
4.4680E-05,5.521E-01
4.4680E-05,5.761E-01
4.4740E-05,5.521E-01
4.4740E-05,5.681E-01
4.4800E-05,5.441E-01
4.4800E-05,5.681E-01
4.4860E-05,5.441E-01
4.4860E-05,5.681E-01
4.4920E-05,5.441E-01
4.4920E-05,5.681E-01
4.4980E-05,5.441E-01
4.4980E-05,5.681E-01
4.5040E-05,5.441E-01
4.5040E-05,5.601E-01
4.5100E-05,5.441E-01
4.5100E-05,5.681E-01
4.5160E-05,5.441E-01
4.5160E-05,5.601E-01
4.5220E-05,5.361E-01
4.5220E-05,5.601E-01
4.5280E-05,5.361E-01
4.5280E-05,5.521E-01
4.5340E-05,5.281E-01
4.5340E-05,5.521E-01
4.5400E-05,5.281E-01
4.5400E-05,5.521E-01
4.5460E-05,5.281E-01
4.5460E-05,5.521E-01
4.5520E-05,5.281E-01
4.5520E-05,5.521E-01
4.5580E-05,5.281E-01
4.5580E-05,5.441E-01
4.5640E-05,5.281E-01
4.5640E-05,5.441E-01
4.5700E-05,5.281E-01
4.5700E-05,5.441E-01
4.5760E-05,5.201E-01
4.5760E-05,5.441E-01
4.5820E-05,5.201E-01
4.5820E-05,5.441E-01
4.5880E-05,5.201E-01
4.5880E-05,5.441E-01
4.5940E-05,5.201E-01
4.5940E-05,5.361E-01
4.6000E-05,5.121E-01
4.6000E-05,5.361E-01
4.6060E-05,5.121E-01
4.6060E-05,5.361E-01
4.6120E-05,5.121E-01
4.6120E-05,5.361E-01
4.6180E-05,5.121E-01
4.6180E-05,5.281E-01
4.6240E-05,5.121E-01
4.6240E-05,5.281E-01
4.6300E-05,5.121E-01
4.6300E-05,5.281E-01
4.6360E-05,5.121E-01
4.6360E-05,5.281E-01
4.6420E-05,5.121E-01
4.6420E-05,5.281E-01
4.6480E-05,5.121E-01
4.6480E-05,5.201E-01
4.6540E-05,4.961E-01
4.6540E-05,5.201E-01
4.6600E-05,4.961E-01
4.6600E-05,5.201E-01
4.6660E-05,5.041E-01
4.6660E-05,5.201E-01
4.6720E-05,4.961E-01
4.6720E-05,5.201E-01
4.6780E-05,4.961E-01
4.6780E-05,5.121E-01
4.6840E-05,4.961E-01
4.6840E-05,5.121E-01
4.6900E-05,4.961E-01
4.6900E-05,5.121E-01
4.6960E-05,4.881E-01
4.6960E-05,5.121E-01
4.7020E-05,4.881E-01
4.7020E-05,5.121E-01
4.7080E-05,4.881E-01
4.7080E-05,5.041E-01
4.7140E-05,4.801E-01
4.7140E-05,5.041E-01
4.7200E-05,4.881E-01
4.7200E-05,5.041E-01
4.7260E-05,4.801E-01
4.7260E-05,5.041E-01
4.7320E-05,4.801E-01
4.7320E-05,4.961E-01
4.7380E-05,4.801E-01
4.7380E-05,4.961E-01
4.7440E-05,4.801E-01
4.7440E-05,4.961E-01
4.7500E-05,4.721E-01
4.7500E-05,4.961E-01
4.7560E-05,4.721E-01
4.7560E-05,4.881E-01
4.7620E-05,4.721E-01
4.7620E-05,4.881E-01
4.7680E-05,4.721E-01
4.7680E-05,4.881E-01
4.7740E-05,4.721E-01
4.7740E-05,4.881E-01
4.7800E-05,4.641E-01
4.7800E-05,4.881E-01
4.7860E-05,4.641E-01
4.7860E-05,4.881E-01
4.7920E-05,4.641E-01
4.7920E-05,4.801E-01
4.7980E-05,4.641E-01
4.7980E-05,4.801E-01
4.8040E-05,4.561E-01
4.8040E-05,4.801E-01
4.8100E-05,4.561E-01
4.8100E-05,4.801E-01
4.8160E-05,4.561E-01
4.8160E-05,4.801E-01
4.8220E-05,4.561E-01
4.8220E-05,4.721E-01
4.8280E-05,4.561E-01
4.8280E-05,4.721E-01
4.8340E-05,4.561E-01
4.8340E-05,4.721E-01
4.8400E-05,4.481E-01
4.8400E-05,4.721E-01
4.8460E-05,4.481E-01
4.8460E-05,4.641E-01
4.8520E-05,4.481E-01
4.8520E-05,4.641E-01
4.8580E-05,4.481E-01
4.8580E-05,4.641E-01
4.8640E-05,4.401E-01
4.8640E-05,4.641E-01
4.8700E-05,4.401E-01
4.8700E-05,4.641E-01
4.8760E-05,4.481E-01
4.8760E-05,4.561E-01
4.8820E-05,4.401E-01
4.8820E-05,4.641E-01
4.8880E-05,4.401E-01
4.8880E-05,4.561E-01
4.8940E-05,4.401E-01
4.8940E-05,4.561E-01
4.9000E-05,4.401E-01
4.9000E-05,4.561E-01
4.9060E-05,4.401E-01
4.9060E-05,4.561E-01
4.9120E-05,4.321E-01
4.9120E-05,4.481E-01
4.9180E-05,4.321E-01
4.9180E-05,4.481E-01
4.9240E-05,4.321E-01
4.9240E-05,4.481E-01
4.9300E-05,4.241E-01
4.9300E-05,4.481E-01
4.9360E-05,4.321E-01
4.9360E-05,4.481E-01
4.9420E-05,4.321E-01
4.9420E-05,4.481E-01
4.9480E-05,4.241E-01
4.9480E-05,4.481E-01
4.9540E-05,4.241E-01
4.9540E-05,4.481E-01
4.9600E-05,4.161E-01
4.9600E-05,4.321E-01
4.9660E-05,4.161E-01
4.9660E-05,4.401E-01
4.9720E-05,4.161E-01
4.9720E-05,4.401E-01
4.9780E-05,4.241E-01
4.9780E-05,4.401E-01
4.9840E-05,4.161E-01
4.9840E-05,4.401E-01
4.9900E-05,4.161E-01
4.9900E-05,4.401E-01
4.9960E-05,4.161E-01
4.9960E-05,4.321E-01
5.0020E-05,4.081E-01
5.0020E-05,4.321E-01
5.0080E-05,4.081E-01
5.0080E-05,4.321E-01
5.0140E-05,4.081E-01
5.0140E-05,4.321E-01
5.0200E-05,4.081E-01
5.0200E-05,4.241E-01
5.0260E-05,4.081E-01
5.0260E-05,4.241E-01
5.0320E-05,4.081E-01
5.0320E-05,4.241E-01
5.0380E-05,4.001E-01
5.0380E-05,4.241E-01
5.0440E-05,4.001E-01
5.0440E-05,4.161E-01
5.0500E-05,4.001E-01
5.0500E-05,4.161E-01
5.0560E-05,4.001E-01
5.0560E-05,4.161E-01
5.0620E-05,4.001E-01
5.0620E-05,4.161E-01
5.0680E-05,3.921E-01
5.0680E-05,4.161E-01
5.0740E-05,3.921E-01
5.0740E-05,4.081E-01
5.0800E-05,3.921E-01
5.0800E-05,4.081E-01
5.0860E-05,3.921E-01
5.0860E-05,4.161E-01
5.0920E-05,3.921E-01
5.0920E-05,4.081E-01
5.0980E-05,3.841E-01
5.0980E-05,4.081E-01
5.1040E-05,3.921E-01
5.1040E-05,4.081E-01
5.1100E-05,3.841E-01
5.1100E-05,4.081E-01
5.1160E-05,3.841E-01
5.1160E-05,4.081E-01
5.1220E-05,3.841E-01
5.1220E-05,4.001E-01
5.1280E-05,3.841E-01
5.1280E-05,4.081E-01
5.1340E-05,3.841E-01
5.1340E-05,4.001E-01
5.1400E-05,3.841E-01
5.1400E-05,4.001E-01
5.1460E-05,3.761E-01
5.1460E-05,4.001E-01
5.1520E-05,3.761E-01
5.1520E-05,3.921E-01
5.1580E-05,3.761E-01
5.1580E-05,3.921E-01
5.1640E-05,3.681E-01
5.1640E-05,3.921E-01
5.1700E-05,3.681E-01
5.1700E-05,3.921E-01
5.1760E-05,3.681E-01
5.1760E-05,3.921E-01
5.1820E-05,3.601E-01
5.1820E-05,3.921E-01
5.1880E-05,3.601E-01
5.1880E-05,3.921E-01
5.1940E-05,3.601E-01
5.1940E-05,3.841E-01
5.2000E-05,3.601E-01
5.2000E-05,3.841E-01
5.2060E-05,3.601E-01
5.2060E-05,3.841E-01
5.2120E-05,3.601E-01
5.2120E-05,3.761E-01
5.2180E-05,3.601E-01
5.2180E-05,3.761E-01
5.2240E-05,3.601E-01
5.2240E-05,3.761E-01
5.2300E-05,3.601E-01
5.2300E-05,3.761E-01
5.2360E-05,3.521E-01
5.2360E-05,3.761E-01
5.2420E-05,3.521E-01
5.2420E-05,3.761E-01
5.2480E-05,3.521E-01
5.2480E-05,3.761E-01
5.2540E-05,3.521E-01
5.2540E-05,3.681E-01
5.2600E-05,3.521E-01
5.2600E-05,3.681E-01
5.2660E-05,3.441E-01
5.2660E-05,3.761E-01
5.2720E-05,3.441E-01
5.2720E-05,3.761E-01
5.2780E-05,3.441E-01
5.2780E-05,3.601E-01
5.2840E-05,3.441E-01
5.2840E-05,3.601E-01
5.2900E-05,3.361E-01
5.2900E-05,3.601E-01
5.2960E-05,3.361E-01
5.2960E-05,3.601E-01
5.3020E-05,3.361E-01
5.3020E-05,3.601E-01
5.3080E-05,3.361E-01
5.3080E-05,3.601E-01
5.3140E-05,3.361E-01
5.3140E-05,3.601E-01
5.3200E-05,3.361E-01
5.3200E-05,3.601E-01
5.3260E-05,3.361E-01
5.3260E-05,3.521E-01
5.3320E-05,3.361E-01
5.3320E-05,3.521E-01
5.3380E-05,3.281E-01
5.3380E-05,3.521E-01
5.3440E-05,3.281E-01
5.3440E-05,3.441E-01
5.3500E-05,3.281E-01
5.3500E-05,3.441E-01
5.3560E-05,3.281E-01
5.3560E-05,3.441E-01
5.3620E-05,3.281E-01
5.3620E-05,3.441E-01
5.3680E-05,3.281E-01
5.3680E-05,3.441E-01
5.3740E-05,3.281E-01
5.3740E-05,3.441E-01
5.3800E-05,3.201E-01
5.3800E-05,3.441E-01
5.3860E-05,3.201E-01
5.3860E-05,3.441E-01
5.3920E-05,3.201E-01
5.3920E-05,3.361E-01
5.3980E-05,3.201E-01
5.3980E-05,3.441E-01
5.4040E-05,3.201E-01
5.4040E-05,3.361E-01
5.4100E-05,3.121E-01
5.4100E-05,3.361E-01
5.4160E-05,3.121E-01
5.4160E-05,3.361E-01
5.4220E-05,3.121E-01
5.4220E-05,3.361E-01
5.4280E-05,3.041E-01
5.4280E-05,3.281E-01
5.4340E-05,3.041E-01
5.4340E-05,3.281E-01
5.4400E-05,3.121E-01
5.4400E-05,3.281E-01
5.4460E-05,3.121E-01
5.4460E-05,3.281E-01
5.4520E-05,3.121E-01
5.4520E-05,3.281E-01
5.4580E-05,3.041E-01
5.4580E-05,3.281E-01
5.4640E-05,3.041E-01
5.4640E-05,3.201E-01
5.4700E-05,3.041E-01
5.4700E-05,3.201E-01
5.4760E-05,3.041E-01
5.4760E-05,3.201E-01
5.4820E-05,3.041E-01
5.4820E-05,3.201E-01
5.4880E-05,3.041E-01
5.4880E-05,3.201E-01
5.4940E-05,2.961E-01
5.4940E-05,3.201E-01
5.5000E-05,2.961E-01
5.5000E-05,3.201E-01
5.5060E-05,2.961E-01
5.5060E-05,3.121E-01
5.5120E-05,2.961E-01
5.5120E-05,3.121E-01
5.5180E-05,2.961E-01
5.5180E-05,3.121E-01
5.5240E-05,2.881E-01
5.5240E-05,3.121E-01
5.5300E-05,2.881E-01
5.5300E-05,3.121E-01
5.5360E-05,2.881E-01
5.5360E-05,3.041E-01
5.5420E-05,2.881E-01
5.5420E-05,3.041E-01
5.5480E-05,2.801E-01
5.5480E-05,3.041E-01
5.5540E-05,2.881E-01
5.5540E-05,3.041E-01
5.5600E-05,2.801E-01
5.5600E-05,3.041E-01
5.5660E-05,2.801E-01
5.5660E-05,2.961E-01
5.5720E-05,2.801E-01
5.5720E-05,2.961E-01
5.5780E-05,2.801E-01
5.5780E-05,2.961E-01
5.5840E-05,2.801E-01
5.5840E-05,2.961E-01
5.5900E-05,2.801E-01
5.5900E-05,2.961E-01
5.5960E-05,2.801E-01
5.5960E-05,2.961E-01
5.6020E-05,2.721E-01
5.6020E-05,2.881E-01
5.6080E-05,2.721E-01
5.6080E-05,2.881E-01
5.6140E-05,2.721E-01
5.6140E-05,2.881E-01
5.6200E-05,2.721E-01
5.6200E-05,2.881E-01
5.6260E-05,2.641E-01
5.6260E-05,2.881E-01
5.6320E-05,2.641E-01
5.6320E-05,2.881E-01
5.6380E-05,2.721E-01
5.6380E-05,2.881E-01
5.6440E-05,2.721E-01
5.6440E-05,2.881E-01
5.6500E-05,2.721E-01
5.6500E-05,2.801E-01
5.6560E-05,2.641E-01
5.6560E-05,2.801E-01
5.6620E-05,2.641E-01
5.6620E-05,2.801E-01
5.6680E-05,2.641E-01
5.6680E-05,2.801E-01
5.6740E-05,2.641E-01
5.6740E-05,2.801E-01
5.6800E-05,2.561E-01
5.6800E-05,2.801E-01
5.6860E-05,2.561E-01
5.6860E-05,2.721E-01
5.6920E-05,2.561E-01
5.6920E-05,2.801E-01
5.6980E-05,2.561E-01
5.6980E-05,2.721E-01
5.7040E-05,2.561E-01
5.7040E-05,2.721E-01
5.7100E-05,2.561E-01
5.7100E-05,2.721E-01
5.7160E-05,2.561E-01
5.7160E-05,2.721E-01
5.7220E-05,2.561E-01
5.7220E-05,2.721E-01
5.7280E-05,2.481E-01
5.7280E-05,2.721E-01
5.7340E-05,2.561E-01
5.7340E-05,2.721E-01
5.7400E-05,2.481E-01
5.7400E-05,2.721E-01
5.7460E-05,2.481E-01
5.7460E-05,2.721E-01
5.7520E-05,2.481E-01
5.7520E-05,2.641E-01
5.7580E-05,2.481E-01
5.7580E-05,2.641E-01
5.7640E-05,2.481E-01
5.7640E-05,2.641E-01
5.7700E-05,2.481E-01
5.7700E-05,2.641E-01
5.7760E-05,2.481E-01
5.7760E-05,2.641E-01
5.7820E-05,2.481E-01
5.7820E-05,2.641E-01
5.7880E-05,2.401E-01
5.7880E-05,2.641E-01
5.7940E-05,2.401E-01
5.7940E-05,2.561E-01
5.8000E-05,2.401E-01
5.8000E-05,2.561E-01
5.8060E-05,2.401E-01
5.8060E-05,2.561E-01
5.8120E-05,2.321E-01
5.8120E-05,2.561E-01
5.8180E-05,2.321E-01
5.8180E-05,2.561E-01
5.8240E-05,2.321E-01
5.8240E-05,2.561E-01
5.8300E-05,2.321E-01
5.8300E-05,2.481E-01
5.8360E-05,2.321E-01
5.8360E-05,2.561E-01
5.8420E-05,2.321E-01
5.8420E-05,2.561E-01
5.8480E-05,2.321E-01
5.8480E-05,2.481E-01
5.8540E-05,2.321E-01
5.8540E-05,2.481E-01
5.8600E-05,2.321E-01
5.8600E-05,2.481E-01
5.8660E-05,2.321E-01
5.8660E-05,2.481E-01
5.8720E-05,2.321E-01
5.8720E-05,2.481E-01
5.8780E-05,2.241E-01
5.8780E-05,2.481E-01
5.8840E-05,2.241E-01
5.8840E-05,2.481E-01
5.8900E-05,2.241E-01
5.8900E-05,2.401E-01
5.8960E-05,2.241E-01
5.8960E-05,2.401E-01
5.9020E-05,2.241E-01
5.9020E-05,2.401E-01
5.9080E-05,2.161E-01
5.9080E-05,2.401E-01
5.9140E-05,2.241E-01
5.9140E-05,2.401E-01
5.9200E-05,2.161E-01
5.9200E-05,2.401E-01
5.9260E-05,2.161E-01
5.9260E-05,2.401E-01
5.9320E-05,2.161E-01
5.9320E-05,2.321E-01
5.9380E-05,2.161E-01
5.9380E-05,2.321E-01
5.9440E-05,2.161E-01
5.9440E-05,2.321E-01
5.9500E-05,2.161E-01
5.9500E-05,2.321E-01
5.9560E-05,2.161E-01
5.9560E-05,2.321E-01
5.9620E-05,2.161E-01
5.9620E-05,2.321E-01
5.9680E-05,2.081E-01
5.9680E-05,2.321E-01
5.9740E-05,2.161E-01
5.9740E-05,2.321E-01
5.9800E-05,2.161E-01
5.9800E-05,2.321E-01
5.9860E-05,2.081E-01
5.9860E-05,2.321E-01
5.9920E-05,2.081E-01
5.9920E-05,2.241E-01
5.9980E-05,2.081E-01
5.9980E-05,2.241E-01
6.0040E-05,2.081E-01
6.0040E-05,2.241E-01
6.0100E-05,2.081E-01
6.0100E-05,2.241E-01
6.0160E-05,2.081E-01
6.0160E-05,2.241E-01
6.0220E-05,2.081E-01
6.0220E-05,2.241E-01
6.0280E-05,2.081E-01
6.0280E-05,2.241E-01
6.0340E-05,2.081E-01
6.0340E-05,2.241E-01
6.0400E-05,2.081E-01
6.0400E-05,2.241E-01
6.0460E-05,2.001E-01
6.0460E-05,2.241E-01
6.0520E-05,2.001E-01
6.0520E-05,2.241E-01
6.0580E-05,2.001E-01
6.0580E-05,2.241E-01
6.0640E-05,2.001E-01
6.0640E-05,2.241E-01
6.0700E-05,2.001E-01
6.0700E-05,2.241E-01
6.0760E-05,2.001E-01
6.0760E-05,2.161E-01
6.0820E-05,2.001E-01
6.0820E-05,2.161E-01
6.0880E-05,1.921E-01
6.0880E-05,2.161E-01
6.0940E-05,1.921E-01
6.0940E-05,2.161E-01
6.1000E-05,1.921E-01
6.1000E-05,2.161E-01
6.1060E-05,1.921E-01
6.1060E-05,2.161E-01
6.1120E-05,1.921E-01
6.1120E-05,2.081E-01
6.1180E-05,1.841E-01
6.1180E-05,2.081E-01
6.1240E-05,1.921E-01
6.1240E-05,2.081E-01
6.1300E-05,1.921E-01
6.1300E-05,2.081E-01
6.1360E-05,1.921E-01
6.1360E-05,2.081E-01
6.1420E-05,1.921E-01
6.1420E-05,2.081E-01
6.1480E-05,1.921E-01
6.1480E-05,2.081E-01
6.1540E-05,1.841E-01
6.1540E-05,2.081E-01
6.1600E-05,1.841E-01
6.1600E-05,2.001E-01
6.1660E-05,1.841E-01
6.1660E-05,2.001E-01
6.1720E-05,1.841E-01
6.1720E-05,2.001E-01
6.1780E-05,1.841E-01
6.1780E-05,2.001E-01
6.1840E-05,1.841E-01
6.1840E-05,2.081E-01
6.1900E-05,1.841E-01
6.1900E-05,2.081E-01
6.1960E-05,1.921E-01
6.1960E-05,2.081E-01
6.2020E-05,1.841E-01
6.2020E-05,2.081E-01
6.2080E-05,1.841E-01
6.2080E-05,2.081E-01
6.2140E-05,1.841E-01
6.2140E-05,2.001E-01
6.2200E-05,1.841E-01
6.2200E-05,2.001E-01
6.2260E-05,1.761E-01
6.2260E-05,2.001E-01
6.2320E-05,1.841E-01
6.2320E-05,2.001E-01
6.2380E-05,1.761E-01
6.2380E-05,2.001E-01
6.2440E-05,1.761E-01
6.2440E-05,2.001E-01
6.2500E-05,1.761E-01
6.2500E-05,1.921E-01
6.2560E-05,1.761E-01
6.2560E-05,1.921E-01
6.2620E-05,1.761E-01
6.2620E-05,1.921E-01
6.2680E-05,1.681E-01
6.2680E-05,1.921E-01
6.2740E-05,1.681E-01
6.2740E-05,1.921E-01
6.2800E-05,1.761E-01
6.2800E-05,1.921E-01
6.2860E-05,1.761E-01
6.2860E-05,1.921E-01
6.2920E-05,1.761E-01
6.2920E-05,1.921E-01
6.2980E-05,1.761E-01
6.2980E-05,1.921E-01
6.3040E-05,1.681E-01
6.3040E-05,1.921E-01
6.3100E-05,1.761E-01
6.3100E-05,1.921E-01
6.3160E-05,1.681E-01
6.3160E-05,1.841E-01
6.3220E-05,1.681E-01
6.3220E-05,1.921E-01
6.3280E-05,1.681E-01
6.3280E-05,1.841E-01
6.3340E-05,1.681E-01
6.3340E-05,1.921E-01
6.3400E-05,1.681E-01
6.3400E-05,1.921E-01
6.3460E-05,1.681E-01
6.3460E-05,1.841E-01
6.3520E-05,1.601E-01
6.3520E-05,1.841E-01
6.3580E-05,1.681E-01
6.3580E-05,1.841E-01
6.3640E-05,1.681E-01
6.3640E-05,1.841E-01
6.3700E-05,1.681E-01
6.3700E-05,1.841E-01
6.3760E-05,1.681E-01
6.3760E-05,1.841E-01
6.3820E-05,1.681E-01
6.3820E-05,1.841E-01
6.3880E-05,1.681E-01
6.3880E-05,1.841E-01
6.3940E-05,1.601E-01
6.3940E-05,1.841E-01
6.4000E-05,1.601E-01
6.4000E-05,1.841E-01
6.4060E-05,1.601E-01
6.4060E-05,1.841E-01
6.4120E-05,1.681E-01
6.4120E-05,1.841E-01
6.4180E-05,1.681E-01
6.4180E-05,1.761E-01
6.4240E-05,1.601E-01
6.4240E-05,1.761E-01
6.4300E-05,1.601E-01
6.4300E-05,1.761E-01
6.4360E-05,1.601E-01
6.4360E-05,1.761E-01
6.4420E-05,1.601E-01
6.4420E-05,1.761E-01
6.4480E-05,1.601E-01
6.4480E-05,1.761E-01
6.4540E-05,1.601E-01
6.4540E-05,1.761E-01
6.4600E-05,1.601E-01
6.4600E-05,1.761E-01
6.4660E-05,1.521E-01
6.4660E-05,1.761E-01
6.4720E-05,1.601E-01
6.4720E-05,1.761E-01
6.4780E-05,1.521E-01
6.4780E-05,1.761E-01
6.4840E-05,1.521E-01
6.4840E-05,1.681E-01
6.4900E-05,1.601E-01
6.4900E-05,1.761E-01
6.4960E-05,1.521E-01
6.4960E-05,1.761E-01
6.5020E-05,1.601E-01
6.5020E-05,1.761E-01
6.5080E-05,1.521E-01
6.5080E-05,1.681E-01
6.5140E-05,1.521E-01
6.5140E-05,1.681E-01
6.5200E-05,1.521E-01
6.5200E-05,1.681E-01
6.5260E-05,1.521E-01
6.5260E-05,1.681E-01
6.5320E-05,1.521E-01
6.5320E-05,1.681E-01
6.5380E-05,1.521E-01
6.5380E-05,1.681E-01
6.5440E-05,1.521E-01
6.5440E-05,1.681E-01
6.5500E-05,1.521E-01
6.5500E-05,1.681E-01
6.5560E-05,1.521E-01
6.5560E-05,1.681E-01
6.5620E-05,1.521E-01
6.5620E-05,1.681E-01
6.5680E-05,1.521E-01
6.5680E-05,1.681E-01
6.5740E-05,1.441E-01
6.5740E-05,1.681E-01
6.5800E-05,1.441E-01
6.5800E-05,1.681E-01
6.5860E-05,1.521E-01
6.5860E-05,1.681E-01
6.5920E-05,1.521E-01
6.5920E-05,1.681E-01
6.5980E-05,1.521E-01
6.5980E-05,1.681E-01
6.6040E-05,1.521E-01
6.6040E-05,1.681E-01
6.6100E-05,1.441E-01
6.6100E-05,1.681E-01
6.6160E-05,1.441E-01
6.6160E-05,1.601E-01
6.6220E-05,1.521E-01
6.6220E-05,1.681E-01
6.6280E-05,1.521E-01
6.6280E-05,1.681E-01
6.6340E-05,1.441E-01
6.6340E-05,1.681E-01
6.6400E-05,1.441E-01
6.6400E-05,1.601E-01
6.6460E-05,1.441E-01
6.6460E-05,1.601E-01
6.6520E-05,1.441E-01
6.6520E-05,1.681E-01
6.6580E-05,1.521E-01
6.6580E-05,1.681E-01
6.6640E-05,1.441E-01
6.6640E-05,1.681E-01
6.6700E-05,1.521E-01
6.6700E-05,1.601E-01
6.6760E-05,1.441E-01
6.6760E-05,1.681E-01
6.6820E-05,1.441E-01
6.6820E-05,1.601E-01
6.6880E-05,1.441E-01
6.6880E-05,1.601E-01
6.6940E-05,1.441E-01
6.6940E-05,1.601E-01
6.7000E-05,1.441E-01
6.7000E-05,1.601E-01
6.7060E-05,1.361E-01
6.7060E-05,1.601E-01
6.7120E-05,1.441E-01
6.7120E-05,1.601E-01
6.7180E-05,1.441E-01
6.7180E-05,1.601E-01
6.7240E-05,1.441E-01
6.7240E-05,1.601E-01
6.7300E-05,1.441E-01
6.7300E-05,1.601E-01
6.7360E-05,1.441E-01
6.7360E-05,1.601E-01
6.7420E-05,1.361E-01
6.7420E-05,1.601E-01
6.7480E-05,1.361E-01
6.7480E-05,1.601E-01
6.7540E-05,1.441E-01
6.7540E-05,1.601E-01
6.7600E-05,1.361E-01
6.7600E-05,1.601E-01
6.7660E-05,1.361E-01
6.7660E-05,1.601E-01
6.7720E-05,1.361E-01
6.7720E-05,1.601E-01
6.7780E-05,1.441E-01
6.7780E-05,1.521E-01
6.7840E-05,1.441E-01
6.7840E-05,1.521E-01
6.7900E-05,1.361E-01
6.7900E-05,1.601E-01
6.7960E-05,1.441E-01
6.7960E-05,1.601E-01
6.8020E-05,1.441E-01
6.8020E-05,1.521E-01
6.8080E-05,1.361E-01
6.8080E-05,1.601E-01
6.8140E-05,1.361E-01
6.8140E-05,1.601E-01
6.8200E-05,1.361E-01
6.8200E-05,1.521E-01
6.8260E-05,1.361E-01
6.8260E-05,1.601E-01
6.8320E-05,1.361E-01
6.8320E-05,1.601E-01
6.8380E-05,1.441E-01
6.8380E-05,1.521E-01
6.8440E-05,1.361E-01
6.8440E-05,1.521E-01
6.8500E-05,1.361E-01
6.8500E-05,1.601E-01
6.8560E-05,1.361E-01
6.8560E-05,1.521E-01
6.8620E-05,1.361E-01
6.8620E-05,1.521E-01
6.8680E-05,1.361E-01
6.8680E-05,1.601E-01
6.8740E-05,1.361E-01
6.8740E-05,1.521E-01
6.8800E-05,1.361E-01
6.8800E-05,1.521E-01
6.8860E-05,1.361E-01
6.8860E-05,1.521E-01
6.8920E-05,1.361E-01
6.8920E-05,1.521E-01
6.8980E-05,1.361E-01
6.8980E-05,1.521E-01
6.9040E-05,1.361E-01
6.9040E-05,1.521E-01
6.9100E-05,1.361E-01
6.9100E-05,1.521E-01
6.9160E-05,1.361E-01
6.9160E-05,1.521E-01
6.9220E-05,1.361E-01
6.9220E-05,1.521E-01
6.9280E-05,1.361E-01
6.9280E-05,1.521E-01
6.9340E-05,1.361E-01
6.9340E-05,1.601E-01
6.9400E-05,1.361E-01
6.9400E-05,1.521E-01
6.9460E-05,1.361E-01
6.9460E-05,1.521E-01
6.9520E-05,1.361E-01
6.9520E-05,1.521E-01
6.9580E-05,1.361E-01
6.9580E-05,1.521E-01
6.9640E-05,1.361E-01
6.9640E-05,1.521E-01
6.9700E-05,1.361E-01
6.9700E-05,1.521E-01
6.9760E-05,1.361E-01
6.9760E-05,1.521E-01
6.9820E-05,1.361E-01
6.9820E-05,1.521E-01
6.9880E-05,1.361E-01
6.9880E-05,1.521E-01
6.9940E-05,1.361E-01
6.9940E-05,1.521E-01
7.0000E-05,1.361E-01
7.0000E-05,1.521E-01
7.0060E-05,1.361E-01
7.0060E-05,1.521E-01
7.0120E-05,1.361E-01
7.0120E-05,1.521E-01
7.0180E-05,1.361E-01
7.0180E-05,1.521E-01
7.0240E-05,1.361E-01
7.0240E-05,1.521E-01
7.0300E-05,1.281E-01
7.0300E-05,1.521E-01
7.0360E-05,1.281E-01
7.0360E-05,1.521E-01
7.0420E-05,1.361E-01
7.0420E-05,1.521E-01
7.0480E-05,1.361E-01
7.0480E-05,1.521E-01
7.0540E-05,1.361E-01
7.0540E-05,1.521E-01
7.0600E-05,1.361E-01
7.0600E-05,1.521E-01
7.0660E-05,1.361E-01
7.0660E-05,1.521E-01
7.0720E-05,1.281E-01
7.0720E-05,1.521E-01
7.0780E-05,1.281E-01
7.0780E-05,1.441E-01
7.0840E-05,1.281E-01
7.0840E-05,1.521E-01
7.0900E-05,1.281E-01
7.0900E-05,1.521E-01
7.0960E-05,1.361E-01
7.0960E-05,1.441E-01
7.1020E-05,1.361E-01
7.1020E-05,1.521E-01
7.1080E-05,1.361E-01
7.1080E-05,1.521E-01
7.1140E-05,1.361E-01
7.1140E-05,1.441E-01
7.1200E-05,1.281E-01
7.1200E-05,1.521E-01
7.1260E-05,1.281E-01
7.1260E-05,1.521E-01
7.1320E-05,1.361E-01
7.1320E-05,1.521E-01
7.1380E-05,1.281E-01
7.1380E-05,1.521E-01
7.1440E-05,1.361E-01
7.1440E-05,1.521E-01
7.1500E-05,1.281E-01
7.1500E-05,1.521E-01
7.1560E-05,1.281E-01
7.1560E-05,1.521E-01
7.1620E-05,1.361E-01
7.1620E-05,1.521E-01
7.1680E-05,1.281E-01
7.1680E-05,1.521E-01
7.1740E-05,1.281E-01
7.1740E-05,1.521E-01
7.1800E-05,1.281E-01
7.1800E-05,1.521E-01
7.1860E-05,1.361E-01
7.1860E-05,1.521E-01
7.1920E-05,1.361E-01
7.1920E-05,1.521E-01
7.1980E-05,1.361E-01
7.1980E-05,1.521E-01
7.2040E-05,1.361E-01
7.2040E-05,1.521E-01
7.2100E-05,1.361E-01
7.2100E-05,1.521E-01
7.2160E-05,1.361E-01
7.2160E-05,1.521E-01
7.2220E-05,1.361E-01
7.2220E-05,1.521E-01
7.2280E-05,1.361E-01
7.2280E-05,1.521E-01
7.2340E-05,1.281E-01
7.2340E-05,1.521E-01
7.2400E-05,1.281E-01
7.2400E-05,1.521E-01
7.2460E-05,1.361E-01
7.2460E-05,1.521E-01
7.2520E-05,1.361E-01
7.2520E-05,1.521E-01
7.2580E-05,1.361E-01
7.2580E-05,1.521E-01
7.2640E-05,1.361E-01
7.2640E-05,1.521E-01
7.2700E-05,1.281E-01
7.2700E-05,1.521E-01
7.2760E-05,1.361E-01
7.2760E-05,1.521E-01
7.2820E-05,1.361E-01
7.2820E-05,1.521E-01
7.2880E-05,1.361E-01
7.2880E-05,1.521E-01
7.2940E-05,1.361E-01
7.2940E-05,1.521E-01
7.3000E-05,1.361E-01
7.3000E-05,1.521E-01
7.3060E-05,1.361E-01
7.3060E-05,1.521E-01
7.3120E-05,1.361E-01
7.3120E-05,1.521E-01
7.3180E-05,1.361E-01
7.3180E-05,1.521E-01
7.3240E-05,1.361E-01
7.3240E-05,1.521E-01
7.3300E-05,1.361E-01
7.3300E-05,1.521E-01
7.3360E-05,1.361E-01
7.3360E-05,1.521E-01
7.3420E-05,1.361E-01
7.3420E-05,1.521E-01
7.3480E-05,1.361E-01
7.3480E-05,1.521E-01
7.3540E-05,1.361E-01
7.3540E-05,1.521E-01
7.3600E-05,1.361E-01
7.3600E-05,1.521E-01
7.3660E-05,1.361E-01
7.3660E-05,1.521E-01
7.3720E-05,1.361E-01
7.3720E-05,1.521E-01
7.3780E-05,1.361E-01
7.3780E-05,1.521E-01
7.3840E-05,1.361E-01
7.3840E-05,1.521E-01
7.3900E-05,1.361E-01
7.3900E-05,1.521E-01
7.3960E-05,1.361E-01
7.3960E-05,1.521E-01
7.4020E-05,1.361E-01
7.4020E-05,1.521E-01
7.4080E-05,1.361E-01
7.4080E-05,1.521E-01
7.4140E-05,1.361E-01
7.4140E-05,1.521E-01
7.4200E-05,1.361E-01
7.4200E-05,1.521E-01
7.4260E-05,1.361E-01
7.4260E-05,1.521E-01
7.4320E-05,1.281E-01
7.4320E-05,1.521E-01
7.4380E-05,1.281E-01
7.4380E-05,1.441E-01
7.4440E-05,1.281E-01
7.4440E-05,1.521E-01
7.4500E-05,1.281E-01
7.4500E-05,1.521E-01
7.4560E-05,1.361E-01
7.4560E-05,1.521E-01
7.4620E-05,1.361E-01
7.4620E-05,1.521E-01
7.4680E-05,1.361E-01
7.4680E-05,1.601E-01
7.4740E-05,1.361E-01
7.4740E-05,1.601E-01
7.4800E-05,1.441E-01
7.4800E-05,1.521E-01
7.4860E-05,1.441E-01
7.4860E-05,1.521E-01
7.4920E-05,1.361E-01
7.4920E-05,1.521E-01
7.4980E-05,1.361E-01
7.4980E-05,1.521E-01
7.5040E-05,1.441E-01
7.5040E-05,1.521E-01
7.5100E-05,1.361E-01
7.5100E-05,1.521E-01
7.5160E-05,1.361E-01
7.5160E-05,1.521E-01
7.5220E-05,1.441E-01
7.5220E-05,1.521E-01
7.5280E-05,1.441E-01
7.5280E-05,1.601E-01
7.5340E-05,1.361E-01
7.5340E-05,1.521E-01
7.5400E-05,1.361E-01
7.5400E-05,1.601E-01
7.5460E-05,1.361E-01
7.5460E-05,1.521E-01
7.5520E-05,1.441E-01
7.5520E-05,1.521E-01
7.5580E-05,1.441E-01
7.5580E-05,1.601E-01
7.5640E-05,1.441E-01
7.5640E-05,1.601E-01
7.5700E-05,1.441E-01
7.5700E-05,1.601E-01
7.5760E-05,1.361E-01
7.5760E-05,1.601E-01
7.5820E-05,1.441E-01
7.5820E-05,1.601E-01
7.5880E-05,1.441E-01
7.5880E-05,1.601E-01
7.5940E-05,1.441E-01
7.5940E-05,1.601E-01
7.6000E-05,1.441E-01
7.6000E-05,1.601E-01
7.6060E-05,1.441E-01
7.6060E-05,1.601E-01
7.6120E-05,1.441E-01
7.6120E-05,1.601E-01
7.6180E-05,1.441E-01
7.6180E-05,1.601E-01
7.6240E-05,1.441E-01
7.6240E-05,1.601E-01
7.6300E-05,1.441E-01
7.6300E-05,1.601E-01
7.6360E-05,1.441E-01
7.6360E-05,1.601E-01
7.6420E-05,1.441E-01
7.6420E-05,1.601E-01
7.6480E-05,1.521E-01
7.6480E-05,1.681E-01
7.6540E-05,1.441E-01
7.6540E-05,1.601E-01
7.6600E-05,1.441E-01
7.6600E-05,1.601E-01
7.6660E-05,1.441E-01
7.6660E-05,1.681E-01
7.6720E-05,1.441E-01
7.6720E-05,1.601E-01
7.6780E-05,1.521E-01
7.6780E-05,1.601E-01
7.6840E-05,1.521E-01
7.6840E-05,1.601E-01
7.6900E-05,1.521E-01
7.6900E-05,1.601E-01
7.6960E-05,1.441E-01
7.6960E-05,1.681E-01
7.7020E-05,1.441E-01
7.7020E-05,1.601E-01
7.7080E-05,1.521E-01
7.7080E-05,1.601E-01
7.7140E-05,1.521E-01
7.7140E-05,1.681E-01
7.7200E-05,1.521E-01
7.7200E-05,1.681E-01
7.7260E-05,1.521E-01
7.7260E-05,1.681E-01
7.7320E-05,1.521E-01
7.7320E-05,1.761E-01
7.7380E-05,1.521E-01
7.7380E-05,1.761E-01
7.7440E-05,1.521E-01
7.7440E-05,1.681E-01
7.7500E-05,1.521E-01
7.7500E-05,1.761E-01
7.7560E-05,1.521E-01
7.7560E-05,1.761E-01
7.7620E-05,1.521E-01
7.7620E-05,1.761E-01
7.7680E-05,1.521E-01
7.7680E-05,1.681E-01
7.7740E-05,1.601E-01
7.7740E-05,1.681E-01
7.7800E-05,1.521E-01
7.7800E-05,1.681E-01
7.7860E-05,1.521E-01
7.7860E-05,1.761E-01
7.7920E-05,1.521E-01
7.7920E-05,1.681E-01
7.7980E-05,1.521E-01
7.7980E-05,1.761E-01
7.8040E-05,1.601E-01
7.8040E-05,1.761E-01
7.8100E-05,1.521E-01
7.8100E-05,1.761E-01
7.8160E-05,1.601E-01
7.8160E-05,1.761E-01
7.8220E-05,1.601E-01
7.8220E-05,1.761E-01
7.8280E-05,1.601E-01
7.8280E-05,1.761E-01
7.8340E-05,1.601E-01
7.8340E-05,1.761E-01
7.8400E-05,1.601E-01
7.8400E-05,1.761E-01
7.8460E-05,1.601E-01
7.8460E-05,1.761E-01
7.8520E-05,1.601E-01
7.8520E-05,1.761E-01
7.8580E-05,1.601E-01
7.8580E-05,1.761E-01
7.8640E-05,1.601E-01
7.8640E-05,1.761E-01
7.8700E-05,1.521E-01
7.8700E-05,1.761E-01
7.8760E-05,1.601E-01
7.8760E-05,1.761E-01
7.8820E-05,1.681E-01
7.8820E-05,1.841E-01
7.8880E-05,1.601E-01
7.8880E-05,1.761E-01
7.8940E-05,1.601E-01
7.8940E-05,1.761E-01
7.9000E-05,1.681E-01
7.9000E-05,1.841E-01
7.9060E-05,1.601E-01
7.9060E-05,1.841E-01
7.9120E-05,1.681E-01
7.9120E-05,1.761E-01
7.9180E-05,1.681E-01
7.9180E-05,1.761E-01
7.9240E-05,1.681E-01
7.9240E-05,1.841E-01
7.9300E-05,1.681E-01
7.9300E-05,1.841E-01
7.9360E-05,1.681E-01
7.9360E-05,1.841E-01
7.9420E-05,1.681E-01
7.9420E-05,1.841E-01
7.9480E-05,1.681E-01
7.9480E-05,1.841E-01
7.9540E-05,1.681E-01
7.9540E-05,1.841E-01
7.9600E-05,1.681E-01
7.9600E-05,1.841E-01
7.9660E-05,1.681E-01
7.9660E-05,1.841E-01
7.9720E-05,1.681E-01
7.9720E-05,1.921E-01
7.9780E-05,1.681E-01
7.9780E-05,1.921E-01
7.9840E-05,1.681E-01
7.9840E-05,1.921E-01
7.9900E-05,1.681E-01
7.9900E-05,1.841E-01
7.9960E-05,1.681E-01
7.9960E-05,1.921E-01
8.0020E-05,1.761E-01
8.0020E-05,1.921E-01
8.0080E-05,1.761E-01
8.0080E-05,1.921E-01
8.0140E-05,1.761E-01
8.0140E-05,1.921E-01
8.0200E-05,1.761E-01
8.0200E-05,1.921E-01
8.0260E-05,1.761E-01
8.0260E-05,1.921E-01
8.0320E-05,1.761E-01
8.0320E-05,1.921E-01
8.0380E-05,1.761E-01
8.0380E-05,1.921E-01
8.0440E-05,1.761E-01
8.0440E-05,2.001E-01
8.0500E-05,1.761E-01
8.0500E-05,2.001E-01
8.0560E-05,1.761E-01
8.0560E-05,2.001E-01
8.0620E-05,1.761E-01
8.0620E-05,2.001E-01
8.0680E-05,1.841E-01
8.0680E-05,2.001E-01
8.0740E-05,1.841E-01
8.0740E-05,2.001E-01
8.0800E-05,1.841E-01
8.0800E-05,2.001E-01
8.0860E-05,1.841E-01
8.0860E-05,2.001E-01
8.0920E-05,1.841E-01
8.0920E-05,2.001E-01
8.0980E-05,1.841E-01
8.0980E-05,2.001E-01
8.1040E-05,1.841E-01
8.1040E-05,2.081E-01
8.1100E-05,1.841E-01
8.1100E-05,2.001E-01
8.1160E-05,1.841E-01
8.1160E-05,2.081E-01
8.1220E-05,1.841E-01
8.1220E-05,2.081E-01
8.1280E-05,1.841E-01
8.1280E-05,2.081E-01
8.1340E-05,1.921E-01
8.1340E-05,2.081E-01
8.1400E-05,1.921E-01
8.1400E-05,2.081E-01
8.1460E-05,1.921E-01
8.1460E-05,2.081E-01
8.1520E-05,1.841E-01
8.1520E-05,2.081E-01
8.1580E-05,1.921E-01
8.1580E-05,2.081E-01
8.1640E-05,1.921E-01
8.1640E-05,2.081E-01
8.1700E-05,1.921E-01
8.1700E-05,2.081E-01
8.1760E-05,1.921E-01
8.1760E-05,2.081E-01
8.1820E-05,1.921E-01
8.1820E-05,2.081E-01
8.1880E-05,1.921E-01
8.1880E-05,2.081E-01
8.1940E-05,1.921E-01
8.1940E-05,2.161E-01
8.2000E-05,2.001E-01
8.2000E-05,2.161E-01
8.2060E-05,1.921E-01
8.2060E-05,2.161E-01
8.2120E-05,2.001E-01
8.2120E-05,2.161E-01
8.2180E-05,2.001E-01
8.2180E-05,2.161E-01
8.2240E-05,2.001E-01
8.2240E-05,2.241E-01
8.2300E-05,2.001E-01
8.2300E-05,2.161E-01
8.2360E-05,2.001E-01
8.2360E-05,2.161E-01
8.2420E-05,2.001E-01
8.2420E-05,2.241E-01
8.2480E-05,2.001E-01
8.2480E-05,2.161E-01
8.2540E-05,2.001E-01
8.2540E-05,2.241E-01
8.2600E-05,2.001E-01
8.2600E-05,2.241E-01
8.2660E-05,2.001E-01
8.2660E-05,2.241E-01
8.2720E-05,2.081E-01
8.2720E-05,2.241E-01
8.2780E-05,2.081E-01
8.2780E-05,2.241E-01
8.2840E-05,2.081E-01
8.2840E-05,2.241E-01
8.2900E-05,2.081E-01
8.2900E-05,2.241E-01
8.2960E-05,2.081E-01
8.2960E-05,2.241E-01
8.3020E-05,2.081E-01
8.3020E-05,2.321E-01
8.3080E-05,2.161E-01
8.3080E-05,2.321E-01
8.3140E-05,2.081E-01
8.3140E-05,2.321E-01
8.3200E-05,2.081E-01
8.3200E-05,2.321E-01
8.3260E-05,2.081E-01
8.3260E-05,2.321E-01
8.3320E-05,2.161E-01
8.3320E-05,2.321E-01
8.3380E-05,2.161E-01
8.3380E-05,2.321E-01
8.3440E-05,2.161E-01
8.3440E-05,2.401E-01
8.3500E-05,2.161E-01
8.3500E-05,2.401E-01
8.3560E-05,2.241E-01
8.3560E-05,2.401E-01
8.3620E-05,2.241E-01
8.3620E-05,2.401E-01
8.3680E-05,2.241E-01
8.3680E-05,2.401E-01
8.3740E-05,2.241E-01
8.3740E-05,2.401E-01
8.3800E-05,2.241E-01
8.3800E-05,2.401E-01
8.3860E-05,2.241E-01
8.3860E-05,2.481E-01
8.3920E-05,2.241E-01
8.3920E-05,2.401E-01
8.3980E-05,2.241E-01
8.3980E-05,2.401E-01
8.4040E-05,2.241E-01
8.4040E-05,2.481E-01
8.4100E-05,2.241E-01
8.4100E-05,2.481E-01
8.4160E-05,2.241E-01
8.4160E-05,2.401E-01
8.4220E-05,2.241E-01
8.4220E-05,2.401E-01
8.4280E-05,2.321E-01
8.4280E-05,2.481E-01
8.4340E-05,2.321E-01
8.4340E-05,2.481E-01
8.4400E-05,2.321E-01
8.4400E-05,2.481E-01
8.4460E-05,2.321E-01
8.4460E-05,2.481E-01
8.4520E-05,2.321E-01
8.4520E-05,2.481E-01
8.4580E-05,2.321E-01
8.4580E-05,2.481E-01
8.4640E-05,2.401E-01
8.4640E-05,2.481E-01
8.4700E-05,2.401E-01
8.4700E-05,2.561E-01
8.4760E-05,2.401E-01
8.4760E-05,2.561E-01
8.4820E-05,2.401E-01
8.4820E-05,2.561E-01
8.4880E-05,2.401E-01
8.4880E-05,2.561E-01
8.4940E-05,2.401E-01
8.4940E-05,2.561E-01
8.5000E-05,2.401E-01
8.5000E-05,2.561E-01
8.5060E-05,2.401E-01
8.5060E-05,2.561E-01
8.5120E-05,2.481E-01
8.5120E-05,2.641E-01
8.5180E-05,2.481E-01
8.5180E-05,2.641E-01
8.5240E-05,2.401E-01
8.5240E-05,2.641E-01
8.5300E-05,2.401E-01
8.5300E-05,2.641E-01
8.5360E-05,2.481E-01
8.5360E-05,2.641E-01
8.5420E-05,2.481E-01
8.5420E-05,2.641E-01
8.5480E-05,2.481E-01
8.5480E-05,2.641E-01
8.5540E-05,2.481E-01
8.5540E-05,2.721E-01
8.5600E-05,2.481E-01
8.5600E-05,2.721E-01
8.5660E-05,2.481E-01
8.5660E-05,2.641E-01
8.5720E-05,2.561E-01
8.5720E-05,2.721E-01
8.5780E-05,2.561E-01
8.5780E-05,2.721E-01
8.5840E-05,2.561E-01
8.5840E-05,2.721E-01
8.5900E-05,2.561E-01
8.5900E-05,2.721E-01
8.5960E-05,2.561E-01
8.5960E-05,2.721E-01
8.6020E-05,2.561E-01
8.6020E-05,2.721E-01
8.6080E-05,2.641E-01
8.6080E-05,2.801E-01
8.6140E-05,2.641E-01
8.6140E-05,2.801E-01
8.6200E-05,2.561E-01
8.6200E-05,2.801E-01
8.6260E-05,2.641E-01
8.6260E-05,2.801E-01
8.6320E-05,2.641E-01
8.6320E-05,2.801E-01
8.6380E-05,2.641E-01
8.6380E-05,2.881E-01
8.6440E-05,2.641E-01
8.6440E-05,2.881E-01
8.6500E-05,2.641E-01
8.6500E-05,2.881E-01
8.6560E-05,2.641E-01
8.6560E-05,2.881E-01
8.6620E-05,2.721E-01
8.6620E-05,2.881E-01
8.6680E-05,2.721E-01
8.6680E-05,2.961E-01
8.6740E-05,2.641E-01
8.6740E-05,2.881E-01
8.6800E-05,2.641E-01
8.6800E-05,2.801E-01
8.6860E-05,2.641E-01
8.6860E-05,2.881E-01
8.6920E-05,2.641E-01
8.6920E-05,2.961E-01
8.6980E-05,2.801E-01
8.6980E-05,2.961E-01
8.7040E-05,2.801E-01
8.7040E-05,2.961E-01
8.7100E-05,2.801E-01
8.7100E-05,3.041E-01
8.7160E-05,2.801E-01
8.7160E-05,3.041E-01
8.7220E-05,2.801E-01
8.7220E-05,3.041E-01
8.7280E-05,2.881E-01
8.7280E-05,3.041E-01
8.7340E-05,2.881E-01
8.7340E-05,3.041E-01
8.7400E-05,2.881E-01
8.7400E-05,3.041E-01
8.7460E-05,2.881E-01
8.7460E-05,3.121E-01
8.7520E-05,2.881E-01
8.7520E-05,3.121E-01
8.7580E-05,2.881E-01
8.7580E-05,3.041E-01
8.7640E-05,2.881E-01
8.7640E-05,3.121E-01
8.7700E-05,2.881E-01
8.7700E-05,3.121E-01
8.7760E-05,2.881E-01
8.7760E-05,3.121E-01
8.7820E-05,2.961E-01
8.7820E-05,3.121E-01
8.7880E-05,2.961E-01
8.7880E-05,3.121E-01
8.7940E-05,2.961E-01
8.7940E-05,3.121E-01
8.8000E-05,2.961E-01
8.8000E-05,3.201E-01
8.8060E-05,3.041E-01
8.8060E-05,3.201E-01
8.8120E-05,2.961E-01
8.8120E-05,3.201E-01
8.8180E-05,3.041E-01
8.8180E-05,3.201E-01
8.8240E-05,3.041E-01
8.8240E-05,3.201E-01
8.8300E-05,3.041E-01
8.8300E-05,3.281E-01
8.8360E-05,3.041E-01
8.8360E-05,3.281E-01
8.8420E-05,3.121E-01
8.8420E-05,3.281E-01
8.8480E-05,3.121E-01
8.8480E-05,3.281E-01
8.8540E-05,3.121E-01
8.8540E-05,3.281E-01
8.8600E-05,3.121E-01
8.8600E-05,3.361E-01
8.8660E-05,3.121E-01
8.8660E-05,3.281E-01
8.8720E-05,3.201E-01
8.8720E-05,3.361E-01
8.8780E-05,3.201E-01
8.8780E-05,3.361E-01
8.8840E-05,3.201E-01
8.8840E-05,3.361E-01
8.8900E-05,3.201E-01
8.8900E-05,3.361E-01
8.8960E-05,3.201E-01
8.8960E-05,3.361E-01
8.9020E-05,3.201E-01
8.9020E-05,3.441E-01
8.9080E-05,3.281E-01
8.9080E-05,3.441E-01
8.9140E-05,3.201E-01
8.9140E-05,3.441E-01
8.9200E-05,3.201E-01
8.9200E-05,3.441E-01
8.9260E-05,3.281E-01
8.9260E-05,3.441E-01
8.9320E-05,3.281E-01
8.9320E-05,3.441E-01
8.9380E-05,3.281E-01
8.9380E-05,3.441E-01
8.9440E-05,3.361E-01
8.9440E-05,3.521E-01
8.9500E-05,3.281E-01
8.9500E-05,3.521E-01
8.9560E-05,3.361E-01
8.9560E-05,3.521E-01
8.9620E-05,3.361E-01
8.9620E-05,3.521E-01
8.9680E-05,3.361E-01
8.9680E-05,3.601E-01
8.9740E-05,3.361E-01
8.9740E-05,3.601E-01
8.9800E-05,3.441E-01
8.9800E-05,3.601E-01
8.9860E-05,3.361E-01
8.9860E-05,3.601E-01
8.9920E-05,3.441E-01
8.9920E-05,3.601E-01
8.9980E-05,3.441E-01
8.9980E-05,3.601E-01
9.0040E-05,3.441E-01
9.0040E-05,3.601E-01
9.0100E-05,3.441E-01
9.0100E-05,3.601E-01
9.0160E-05,3.441E-01
9.0160E-05,3.681E-01
9.0220E-05,3.521E-01
9.0220E-05,3.681E-01
9.0280E-05,3.521E-01
9.0280E-05,3.681E-01
9.0340E-05,3.521E-01
9.0340E-05,3.681E-01
9.0400E-05,3.521E-01
9.0400E-05,3.761E-01
9.0460E-05,3.521E-01
9.0460E-05,3.761E-01
9.0520E-05,3.521E-01
9.0520E-05,3.761E-01
9.0580E-05,3.601E-01
9.0580E-05,3.761E-01
9.0640E-05,3.601E-01
9.0640E-05,3.841E-01
9.0700E-05,3.601E-01
9.0700E-05,3.761E-01
9.0760E-05,3.601E-01
9.0760E-05,3.841E-01
9.0820E-05,3.601E-01
9.0820E-05,3.841E-01
9.0880E-05,3.681E-01
9.0880E-05,3.841E-01
9.0940E-05,3.681E-01
9.0940E-05,3.841E-01
9.1000E-05,3.681E-01
9.1000E-05,3.921E-01
9.1060E-05,3.681E-01
9.1060E-05,3.921E-01
9.1120E-05,3.681E-01
9.1120E-05,3.921E-01
9.1180E-05,3.681E-01
9.1180E-05,3.921E-01
9.1240E-05,3.761E-01
9.1240E-05,3.921E-01
9.1300E-05,3.761E-01
9.1300E-05,4.001E-01
9.1360E-05,3.761E-01
9.1360E-05,3.921E-01
9.1420E-05,3.761E-01
9.1420E-05,4.001E-01
9.1480E-05,3.761E-01
9.1480E-05,4.001E-01
9.1540E-05,3.841E-01
9.1540E-05,4.001E-01
9.1600E-05,3.841E-01
9.1600E-05,4.001E-01
9.1660E-05,3.841E-01
9.1660E-05,4.001E-01
9.1720E-05,3.841E-01
9.1720E-05,4.081E-01
9.1780E-05,3.841E-01
9.1780E-05,4.081E-01
9.1840E-05,3.921E-01
9.1840E-05,4.081E-01
9.1900E-05,3.921E-01
9.1900E-05,4.081E-01
9.1960E-05,3.921E-01
9.1960E-05,4.081E-01
9.2020E-05,3.841E-01
9.2020E-05,4.081E-01
9.2080E-05,4.001E-01
9.2080E-05,4.161E-01
9.2140E-05,4.001E-01
9.2140E-05,4.161E-01
9.2200E-05,4.001E-01
9.2200E-05,4.161E-01
9.2260E-05,4.001E-01
9.2260E-05,4.161E-01
9.2320E-05,4.001E-01
9.2320E-05,4.161E-01
9.2380E-05,4.001E-01
9.2380E-05,4.161E-01
9.2440E-05,4.081E-01
9.2440E-05,4.241E-01
9.2500E-05,4.081E-01
9.2500E-05,4.241E-01
9.2560E-05,4.081E-01
9.2560E-05,4.241E-01
9.2620E-05,4.081E-01
9.2620E-05,4.241E-01
9.2680E-05,4.081E-01
9.2680E-05,4.241E-01
9.2740E-05,4.081E-01
9.2740E-05,4.241E-01
9.2800E-05,4.081E-01
9.2800E-05,4.321E-01
9.2860E-05,4.081E-01
9.2860E-05,4.321E-01
9.2920E-05,4.081E-01
9.2920E-05,4.321E-01
9.2980E-05,4.161E-01
9.2980E-05,4.321E-01
9.3040E-05,4.161E-01
9.3040E-05,4.321E-01
9.3100E-05,4.081E-01
9.3100E-05,4.321E-01
9.3160E-05,4.161E-01
9.3160E-05,4.321E-01
9.3220E-05,4.161E-01
9.3220E-05,4.321E-01
9.3280E-05,4.241E-01
9.3280E-05,4.401E-01
9.3340E-05,4.241E-01
9.3340E-05,4.401E-01
9.3400E-05,4.241E-01
9.3400E-05,4.401E-01
9.3460E-05,4.241E-01
9.3460E-05,4.401E-01
9.3520E-05,4.241E-01
9.3520E-05,4.401E-01
9.3580E-05,4.321E-01
9.3580E-05,4.481E-01
9.3640E-05,4.321E-01
9.3640E-05,4.481E-01
9.3700E-05,4.321E-01
9.3700E-05,4.481E-01
9.3760E-05,4.321E-01
9.3760E-05,4.481E-01
9.3820E-05,4.321E-01
9.3820E-05,4.481E-01
9.3880E-05,4.401E-01
9.3880E-05,4.561E-01
9.3940E-05,4.401E-01
9.3940E-05,4.561E-01
9.4000E-05,4.401E-01
9.4000E-05,4.561E-01
9.4060E-05,4.321E-01
9.4060E-05,4.561E-01
9.4120E-05,4.401E-01
9.4120E-05,4.561E-01
9.4180E-05,4.401E-01
9.4180E-05,4.641E-01
9.4240E-05,4.481E-01
9.4240E-05,4.641E-01
9.4300E-05,4.481E-01
9.4300E-05,4.641E-01
9.4360E-05,4.481E-01
9.4360E-05,4.721E-01
9.4420E-05,4.481E-01
9.4420E-05,4.641E-01
9.4480E-05,4.481E-01
9.4480E-05,4.641E-01
9.4540E-05,4.481E-01
9.4540E-05,4.721E-01
9.4600E-05,4.481E-01
9.4600E-05,4.721E-01
9.4660E-05,4.561E-01
9.4660E-05,4.721E-01
9.4720E-05,4.561E-01
9.4720E-05,4.721E-01
9.4780E-05,4.561E-01
9.4780E-05,4.801E-01
9.4840E-05,4.641E-01
9.4840E-05,4.801E-01
9.4900E-05,4.641E-01
9.4900E-05,4.881E-01
9.4960E-05,4.641E-01
9.4960E-05,4.881E-01
9.5020E-05,4.641E-01
9.5020E-05,4.801E-01
9.5080E-05,4.721E-01
9.5080E-05,4.801E-01
9.5140E-05,4.721E-01
9.5140E-05,4.881E-01
9.5200E-05,4.721E-01
9.5200E-05,4.881E-01
9.5260E-05,4.721E-01
9.5260E-05,4.961E-01
9.5320E-05,4.801E-01
9.5320E-05,4.961E-01
9.5380E-05,4.801E-01
9.5380E-05,4.961E-01
9.5440E-05,4.801E-01
9.5440E-05,4.961E-01
9.5500E-05,4.801E-01
9.5500E-05,5.041E-01
9.5560E-05,4.801E-01
9.5560E-05,4.961E-01
9.5620E-05,4.801E-01
9.5620E-05,5.041E-01
9.5680E-05,4.881E-01
9.5680E-05,5.041E-01
9.5740E-05,4.881E-01
9.5740E-05,5.041E-01
9.5800E-05,4.961E-01
9.5800E-05,5.041E-01
9.5860E-05,4.881E-01
9.5860E-05,5.041E-01
9.5920E-05,4.881E-01
9.5920E-05,5.121E-01
9.5980E-05,4.961E-01
9.5980E-05,5.121E-01
9.6040E-05,4.961E-01
9.6040E-05,5.121E-01
9.6100E-05,4.961E-01
9.6100E-05,5.121E-01
9.6160E-05,4.961E-01
9.6160E-05,5.201E-01
9.6220E-05,5.041E-01
9.6220E-05,5.201E-01
9.6280E-05,5.041E-01
9.6280E-05,5.201E-01
9.6340E-05,5.041E-01
9.6340E-05,5.201E-01
9.6400E-05,5.041E-01
9.6400E-05,5.281E-01
9.6460E-05,5.041E-01
9.6460E-05,5.201E-01
9.6520E-05,5.041E-01
9.6520E-05,5.201E-01
9.6580E-05,5.121E-01
9.6580E-05,5.201E-01
9.6640E-05,5.041E-01
9.6640E-05,5.281E-01
9.6700E-05,5.121E-01
9.6700E-05,5.281E-01
9.6760E-05,5.121E-01
9.6760E-05,5.281E-01
9.6820E-05,5.121E-01
9.6820E-05,5.281E-01
9.6880E-05,5.121E-01
9.6880E-05,5.361E-01
9.6940E-05,5.121E-01
9.6940E-05,5.361E-01
9.7000E-05,5.201E-01
9.7000E-05,5.361E-01
9.7060E-05,5.121E-01
9.7060E-05,5.361E-01
9.7120E-05,5.201E-01
9.7120E-05,5.361E-01
9.7180E-05,5.201E-01
9.7180E-05,5.361E-01
9.7240E-05,5.281E-01
9.7240E-05,5.441E-01
9.7300E-05,5.281E-01
9.7300E-05,5.441E-01
9.7360E-05,5.281E-01
9.7360E-05,5.441E-01
9.7420E-05,5.281E-01
9.7420E-05,5.441E-01
9.7480E-05,5.281E-01
9.7480E-05,5.521E-01
9.7540E-05,5.281E-01
9.7540E-05,5.521E-01
9.7600E-05,5.361E-01
9.7600E-05,5.521E-01
9.7660E-05,5.361E-01
9.7660E-05,5.521E-01
9.7720E-05,5.361E-01
9.7720E-05,5.521E-01
9.7780E-05,5.361E-01
9.7780E-05,5.601E-01
9.7840E-05,5.441E-01
9.7840E-05,5.521E-01
9.7900E-05,5.441E-01
9.7900E-05,5.601E-01
9.7960E-05,5.441E-01
9.7960E-05,5.601E-01
9.8020E-05,5.441E-01
9.8020E-05,5.601E-01
9.8080E-05,5.441E-01
9.8080E-05,5.601E-01
9.8140E-05,5.441E-01
9.8140E-05,5.681E-01
9.8200E-05,5.521E-01
9.8200E-05,5.681E-01
9.8260E-05,5.521E-01
9.8260E-05,5.761E-01
9.8320E-05,5.521E-01
9.8320E-05,5.681E-01
9.8380E-05,5.521E-01
9.8380E-05,5.761E-01
9.8440E-05,5.521E-01
9.8440E-05,5.761E-01
9.8500E-05,5.601E-01
9.8500E-05,5.761E-01
9.8560E-05,5.601E-01
9.8560E-05,5.761E-01
9.8620E-05,5.601E-01
9.8620E-05,5.761E-01
9.8680E-05,5.601E-01
9.8680E-05,5.841E-01
9.8740E-05,5.601E-01
9.8740E-05,5.841E-01
9.8800E-05,5.601E-01
9.8800E-05,5.841E-01
9.8860E-05,5.681E-01
9.8860E-05,5.841E-01
9.8920E-05,5.681E-01
9.8920E-05,5.841E-01
9.8980E-05,5.681E-01
9.8980E-05,5.841E-01
9.9040E-05,5.681E-01
9.9040E-05,5.921E-01
9.9100E-05,5.681E-01
9.9100E-05,5.921E-01
9.9160E-05,5.681E-01
9.9160E-05,6.001E-01
9.9220E-05,5.681E-01
9.9220E-05,5.921E-01
9.9280E-05,5.681E-01
9.9280E-05,5.921E-01
9.9340E-05,5.761E-01
9.9340E-05,6.001E-01
9.9400E-05,5.841E-01
9.9400E-05,6.001E-01
9.9460E-05,5.841E-01
9.9460E-05,6.001E-01
9.9520E-05,5.841E-01
9.9520E-05,6.001E-01
9.9580E-05,5.841E-01
9.9580E-05,6.001E-01
9.9640E-05,5.841E-01
9.9640E-05,6.001E-01
9.9700E-05,5.921E-01
9.9700E-05,6.081E-01
9.9760E-05,5.841E-01
9.9760E-05,6.081E-01
9.9820E-05,5.841E-01
9.9820E-05,6.081E-01
9.9880E-05,5.921E-01
9.9880E-05,6.081E-01
9.9940E-05,5.921E-01
9.9940E-05,6.161E-01
1.0000E-04,6.001E-01
1.0000E-04,6.161E-01
1.0006E-04,6.001E-01
1.0006E-04,6.241E-01
1.0012E-04,6.001E-01
1.0012E-04,6.241E-01
1.0018E-04,6.001E-01
1.0018E-04,6.241E-01
1.0024E-04,6.001E-01
1.0024E-04,6.241E-01
1.0030E-04,6.081E-01
1.0030E-04,6.241E-01
1.0036E-04,6.081E-01
1.0036E-04,6.241E-01
1.0042E-04,6.081E-01
1.0042E-04,6.241E-01
1.0048E-04,6.081E-01
1.0048E-04,6.241E-01
1.0054E-04,6.081E-01
1.0054E-04,6.321E-01
1.0060E-04,6.161E-01
1.0060E-04,6.321E-01
1.0066E-04,6.161E-01
1.0066E-04,6.321E-01
1.0072E-04,6.161E-01
1.0072E-04,6.321E-01
1.0078E-04,6.161E-01
1.0078E-04,6.401E-01
1.0084E-04,6.161E-01
1.0084E-04,6.401E-01
1.0090E-04,6.161E-01
1.0090E-04,6.401E-01
1.0096E-04,6.241E-01
1.0096E-04,6.401E-01
1.0102E-04,6.241E-01
1.0102E-04,6.401E-01
1.0108E-04,6.241E-01
1.0108E-04,6.401E-01
1.0114E-04,6.241E-01
1.0114E-04,6.481E-01
1.0120E-04,6.241E-01
1.0120E-04,6.481E-01
1.0126E-04,6.321E-01
1.0126E-04,6.481E-01
1.0132E-04,6.321E-01
1.0132E-04,6.481E-01
1.0138E-04,6.321E-01
1.0138E-04,6.561E-01
1.0144E-04,6.321E-01
1.0144E-04,6.561E-01
1.0150E-04,6.321E-01
1.0150E-04,6.561E-01
1.0156E-04,6.321E-01
1.0156E-04,6.561E-01
1.0162E-04,6.321E-01
1.0162E-04,6.561E-01
1.0168E-04,6.401E-01
1.0168E-04,6.561E-01
1.0174E-04,6.401E-01
1.0174E-04,6.641E-01
1.0180E-04,6.481E-01
1.0180E-04,6.641E-01
1.0186E-04,6.481E-01
1.0186E-04,6.721E-01
1.0192E-04,6.481E-01
1.0192E-04,6.641E-01
1.0198E-04,6.481E-01
1.0198E-04,6.641E-01
1.0204E-04,6.481E-01
1.0204E-04,6.721E-01
1.0210E-04,6.481E-01
1.0210E-04,6.721E-01
1.0216E-04,6.561E-01
1.0216E-04,6.721E-01
1.0222E-04,6.561E-01
1.0222E-04,6.801E-01
1.0228E-04,6.561E-01
1.0228E-04,6.801E-01
1.0234E-04,6.561E-01
1.0234E-04,6.801E-01
1.0240E-04,6.641E-01
1.0240E-04,6.801E-01
1.0246E-04,6.641E-01
1.0246E-04,6.801E-01
1.0252E-04,6.641E-01
1.0252E-04,6.801E-01
1.0258E-04,6.641E-01
1.0258E-04,6.881E-01
1.0264E-04,6.641E-01
1.0264E-04,6.881E-01
1.0270E-04,6.721E-01
1.0270E-04,6.881E-01
1.0276E-04,6.721E-01
1.0276E-04,6.881E-01
1.0282E-04,6.641E-01
1.0282E-04,6.881E-01
1.0288E-04,6.721E-01
1.0288E-04,6.881E-01
1.0294E-04,6.721E-01
1.0294E-04,6.881E-01
1.0300E-04,6.801E-01
1.0300E-04,6.961E-01
1.0306E-04,6.801E-01
1.0306E-04,6.961E-01
1.0312E-04,6.801E-01
1.0312E-04,6.961E-01
1.0318E-04,6.801E-01
1.0318E-04,6.961E-01
1.0324E-04,6.801E-01
1.0324E-04,7.041E-01
1.0330E-04,6.881E-01
1.0330E-04,6.961E-01
1.0336E-04,6.801E-01
1.0336E-04,7.041E-01
1.0342E-04,6.801E-01
1.0342E-04,7.041E-01
1.0348E-04,6.881E-01
1.0348E-04,7.121E-01
1.0354E-04,6.881E-01
1.0354E-04,7.121E-01
1.0360E-04,6.961E-01
1.0360E-04,7.121E-01
1.0366E-04,6.881E-01
1.0366E-04,7.121E-01
1.0372E-04,6.881E-01
1.0372E-04,7.041E-01
1.0378E-04,6.881E-01
1.0378E-04,7.121E-01
1.0384E-04,6.881E-01
1.0384E-04,7.201E-01
1.0390E-04,6.961E-01
1.0390E-04,7.201E-01
1.0396E-04,6.961E-01
1.0396E-04,7.201E-01
1.0402E-04,6.961E-01
1.0402E-04,7.201E-01
1.0408E-04,6.961E-01
1.0408E-04,7.201E-01
1.0414E-04,7.041E-01
1.0414E-04,7.201E-01
1.0420E-04,7.041E-01
1.0420E-04,7.201E-01
1.0426E-04,7.041E-01
1.0426E-04,7.281E-01
1.0432E-04,7.121E-01
1.0432E-04,7.281E-01
1.0438E-04,7.121E-01
1.0438E-04,7.281E-01
1.0444E-04,7.121E-01
1.0444E-04,7.281E-01
1.0450E-04,7.121E-01
1.0450E-04,7.281E-01
1.0456E-04,7.121E-01
1.0456E-04,7.281E-01
1.0462E-04,7.121E-01
1.0462E-04,7.281E-01
1.0468E-04,7.121E-01
1.0468E-04,7.361E-01
1.0474E-04,7.201E-01
1.0474E-04,7.361E-01
1.0480E-04,7.201E-01
1.0480E-04,7.361E-01
1.0486E-04,7.201E-01
1.0486E-04,7.361E-01
1.0492E-04,7.201E-01
1.0492E-04,7.441E-01
1.0498E-04,7.201E-01
1.0498E-04,7.441E-01
1.0504E-04,7.201E-01
1.0504E-04,7.441E-01
1.0510E-04,7.281E-01
1.0510E-04,7.441E-01
1.0516E-04,7.281E-01
1.0516E-04,7.441E-01
1.0522E-04,7.281E-01
1.0522E-04,7.441E-01
1.0528E-04,7.281E-01
1.0528E-04,7.521E-01
1.0534E-04,7.361E-01
1.0534E-04,7.521E-01
1.0540E-04,7.281E-01
1.0540E-04,7.521E-01
1.0546E-04,7.361E-01
1.0546E-04,7.521E-01
1.0552E-04,7.361E-01
1.0552E-04,7.521E-01
1.0558E-04,7.361E-01
1.0558E-04,7.521E-01
1.0564E-04,7.361E-01
1.0564E-04,7.521E-01
1.0570E-04,7.361E-01
1.0570E-04,7.601E-01
1.0576E-04,7.361E-01
1.0576E-04,7.601E-01
1.0582E-04,7.441E-01
1.0582E-04,7.601E-01
1.0588E-04,7.441E-01
1.0588E-04,7.601E-01
1.0594E-04,7.441E-01
1.0594E-04,7.681E-01
1.0600E-04,7.441E-01
1.0600E-04,7.681E-01
1.0606E-04,7.441E-01
1.0606E-04,7.681E-01
1.0612E-04,7.521E-01
1.0612E-04,7.761E-01
1.0618E-04,7.521E-01
1.0618E-04,7.761E-01
1.0624E-04,7.601E-01
1.0624E-04,7.761E-01
1.0630E-04,7.601E-01
1.0630E-04,7.761E-01
1.0636E-04,7.681E-01
1.0636E-04,7.841E-01
1.0642E-04,7.681E-01
1.0642E-04,7.841E-01
1.0648E-04,7.681E-01
1.0648E-04,7.841E-01
1.0654E-04,7.681E-01
1.0654E-04,7.841E-01
1.0660E-04,7.681E-01
1.0660E-04,7.841E-01
1.0666E-04,7.681E-01
1.0666E-04,7.841E-01
1.0672E-04,7.681E-01
1.0672E-04,7.841E-01
1.0678E-04,7.601E-01
1.0678E-04,7.841E-01
1.0684E-04,7.601E-01
1.0684E-04,7.841E-01
1.0690E-04,7.681E-01
1.0690E-04,7.841E-01
1.0696E-04,7.681E-01
1.0696E-04,7.921E-01
1.0702E-04,7.681E-01
1.0702E-04,7.921E-01
1.0708E-04,7.681E-01
1.0708E-04,7.841E-01
1.0714E-04,7.681E-01
1.0714E-04,7.841E-01
1.0720E-04,7.681E-01
1.0720E-04,7.921E-01
1.0726E-04,7.761E-01
1.0726E-04,7.921E-01
1.0732E-04,7.761E-01
1.0732E-04,7.921E-01
1.0738E-04,7.761E-01
1.0738E-04,7.921E-01
1.0744E-04,7.761E-01
1.0744E-04,7.921E-01
1.0750E-04,7.761E-01
1.0750E-04,8.001E-01
1.0756E-04,7.761E-01
1.0756E-04,8.001E-01
1.0762E-04,7.841E-01
1.0762E-04,8.001E-01
1.0768E-04,7.841E-01
1.0768E-04,8.001E-01
1.0774E-04,7.841E-01
1.0774E-04,8.001E-01
1.0780E-04,7.841E-01
1.0780E-04,8.081E-01
1.0786E-04,7.841E-01
1.0786E-04,8.081E-01
1.0792E-04,7.841E-01
1.0792E-04,8.081E-01
1.0798E-04,7.841E-01
1.0798E-04,8.081E-01
1.0804E-04,7.841E-01
1.0804E-04,8.001E-01
1.0810E-04,7.841E-01
1.0810E-04,8.081E-01
1.0816E-04,7.921E-01
1.0816E-04,8.161E-01
1.0822E-04,8.001E-01
1.0822E-04,8.161E-01
1.0828E-04,8.001E-01
1.0828E-04,8.161E-01
1.0834E-04,8.001E-01
1.0834E-04,8.161E-01
1.0840E-04,8.001E-01
1.0840E-04,8.161E-01
1.0846E-04,8.001E-01
1.0846E-04,8.241E-01
1.0852E-04,8.001E-01
1.0852E-04,8.241E-01
1.0858E-04,8.001E-01
1.0858E-04,8.241E-01
1.0864E-04,8.001E-01
1.0864E-04,8.241E-01
1.0870E-04,8.081E-01
1.0870E-04,8.241E-01
1.0876E-04,8.081E-01
1.0876E-04,8.241E-01
1.0882E-04,8.081E-01
1.0882E-04,8.241E-01
1.0888E-04,8.081E-01
1.0888E-04,8.241E-01
1.0894E-04,8.081E-01
1.0894E-04,8.321E-01
1.0900E-04,8.081E-01
1.0900E-04,8.321E-01
1.0906E-04,8.161E-01
1.0906E-04,8.321E-01
1.0912E-04,8.161E-01
1.0912E-04,8.321E-01
1.0918E-04,8.161E-01
1.0918E-04,8.321E-01
1.0924E-04,8.241E-01
1.0924E-04,8.401E-01
1.0930E-04,8.241E-01
1.0930E-04,8.401E-01
1.0936E-04,8.241E-01
1.0936E-04,8.401E-01
1.0942E-04,8.241E-01
1.0942E-04,8.401E-01
1.0948E-04,8.241E-01
1.0948E-04,8.401E-01
1.0954E-04,8.241E-01
1.0954E-04,8.401E-01
1.0960E-04,8.241E-01
1.0960E-04,8.401E-01
1.0966E-04,8.241E-01
1.0966E-04,8.481E-01
1.0972E-04,8.321E-01
1.0972E-04,8.481E-01
1.0978E-04,8.321E-01
1.0978E-04,8.481E-01
1.0984E-04,8.321E-01
1.0984E-04,8.481E-01
1.0990E-04,8.321E-01
1.0990E-04,8.481E-01
1.0996E-04,8.321E-01
1.0996E-04,8.561E-01
1.1002E-04,8.321E-01
1.1002E-04,8.561E-01
1.1008E-04,8.321E-01
1.1008E-04,8.561E-01
1.1014E-04,8.401E-01
1.1014E-04,8.561E-01
1.1020E-04,8.401E-01
1.1020E-04,8.641E-01
1.1026E-04,8.401E-01
1.1026E-04,8.641E-01
1.1032E-04,8.401E-01
1.1032E-04,8.561E-01
1.1038E-04,8.401E-01
1.1038E-04,8.641E-01
1.1044E-04,8.401E-01
1.1044E-04,8.641E-01
1.1050E-04,8.481E-01
1.1050E-04,8.641E-01
1.1056E-04,8.481E-01
1.1056E-04,8.641E-01
1.1062E-04,8.481E-01
1.1062E-04,8.641E-01
1.1068E-04,8.401E-01
1.1068E-04,8.721E-01
1.1074E-04,8.481E-01
1.1074E-04,8.641E-01
1.1080E-04,8.561E-01
1.1080E-04,8.721E-01
1.1086E-04,8.481E-01
1.1086E-04,8.721E-01
1.1092E-04,8.481E-01
1.1092E-04,8.721E-01
1.1098E-04,8.561E-01
1.1098E-04,8.721E-01
1.1104E-04,8.561E-01
1.1104E-04,8.721E-01
1.1110E-04,8.561E-01
1.1110E-04,8.801E-01
1.1116E-04,8.561E-01
1.1116E-04,8.801E-01
1.1122E-04,8.641E-01
1.1122E-04,8.801E-01
1.1128E-04,8.641E-01
1.1128E-04,8.801E-01
1.1134E-04,8.641E-01
1.1134E-04,8.881E-01
1.1140E-04,8.641E-01
1.1140E-04,8.801E-01
1.1146E-04,8.641E-01
1.1146E-04,8.881E-01
1.1152E-04,8.641E-01
1.1152E-04,8.881E-01
1.1158E-04,8.641E-01
1.1158E-04,8.801E-01
1.1164E-04,8.641E-01
1.1164E-04,8.881E-01
1.1170E-04,8.721E-01
1.1170E-04,8.881E-01
1.1176E-04,8.721E-01
1.1176E-04,8.961E-01
1.1182E-04,8.721E-01
1.1182E-04,8.961E-01
1.1188E-04,8.721E-01
1.1188E-04,8.881E-01
1.1194E-04,8.721E-01
1.1194E-04,8.961E-01
1.1200E-04,8.721E-01
1.1200E-04,8.961E-01
1.1206E-04,8.721E-01
1.1206E-04,9.041E-01
1.1212E-04,8.801E-01
1.1212E-04,8.961E-01
1.1218E-04,8.801E-01
1.1218E-04,8.961E-01
1.1224E-04,8.801E-01
1.1224E-04,9.041E-01
1.1230E-04,8.801E-01
1.1230E-04,9.041E-01
1.1236E-04,8.801E-01
1.1236E-04,9.041E-01
1.1242E-04,8.881E-01
1.1242E-04,9.041E-01
1.1248E-04,8.881E-01
1.1248E-04,9.041E-01
1.1254E-04,8.881E-01
1.1254E-04,9.041E-01
1.1260E-04,8.881E-01
1.1260E-04,9.121E-01
1.1266E-04,8.881E-01
1.1266E-04,9.041E-01
1.1272E-04,8.881E-01
1.1272E-04,9.121E-01
1.1278E-04,8.881E-01
1.1278E-04,9.121E-01
1.1284E-04,8.881E-01
1.1284E-04,9.121E-01
1.1290E-04,8.881E-01
1.1290E-04,9.121E-01
1.1296E-04,8.961E-01
1.1296E-04,9.121E-01
1.1302E-04,8.961E-01
1.1302E-04,9.201E-01
1.1308E-04,8.961E-01
1.1308E-04,9.201E-01
1.1314E-04,8.961E-01
1.1314E-04,9.201E-01
1.1320E-04,8.961E-01
1.1320E-04,9.121E-01
1.1326E-04,9.041E-01
1.1326E-04,9.201E-01
1.1332E-04,8.961E-01
1.1332E-04,9.201E-01
1.1338E-04,9.041E-01
1.1338E-04,9.201E-01
1.1344E-04,9.041E-01
1.1344E-04,9.201E-01
1.1350E-04,9.041E-01
1.1350E-04,9.201E-01
1.1356E-04,9.041E-01
1.1356E-04,9.201E-01
1.1362E-04,9.041E-01
1.1362E-04,9.201E-01
1.1368E-04,9.041E-01
1.1368E-04,9.201E-01
1.1374E-04,9.041E-01
1.1374E-04,9.201E-01
1.1380E-04,9.041E-01
1.1380E-04,9.281E-01
1.1386E-04,9.041E-01
1.1386E-04,9.281E-01
1.1392E-04,9.121E-01
1.1392E-04,9.201E-01
1.1398E-04,9.121E-01
1.1398E-04,9.281E-01
1.1404E-04,9.041E-01
1.1404E-04,9.281E-01
1.1410E-04,9.121E-01
1.1410E-04,9.281E-01
1.1416E-04,9.121E-01
1.1416E-04,9.281E-01
1.1422E-04,9.121E-01
1.1422E-04,9.281E-01
1.1428E-04,9.121E-01
1.1428E-04,9.281E-01
1.1434E-04,9.121E-01
1.1434E-04,9.361E-01
1.1440E-04,9.121E-01
1.1440E-04,9.361E-01
1.1446E-04,9.121E-01
1.1446E-04,9.361E-01
1.1452E-04,9.201E-01
1.1452E-04,9.361E-01
1.1458E-04,9.201E-01
1.1458E-04,9.361E-01
1.1464E-04,9.121E-01
1.1464E-04,9.361E-01
1.1470E-04,9.201E-01
1.1470E-04,9.361E-01
1.1476E-04,9.201E-01
1.1476E-04,9.361E-01
1.1482E-04,9.201E-01
1.1482E-04,9.361E-01
1.1488E-04,9.201E-01
1.1488E-04,9.441E-01
1.1494E-04,9.201E-01
1.1494E-04,9.441E-01
1.1500E-04,9.281E-01
1.1500E-04,9.441E-01
1.1506E-04,9.201E-01
1.1506E-04,9.441E-01
1.1512E-04,9.281E-01
1.1512E-04,9.441E-01
1.1518E-04,9.201E-01
1.1518E-04,9.441E-01
1.1524E-04,9.281E-01
1.1524E-04,9.441E-01
1.1530E-04,9.201E-01
1.1530E-04,9.441E-01
1.1536E-04,9.201E-01
1.1536E-04,9.361E-01
1.1542E-04,9.201E-01
1.1542E-04,9.441E-01
1.1548E-04,9.201E-01
1.1548E-04,9.361E-01
1.1554E-04,9.201E-01
1.1554E-04,9.441E-01
1.1560E-04,9.201E-01
1.1560E-04,9.441E-01
1.1566E-04,9.201E-01
1.1566E-04,9.361E-01
1.1572E-04,9.201E-01
1.1572E-04,9.361E-01
1.1578E-04,9.201E-01
1.1578E-04,9.441E-01
1.1584E-04,9.281E-01
1.1584E-04,9.441E-01
1.1590E-04,9.281E-01
1.1590E-04,9.441E-01
1.1596E-04,9.201E-01
1.1596E-04,9.441E-01
1.1602E-04,9.201E-01
1.1602E-04,9.441E-01
1.1608E-04,9.201E-01
1.1608E-04,9.441E-01
1.1614E-04,9.201E-01
1.1614E-04,9.441E-01
1.1620E-04,9.281E-01
1.1620E-04,9.441E-01
1.1626E-04,9.281E-01
1.1626E-04,9.441E-01
1.1632E-04,9.281E-01
1.1632E-04,9.521E-01
1.1638E-04,9.281E-01
1.1638E-04,9.521E-01
1.1644E-04,9.201E-01
1.1644E-04,9.441E-01
1.1650E-04,9.201E-01
1.1650E-04,9.521E-01
1.1656E-04,9.201E-01
1.1656E-04,9.521E-01
1.1662E-04,9.281E-01
1.1662E-04,9.521E-01
1.1668E-04,9.281E-01
1.1668E-04,9.441E-01
1.1674E-04,9.281E-01
1.1674E-04,9.441E-01
1.1680E-04,9.281E-01
1.1680E-04,9.441E-01
1.1686E-04,9.281E-01
1.1686E-04,9.441E-01
1.1692E-04,9.281E-01
1.1692E-04,9.521E-01
1.1698E-04,9.281E-01
1.1698E-04,9.521E-01
1.1704E-04,9.281E-01
1.1704E-04,9.521E-01
1.1710E-04,9.361E-01
1.1710E-04,9.521E-01
1.1716E-04,9.361E-01
1.1716E-04,9.521E-01
1.1722E-04,9.281E-01
1.1722E-04,9.521E-01
1.1728E-04,9.361E-01
1.1728E-04,9.521E-01
1.1734E-04,9.281E-01
1.1734E-04,9.521E-01
1.1740E-04,9.281E-01
1.1740E-04,9.521E-01
1.1746E-04,9.361E-01
1.1746E-04,9.521E-01
1.1752E-04,9.361E-01
1.1752E-04,9.521E-01
1.1758E-04,9.361E-01
1.1758E-04,9.601E-01
1.1764E-04,9.361E-01
1.1764E-04,9.521E-01
1.1770E-04,9.361E-01
1.1770E-04,9.521E-01
1.1776E-04,9.441E-01
1.1776E-04,9.601E-01
1.1782E-04,9.361E-01
1.1782E-04,9.601E-01
1.1788E-04,9.441E-01
1.1788E-04,9.601E-01
1.1794E-04,9.441E-01
1.1794E-04,9.601E-01
1.1800E-04,9.441E-01
1.1800E-04,9.681E-01
1.1806E-04,9.441E-01
1.1806E-04,9.681E-01
1.1812E-04,9.521E-01
1.1812E-04,9.681E-01
1.1818E-04,9.521E-01
1.1818E-04,9.681E-01
1.1824E-04,9.441E-01
1.1824E-04,9.681E-01
1.1830E-04,9.521E-01
1.1830E-04,9.681E-01
1.1836E-04,9.441E-01
1.1836E-04,9.681E-01
1.1842E-04,9.441E-01
1.1842E-04,9.681E-01
1.1848E-04,9.441E-01
1.1848E-04,9.681E-01
1.1854E-04,9.521E-01
1.1854E-04,9.681E-01
1.1860E-04,9.521E-01
1.1860E-04,9.681E-01
1.1866E-04,9.521E-01
1.1866E-04,9.681E-01
1.1872E-04,9.521E-01
1.1872E-04,9.681E-01
1.1878E-04,9.521E-01
1.1878E-04,9.761E-01
1.1884E-04,9.521E-01
1.1884E-04,9.681E-01
1.1890E-04,9.521E-01
1.1890E-04,9.681E-01
1.1896E-04,9.521E-01
1.1896E-04,9.681E-01
1.1902E-04,9.521E-01
1.1902E-04,9.681E-01
1.1908E-04,9.521E-01
1.1908E-04,9.681E-01
1.1914E-04,9.521E-01
1.1914E-04,9.681E-01
1.1920E-04,9.521E-01
1.1920E-04,9.681E-01
1.1926E-04,9.521E-01
1.1926E-04,9.681E-01
1.1932E-04,9.521E-01
1.1932E-04,9.681E-01
1.1938E-04,9.521E-01
1.1938E-04,9.681E-01
1.1944E-04,9.521E-01
1.1944E-04,9.681E-01
1.1950E-04,9.521E-01
1.1950E-04,9.681E-01
1.1956E-04,9.521E-01
1.1956E-04,9.681E-01
1.1962E-04,9.521E-01
1.1962E-04,9.681E-01
1.1968E-04,9.441E-01
1.1968E-04,9.681E-01
1.1974E-04,9.441E-01
1.1974E-04,9.681E-01
1.1980E-04,9.521E-01
1.1980E-04,9.681E-01
1.1986E-04,9.521E-01
1.1986E-04,9.681E-01
1.1992E-04,9.521E-01
1.1992E-04,9.681E-01
1.1998E-04,9.521E-01
1.1998E-04,9.681E-01
1.2004E-04,9.521E-01
1.2004E-04,9.681E-01
1.2010E-04,9.521E-01
1.2010E-04,9.681E-01
1.2016E-04,9.521E-01
1.2016E-04,9.681E-01
1.2022E-04,9.521E-01
1.2022E-04,9.681E-01
1.2028E-04,9.521E-01
1.2028E-04,9.681E-01
1.2034E-04,9.521E-01
1.2034E-04,9.681E-01
1.2040E-04,9.521E-01
1.2040E-04,9.761E-01
1.2046E-04,9.441E-01
1.2046E-04,9.681E-01
1.2052E-04,9.441E-01
1.2052E-04,9.761E-01
1.2058E-04,9.521E-01
1.2058E-04,9.761E-01
1.2064E-04,9.521E-01
1.2064E-04,9.761E-01
1.2070E-04,9.521E-01
1.2070E-04,9.761E-01
1.2076E-04,9.521E-01
1.2076E-04,9.681E-01
1.2082E-04,9.521E-01
1.2082E-04,9.681E-01
1.2088E-04,9.521E-01
1.2088E-04,9.681E-01
1.2094E-04,9.521E-01
1.2094E-04,9.681E-01
1.2100E-04,9.521E-01
1.2100E-04,9.681E-01
1.2106E-04,9.521E-01
1.2106E-04,9.681E-01
1.2112E-04,9.521E-01
1.2112E-04,9.681E-01
1.2118E-04,9.441E-01
1.2118E-04,9.681E-01
1.2124E-04,9.521E-01
1.2124E-04,9.681E-01
1.2130E-04,9.521E-01
1.2130E-04,9.681E-01
1.2136E-04,9.521E-01
1.2136E-04,9.761E-01
1.2142E-04,9.521E-01
1.2142E-04,9.761E-01
1.2148E-04,9.521E-01
1.2148E-04,9.681E-01
1.2154E-04,9.521E-01
1.2154E-04,9.681E-01
1.2160E-04,9.521E-01
1.2160E-04,9.681E-01
1.2166E-04,9.521E-01
1.2166E-04,9.681E-01
1.2172E-04,9.521E-01
1.2172E-04,9.681E-01
1.2178E-04,9.521E-01
1.2178E-04,9.681E-01
1.2184E-04,9.521E-01
1.2184E-04,9.681E-01
1.2190E-04,9.441E-01
1.2190E-04,9.681E-01
1.2196E-04,9.441E-01
1.2196E-04,9.681E-01
1.2202E-04,9.521E-01
1.2202E-04,9.681E-01
1.2208E-04,9.521E-01
1.2208E-04,9.681E-01
1.2214E-04,9.521E-01
1.2214E-04,9.681E-01
1.2220E-04,9.441E-01
1.2220E-04,9.681E-01
1.2226E-04,9.521E-01
1.2226E-04,9.681E-01
1.2232E-04,9.441E-01
1.2232E-04,9.681E-01
1.2238E-04,9.521E-01
1.2238E-04,9.681E-01
1.2244E-04,9.521E-01
1.2244E-04,9.681E-01
1.2250E-04,9.441E-01
1.2250E-04,9.681E-01
1.2256E-04,9.521E-01
1.2256E-04,9.681E-01
1.2262E-04,9.441E-01
1.2262E-04,9.681E-01
1.2268E-04,9.441E-01
1.2268E-04,9.681E-01
1.2274E-04,9.441E-01
1.2274E-04,9.681E-01
1.2280E-04,9.521E-01
1.2280E-04,9.681E-01
1.2286E-04,9.441E-01
1.2286E-04,9.681E-01
1.2292E-04,9.441E-01
1.2292E-04,9.601E-01
1.2298E-04,9.441E-01
1.2298E-04,9.681E-01
1.2304E-04,9.441E-01
1.2304E-04,9.601E-01
1.2310E-04,9.441E-01
1.2310E-04,9.601E-01
1.2316E-04,9.441E-01
1.2316E-04,9.601E-01
1.2322E-04,9.441E-01
1.2322E-04,9.681E-01
1.2328E-04,9.441E-01
1.2328E-04,9.601E-01
1.2334E-04,9.441E-01
1.2334E-04,9.601E-01
1.2340E-04,9.441E-01
1.2340E-04,9.601E-01
1.2346E-04,9.441E-01
1.2346E-04,9.601E-01
1.2352E-04,9.441E-01
1.2352E-04,9.601E-01
1.2358E-04,9.361E-01
1.2358E-04,9.601E-01
1.2364E-04,9.361E-01
1.2364E-04,9.601E-01
1.2370E-04,9.441E-01
1.2370E-04,9.601E-01
1.2376E-04,9.361E-01
1.2376E-04,9.601E-01
1.2382E-04,9.361E-01
1.2382E-04,9.601E-01
1.2388E-04,9.361E-01
1.2388E-04,9.601E-01
1.2394E-04,9.281E-01
1.2394E-04,9.521E-01
1.2400E-04,9.281E-01
1.2400E-04,9.521E-01
1.2406E-04,9.281E-01
1.2406E-04,9.521E-01
1.2412E-04,9.361E-01
1.2412E-04,9.601E-01
1.2418E-04,9.361E-01
1.2418E-04,9.601E-01
1.2424E-04,9.361E-01
1.2424E-04,9.601E-01
1.2430E-04,9.361E-01
1.2430E-04,9.601E-01
1.2436E-04,9.441E-01
1.2436E-04,9.601E-01
1.2442E-04,9.361E-01
1.2442E-04,9.601E-01
1.2448E-04,9.361E-01
1.2448E-04,9.521E-01
1.2454E-04,9.361E-01
1.2454E-04,9.521E-01
1.2460E-04,9.361E-01
1.2460E-04,9.521E-01
1.2466E-04,9.361E-01
1.2466E-04,9.521E-01
1.2472E-04,9.361E-01
1.2472E-04,9.601E-01
1.2478E-04,9.361E-01
1.2478E-04,9.601E-01
1.2484E-04,9.361E-01
1.2484E-04,9.521E-01
1.2490E-04,9.361E-01
1.2490E-04,9.521E-01
1.2496E-04,9.361E-01
1.2496E-04,9.521E-01
1.2502E-04,9.281E-01
1.2502E-04,9.521E-01
1.2508E-04,9.281E-01
1.2508E-04,9.521E-01
1.2514E-04,9.361E-01
1.2514E-04,9.521E-01
1.2520E-04,9.281E-01
1.2520E-04,9.521E-01
1.2526E-04,9.361E-01
1.2526E-04,9.521E-01
1.2532E-04,9.281E-01
1.2532E-04,9.521E-01
1.2538E-04,9.281E-01
1.2538E-04,9.521E-01
1.2544E-04,9.281E-01
1.2544E-04,9.521E-01
1.2550E-04,9.281E-01
1.2550E-04,9.441E-01
1.2556E-04,9.281E-01
1.2556E-04,9.521E-01
1.2562E-04,9.361E-01
1.2562E-04,9.521E-01
1.2568E-04,9.281E-01
1.2568E-04,9.521E-01
1.2574E-04,9.281E-01
1.2574E-04,9.521E-01
1.2580E-04,9.281E-01
1.2580E-04,9.521E-01
1.2586E-04,9.281E-01
1.2586E-04,9.441E-01
1.2592E-04,9.281E-01
1.2592E-04,9.521E-01
1.2598E-04,9.281E-01
1.2598E-04,9.521E-01
1.2604E-04,9.281E-01
1.2604E-04,9.441E-01
1.2610E-04,9.281E-01
1.2610E-04,9.441E-01
1.2616E-04,9.281E-01
1.2616E-04,9.441E-01
1.2622E-04,9.281E-01
1.2622E-04,9.441E-01
1.2628E-04,9.201E-01
1.2628E-04,9.441E-01
1.2634E-04,9.201E-01
1.2634E-04,9.441E-01
1.2640E-04,9.201E-01
1.2640E-04,9.441E-01
1.2646E-04,9.281E-01
1.2646E-04,9.441E-01
1.2652E-04,9.281E-01
1.2652E-04,9.441E-01
1.2658E-04,9.201E-01
1.2658E-04,9.441E-01
1.2664E-04,9.201E-01
1.2664E-04,9.441E-01
1.2670E-04,9.201E-01
1.2670E-04,9.361E-01
1.2676E-04,9.201E-01
1.2676E-04,9.361E-01
1.2682E-04,9.201E-01
1.2682E-04,9.361E-01
1.2688E-04,9.201E-01
1.2688E-04,9.361E-01
1.2694E-04,9.201E-01
1.2694E-04,9.361E-01
1.2700E-04,9.201E-01
1.2700E-04,9.361E-01
1.2706E-04,9.201E-01
1.2706E-04,9.361E-01
1.2712E-04,9.201E-01
1.2712E-04,9.361E-01
1.2718E-04,9.201E-01
1.2718E-04,9.361E-01
1.2724E-04,9.201E-01
1.2724E-04,9.361E-01
1.2730E-04,9.201E-01
1.2730E-04,9.361E-01
1.2736E-04,9.121E-01
1.2736E-04,9.281E-01
1.2742E-04,9.121E-01
1.2742E-04,9.361E-01
1.2748E-04,9.121E-01
1.2748E-04,9.281E-01
1.2754E-04,9.121E-01
1.2754E-04,9.281E-01
1.2760E-04,9.121E-01
1.2760E-04,9.281E-01
1.2766E-04,9.121E-01
1.2766E-04,9.281E-01
1.2772E-04,9.121E-01
1.2772E-04,9.281E-01
1.2778E-04,9.121E-01
1.2778E-04,9.281E-01
1.2784E-04,9.121E-01
1.2784E-04,9.201E-01
1.2790E-04,9.041E-01
1.2790E-04,9.281E-01
1.2796E-04,9.121E-01
1.2796E-04,9.281E-01
1.2802E-04,9.041E-01
1.2802E-04,9.281E-01
1.2808E-04,9.041E-01
1.2808E-04,9.201E-01
1.2814E-04,9.041E-01
1.2814E-04,9.281E-01
1.2820E-04,9.041E-01
1.2820E-04,9.281E-01
1.2826E-04,9.041E-01
1.2826E-04,9.281E-01
1.2832E-04,9.041E-01
1.2832E-04,9.201E-01
1.2838E-04,9.041E-01
1.2838E-04,9.201E-01
1.2844E-04,9.041E-01
1.2844E-04,9.201E-01
1.2850E-04,9.041E-01
1.2850E-04,9.201E-01
1.2856E-04,9.041E-01
1.2856E-04,9.201E-01
1.2862E-04,9.041E-01
1.2862E-04,9.281E-01
1.2868E-04,8.961E-01
1.2868E-04,9.201E-01
1.2874E-04,8.961E-01
1.2874E-04,9.121E-01
1.2880E-04,8.961E-01
1.2880E-04,9.121E-01
1.2886E-04,8.961E-01
1.2886E-04,9.201E-01
1.2892E-04,8.961E-01
1.2892E-04,9.201E-01
1.2898E-04,8.961E-01
1.2898E-04,9.121E-01
1.2904E-04,9.041E-01
1.2904E-04,9.201E-01
1.2910E-04,9.041E-01
1.2910E-04,9.201E-01
1.2916E-04,9.041E-01
1.2916E-04,9.201E-01
1.2922E-04,8.961E-01
1.2922E-04,9.201E-01
1.2928E-04,8.961E-01
1.2928E-04,9.201E-01
1.2934E-04,9.041E-01
1.2934E-04,9.121E-01
1.2940E-04,8.961E-01
1.2940E-04,9.201E-01
1.2946E-04,8.961E-01
1.2946E-04,9.121E-01
1.2952E-04,8.961E-01
1.2952E-04,9.121E-01
1.2958E-04,8.961E-01
1.2958E-04,9.121E-01
1.2964E-04,8.881E-01
1.2964E-04,9.041E-01
1.2970E-04,8.881E-01
1.2970E-04,9.041E-01
1.2976E-04,8.881E-01
1.2976E-04,9.041E-01
1.2982E-04,8.881E-01
1.2982E-04,9.041E-01
1.2988E-04,8.801E-01
1.2988E-04,9.041E-01
1.2994E-04,8.801E-01
1.2994E-04,9.041E-01
1.3000E-04,8.721E-01
1.3000E-04,9.041E-01
1.3006E-04,8.721E-01
1.3006E-04,8.961E-01
1.3012E-04,8.721E-01
1.3012E-04,8.961E-01
1.3018E-04,8.721E-01
1.3018E-04,8.961E-01
1.3024E-04,8.721E-01
1.3024E-04,8.961E-01
1.3030E-04,8.721E-01
1.3030E-04,8.961E-01
1.3036E-04,8.721E-01
1.3036E-04,8.961E-01
1.3042E-04,8.721E-01
1.3042E-04,8.961E-01
1.3048E-04,8.641E-01
1.3048E-04,8.881E-01
1.3054E-04,8.641E-01
1.3054E-04,8.881E-01
1.3060E-04,8.641E-01
1.3060E-04,8.881E-01
1.3066E-04,8.641E-01
1.3066E-04,8.881E-01
1.3072E-04,8.641E-01
1.3072E-04,8.881E-01
1.3078E-04,8.641E-01
1.3078E-04,8.881E-01
1.3084E-04,8.641E-01
1.3084E-04,8.801E-01
1.3090E-04,8.641E-01
1.3090E-04,8.881E-01
1.3096E-04,8.641E-01
1.3096E-04,8.881E-01
1.3102E-04,8.641E-01
1.3102E-04,8.801E-01
1.3108E-04,8.641E-01
1.3108E-04,8.801E-01
1.3114E-04,8.641E-01
1.3114E-04,8.801E-01
1.3120E-04,8.561E-01
1.3120E-04,8.801E-01
1.3126E-04,8.561E-01
1.3126E-04,8.801E-01
1.3132E-04,8.561E-01
1.3132E-04,8.801E-01
1.3138E-04,8.561E-01
1.3138E-04,8.801E-01
1.3144E-04,8.561E-01
1.3144E-04,8.721E-01
1.3150E-04,8.561E-01
1.3150E-04,8.721E-01
1.3156E-04,8.561E-01
1.3156E-04,8.721E-01
1.3162E-04,8.561E-01
1.3162E-04,8.721E-01
1.3168E-04,8.481E-01
1.3168E-04,8.721E-01
1.3174E-04,8.561E-01
1.3174E-04,8.721E-01
1.3180E-04,8.561E-01
1.3180E-04,8.721E-01
1.3186E-04,8.561E-01
1.3186E-04,8.721E-01
1.3192E-04,8.481E-01
1.3192E-04,8.721E-01
1.3198E-04,8.481E-01
1.3198E-04,8.721E-01
1.3204E-04,8.561E-01
1.3204E-04,8.721E-01
1.3210E-04,8.481E-01
1.3210E-04,8.641E-01
1.3216E-04,8.481E-01
1.3216E-04,8.641E-01
1.3222E-04,8.401E-01
1.3222E-04,8.641E-01
1.3228E-04,8.481E-01
1.3228E-04,8.641E-01
1.3234E-04,8.401E-01
1.3234E-04,8.641E-01
1.3240E-04,8.401E-01
1.3240E-04,8.641E-01
1.3246E-04,8.401E-01
1.3246E-04,8.641E-01
1.3252E-04,8.401E-01
1.3252E-04,8.641E-01
1.3258E-04,8.401E-01
1.3258E-04,8.561E-01
1.3264E-04,8.401E-01
1.3264E-04,8.561E-01
1.3270E-04,8.401E-01
1.3270E-04,8.561E-01
1.3276E-04,8.401E-01
1.3276E-04,8.561E-01
1.3282E-04,8.401E-01
1.3282E-04,8.561E-01
1.3288E-04,8.401E-01
1.3288E-04,8.561E-01
1.3294E-04,8.321E-01
1.3294E-04,8.561E-01
1.3300E-04,8.321E-01
1.3300E-04,8.561E-01
1.3306E-04,8.321E-01
1.3306E-04,8.481E-01
1.3312E-04,8.321E-01
1.3312E-04,8.481E-01
1.3318E-04,8.321E-01
1.3318E-04,8.481E-01
1.3324E-04,8.321E-01
1.3324E-04,8.481E-01
1.3330E-04,8.321E-01
1.3330E-04,8.481E-01
1.3336E-04,8.241E-01
1.3336E-04,8.481E-01
1.3342E-04,8.321E-01
1.3342E-04,8.481E-01
1.3348E-04,8.241E-01
1.3348E-04,8.401E-01
1.3354E-04,8.241E-01
1.3354E-04,8.401E-01
1.3360E-04,8.241E-01
1.3360E-04,8.401E-01
1.3366E-04,8.241E-01
1.3366E-04,8.401E-01
1.3372E-04,8.241E-01
1.3372E-04,8.401E-01
1.3378E-04,8.081E-01
1.3378E-04,8.401E-01
1.3384E-04,8.161E-01
1.3384E-04,8.401E-01
1.3390E-04,8.161E-01
1.3390E-04,8.321E-01
1.3396E-04,8.161E-01
1.3396E-04,8.321E-01
1.3402E-04,8.161E-01
1.3402E-04,8.321E-01
1.3408E-04,8.161E-01
1.3408E-04,8.321E-01
1.3414E-04,8.081E-01
1.3414E-04,8.321E-01
1.3420E-04,8.081E-01
1.3420E-04,8.321E-01
1.3426E-04,8.081E-01
1.3426E-04,8.321E-01
1.3432E-04,8.081E-01
1.3432E-04,8.241E-01
1.3438E-04,8.081E-01
1.3438E-04,8.241E-01
1.3444E-04,8.081E-01
1.3444E-04,8.241E-01
1.3450E-04,8.081E-01
1.3450E-04,8.241E-01
1.3456E-04,8.081E-01
1.3456E-04,8.241E-01
1.3462E-04,8.081E-01
1.3462E-04,8.241E-01
1.3468E-04,8.001E-01
1.3468E-04,8.241E-01
1.3474E-04,8.001E-01
1.3474E-04,8.241E-01
1.3480E-04,8.001E-01
1.3480E-04,8.161E-01
1.3486E-04,8.001E-01
1.3486E-04,8.161E-01
1.3492E-04,7.921E-01
1.3492E-04,8.161E-01
1.3498E-04,8.001E-01
1.3498E-04,8.161E-01
1.3504E-04,7.921E-01
1.3504E-04,8.161E-01
1.3510E-04,7.921E-01
1.3510E-04,8.161E-01
1.3516E-04,8.001E-01
1.3516E-04,8.161E-01
1.3522E-04,7.921E-01
1.3522E-04,8.161E-01
1.3528E-04,7.921E-01
1.3528E-04,8.081E-01
1.3534E-04,7.921E-01
1.3534E-04,8.081E-01
1.3540E-04,7.921E-01
1.3540E-04,8.081E-01
1.3546E-04,7.841E-01
1.3546E-04,8.081E-01
1.3552E-04,7.841E-01
1.3552E-04,8.081E-01
1.3558E-04,7.841E-01
1.3558E-04,8.001E-01
1.3564E-04,7.841E-01
1.3564E-04,8.081E-01
1.3570E-04,7.761E-01
1.3570E-04,8.001E-01
1.3576E-04,7.841E-01
1.3576E-04,8.001E-01
1.3582E-04,7.841E-01
1.3582E-04,8.001E-01
1.3588E-04,7.761E-01
1.3588E-04,8.001E-01
1.3594E-04,7.761E-01
1.3594E-04,7.921E-01
1.3600E-04,7.761E-01
1.3600E-04,7.921E-01
1.3606E-04,7.761E-01
1.3606E-04,8.001E-01
1.3612E-04,7.761E-01
1.3612E-04,7.921E-01
1.3618E-04,7.761E-01
1.3618E-04,7.841E-01
1.3624E-04,7.681E-01
1.3624E-04,7.921E-01
1.3630E-04,7.681E-01
1.3630E-04,7.841E-01
1.3636E-04,7.601E-01
1.3636E-04,7.841E-01
1.3642E-04,7.601E-01
1.3642E-04,7.761E-01
1.3648E-04,7.601E-01
1.3648E-04,7.761E-01
1.3654E-04,7.601E-01
1.3654E-04,7.761E-01
1.3660E-04,7.601E-01
1.3660E-04,7.761E-01
1.3666E-04,7.601E-01
1.3666E-04,7.761E-01
1.3672E-04,7.601E-01
1.3672E-04,7.761E-01
1.3678E-04,7.601E-01
1.3678E-04,7.761E-01
1.3684E-04,7.601E-01
1.3684E-04,7.761E-01
1.3690E-04,7.601E-01
1.3690E-04,7.761E-01
1.3696E-04,7.521E-01
1.3696E-04,7.761E-01
1.3702E-04,7.521E-01
1.3702E-04,7.681E-01
1.3708E-04,7.521E-01
1.3708E-04,7.681E-01
1.3714E-04,7.521E-01
1.3714E-04,7.681E-01
1.3720E-04,7.521E-01
1.3720E-04,7.681E-01
1.3726E-04,7.521E-01
1.3726E-04,7.681E-01
1.3732E-04,7.441E-01
1.3732E-04,7.681E-01
1.3738E-04,7.441E-01
1.3738E-04,7.681E-01
1.3744E-04,7.441E-01
1.3744E-04,7.681E-01
1.3750E-04,7.361E-01
1.3750E-04,7.681E-01
1.3756E-04,7.441E-01
1.3756E-04,7.681E-01
1.3762E-04,7.441E-01
1.3762E-04,7.601E-01
1.3768E-04,7.441E-01
1.3768E-04,7.601E-01
1.3774E-04,7.441E-01
1.3774E-04,7.601E-01
1.3780E-04,7.361E-01
1.3780E-04,7.521E-01
1.3786E-04,7.361E-01
1.3786E-04,7.521E-01
1.3792E-04,7.361E-01
1.3792E-04,7.521E-01
1.3798E-04,7.361E-01
1.3798E-04,7.521E-01
1.3804E-04,7.281E-01
1.3804E-04,7.441E-01
1.3810E-04,7.281E-01
1.3810E-04,7.441E-01
1.3816E-04,7.201E-01
1.3816E-04,7.521E-01
1.3822E-04,7.201E-01
1.3822E-04,7.441E-01
1.3828E-04,7.201E-01
1.3828E-04,7.361E-01
1.3834E-04,7.201E-01
1.3834E-04,7.361E-01
1.3840E-04,7.121E-01
1.3840E-04,7.361E-01
1.3846E-04,7.121E-01
1.3846E-04,7.361E-01
1.3852E-04,7.121E-01
1.3852E-04,7.281E-01
1.3858E-04,7.041E-01
1.3858E-04,7.281E-01
1.3864E-04,7.121E-01
1.3864E-04,7.281E-01
1.3870E-04,7.041E-01
1.3870E-04,7.201E-01
1.3876E-04,7.041E-01
1.3876E-04,7.201E-01
1.3882E-04,7.041E-01
1.3882E-04,7.281E-01
1.3888E-04,7.041E-01
1.3888E-04,7.201E-01
1.3894E-04,7.041E-01
1.3894E-04,7.201E-01
1.3900E-04,6.961E-01
1.3900E-04,7.201E-01
1.3906E-04,6.961E-01
1.3906E-04,7.121E-01
1.3912E-04,6.961E-01
1.3912E-04,7.121E-01
1.3918E-04,6.961E-01
1.3918E-04,7.121E-01
1.3924E-04,6.961E-01
1.3924E-04,7.121E-01
1.3930E-04,6.961E-01
1.3930E-04,7.121E-01
1.3936E-04,6.881E-01
1.3936E-04,7.121E-01
1.3942E-04,6.881E-01
1.3942E-04,7.121E-01
1.3948E-04,6.881E-01
1.3948E-04,7.041E-01
1.3954E-04,6.881E-01
1.3954E-04,7.041E-01
1.3960E-04,6.881E-01
1.3960E-04,7.041E-01
1.3966E-04,6.881E-01
1.3966E-04,7.041E-01
1.3972E-04,6.801E-01
1.3972E-04,6.961E-01
1.3978E-04,6.801E-01
1.3978E-04,6.961E-01
1.3984E-04,6.801E-01
1.3984E-04,7.041E-01
1.3990E-04,6.801E-01
1.3990E-04,6.961E-01
1.3996E-04,6.801E-01
1.3996E-04,6.961E-01
1.4002E-04,6.801E-01
1.4002E-04,6.881E-01
1.4008E-04,6.801E-01
1.4008E-04,6.881E-01
1.4014E-04,6.721E-01
1.4014E-04,6.881E-01
1.4020E-04,6.641E-01
1.4020E-04,6.881E-01
1.4026E-04,6.721E-01
1.4026E-04,6.881E-01
1.4032E-04,6.641E-01
1.4032E-04,6.881E-01
1.4038E-04,6.641E-01
1.4038E-04,6.881E-01
1.4044E-04,6.641E-01
1.4044E-04,6.801E-01
1.4050E-04,6.641E-01
1.4050E-04,6.801E-01
1.4056E-04,6.641E-01
1.4056E-04,6.801E-01
1.4062E-04,6.561E-01
1.4062E-04,6.801E-01
1.4068E-04,6.561E-01
1.4068E-04,6.801E-01
1.4074E-04,6.641E-01
1.4074E-04,6.801E-01
1.4080E-04,6.561E-01
1.4080E-04,6.801E-01
1.4086E-04,6.561E-01
1.4086E-04,6.721E-01
1.4092E-04,6.561E-01
1.4092E-04,6.721E-01
1.4098E-04,6.481E-01
1.4098E-04,6.721E-01
1.4104E-04,6.481E-01
1.4104E-04,6.721E-01
1.4110E-04,6.561E-01
1.4110E-04,6.721E-01
1.4116E-04,6.481E-01
1.4116E-04,6.721E-01
1.4122E-04,6.481E-01
1.4122E-04,6.721E-01
1.4128E-04,6.481E-01
1.4128E-04,6.641E-01
1.4134E-04,6.401E-01
1.4134E-04,6.641E-01
1.4140E-04,6.481E-01
1.4140E-04,6.561E-01
1.4146E-04,6.401E-01
1.4146E-04,6.641E-01
1.4152E-04,6.401E-01
1.4152E-04,6.561E-01
1.4158E-04,6.401E-01
1.4158E-04,6.561E-01
1.4164E-04,6.401E-01
1.4164E-04,6.561E-01
1.4170E-04,6.401E-01
1.4170E-04,6.561E-01
1.4176E-04,6.321E-01
1.4176E-04,6.561E-01
1.4182E-04,6.321E-01
1.4182E-04,6.481E-01
1.4188E-04,6.321E-01
1.4188E-04,6.481E-01
1.4194E-04,6.241E-01
1.4194E-04,6.481E-01
1.4200E-04,6.241E-01
1.4200E-04,6.481E-01
1.4206E-04,6.241E-01
1.4206E-04,6.401E-01
1.4212E-04,6.241E-01
1.4212E-04,6.481E-01
1.4218E-04,6.161E-01
1.4218E-04,6.481E-01
1.4224E-04,6.161E-01
1.4224E-04,6.401E-01
1.4230E-04,6.161E-01
1.4230E-04,6.401E-01
1.4236E-04,6.161E-01
1.4236E-04,6.321E-01
1.4242E-04,6.161E-01
1.4242E-04,6.401E-01
1.4248E-04,6.081E-01
1.4248E-04,6.321E-01
1.4254E-04,6.081E-01
1.4254E-04,6.241E-01
1.4260E-04,6.081E-01
1.4260E-04,6.241E-01
1.4266E-04,6.081E-01
1.4266E-04,6.241E-01
1.4272E-04,6.081E-01
1.4272E-04,6.241E-01
1.4278E-04,6.001E-01
1.4278E-04,6.241E-01
1.4284E-04,6.001E-01
1.4284E-04,6.161E-01
1.4290E-04,6.001E-01
1.4290E-04,6.161E-01
1.4296E-04,5.921E-01
1.4296E-04,6.161E-01
1.4302E-04,5.921E-01
1.4302E-04,6.161E-01
1.4308E-04,5.921E-01
1.4308E-04,6.161E-01
1.4314E-04,5.921E-01
1.4314E-04,6.161E-01
1.4320E-04,5.921E-01
1.4320E-04,6.081E-01
1.4326E-04,5.921E-01
1.4326E-04,6.081E-01
1.4332E-04,5.921E-01
1.4332E-04,6.081E-01
1.4338E-04,5.921E-01
1.4338E-04,6.081E-01
1.4344E-04,5.841E-01
1.4344E-04,6.081E-01
1.4350E-04,5.841E-01
1.4350E-04,6.001E-01
1.4356E-04,5.841E-01
1.4356E-04,6.001E-01
1.4362E-04,5.841E-01
1.4362E-04,5.921E-01
1.4368E-04,5.761E-01
1.4368E-04,5.921E-01
1.4374E-04,5.761E-01
1.4374E-04,5.921E-01
1.4380E-04,5.761E-01
1.4380E-04,5.921E-01
1.4386E-04,5.681E-01
1.4386E-04,5.921E-01
1.4392E-04,5.681E-01
1.4392E-04,5.921E-01
1.4398E-04,5.681E-01
1.4398E-04,5.921E-01
1.4404E-04,5.681E-01
1.4404E-04,5.841E-01
1.4410E-04,5.601E-01
1.4410E-04,5.841E-01
1.4416E-04,5.601E-01
1.4416E-04,5.841E-01
1.4422E-04,5.601E-01
1.4422E-04,5.761E-01
1.4428E-04,5.601E-01
1.4428E-04,5.841E-01
1.4434E-04,5.601E-01
1.4434E-04,5.761E-01
1.4440E-04,5.521E-01
1.4440E-04,5.761E-01
1.4446E-04,5.601E-01
1.4446E-04,5.681E-01
1.4452E-04,5.521E-01
1.4452E-04,5.681E-01
1.4458E-04,5.521E-01
1.4458E-04,5.681E-01
1.4464E-04,5.521E-01
1.4464E-04,5.681E-01
1.4470E-04,5.441E-01
1.4470E-04,5.681E-01
1.4476E-04,5.441E-01
1.4476E-04,5.681E-01
1.4482E-04,5.441E-01
1.4482E-04,5.681E-01
1.4488E-04,5.441E-01
1.4488E-04,5.681E-01
1.4494E-04,5.441E-01
1.4494E-04,5.601E-01
1.4500E-04,5.361E-01
1.4500E-04,5.601E-01
1.4506E-04,5.361E-01
1.4506E-04,5.521E-01
1.4512E-04,5.361E-01
1.4512E-04,5.521E-01
1.4518E-04,5.361E-01
1.4518E-04,5.521E-01
1.4524E-04,5.281E-01
1.4524E-04,5.521E-01
1.4530E-04,5.281E-01
1.4530E-04,5.521E-01
1.4536E-04,5.281E-01
1.4536E-04,5.521E-01
1.4542E-04,5.281E-01
1.4542E-04,5.521E-01
1.4548E-04,5.201E-01
1.4548E-04,5.441E-01
1.4554E-04,5.281E-01
1.4554E-04,5.441E-01
1.4560E-04,5.201E-01
1.4560E-04,5.441E-01
1.4566E-04,5.201E-01
1.4566E-04,5.361E-01
1.4572E-04,5.201E-01
1.4572E-04,5.441E-01
1.4578E-04,5.121E-01
1.4578E-04,5.361E-01
1.4584E-04,5.121E-01
1.4584E-04,5.361E-01
1.4590E-04,5.121E-01
1.4590E-04,5.281E-01
1.4596E-04,5.121E-01
1.4596E-04,5.281E-01
1.4602E-04,5.041E-01
1.4602E-04,5.281E-01
1.4608E-04,5.041E-01
1.4608E-04,5.281E-01
1.4614E-04,5.041E-01
1.4614E-04,5.281E-01
1.4620E-04,5.041E-01
1.4620E-04,5.201E-01
1.4626E-04,5.041E-01
1.4626E-04,5.201E-01
1.4632E-04,5.041E-01
1.4632E-04,5.201E-01
1.4638E-04,5.041E-01
1.4638E-04,5.201E-01
1.4644E-04,5.041E-01
1.4644E-04,5.201E-01
1.4650E-04,4.961E-01
1.4650E-04,5.201E-01
1.4656E-04,4.961E-01
1.4656E-04,5.121E-01
1.4662E-04,4.961E-01
1.4662E-04,5.121E-01
1.4668E-04,4.881E-01
1.4668E-04,5.121E-01
1.4674E-04,4.881E-01
1.4674E-04,5.121E-01
1.4680E-04,4.881E-01
1.4680E-04,5.041E-01
1.4686E-04,4.881E-01
1.4686E-04,5.041E-01
1.4692E-04,4.881E-01
1.4692E-04,5.041E-01
1.4698E-04,4.881E-01
1.4698E-04,5.041E-01
1.4704E-04,4.881E-01
1.4704E-04,5.041E-01
1.4710E-04,4.801E-01
1.4710E-04,5.041E-01
1.4716E-04,4.801E-01
1.4716E-04,5.041E-01
1.4722E-04,4.801E-01
1.4722E-04,5.041E-01
1.4728E-04,4.801E-01
1.4728E-04,5.041E-01
1.4734E-04,4.801E-01
1.4734E-04,4.961E-01
1.4740E-04,4.721E-01
1.4740E-04,4.881E-01
1.4746E-04,4.721E-01
1.4746E-04,4.881E-01
1.4752E-04,4.641E-01
1.4752E-04,4.881E-01
1.4758E-04,4.641E-01
1.4758E-04,4.881E-01
1.4764E-04,4.721E-01
1.4764E-04,4.881E-01
1.4770E-04,4.721E-01
1.4770E-04,4.801E-01
1.4776E-04,4.641E-01
1.4776E-04,4.801E-01
1.4782E-04,4.641E-01
1.4782E-04,4.801E-01
1.4788E-04,4.641E-01
1.4788E-04,4.801E-01
1.4794E-04,4.641E-01
1.4794E-04,4.801E-01
1.4800E-04,4.561E-01
1.4800E-04,4.801E-01
1.4806E-04,4.641E-01
1.4806E-04,4.801E-01
1.4812E-04,4.641E-01
1.4812E-04,4.801E-01
1.4818E-04,4.561E-01
1.4818E-04,4.721E-01
1.4824E-04,4.561E-01
1.4824E-04,4.721E-01
1.4830E-04,4.481E-01
1.4830E-04,4.721E-01
1.4836E-04,4.481E-01
1.4836E-04,4.721E-01
1.4842E-04,4.481E-01
1.4842E-04,4.721E-01
1.4848E-04,4.481E-01
1.4848E-04,4.641E-01
1.4854E-04,4.481E-01
1.4854E-04,4.641E-01
1.4860E-04,4.481E-01
1.4860E-04,4.641E-01
1.4866E-04,4.401E-01
1.4866E-04,4.641E-01
1.4872E-04,4.481E-01
1.4872E-04,4.641E-01
1.4878E-04,4.481E-01
1.4878E-04,4.641E-01
1.4884E-04,4.401E-01
1.4884E-04,4.641E-01
1.4890E-04,4.401E-01
1.4890E-04,4.641E-01
1.4896E-04,4.401E-01
1.4896E-04,4.641E-01
1.4902E-04,4.401E-01
1.4902E-04,4.481E-01
1.4908E-04,4.321E-01
1.4908E-04,4.481E-01
1.4914E-04,4.321E-01
1.4914E-04,4.481E-01
1.4920E-04,4.241E-01
1.4920E-04,4.481E-01
1.4926E-04,4.241E-01
1.4926E-04,4.481E-01
1.4932E-04,4.241E-01
1.4932E-04,4.481E-01
1.4938E-04,4.241E-01
1.4938E-04,4.401E-01
1.4944E-04,4.161E-01
1.4944E-04,4.401E-01
1.4950E-04,4.241E-01
1.4950E-04,4.401E-01
1.4956E-04,4.161E-01
1.4956E-04,4.401E-01
1.4962E-04,4.241E-01
1.4962E-04,4.321E-01
1.4968E-04,4.241E-01
1.4968E-04,4.321E-01
1.4974E-04,4.161E-01
1.4974E-04,4.321E-01
1.4980E-04,4.161E-01
1.4980E-04,4.321E-01
1.4986E-04,4.161E-01
1.4986E-04,4.321E-01
1.4992E-04,4.081E-01
1.4992E-04,4.321E-01
1.4998E-04,4.081E-01
1.4998E-04,4.321E-01
1.5004E-04,4.081E-01
1.5004E-04,4.241E-01
1.5010E-04,4.081E-01
1.5010E-04,4.241E-01
1.5016E-04,4.081E-01
1.5016E-04,4.241E-01
1.5022E-04,4.081E-01
1.5022E-04,4.241E-01
1.5028E-04,4.001E-01
1.5028E-04,4.161E-01
1.5034E-04,4.081E-01
1.5034E-04,4.161E-01
1.5040E-04,4.001E-01
1.5040E-04,4.161E-01
1.5046E-04,4.001E-01
1.5046E-04,4.161E-01
1.5052E-04,4.001E-01
1.5052E-04,4.161E-01
1.5058E-04,3.921E-01
1.5058E-04,4.081E-01
1.5064E-04,3.921E-01
1.5064E-04,4.081E-01
1.5070E-04,3.921E-01
1.5070E-04,4.081E-01
1.5076E-04,3.921E-01
1.5076E-04,4.081E-01
1.5082E-04,3.921E-01
1.5082E-04,4.081E-01
1.5088E-04,3.921E-01
1.5088E-04,4.081E-01
1.5094E-04,3.841E-01
1.5094E-04,4.081E-01
1.5100E-04,3.841E-01
1.5100E-04,4.081E-01
1.5106E-04,3.841E-01
1.5106E-04,4.001E-01
1.5112E-04,3.841E-01
1.5112E-04,4.081E-01
1.5118E-04,3.841E-01
1.5118E-04,4.001E-01
1.5124E-04,3.761E-01
1.5124E-04,4.001E-01
1.5130E-04,3.761E-01
1.5130E-04,4.001E-01
1.5136E-04,3.761E-01
1.5136E-04,3.921E-01
1.5142E-04,3.761E-01
1.5142E-04,3.921E-01
1.5148E-04,3.681E-01
1.5148E-04,3.921E-01
1.5154E-04,3.681E-01
1.5154E-04,3.841E-01
1.5160E-04,3.681E-01
1.5160E-04,3.921E-01
1.5166E-04,3.601E-01
1.5166E-04,3.921E-01
1.5172E-04,3.601E-01
1.5172E-04,3.841E-01
1.5178E-04,3.681E-01
1.5178E-04,3.841E-01
1.5184E-04,3.601E-01
1.5184E-04,3.841E-01
1.5190E-04,3.681E-01
1.5190E-04,3.841E-01
1.5196E-04,3.681E-01
1.5196E-04,3.841E-01
1.5202E-04,3.601E-01
1.5202E-04,3.841E-01
1.5208E-04,3.601E-01
1.5208E-04,3.761E-01
1.5214E-04,3.601E-01
1.5214E-04,3.761E-01
1.5220E-04,3.601E-01
1.5220E-04,3.761E-01
1.5226E-04,3.601E-01
1.5226E-04,3.761E-01
1.5232E-04,3.601E-01
1.5232E-04,3.761E-01
1.5238E-04,3.521E-01
1.5238E-04,3.761E-01
1.5244E-04,3.521E-01
1.5244E-04,3.681E-01
1.5250E-04,3.441E-01
1.5250E-04,3.681E-01
1.5256E-04,3.441E-01
1.5256E-04,3.681E-01
1.5262E-04,3.441E-01
1.5262E-04,3.601E-01
1.5268E-04,3.441E-01
1.5268E-04,3.681E-01
1.5274E-04,3.441E-01
1.5274E-04,3.681E-01
1.5280E-04,3.361E-01
1.5280E-04,3.601E-01
1.5286E-04,3.361E-01
1.5286E-04,3.601E-01
1.5292E-04,3.361E-01
1.5292E-04,3.521E-01
1.5298E-04,3.361E-01
1.5298E-04,3.521E-01
1.5304E-04,3.361E-01
1.5304E-04,3.521E-01
1.5310E-04,3.361E-01
1.5310E-04,3.601E-01
1.5316E-04,3.281E-01
1.5316E-04,3.521E-01
1.5322E-04,3.361E-01
1.5322E-04,3.521E-01
1.5328E-04,3.361E-01
1.5328E-04,3.521E-01
1.5334E-04,3.361E-01
1.5334E-04,3.521E-01
1.5340E-04,3.281E-01
1.5340E-04,3.441E-01
1.5346E-04,3.281E-01
1.5346E-04,3.441E-01
1.5352E-04,3.281E-01
1.5352E-04,3.441E-01
1.5358E-04,3.281E-01
1.5358E-04,3.441E-01
1.5364E-04,3.201E-01
1.5364E-04,3.441E-01
1.5370E-04,3.201E-01
1.5370E-04,3.441E-01
1.5376E-04,3.201E-01
1.5376E-04,3.361E-01
1.5382E-04,3.201E-01
1.5382E-04,3.361E-01
1.5388E-04,3.201E-01
1.5388E-04,3.361E-01
1.5394E-04,3.201E-01
1.5394E-04,3.361E-01
1.5400E-04,3.121E-01
1.5400E-04,3.361E-01
1.5406E-04,3.121E-01
1.5406E-04,3.361E-01
1.5412E-04,3.121E-01
1.5412E-04,3.361E-01
1.5418E-04,3.121E-01
1.5418E-04,3.281E-01
1.5424E-04,3.121E-01
1.5424E-04,3.281E-01
1.5430E-04,3.121E-01
1.5430E-04,3.281E-01
1.5436E-04,3.121E-01
1.5436E-04,3.281E-01
1.5442E-04,3.121E-01
1.5442E-04,3.281E-01
1.5448E-04,3.041E-01
1.5448E-04,3.281E-01
1.5454E-04,3.041E-01
1.5454E-04,3.201E-01
1.5460E-04,2.961E-01
1.5460E-04,3.201E-01
1.5466E-04,3.041E-01
1.5466E-04,3.201E-01
1.5472E-04,3.041E-01
1.5472E-04,3.201E-01
1.5478E-04,2.961E-01
1.5478E-04,3.201E-01
1.5484E-04,2.961E-01
1.5484E-04,3.201E-01
1.5490E-04,2.961E-01
1.5490E-04,3.201E-01
1.5496E-04,2.961E-01
1.5496E-04,3.121E-01
1.5502E-04,2.961E-01
1.5502E-04,3.121E-01
1.5508E-04,2.961E-01
1.5508E-04,3.121E-01
1.5514E-04,2.961E-01
1.5514E-04,3.121E-01
1.5520E-04,2.961E-01
1.5520E-04,3.121E-01
1.5526E-04,2.881E-01
1.5526E-04,3.121E-01
1.5532E-04,2.881E-01
1.5532E-04,3.121E-01
1.5538E-04,2.881E-01
1.5538E-04,3.121E-01
1.5544E-04,2.881E-01
1.5544E-04,3.041E-01
1.5550E-04,2.881E-01
1.5550E-04,3.041E-01
1.5556E-04,2.801E-01
1.5556E-04,3.041E-01
1.5562E-04,2.881E-01
1.5562E-04,3.041E-01
1.5568E-04,2.801E-01
1.5568E-04,3.041E-01
1.5574E-04,2.801E-01
1.5574E-04,2.961E-01
1.5580E-04,2.801E-01
1.5580E-04,3.041E-01
1.5586E-04,2.801E-01
1.5586E-04,3.041E-01
1.5592E-04,2.801E-01
1.5592E-04,2.961E-01
1.5598E-04,2.801E-01
1.5598E-04,2.961E-01
1.5604E-04,2.801E-01
1.5604E-04,2.881E-01
1.5610E-04,2.721E-01
1.5610E-04,2.961E-01
1.5616E-04,2.721E-01
1.5616E-04,2.881E-01
1.5622E-04,2.721E-01
1.5622E-04,2.881E-01
1.5628E-04,2.721E-01
1.5628E-04,2.881E-01
1.5634E-04,2.721E-01
1.5634E-04,2.961E-01
1.5640E-04,2.641E-01
1.5640E-04,2.881E-01
1.5646E-04,2.721E-01
1.5646E-04,2.881E-01
1.5652E-04,2.641E-01
1.5652E-04,2.801E-01
1.5658E-04,2.641E-01
1.5658E-04,2.801E-01
1.5664E-04,2.641E-01
1.5664E-04,2.801E-01
1.5670E-04,2.641E-01
1.5670E-04,2.881E-01
1.5676E-04,2.641E-01
1.5676E-04,2.801E-01
1.5682E-04,2.641E-01
1.5682E-04,2.801E-01
1.5688E-04,2.561E-01
1.5688E-04,2.801E-01
1.5694E-04,2.561E-01
1.5694E-04,2.801E-01
1.5700E-04,2.561E-01
1.5700E-04,2.801E-01
1.5706E-04,2.561E-01
1.5706E-04,2.721E-01
1.5712E-04,2.561E-01
1.5712E-04,2.721E-01
1.5718E-04,2.561E-01
1.5718E-04,2.721E-01
1.5724E-04,2.561E-01
1.5724E-04,2.721E-01
1.5730E-04,2.561E-01
1.5730E-04,2.721E-01
1.5736E-04,2.561E-01
1.5736E-04,2.721E-01
1.5742E-04,2.561E-01
1.5742E-04,2.721E-01
1.5748E-04,2.481E-01
1.5748E-04,2.721E-01
1.5754E-04,2.481E-01
1.5754E-04,2.721E-01
1.5760E-04,2.481E-01
1.5760E-04,2.641E-01
1.5766E-04,2.481E-01
1.5766E-04,2.641E-01
1.5772E-04,2.481E-01
1.5772E-04,2.641E-01
1.5778E-04,2.481E-01
1.5778E-04,2.641E-01
1.5784E-04,2.481E-01
1.5784E-04,2.641E-01
1.5790E-04,2.481E-01
1.5790E-04,2.641E-01
1.5796E-04,2.401E-01
1.5796E-04,2.641E-01
1.5802E-04,2.401E-01
1.5802E-04,2.561E-01
1.5808E-04,2.401E-01
1.5808E-04,2.561E-01
1.5814E-04,2.401E-01
1.5814E-04,2.561E-01
1.5820E-04,2.401E-01
1.5820E-04,2.561E-01
1.5826E-04,2.401E-01
1.5826E-04,2.561E-01
1.5832E-04,2.321E-01
1.5832E-04,2.561E-01
1.5838E-04,2.321E-01
1.5838E-04,2.561E-01
1.5844E-04,2.321E-01
1.5844E-04,2.561E-01
1.5850E-04,2.321E-01
1.5850E-04,2.561E-01
1.5856E-04,2.321E-01
1.5856E-04,2.561E-01
1.5862E-04,2.321E-01
1.5862E-04,2.481E-01
1.5868E-04,2.321E-01
1.5868E-04,2.481E-01
1.5874E-04,2.321E-01
1.5874E-04,2.481E-01
1.5880E-04,2.321E-01
1.5880E-04,2.481E-01
1.5886E-04,2.321E-01
1.5886E-04,2.481E-01
1.5892E-04,2.241E-01
1.5892E-04,2.481E-01
1.5898E-04,2.241E-01
1.5898E-04,2.401E-01
1.5904E-04,2.241E-01
1.5904E-04,2.401E-01
1.5910E-04,2.161E-01
1.5910E-04,2.401E-01
1.5916E-04,2.241E-01
1.5916E-04,2.401E-01
1.5922E-04,2.241E-01
1.5922E-04,2.401E-01
1.5928E-04,2.241E-01
1.5928E-04,2.401E-01
1.5934E-04,2.241E-01
1.5934E-04,2.401E-01
1.5940E-04,2.161E-01
1.5940E-04,2.401E-01
1.5946E-04,2.241E-01
1.5946E-04,2.401E-01
1.5952E-04,2.161E-01
1.5952E-04,2.401E-01
1.5958E-04,2.161E-01
1.5958E-04,2.401E-01
1.5964E-04,2.161E-01
1.5964E-04,2.401E-01
1.5970E-04,2.161E-01
1.5970E-04,2.401E-01
1.5976E-04,2.161E-01
1.5976E-04,2.321E-01
1.5982E-04,2.161E-01
1.5982E-04,2.321E-01
1.5988E-04,2.161E-01
1.5988E-04,2.321E-01
1.5994E-04,2.081E-01
1.5994E-04,2.321E-01
1.6000E-04,2.081E-01
1.6000E-04,2.321E-01
1.6006E-04,2.081E-01
1.6006E-04,2.321E-01
1.6012E-04,2.081E-01
1.6012E-04,2.321E-01
1.6018E-04,2.081E-01
1.6018E-04,2.321E-01
1.6024E-04,2.081E-01
1.6024E-04,2.321E-01
1.6030E-04,2.081E-01
1.6030E-04,2.321E-01
1.6036E-04,2.081E-01
1.6036E-04,2.241E-01
1.6042E-04,2.081E-01
1.6042E-04,2.241E-01
1.6048E-04,2.081E-01
1.6048E-04,2.241E-01
1.6054E-04,2.081E-01
1.6054E-04,2.241E-01
1.6060E-04,2.081E-01
1.6060E-04,2.241E-01
1.6066E-04,2.001E-01
1.6066E-04,2.161E-01
1.6072E-04,2.001E-01
1.6072E-04,2.241E-01
1.6078E-04,2.001E-01
1.6078E-04,2.241E-01
1.6084E-04,2.001E-01
1.6084E-04,2.161E-01
1.6090E-04,2.001E-01
1.6090E-04,2.161E-01
1.6096E-04,2.001E-01
1.6096E-04,2.161E-01
1.6102E-04,2.001E-01
1.6102E-04,2.081E-01
1.6108E-04,2.001E-01
1.6108E-04,2.161E-01
1.6114E-04,1.921E-01
1.6114E-04,2.081E-01
1.6120E-04,1.921E-01
1.6120E-04,2.081E-01
1.6126E-04,1.921E-01
1.6126E-04,2.081E-01
1.6132E-04,1.921E-01
1.6132E-04,2.081E-01
1.6138E-04,1.921E-01
1.6138E-04,2.081E-01
1.6144E-04,1.921E-01
1.6144E-04,2.081E-01
1.6150E-04,1.921E-01
1.6150E-04,2.081E-01
1.6156E-04,1.921E-01
1.6156E-04,2.081E-01
1.6162E-04,1.921E-01
1.6162E-04,2.081E-01
1.6168E-04,1.921E-01
1.6168E-04,2.081E-01
1.6174E-04,1.921E-01
1.6174E-04,2.001E-01
1.6180E-04,1.841E-01
1.6180E-04,2.081E-01
1.6186E-04,1.841E-01
1.6186E-04,2.001E-01
1.6192E-04,1.841E-01
1.6192E-04,2.001E-01
1.6198E-04,1.841E-01
1.6198E-04,2.001E-01
1.6204E-04,1.841E-01
1.6204E-04,2.081E-01
1.6210E-04,1.841E-01
1.6210E-04,2.001E-01
1.6216E-04,1.841E-01
1.6216E-04,2.001E-01
1.6222E-04,1.841E-01
1.6222E-04,2.001E-01
1.6228E-04,1.841E-01
1.6228E-04,2.001E-01
1.6234E-04,1.841E-01
1.6234E-04,2.001E-01
1.6240E-04,1.841E-01
1.6240E-04,1.921E-01
1.6246E-04,1.761E-01
1.6246E-04,2.001E-01
1.6252E-04,1.761E-01
1.6252E-04,2.001E-01
1.6258E-04,1.761E-01
1.6258E-04,1.921E-01
1.6264E-04,1.761E-01
1.6264E-04,1.921E-01
1.6270E-04,1.761E-01
1.6270E-04,1.921E-01
1.6276E-04,1.761E-01
1.6276E-04,1.921E-01
1.6282E-04,1.761E-01
1.6282E-04,1.921E-01
1.6288E-04,1.761E-01
1.6288E-04,1.921E-01
1.6294E-04,1.761E-01
1.6294E-04,1.921E-01
1.6300E-04,1.681E-01
1.6300E-04,1.921E-01
1.6306E-04,1.681E-01
1.6306E-04,1.921E-01
1.6312E-04,1.761E-01
1.6312E-04,1.921E-01
1.6318E-04,1.681E-01
1.6318E-04,1.921E-01
1.6324E-04,1.681E-01
1.6324E-04,1.841E-01
1.6330E-04,1.761E-01
1.6330E-04,1.841E-01
1.6336E-04,1.681E-01
1.6336E-04,1.841E-01
1.6342E-04,1.681E-01
1.6342E-04,1.921E-01
1.6348E-04,1.681E-01
1.6348E-04,1.921E-01
1.6354E-04,1.681E-01
1.6354E-04,1.841E-01
1.6360E-04,1.681E-01
1.6360E-04,1.841E-01
1.6366E-04,1.681E-01
1.6366E-04,1.841E-01
1.6372E-04,1.681E-01
1.6372E-04,1.841E-01
1.6378E-04,1.681E-01
1.6378E-04,1.841E-01
1.6384E-04,1.681E-01
1.6384E-04,1.841E-01
1.6390E-04,1.601E-01
1.6390E-04,1.841E-01
1.6396E-04,1.681E-01
1.6396E-04,1.841E-01
1.6402E-04,1.681E-01
1.6402E-04,1.841E-01
1.6408E-04,1.601E-01
1.6408E-04,1.841E-01
1.6414E-04,1.601E-01
1.6414E-04,1.761E-01
1.6420E-04,1.601E-01
1.6420E-04,1.761E-01
1.6426E-04,1.601E-01
1.6426E-04,1.761E-01
1.6432E-04,1.601E-01
1.6432E-04,1.841E-01
1.6438E-04,1.601E-01
1.6438E-04,1.841E-01
1.6444E-04,1.601E-01
1.6444E-04,1.761E-01
1.6450E-04,1.601E-01
1.6450E-04,1.761E-01
1.6456E-04,1.601E-01
1.6456E-04,1.761E-01
1.6462E-04,1.601E-01
1.6462E-04,1.761E-01
1.6468E-04,1.601E-01
1.6468E-04,1.761E-01
1.6474E-04,1.601E-01
1.6474E-04,1.761E-01
1.6480E-04,1.601E-01
1.6480E-04,1.761E-01
1.6486E-04,1.521E-01
1.6486E-04,1.761E-01
1.6492E-04,1.521E-01
1.6492E-04,1.761E-01
1.6498E-04,1.521E-01
1.6498E-04,1.761E-01
1.6504E-04,1.601E-01
1.6504E-04,1.761E-01
1.6510E-04,1.521E-01
1.6510E-04,1.761E-01
1.6516E-04,1.521E-01
1.6516E-04,1.681E-01
1.6522E-04,1.601E-01
1.6522E-04,1.681E-01
1.6528E-04,1.521E-01
1.6528E-04,1.761E-01
1.6534E-04,1.521E-01
1.6534E-04,1.681E-01
1.6540E-04,1.521E-01
1.6540E-04,1.681E-01
1.6546E-04,1.521E-01
1.6546E-04,1.681E-01
1.6552E-04,1.521E-01
1.6552E-04,1.681E-01
1.6558E-04,1.521E-01
1.6558E-04,1.681E-01
1.6564E-04,1.521E-01
1.6564E-04,1.681E-01
1.6570E-04,1.521E-01
1.6570E-04,1.681E-01
1.6576E-04,1.521E-01
1.6576E-04,1.681E-01
1.6582E-04,1.521E-01
1.6582E-04,1.681E-01
1.6588E-04,1.521E-01
1.6588E-04,1.681E-01
1.6594E-04,1.521E-01
1.6594E-04,1.681E-01
1.6600E-04,1.441E-01
1.6600E-04,1.681E-01
1.6606E-04,1.521E-01
1.6606E-04,1.681E-01
1.6612E-04,1.521E-01
1.6612E-04,1.681E-01
1.6618E-04,1.441E-01
1.6618E-04,1.681E-01
1.6624E-04,1.441E-01
1.6624E-04,1.681E-01
1.6630E-04,1.441E-01
1.6630E-04,1.601E-01
1.6636E-04,1.521E-01
1.6636E-04,1.601E-01
1.6642E-04,1.441E-01
1.6642E-04,1.601E-01
1.6648E-04,1.521E-01
1.6648E-04,1.601E-01
1.6654E-04,1.521E-01
1.6654E-04,1.681E-01
1.6660E-04,1.521E-01
1.6660E-04,1.681E-01
1.6666E-04,1.521E-01
1.6666E-04,1.601E-01
1.6672E-04,1.441E-01
1.6672E-04,1.601E-01
1.6678E-04,1.441E-01
1.6678E-04,1.601E-01
1.6684E-04,1.441E-01
1.6684E-04,1.601E-01
1.6690E-04,1.441E-01
1.6690E-04,1.601E-01
1.6696E-04,1.441E-01
1.6696E-04,1.601E-01
1.6702E-04,1.441E-01
1.6702E-04,1.601E-01
1.6708E-04,1.441E-01
1.6708E-04,1.601E-01
1.6714E-04,1.441E-01
1.6714E-04,1.601E-01
1.6720E-04,1.441E-01
1.6720E-04,1.601E-01
1.6726E-04,1.441E-01
1.6726E-04,1.601E-01
1.6732E-04,1.441E-01
1.6732E-04,1.601E-01
1.6738E-04,1.441E-01
1.6738E-04,1.601E-01
1.6744E-04,1.441E-01
1.6744E-04,1.601E-01
1.6750E-04,1.441E-01
1.6750E-04,1.601E-01
1.6756E-04,1.441E-01
1.6756E-04,1.521E-01
1.6762E-04,1.361E-01
1.6762E-04,1.521E-01
1.6768E-04,1.441E-01
1.6768E-04,1.601E-01
1.6774E-04,1.361E-01
1.6774E-04,1.521E-01
1.6780E-04,1.441E-01
1.6780E-04,1.601E-01
1.6786E-04,1.361E-01
1.6786E-04,1.601E-01
1.6792E-04,1.361E-01
1.6792E-04,1.601E-01
1.6798E-04,1.361E-01
1.6798E-04,1.601E-01
1.6804E-04,1.361E-01
1.6804E-04,1.521E-01
1.6810E-04,1.361E-01
1.6810E-04,1.521E-01
1.6816E-04,1.361E-01
1.6816E-04,1.601E-01
1.6822E-04,1.361E-01
1.6822E-04,1.521E-01
1.6828E-04,1.361E-01
1.6828E-04,1.521E-01
1.6834E-04,1.361E-01
1.6834E-04,1.521E-01
1.6840E-04,1.361E-01
1.6840E-04,1.521E-01
1.6846E-04,1.361E-01
1.6846E-04,1.521E-01
1.6852E-04,1.361E-01
1.6852E-04,1.521E-01
1.6858E-04,1.361E-01
1.6858E-04,1.521E-01
1.6864E-04,1.361E-01
1.6864E-04,1.521E-01
1.6870E-04,1.361E-01
1.6870E-04,1.521E-01
1.6876E-04,1.361E-01
1.6876E-04,1.521E-01
1.6882E-04,1.361E-01
1.6882E-04,1.521E-01
1.6888E-04,1.361E-01
1.6888E-04,1.521E-01
1.6894E-04,1.361E-01
1.6894E-04,1.521E-01
1.6900E-04,1.361E-01
1.6900E-04,1.521E-01
1.6906E-04,1.361E-01
1.6906E-04,1.521E-01
1.6912E-04,1.361E-01
1.6912E-04,1.521E-01
1.6918E-04,1.281E-01
1.6918E-04,1.521E-01
1.6924E-04,1.281E-01
1.6924E-04,1.521E-01
1.6930E-04,1.361E-01
1.6930E-04,1.521E-01
1.6936E-04,1.361E-01
1.6936E-04,1.521E-01
1.6942E-04,1.361E-01
1.6942E-04,1.521E-01
1.6948E-04,1.361E-01
1.6948E-04,1.521E-01
1.6954E-04,1.361E-01
1.6954E-04,1.521E-01
1.6960E-04,1.361E-01
1.6960E-04,1.521E-01
1.6966E-04,1.361E-01
1.6966E-04,1.521E-01
1.6972E-04,1.361E-01
1.6972E-04,1.521E-01
1.6978E-04,1.361E-01
1.6978E-04,1.521E-01
1.6984E-04,1.361E-01
1.6984E-04,1.521E-01
1.6990E-04,1.361E-01
1.6990E-04,1.521E-01
1.6996E-04,1.361E-01
1.6996E-04,1.521E-01
1.7002E-04,1.361E-01
1.7002E-04,1.521E-01
1.7008E-04,1.361E-01
1.7008E-04,1.521E-01
1.7014E-04,1.281E-01
1.7014E-04,1.521E-01
1.7020E-04,1.361E-01
1.7020E-04,1.521E-01
1.7026E-04,1.361E-01
1.7026E-04,1.521E-01
1.7032E-04,1.361E-01
1.7032E-04,1.441E-01
1.7038E-04,1.361E-01
1.7038E-04,1.441E-01
1.7044E-04,1.361E-01
1.7044E-04,1.521E-01
1.7050E-04,1.361E-01
1.7050E-04,1.441E-01
1.7056E-04,1.281E-01
1.7056E-04,1.521E-01
1.7062E-04,1.281E-01
1.7062E-04,1.521E-01
1.7068E-04,1.281E-01
1.7068E-04,1.521E-01
1.7074E-04,1.361E-01
1.7074E-04,1.441E-01
1.7080E-04,1.361E-01
1.7080E-04,1.521E-01
1.7086E-04,1.281E-01
1.7086E-04,1.521E-01
1.7092E-04,1.281E-01
1.7092E-04,1.521E-01
1.7098E-04,1.281E-01
1.7098E-04,1.521E-01
1.7104E-04,1.361E-01
1.7104E-04,1.441E-01
1.7110E-04,1.281E-01
1.7110E-04,1.521E-01
1.7116E-04,1.281E-01
1.7116E-04,1.441E-01
1.7122E-04,1.281E-01
1.7122E-04,1.441E-01
1.7128E-04,1.281E-01
1.7128E-04,1.521E-01
1.7134E-04,1.281E-01
1.7134E-04,1.521E-01
1.7140E-04,1.281E-01
1.7140E-04,1.521E-01
1.7146E-04,1.281E-01
1.7146E-04,1.521E-01
1.7152E-04,1.361E-01
1.7152E-04,1.521E-01
1.7158E-04,1.281E-01
1.7158E-04,1.441E-01
1.7164E-04,1.281E-01
1.7164E-04,1.441E-01
1.7170E-04,1.281E-01
1.7170E-04,1.441E-01
1.7176E-04,1.361E-01
1.7176E-04,1.521E-01
1.7182E-04,1.281E-01
1.7182E-04,1.521E-01
1.7188E-04,1.281E-01
1.7188E-04,1.521E-01
1.7194E-04,1.361E-01
1.7194E-04,1.441E-01
1.7200E-04,1.361E-01
1.7200E-04,1.521E-01
1.7206E-04,1.361E-01
1.7206E-04,1.521E-01
1.7212E-04,1.281E-01
1.7212E-04,1.521E-01
1.7218E-04,1.281E-01
1.7218E-04,1.441E-01
1.7224E-04,1.281E-01
1.7224E-04,1.521E-01
1.7230E-04,1.281E-01
1.7230E-04,1.521E-01
1.7236E-04,1.281E-01
1.7236E-04,1.441E-01
1.7242E-04,1.281E-01
1.7242E-04,1.521E-01
1.7248E-04,1.361E-01
1.7248E-04,1.521E-01
1.7254E-04,1.281E-01
1.7254E-04,1.441E-01
1.7260E-04,1.281E-01
1.7260E-04,1.521E-01
1.7266E-04,1.281E-01
1.7266E-04,1.521E-01
1.7272E-04,1.281E-01
1.7272E-04,1.521E-01
1.7278E-04,1.281E-01
1.7278E-04,1.521E-01
1.7284E-04,1.361E-01
1.7284E-04,1.521E-01
1.7290E-04,1.361E-01
1.7290E-04,1.521E-01
1.7296E-04,1.281E-01
1.7296E-04,1.521E-01
1.7302E-04,1.281E-01
1.7302E-04,1.521E-01
1.7308E-04,1.281E-01
1.7308E-04,1.521E-01
1.7314E-04,1.281E-01
1.7314E-04,1.521E-01
1.7320E-04,1.281E-01
1.7320E-04,1.521E-01
1.7326E-04,1.281E-01
1.7326E-04,1.521E-01
1.7332E-04,1.361E-01
1.7332E-04,1.521E-01
1.7338E-04,1.361E-01
1.7338E-04,1.521E-01
1.7344E-04,1.361E-01
1.7344E-04,1.521E-01
1.7350E-04,1.361E-01
1.7350E-04,1.521E-01
1.7356E-04,1.281E-01
1.7356E-04,1.521E-01
1.7362E-04,1.281E-01
1.7362E-04,1.441E-01
1.7368E-04,1.281E-01
1.7368E-04,1.521E-01
1.7374E-04,1.281E-01
1.7374E-04,1.521E-01
1.7380E-04,1.361E-01
1.7380E-04,1.521E-01
1.7386E-04,1.361E-01
1.7386E-04,1.521E-01
1.7392E-04,1.361E-01
1.7392E-04,1.521E-01
1.7398E-04,1.361E-01
1.7398E-04,1.521E-01
1.7404E-04,1.361E-01
1.7404E-04,1.521E-01
1.7410E-04,1.361E-01
1.7410E-04,1.521E-01
1.7416E-04,1.361E-01
1.7416E-04,1.521E-01
1.7422E-04,1.361E-01
1.7422E-04,1.521E-01
1.7428E-04,1.281E-01
1.7428E-04,1.521E-01
1.7434E-04,1.281E-01
1.7434E-04,1.521E-01
1.7440E-04,1.361E-01
1.7440E-04,1.521E-01
1.7446E-04,1.361E-01
1.7446E-04,1.521E-01
1.7452E-04,1.361E-01
1.7452E-04,1.521E-01
1.7458E-04,1.361E-01
1.7458E-04,1.521E-01
1.7464E-04,1.361E-01
1.7464E-04,1.521E-01
1.7470E-04,1.361E-01
1.7470E-04,1.521E-01
1.7476E-04,1.361E-01
1.7476E-04,1.601E-01
1.7482E-04,1.361E-01
1.7482E-04,1.521E-01
1.7488E-04,1.361E-01
1.7488E-04,1.521E-01
1.7494E-04,1.361E-01
1.7494E-04,1.601E-01
1.7500E-04,1.361E-01
1.7500E-04,1.601E-01
1.7506E-04,1.441E-01
1.7506E-04,1.601E-01
1.7512E-04,1.441E-01
1.7512E-04,1.521E-01
1.7518E-04,1.361E-01
1.7518E-04,1.521E-01
1.7524E-04,1.361E-01
1.7524E-04,1.521E-01
1.7530E-04,1.441E-01
1.7530E-04,1.601E-01
1.7536E-04,1.361E-01
1.7536E-04,1.521E-01
1.7542E-04,1.361E-01
1.7542E-04,1.521E-01
1.7548E-04,1.361E-01
1.7548E-04,1.521E-01
1.7554E-04,1.361E-01
1.7554E-04,1.521E-01
1.7560E-04,1.441E-01
1.7560E-04,1.601E-01
1.7566E-04,1.361E-01
1.7566E-04,1.601E-01
1.7572E-04,1.361E-01
1.7572E-04,1.601E-01
1.7578E-04,1.361E-01
1.7578E-04,1.521E-01
1.7584E-04,1.441E-01
1.7584E-04,1.601E-01
1.7590E-04,1.441E-01
1.7590E-04,1.601E-01
1.7596E-04,1.361E-01
1.7596E-04,1.601E-01
1.7602E-04,1.361E-01
1.7602E-04,1.601E-01
1.7608E-04,1.441E-01
1.7608E-04,1.601E-01
1.7614E-04,1.441E-01
1.7614E-04,1.601E-01
1.7620E-04,1.441E-01
1.7620E-04,1.601E-01
1.7626E-04,1.441E-01
1.7626E-04,1.601E-01
1.7632E-04,1.361E-01
1.7632E-04,1.601E-01
1.7638E-04,1.361E-01
1.7638E-04,1.601E-01
1.7644E-04,1.441E-01
1.7644E-04,1.601E-01
1.7650E-04,1.441E-01
1.7650E-04,1.601E-01
1.7656E-04,1.441E-01
1.7656E-04,1.601E-01
1.7662E-04,1.441E-01
1.7662E-04,1.681E-01
1.7668E-04,1.521E-01
1.7668E-04,1.681E-01
1.7674E-04,1.441E-01
1.7674E-04,1.601E-01
1.7680E-04,1.441E-01
1.7680E-04,1.681E-01
1.7686E-04,1.521E-01
1.7686E-04,1.601E-01
1.7692E-04,1.521E-01
1.7692E-04,1.681E-01
1.7698E-04,1.441E-01
1.7698E-04,1.681E-01
1.7704E-04,1.441E-01
1.7704E-04,1.681E-01
1.7710E-04,1.521E-01
1.7710E-04,1.681E-01
1.7716E-04,1.441E-01
1.7716E-04,1.681E-01
1.7722E-04,1.441E-01
1.7722E-04,1.681E-01
1.7728E-04,1.521E-01
1.7728E-04,1.681E-01
1.7734E-04,1.521E-01
1.7734E-04,1.681E-01
1.7740E-04,1.521E-01
1.7740E-04,1.681E-01
1.7746E-04,1.521E-01
1.7746E-04,1.681E-01
1.7752E-04,1.521E-01
1.7752E-04,1.681E-01
1.7758E-04,1.521E-01
1.7758E-04,1.681E-01
1.7764E-04,1.521E-01
1.7764E-04,1.681E-01
1.7770E-04,1.521E-01
1.7770E-04,1.761E-01
1.7776E-04,1.521E-01
1.7776E-04,1.761E-01
1.7782E-04,1.521E-01
1.7782E-04,1.681E-01
1.7788E-04,1.521E-01
1.7788E-04,1.761E-01
1.7794E-04,1.521E-01
1.7794E-04,1.761E-01
1.7800E-04,1.521E-01
1.7800E-04,1.681E-01
1.7806E-04,1.601E-01
1.7806E-04,1.761E-01
1.7812E-04,1.521E-01
1.7812E-04,1.681E-01
1.7818E-04,1.521E-01
1.7818E-04,1.681E-01
1.7824E-04,1.521E-01
1.7824E-04,1.761E-01
1.7830E-04,1.601E-01
1.7830E-04,1.761E-01
1.7836E-04,1.601E-01
1.7836E-04,1.761E-01
1.7842E-04,1.601E-01
1.7842E-04,1.761E-01
1.7848E-04,1.601E-01
1.7848E-04,1.761E-01
1.7854E-04,1.601E-01
1.7854E-04,1.761E-01
1.7860E-04,1.601E-01
1.7860E-04,1.761E-01
1.7866E-04,1.601E-01
1.7866E-04,1.761E-01
1.7872E-04,1.601E-01
1.7872E-04,1.761E-01
1.7878E-04,1.601E-01
1.7878E-04,1.841E-01
1.7884E-04,1.601E-01
1.7884E-04,1.761E-01
1.7890E-04,1.601E-01
1.7890E-04,1.841E-01
1.7896E-04,1.681E-01
1.7896E-04,1.841E-01
1.7902E-04,1.681E-01
1.7902E-04,1.761E-01
1.7908E-04,1.681E-01
1.7908E-04,1.841E-01
1.7914E-04,1.681E-01
1.7914E-04,1.841E-01
1.7920E-04,1.681E-01
1.7920E-04,1.841E-01
1.7926E-04,1.681E-01
1.7926E-04,1.841E-01
1.7932E-04,1.681E-01
1.7932E-04,1.841E-01
1.7938E-04,1.681E-01
1.7938E-04,1.841E-01
1.7944E-04,1.681E-01
1.7944E-04,1.841E-01
1.7950E-04,1.681E-01
1.7950E-04,1.841E-01
1.7956E-04,1.681E-01
1.7956E-04,1.841E-01
1.7962E-04,1.681E-01
1.7962E-04,1.841E-01
1.7968E-04,1.761E-01
1.7968E-04,1.921E-01
1.7974E-04,1.681E-01
1.7974E-04,1.921E-01
1.7980E-04,1.681E-01
1.7980E-04,1.921E-01
1.7986E-04,1.761E-01
1.7986E-04,1.921E-01
1.7992E-04,1.681E-01
1.7992E-04,1.921E-01
1.7998E-04,1.761E-01
1.7998E-04,1.921E-01
1.8004E-04,1.761E-01
1.8004E-04,1.921E-01
1.8010E-04,1.761E-01
1.8010E-04,2.001E-01
1.8016E-04,1.761E-01
1.8016E-04,2.001E-01
1.8022E-04,1.761E-01
1.8022E-04,1.921E-01
1.8028E-04,1.761E-01
1.8028E-04,1.921E-01
1.8034E-04,1.761E-01
1.8034E-04,2.001E-01
1.8040E-04,1.761E-01
1.8040E-04,2.001E-01
1.8046E-04,1.761E-01
1.8046E-04,1.921E-01
1.8052E-04,1.841E-01
1.8052E-04,2.001E-01
1.8058E-04,1.841E-01
1.8058E-04,2.001E-01
1.8064E-04,1.841E-01
1.8064E-04,2.001E-01
1.8070E-04,1.841E-01
1.8070E-04,2.001E-01
1.8076E-04,1.841E-01
1.8076E-04,2.001E-01
1.8082E-04,1.841E-01
1.8082E-04,2.001E-01
1.8088E-04,1.841E-01
1.8088E-04,2.001E-01
1.8094E-04,1.841E-01
1.8094E-04,2.001E-01
1.8100E-04,1.841E-01
1.8100E-04,2.001E-01
1.8106E-04,1.841E-01
1.8106E-04,2.081E-01
1.8112E-04,1.841E-01
1.8112E-04,2.081E-01
1.8118E-04,1.841E-01
1.8118E-04,2.001E-01
1.8124E-04,1.921E-01
1.8124E-04,2.081E-01
1.8130E-04,1.921E-01
1.8130E-04,2.081E-01
1.8136E-04,1.921E-01
1.8136E-04,2.081E-01
1.8142E-04,1.841E-01
1.8142E-04,2.081E-01
1.8148E-04,1.841E-01
1.8148E-04,2.081E-01
1.8154E-04,1.921E-01
1.8154E-04,2.161E-01
1.8160E-04,1.921E-01
1.8160E-04,2.081E-01
1.8166E-04,1.921E-01
1.8166E-04,2.161E-01
1.8172E-04,1.921E-01
1.8172E-04,2.161E-01
1.8178E-04,1.921E-01
1.8178E-04,2.161E-01
1.8184E-04,1.921E-01
1.8184E-04,2.161E-01
1.8190E-04,2.001E-01
1.8190E-04,2.161E-01
1.8196E-04,2.001E-01
1.8196E-04,2.241E-01
1.8202E-04,2.001E-01
1.8202E-04,2.241E-01
1.8208E-04,2.001E-01
1.8208E-04,2.241E-01
1.8214E-04,2.001E-01
1.8214E-04,2.161E-01
1.8220E-04,2.001E-01
1.8220E-04,2.241E-01
1.8226E-04,2.001E-01
1.8226E-04,2.241E-01
1.8232E-04,2.001E-01
1.8232E-04,2.241E-01
1.8238E-04,2.001E-01
1.8238E-04,2.241E-01
1.8244E-04,2.081E-01
1.8244E-04,2.241E-01
1.8250E-04,2.081E-01
1.8250E-04,2.241E-01
1.8256E-04,2.081E-01
1.8256E-04,2.241E-01
1.8262E-04,2.081E-01
1.8262E-04,2.241E-01
1.8268E-04,2.081E-01
1.8268E-04,2.321E-01
1.8274E-04,2.081E-01
1.8274E-04,2.321E-01
1.8280E-04,2.081E-01
1.8280E-04,2.321E-01
1.8286E-04,2.081E-01
1.8286E-04,2.321E-01
1.8292E-04,2.081E-01
1.8292E-04,2.321E-01
1.8298E-04,2.081E-01
1.8298E-04,2.321E-01
1.8304E-04,2.161E-01
1.8304E-04,2.321E-01
1.8310E-04,2.161E-01
1.8310E-04,2.321E-01
1.8316E-04,2.161E-01
1.8316E-04,2.321E-01
1.8322E-04,2.161E-01
1.8322E-04,2.321E-01
1.8328E-04,2.161E-01
1.8328E-04,2.401E-01
1.8334E-04,2.161E-01
1.8334E-04,2.401E-01
1.8340E-04,2.161E-01
1.8340E-04,2.401E-01
1.8346E-04,2.161E-01
1.8346E-04,2.401E-01
1.8352E-04,2.241E-01
1.8352E-04,2.401E-01
1.8358E-04,2.161E-01
1.8358E-04,2.401E-01
1.8364E-04,2.241E-01
1.8364E-04,2.401E-01
1.8370E-04,2.241E-01
1.8370E-04,2.401E-01
1.8376E-04,2.241E-01
1.8376E-04,2.401E-01
1.8382E-04,2.241E-01
1.8382E-04,2.401E-01
1.8388E-04,2.241E-01
1.8388E-04,2.401E-01
1.8394E-04,2.241E-01
1.8394E-04,2.481E-01
1.8400E-04,2.241E-01
1.8400E-04,2.401E-01
1.8406E-04,2.241E-01
1.8406E-04,2.481E-01
1.8412E-04,2.241E-01
1.8412E-04,2.481E-01
1.8418E-04,2.241E-01
1.8418E-04,2.481E-01
1.8424E-04,2.321E-01
1.8424E-04,2.481E-01
1.8430E-04,2.321E-01
1.8430E-04,2.561E-01
1.8436E-04,2.321E-01
1.8436E-04,2.561E-01
1.8442E-04,2.321E-01
1.8442E-04,2.481E-01
1.8448E-04,2.321E-01
1.8448E-04,2.561E-01
1.8454E-04,2.321E-01
1.8454E-04,2.561E-01
1.8460E-04,2.401E-01
1.8460E-04,2.561E-01
1.8466E-04,2.401E-01
1.8466E-04,2.561E-01
1.8472E-04,2.321E-01
1.8472E-04,2.561E-01
1.8478E-04,2.321E-01
1.8478E-04,2.561E-01
1.8484E-04,2.401E-01
1.8484E-04,2.561E-01
1.8490E-04,2.401E-01
1.8490E-04,2.561E-01
1.8496E-04,2.401E-01
1.8496E-04,2.561E-01
1.8502E-04,2.481E-01
1.8502E-04,2.561E-01
1.8508E-04,2.401E-01
1.8508E-04,2.641E-01
1.8514E-04,2.481E-01
1.8514E-04,2.561E-01
1.8520E-04,2.481E-01
1.8520E-04,2.641E-01
1.8526E-04,2.481E-01
1.8526E-04,2.641E-01
1.8532E-04,2.481E-01
1.8532E-04,2.641E-01
1.8538E-04,2.481E-01
1.8538E-04,2.721E-01
1.8544E-04,2.481E-01
1.8544E-04,2.721E-01
1.8550E-04,2.561E-01
1.8550E-04,2.721E-01
1.8556E-04,2.481E-01
1.8556E-04,2.721E-01
1.8562E-04,2.561E-01
1.8562E-04,2.721E-01
1.8568E-04,2.481E-01
1.8568E-04,2.721E-01
1.8574E-04,2.561E-01
1.8574E-04,2.721E-01
1.8580E-04,2.561E-01
1.8580E-04,2.721E-01
1.8586E-04,2.561E-01
1.8586E-04,2.721E-01
1.8592E-04,2.561E-01
1.8592E-04,2.801E-01
1.8598E-04,2.561E-01
1.8598E-04,2.801E-01
1.8604E-04,2.641E-01
1.8604E-04,2.881E-01
1.8610E-04,2.641E-01
1.8610E-04,2.801E-01
1.8616E-04,2.641E-01
1.8616E-04,2.801E-01
1.8622E-04,2.641E-01
1.8622E-04,2.801E-01
1.8628E-04,2.641E-01
1.8628E-04,2.801E-01
1.8634E-04,2.641E-01
1.8634E-04,2.881E-01
1.8640E-04,2.641E-01
1.8640E-04,2.881E-01
1.8646E-04,2.721E-01
1.8646E-04,2.881E-01
1.8652E-04,2.641E-01
1.8652E-04,2.881E-01
1.8658E-04,2.721E-01
1.8658E-04,2.881E-01
1.8664E-04,2.721E-01
1.8664E-04,2.881E-01
1.8670E-04,2.721E-01
1.8670E-04,2.881E-01
1.8676E-04,2.721E-01
1.8676E-04,2.961E-01
1.8682E-04,2.721E-01
1.8682E-04,2.961E-01
1.8688E-04,2.801E-01
1.8688E-04,2.961E-01
1.8694E-04,2.801E-01
1.8694E-04,2.961E-01
1.8700E-04,2.801E-01
1.8700E-04,2.961E-01
1.8706E-04,2.801E-01
1.8706E-04,2.961E-01
1.8712E-04,2.881E-01
1.8712E-04,2.961E-01
1.8718E-04,2.801E-01
1.8718E-04,3.041E-01
1.8724E-04,2.801E-01
1.8724E-04,3.041E-01
1.8730E-04,2.881E-01
1.8730E-04,3.041E-01
1.8736E-04,2.881E-01
1.8736E-04,3.041E-01
1.8742E-04,2.881E-01
1.8742E-04,3.041E-01
1.8748E-04,2.881E-01
1.8748E-04,3.121E-01
1.8754E-04,2.881E-01
1.8754E-04,3.121E-01
1.8760E-04,2.881E-01
1.8760E-04,3.121E-01
1.8766E-04,2.881E-01
1.8766E-04,3.121E-01
1.8772E-04,2.881E-01
1.8772E-04,3.121E-01
1.8778E-04,2.881E-01
1.8778E-04,3.121E-01
1.8784E-04,2.961E-01
1.8784E-04,3.121E-01
1.8790E-04,2.961E-01
1.8790E-04,3.281E-01
1.8796E-04,3.041E-01
1.8796E-04,3.281E-01
1.8802E-04,3.041E-01
1.8802E-04,3.201E-01
1.8808E-04,3.041E-01
1.8808E-04,3.201E-01
1.8814E-04,3.041E-01
1.8814E-04,3.201E-01
1.8820E-04,3.041E-01
1.8820E-04,3.201E-01
1.8826E-04,3.041E-01
1.8826E-04,3.201E-01
1.8832E-04,3.041E-01
1.8832E-04,3.281E-01
1.8838E-04,3.041E-01
1.8838E-04,3.281E-01
1.8844E-04,3.121E-01
1.8844E-04,3.281E-01
1.8850E-04,3.121E-01
1.8850E-04,3.281E-01
1.8856E-04,3.121E-01
1.8856E-04,3.281E-01
1.8862E-04,3.121E-01
1.8862E-04,3.281E-01
1.8868E-04,3.121E-01
1.8868E-04,3.281E-01
1.8874E-04,3.201E-01
1.8874E-04,3.361E-01
1.8880E-04,3.121E-01
1.8880E-04,3.361E-01
1.8886E-04,3.121E-01
1.8886E-04,3.361E-01
1.8892E-04,3.201E-01
1.8892E-04,3.361E-01
1.8898E-04,3.201E-01
1.8898E-04,3.361E-01
1.8904E-04,3.201E-01
1.8904E-04,3.361E-01
1.8910E-04,3.201E-01
1.8910E-04,3.441E-01
1.8916E-04,3.201E-01
1.8916E-04,3.441E-01
1.8922E-04,3.281E-01
1.8922E-04,3.441E-01
1.8928E-04,3.281E-01
1.8928E-04,3.441E-01
1.8934E-04,3.281E-01
1.8934E-04,3.441E-01
1.8940E-04,3.281E-01
1.8940E-04,3.441E-01
1.8946E-04,3.281E-01
1.8946E-04,3.521E-01
1.8952E-04,3.281E-01
1.8952E-04,3.521E-01
1.8958E-04,3.281E-01
1.8958E-04,3.521E-01
1.8964E-04,3.361E-01
1.8964E-04,3.521E-01
1.8970E-04,3.361E-01
1.8970E-04,3.521E-01
1.8976E-04,3.361E-01
1.8976E-04,3.521E-01
1.8982E-04,3.361E-01
1.8982E-04,3.521E-01
1.8988E-04,3.361E-01
1.8988E-04,3.521E-01
1.8994E-04,3.361E-01
1.8994E-04,3.601E-01
1.9000E-04,3.441E-01
1.9000E-04,3.601E-01
1.9006E-04,3.361E-01
1.9006E-04,3.601E-01
1.9012E-04,3.441E-01
1.9012E-04,3.601E-01
1.9018E-04,3.441E-01
1.9018E-04,3.601E-01
1.9024E-04,3.441E-01
1.9024E-04,3.601E-01
1.9030E-04,3.521E-01
1.9030E-04,3.681E-01
1.9036E-04,3.521E-01
1.9036E-04,3.681E-01
1.9042E-04,3.521E-01
1.9042E-04,3.681E-01
1.9048E-04,3.521E-01
1.9048E-04,3.681E-01
1.9054E-04,3.521E-01
1.9054E-04,3.761E-01
1.9060E-04,3.601E-01
1.9060E-04,3.761E-01
1.9066E-04,3.521E-01
1.9066E-04,3.761E-01
1.9072E-04,3.601E-01
1.9072E-04,3.761E-01
1.9078E-04,3.601E-01
1.9078E-04,3.761E-01
1.9084E-04,3.601E-01
1.9084E-04,3.761E-01
1.9090E-04,3.601E-01
1.9090E-04,3.841E-01
1.9096E-04,3.601E-01
1.9096E-04,3.761E-01
1.9102E-04,3.681E-01
1.9102E-04,3.841E-01
1.9108E-04,3.681E-01
1.9108E-04,3.841E-01
1.9114E-04,3.681E-01
1.9114E-04,3.841E-01
1.9120E-04,3.681E-01
1.9120E-04,3.841E-01
1.9126E-04,3.681E-01
1.9126E-04,3.841E-01
1.9132E-04,3.681E-01
1.9132E-04,3.921E-01
1.9138E-04,3.681E-01
1.9138E-04,3.921E-01
1.9144E-04,3.681E-01
1.9144E-04,3.921E-01
1.9150E-04,3.761E-01
1.9150E-04,3.921E-01
1.9156E-04,3.761E-01
1.9156E-04,3.921E-01
1.9162E-04,3.841E-01
1.9162E-04,4.001E-01
1.9168E-04,3.841E-01
1.9168E-04,4.001E-01
1.9174E-04,3.841E-01
1.9174E-04,4.001E-01
1.9180E-04,3.841E-01
1.9180E-04,4.001E-01
1.9186E-04,3.841E-01
1.9186E-04,4.001E-01
1.9192E-04,3.841E-01
1.9192E-04,4.081E-01
1.9198E-04,3.841E-01
1.9198E-04,4.081E-01
1.9204E-04,3.921E-01
1.9204E-04,4.081E-01
1.9210E-04,3.921E-01
1.9210E-04,4.081E-01
1.9216E-04,3.921E-01
1.9216E-04,4.081E-01
1.9222E-04,3.921E-01
1.9222E-04,4.161E-01
1.9228E-04,4.001E-01
1.9228E-04,4.161E-01
1.9234E-04,3.921E-01
1.9234E-04,4.161E-01
1.9240E-04,3.921E-01
1.9240E-04,4.161E-01
1.9246E-04,4.001E-01
1.9246E-04,4.161E-01
1.9252E-04,4.001E-01
1.9252E-04,4.241E-01
1.9258E-04,4.001E-01
1.9258E-04,4.161E-01
1.9264E-04,4.001E-01
1.9264E-04,4.241E-01
1.9270E-04,4.081E-01
1.9270E-04,4.241E-01
1.9276E-04,4.081E-01
1.9276E-04,4.241E-01
1.9282E-04,4.081E-01
1.9282E-04,4.241E-01
1.9288E-04,4.081E-01
1.9288E-04,4.241E-01
1.9294E-04,4.081E-01
1.9294E-04,4.321E-01
1.9300E-04,4.161E-01
1.9300E-04,4.321E-01
1.9306E-04,4.161E-01
1.9306E-04,4.321E-01
1.9312E-04,4.161E-01
1.9312E-04,4.321E-01
1.9318E-04,4.161E-01
1.9318E-04,4.321E-01
1.9324E-04,4.161E-01
1.9324E-04,4.321E-01
1.9330E-04,4.241E-01
1.9330E-04,4.401E-01
1.9336E-04,4.161E-01
1.9336E-04,4.401E-01
1.9342E-04,4.241E-01
1.9342E-04,4.401E-01
1.9348E-04,4.241E-01
1.9348E-04,4.401E-01
1.9354E-04,4.241E-01
1.9354E-04,4.481E-01
1.9360E-04,4.241E-01
1.9360E-04,4.401E-01
1.9366E-04,4.321E-01
1.9366E-04,4.401E-01
1.9372E-04,4.321E-01
1.9372E-04,4.481E-01
1.9378E-04,4.321E-01
1.9378E-04,4.561E-01
1.9384E-04,4.401E-01
1.9384E-04,4.561E-01
1.9390E-04,4.401E-01
1.9390E-04,4.561E-01
1.9396E-04,4.401E-01
1.9396E-04,4.561E-01
1.9402E-04,4.401E-01
1.9402E-04,4.561E-01
1.9408E-04,4.401E-01
1.9408E-04,4.561E-01
1.9414E-04,4.401E-01
1.9414E-04,4.561E-01
1.9420E-04,4.401E-01
1.9420E-04,4.561E-01
1.9426E-04,4.481E-01
1.9426E-04,4.641E-01
1.9432E-04,4.481E-01
1.9432E-04,4.641E-01
1.9438E-04,4.481E-01
1.9438E-04,4.641E-01
1.9444E-04,4.481E-01
1.9444E-04,4.641E-01
1.9450E-04,4.481E-01
1.9450E-04,4.641E-01
1.9456E-04,4.481E-01
1.9456E-04,4.721E-01
1.9462E-04,4.481E-01
1.9462E-04,4.721E-01
1.9468E-04,4.561E-01
1.9468E-04,4.721E-01
1.9474E-04,4.561E-01
1.9474E-04,4.721E-01
1.9480E-04,4.561E-01
1.9480E-04,4.721E-01
1.9486E-04,4.561E-01
1.9486E-04,4.801E-01
1.9492E-04,4.641E-01
1.9492E-04,4.801E-01
1.9498E-04,4.641E-01
1.9498E-04,4.801E-01
1.9504E-04,4.641E-01
1.9504E-04,4.801E-01
1.9510E-04,4.641E-01
1.9510E-04,4.881E-01
1.9516E-04,4.641E-01
1.9516E-04,4.881E-01
1.9522E-04,4.641E-01
1.9522E-04,4.881E-01
1.9528E-04,4.721E-01
1.9528E-04,4.881E-01
1.9534E-04,4.721E-01
1.9534E-04,4.881E-01
1.9540E-04,4.721E-01
1.9540E-04,4.961E-01
1.9546E-04,4.721E-01
1.9546E-04,4.961E-01
1.9552E-04,4.721E-01
1.9552E-04,4.961E-01
1.9558E-04,4.721E-01
1.9558E-04,4.961E-01
1.9564E-04,4.801E-01
1.9564E-04,4.961E-01
1.9570E-04,4.801E-01
1.9570E-04,5.041E-01
1.9576E-04,4.801E-01
1.9576E-04,5.041E-01
1.9582E-04,4.801E-01
1.9582E-04,5.041E-01
1.9588E-04,4.801E-01
1.9588E-04,5.041E-01
1.9594E-04,4.881E-01
1.9594E-04,5.041E-01
1.9600E-04,4.881E-01
1.9600E-04,5.041E-01
1.9606E-04,4.881E-01
1.9606E-04,5.121E-01
1.9612E-04,4.881E-01
1.9612E-04,5.041E-01
1.9618E-04,4.881E-01
1.9618E-04,5.121E-01
1.9624E-04,4.961E-01
1.9624E-04,5.201E-01
1.9630E-04,4.961E-01
1.9630E-04,5.201E-01
1.9636E-04,4.961E-01
1.9636E-04,5.201E-01
1.9642E-04,4.961E-01
1.9642E-04,5.201E-01
1.9648E-04,4.961E-01
1.9648E-04,5.201E-01
1.9654E-04,4.961E-01
1.9654E-04,5.201E-01
1.9660E-04,5.041E-01
1.9660E-04,5.201E-01
1.9666E-04,5.041E-01
1.9666E-04,5.201E-01
1.9672E-04,5.041E-01
1.9672E-04,5.201E-01
1.9678E-04,5.041E-01
1.9678E-04,5.281E-01
1.9684E-04,5.121E-01
1.9684E-04,5.281E-01
1.9690E-04,5.121E-01
1.9690E-04,5.281E-01
1.9696E-04,5.121E-01
1.9696E-04,5.281E-01
1.9702E-04,5.121E-01
1.9702E-04,5.281E-01
1.9708E-04,5.121E-01
1.9708E-04,5.361E-01
1.9714E-04,5.121E-01
1.9714E-04,5.281E-01
1.9720E-04,5.201E-01
1.9720E-04,5.361E-01
1.9726E-04,5.201E-01
1.9726E-04,5.441E-01
1.9732E-04,5.201E-01
1.9732E-04,5.441E-01
1.9738E-04,5.201E-01
1.9738E-04,5.361E-01
1.9744E-04,5.201E-01
1.9744E-04,5.441E-01
1.9750E-04,5.281E-01
1.9750E-04,5.441E-01
1.9756E-04,5.281E-01
1.9756E-04,5.441E-01
1.9762E-04,5.281E-01
1.9762E-04,5.441E-01
1.9768E-04,5.281E-01
1.9768E-04,5.521E-01
1.9774E-04,5.361E-01
1.9774E-04,5.601E-01
1.9780E-04,5.361E-01
1.9780E-04,5.601E-01
1.9786E-04,5.361E-01
1.9786E-04,5.601E-01
1.9792E-04,5.441E-01
1.9792E-04,5.601E-01
1.9798E-04,5.441E-01
1.9798E-04,5.601E-01
1.9804E-04,5.441E-01
1.9804E-04,5.681E-01
1.9810E-04,5.441E-01
1.9810E-04,5.681E-01
1.9816E-04,5.441E-01
1.9816E-04,5.681E-01
1.9822E-04,5.441E-01
1.9822E-04,5.681E-01
1.9828E-04,5.521E-01
1.9828E-04,5.681E-01
1.9834E-04,5.521E-01
1.9834E-04,5.761E-01
1.9840E-04,5.601E-01
1.9840E-04,5.841E-01
1.9846E-04,5.681E-01
1.9846E-04,5.841E-01
1.9852E-04,5.601E-01
1.9852E-04,5.841E-01
1.9858E-04,5.601E-01
1.9858E-04,5.761E-01
1.9864E-04,5.601E-01
1.9864E-04,5.761E-01
1.9870E-04,5.601E-01
1.9870E-04,5.761E-01
1.9876E-04,5.601E-01
1.9876E-04,5.761E-01
1.9882E-04,5.601E-01
1.9882E-04,5.841E-01
1.9888E-04,5.681E-01
1.9888E-04,5.841E-01
1.9894E-04,5.601E-01
1.9894E-04,5.841E-01
1.9900E-04,5.601E-01
1.9900E-04,5.841E-01
1.9906E-04,5.681E-01
1.9906E-04,5.841E-01
1.9912E-04,5.681E-01
1.9912E-04,5.921E-01
1.9918E-04,5.681E-01
1.9918E-04,5.921E-01
1.9924E-04,5.681E-01
1.9924E-04,5.921E-01
1.9930E-04,5.761E-01
1.9930E-04,5.921E-01
1.9936E-04,5.761E-01
1.9936E-04,5.921E-01
1.9942E-04,5.761E-01
1.9942E-04,6.001E-01
1.9948E-04,5.761E-01
1.9948E-04,6.001E-01
1.9954E-04,5.841E-01
1.9954E-04,6.001E-01
1.9960E-04,5.841E-01
1.9960E-04,6.001E-01
1.9966E-04,5.841E-01
1.9966E-04,6.081E-01
1.9972E-04,5.841E-01
1.9972E-04,6.081E-01
1.9978E-04,5.841E-01
1.9978E-04,6.081E-01
1.9984E-04,5.841E-01
1.9984E-04,6.081E-01
1.9990E-04,5.841E-01
1.9990E-04,6.081E-01
1.9996E-04,5.921E-01
1.9996E-04,6.161E-01
2.0002E-04,5.921E-01
2.0002E-04,6.161E-01
2.0008E-04,5.921E-01
2.0008E-04,6.161E-01
2.0014E-04,6.001E-01
2.0014E-04,6.241E-01
2.0020E-04,6.001E-01
2.0020E-04,6.241E-01
2.0026E-04,6.001E-01
2.0026E-04,6.241E-01
2.0032E-04,6.081E-01
2.0032E-04,6.321E-01
2.0038E-04,6.081E-01
2.0038E-04,6.241E-01
2.0044E-04,6.081E-01
2.0044E-04,6.241E-01
2.0050E-04,6.081E-01
2.0050E-04,6.321E-01
2.0056E-04,6.161E-01
2.0056E-04,6.401E-01
2.0062E-04,6.161E-01
2.0062E-04,6.321E-01
2.0068E-04,6.161E-01
2.0068E-04,6.321E-01
2.0074E-04,6.161E-01
2.0074E-04,6.321E-01
2.0080E-04,6.161E-01
2.0080E-04,6.401E-01
2.0086E-04,6.161E-01
2.0086E-04,6.401E-01
2.0092E-04,6.241E-01
2.0092E-04,6.401E-01
2.0098E-04,6.241E-01
2.0098E-04,6.401E-01
2.0104E-04,6.241E-01
2.0104E-04,6.481E-01
2.0110E-04,6.321E-01
2.0110E-04,6.481E-01
2.0116E-04,6.321E-01
2.0116E-04,6.481E-01
2.0122E-04,6.321E-01
2.0122E-04,6.481E-01
2.0128E-04,6.321E-01
2.0128E-04,6.481E-01
2.0134E-04,6.321E-01
2.0134E-04,6.561E-01
2.0140E-04,6.401E-01
2.0140E-04,6.561E-01
2.0146E-04,6.401E-01
2.0146E-04,6.561E-01
2.0152E-04,6.401E-01
2.0152E-04,6.561E-01
2.0158E-04,6.481E-01
2.0158E-04,6.641E-01
2.0164E-04,6.401E-01
2.0164E-04,6.641E-01
2.0170E-04,6.401E-01
2.0170E-04,6.641E-01
2.0176E-04,6.481E-01
2.0176E-04,6.641E-01
2.0182E-04,6.481E-01
2.0182E-04,6.721E-01
2.0188E-04,6.481E-01
2.0188E-04,6.641E-01
2.0194E-04,6.561E-01
2.0194E-04,6.721E-01
2.0200E-04,6.481E-01
2.0200E-04,6.721E-01
2.0206E-04,6.481E-01
2.0206E-04,6.721E-01
2.0212E-04,6.561E-01
2.0212E-04,6.721E-01
2.0218E-04,6.561E-01
2.0218E-04,6.801E-01
2.0224E-04,6.561E-01
2.0224E-04,6.721E-01
2.0230E-04,6.561E-01
2.0230E-04,6.801E-01
2.0236E-04,6.561E-01
2.0236E-04,6.881E-01
2.0242E-04,6.641E-01
2.0242E-04,6.801E-01
2.0248E-04,6.641E-01
2.0248E-04,6.881E-01
2.0254E-04,6.721E-01
2.0254E-04,6.881E-01
2.0260E-04,6.721E-01
2.0260E-04,6.881E-01
2.0266E-04,6.721E-01
2.0266E-04,6.881E-01
2.0272E-04,6.721E-01
2.0272E-04,6.881E-01
2.0278E-04,6.721E-01
2.0278E-04,6.961E-01
2.0284E-04,6.721E-01
2.0284E-04,6.961E-01
2.0290E-04,6.801E-01
2.0290E-04,6.961E-01
2.0296E-04,6.801E-01
2.0296E-04,7.041E-01
2.0302E-04,6.801E-01
2.0302E-04,6.961E-01
2.0308E-04,6.881E-01
2.0308E-04,7.041E-01
2.0314E-04,6.881E-01
2.0314E-04,7.041E-01
2.0320E-04,6.801E-01
2.0320E-04,7.041E-01
2.0326E-04,6.881E-01
2.0326E-04,7.041E-01
2.0332E-04,6.881E-01
2.0332E-04,7.041E-01
2.0338E-04,6.881E-01
2.0338E-04,7.121E-01
2.0344E-04,6.961E-01
2.0344E-04,7.121E-01
2.0350E-04,6.961E-01
2.0350E-04,7.121E-01
2.0356E-04,6.961E-01
2.0356E-04,7.121E-01
2.0362E-04,6.961E-01
2.0362E-04,7.201E-01
2.0368E-04,7.041E-01
2.0368E-04,7.201E-01
2.0374E-04,7.041E-01
2.0374E-04,7.201E-01
2.0380E-04,7.041E-01
2.0380E-04,7.201E-01
2.0386E-04,7.041E-01
2.0386E-04,7.201E-01
2.0392E-04,7.041E-01
2.0392E-04,7.201E-01
2.0398E-04,7.041E-01
2.0398E-04,7.281E-01
2.0404E-04,7.121E-01
2.0404E-04,7.281E-01
2.0410E-04,7.121E-01
2.0410E-04,7.281E-01
2.0416E-04,7.121E-01
2.0416E-04,7.281E-01
2.0422E-04,7.121E-01
2.0422E-04,7.281E-01
2.0428E-04,7.121E-01
2.0428E-04,7.281E-01
2.0434E-04,7.121E-01
2.0434E-04,7.361E-01
2.0440E-04,7.121E-01
2.0440E-04,7.361E-01
2.0446E-04,7.121E-01
2.0446E-04,7.361E-01
2.0452E-04,7.121E-01
2.0452E-04,7.361E-01
2.0458E-04,7.201E-01
2.0458E-04,7.361E-01
2.0464E-04,7.201E-01
2.0464E-04,7.441E-01
2.0470E-04,7.201E-01
2.0470E-04,7.361E-01
2.0476E-04,7.281E-01
2.0476E-04,7.441E-01
2.0482E-04,7.281E-01
2.0482E-04,7.441E-01
2.0488E-04,7.281E-01
2.0488E-04,7.521E-01
2.0494E-04,7.281E-01
2.0494E-04,7.521E-01
2.0500E-04,7.361E-01
2.0500E-04,7.521E-01
2.0506E-04,7.361E-01
2.0506E-04,7.521E-01
2.0512E-04,7.361E-01
2.0512E-04,7.521E-01
2.0518E-04,7.361E-01
2.0518E-04,7.521E-01
2.0524E-04,7.361E-01
2.0524E-04,7.521E-01
2.0530E-04,7.361E-01
2.0530E-04,7.601E-01
2.0536E-04,7.441E-01
2.0536E-04,7.681E-01
2.0542E-04,7.441E-01
2.0542E-04,7.681E-01
2.0548E-04,7.441E-01
2.0548E-04,7.681E-01
2.0554E-04,7.441E-01
2.0554E-04,7.681E-01
2.0560E-04,7.441E-01
2.0560E-04,7.681E-01
2.0566E-04,7.521E-01
2.0566E-04,7.681E-01
2.0572E-04,7.521E-01
2.0572E-04,7.681E-01
2.0578E-04,7.521E-01
2.0578E-04,7.681E-01
2.0584E-04,7.521E-01
2.0584E-04,7.681E-01
2.0590E-04,7.601E-01
2.0590E-04,7.761E-01
2.0596E-04,7.601E-01
2.0596E-04,7.761E-01
2.0602E-04,7.601E-01
2.0602E-04,7.761E-01
2.0608E-04,7.601E-01
2.0608E-04,7.761E-01
2.0614E-04,7.601E-01
2.0614E-04,7.761E-01
2.0620E-04,7.601E-01
2.0620E-04,7.841E-01
2.0626E-04,7.601E-01
2.0626E-04,7.841E-01
2.0632E-04,7.681E-01
2.0632E-04,7.841E-01
2.0638E-04,7.601E-01
2.0638E-04,7.841E-01
2.0644E-04,7.601E-01
2.0644E-04,7.841E-01
2.0650E-04,7.681E-01
2.0650E-04,7.921E-01
2.0656E-04,7.681E-01
2.0656E-04,7.921E-01
2.0662E-04,7.761E-01
2.0662E-04,7.921E-01
2.0668E-04,7.761E-01
2.0668E-04,7.921E-01
2.0674E-04,7.681E-01
2.0674E-04,7.921E-01
2.0680E-04,7.761E-01
2.0680E-04,7.921E-01
2.0686E-04,7.681E-01
2.0686E-04,7.921E-01
2.0692E-04,7.761E-01
2.0692E-04,7.921E-01
2.0698E-04,7.681E-01
2.0698E-04,7.921E-01
2.0704E-04,7.681E-01
2.0704E-04,7.921E-01
2.0710E-04,7.761E-01
2.0710E-04,8.001E-01
2.0716E-04,7.761E-01
2.0716E-04,8.001E-01
2.0722E-04,7.761E-01
2.0722E-04,8.001E-01
2.0728E-04,7.761E-01
2.0728E-04,8.001E-01
2.0734E-04,7.841E-01
2.0734E-04,8.001E-01
2.0740E-04,7.841E-01
2.0740E-04,8.001E-01
2.0746E-04,7.841E-01
2.0746E-04,8.001E-01
2.0752E-04,7.841E-01
2.0752E-04,8.001E-01
2.0758E-04,7.841E-01
2.0758E-04,8.001E-01
2.0764E-04,7.841E-01
2.0764E-04,8.081E-01
2.0770E-04,7.921E-01
2.0770E-04,8.081E-01
2.0776E-04,7.841E-01
2.0776E-04,8.081E-01
2.0782E-04,7.921E-01
2.0782E-04,8.081E-01
2.0788E-04,7.921E-01
2.0788E-04,8.081E-01
2.0794E-04,7.921E-01
2.0794E-04,8.161E-01
2.0800E-04,7.921E-01
2.0800E-04,8.161E-01
2.0806E-04,7.921E-01
2.0806E-04,8.161E-01
2.0812E-04,8.001E-01
2.0812E-04,8.161E-01
2.0818E-04,8.001E-01
2.0818E-04,8.161E-01
2.0824E-04,8.001E-01
2.0824E-04,8.161E-01
2.0830E-04,8.001E-01
2.0830E-04,8.161E-01
2.0836E-04,8.001E-01
2.0836E-04,8.241E-01
2.0842E-04,8.001E-01
2.0842E-04,8.241E-01
2.0848E-04,8.001E-01
2.0848E-04,8.241E-01
2.0854E-04,8.001E-01
2.0854E-04,8.241E-01
2.0860E-04,8.081E-01
2.0860E-04,8.241E-01
2.0866E-04,8.081E-01
2.0866E-04,8.321E-01
2.0872E-04,8.081E-01
2.0872E-04,8.321E-01
2.0878E-04,8.081E-01
2.0878E-04,8.321E-01
2.0884E-04,8.161E-01
2.0884E-04,8.241E-01
2.0890E-04,8.161E-01
2.0890E-04,8.401E-01
2.0896E-04,8.081E-01
2.0896E-04,8.321E-01
2.0902E-04,8.161E-01
2.0902E-04,8.321E-01
2.0908E-04,8.161E-01
2.0908E-04,8.321E-01
2.0914E-04,8.161E-01
2.0914E-04,8.401E-01
2.0920E-04,8.161E-01
2.0920E-04,8.401E-01
2.0926E-04,8.241E-01
2.0926E-04,8.401E-01
2.0932E-04,8.241E-01
2.0932E-04,8.481E-01
2.0938E-04,8.241E-01
2.0938E-04,8.481E-01
2.0944E-04,8.241E-01
2.0944E-04,8.481E-01
2.0950E-04,8.321E-01
2.0950E-04,8.481E-01
2.0956E-04,8.321E-01
2.0956E-04,8.481E-01
2.0962E-04,8.321E-01
2.0962E-04,8.561E-01
2.0968E-04,8.321E-01
2.0968E-04,8.561E-01
2.0974E-04,8.401E-01
2.0974E-04,8.481E-01
2.0980E-04,8.321E-01
2.0980E-04,8.561E-01
2.0986E-04,8.401E-01
2.0986E-04,8.561E-01
2.0992E-04,8.321E-01
2.0992E-04,8.561E-01
2.0998E-04,8.401E-01
2.0998E-04,8.561E-01
2.1004E-04,8.401E-01
2.1004E-04,8.561E-01
2.1010E-04,8.401E-01
2.1010E-04,8.561E-01
2.1016E-04,8.401E-01
2.1016E-04,8.641E-01
2.1022E-04,8.481E-01
2.1022E-04,8.641E-01
2.1028E-04,8.401E-01
2.1028E-04,8.641E-01
2.1034E-04,8.481E-01
2.1034E-04,8.721E-01
2.1040E-04,8.481E-01
2.1040E-04,8.641E-01
2.1046E-04,8.481E-01
2.1046E-04,8.721E-01
2.1052E-04,8.481E-01
2.1052E-04,8.721E-01
2.1058E-04,8.481E-01
2.1058E-04,8.641E-01
2.1064E-04,8.481E-01
2.1064E-04,8.641E-01
2.1070E-04,8.561E-01
2.1070E-04,8.721E-01
2.1076E-04,8.561E-01
2.1076E-04,8.721E-01
2.1082E-04,8.481E-01
2.1082E-04,8.721E-01
2.1088E-04,8.481E-01
2.1088E-04,8.721E-01
2.1094E-04,8.561E-01
2.1094E-04,8.721E-01
2.1100E-04,8.561E-01
2.1100E-04,8.721E-01
2.1106E-04,8.561E-01
2.1106E-04,8.721E-01
2.1112E-04,8.561E-01
2.1112E-04,8.801E-01
2.1118E-04,8.561E-01
2.1118E-04,8.801E-01
2.1124E-04,8.641E-01
2.1124E-04,8.801E-01
2.1130E-04,8.641E-01
2.1130E-04,8.801E-01
2.1136E-04,8.641E-01
2.1136E-04,8.801E-01
2.1142E-04,8.641E-01
2.1142E-04,8.881E-01
2.1148E-04,8.641E-01
2.1148E-04,8.881E-01
2.1154E-04,8.641E-01
2.1154E-04,8.801E-01
2.1160E-04,8.721E-01
2.1160E-04,8.881E-01
2.1166E-04,8.721E-01
2.1166E-04,8.881E-01
2.1172E-04,8.721E-01
2.1172E-04,8.881E-01
2.1178E-04,8.641E-01
2.1178E-04,8.881E-01
2.1184E-04,8.641E-01
2.1184E-04,8.881E-01
2.1190E-04,8.721E-01
2.1190E-04,8.961E-01
2.1196E-04,8.721E-01
2.1196E-04,8.961E-01
2.1202E-04,8.721E-01
2.1202E-04,8.961E-01
2.1208E-04,8.721E-01
2.1208E-04,8.961E-01
2.1214E-04,8.721E-01
2.1214E-04,8.961E-01
2.1220E-04,8.801E-01
2.1220E-04,8.961E-01
2.1226E-04,8.721E-01
2.1226E-04,8.961E-01
2.1232E-04,8.721E-01
2.1232E-04,8.961E-01
2.1238E-04,8.721E-01
2.1238E-04,8.961E-01
2.1244E-04,8.801E-01
2.1244E-04,8.961E-01
2.1250E-04,8.801E-01
2.1250E-04,9.041E-01
2.1256E-04,8.801E-01
2.1256E-04,9.041E-01
2.1262E-04,8.801E-01
2.1262E-04,9.041E-01
2.1268E-04,8.721E-01
2.1268E-04,9.041E-01
2.1274E-04,8.801E-01
2.1274E-04,9.041E-01
2.1280E-04,8.801E-01
2.1280E-04,9.041E-01
2.1286E-04,8.881E-01
2.1286E-04,9.121E-01
2.1292E-04,8.881E-01
2.1292E-04,9.121E-01
2.1298E-04,8.881E-01
2.1298E-04,9.041E-01
2.1304E-04,8.881E-01
2.1304E-04,9.041E-01
2.1310E-04,8.881E-01
2.1310E-04,9.041E-01
2.1316E-04,8.881E-01
2.1316E-04,9.121E-01
2.1322E-04,8.881E-01
2.1322E-04,9.121E-01
2.1328E-04,8.881E-01
2.1328E-04,9.121E-01
2.1334E-04,8.881E-01
2.1334E-04,9.121E-01
2.1340E-04,8.961E-01
2.1340E-04,9.121E-01
2.1346E-04,8.881E-01
2.1346E-04,9.121E-01
2.1352E-04,8.961E-01
2.1352E-04,9.121E-01
2.1358E-04,8.961E-01
2.1358E-04,9.201E-01
2.1364E-04,8.961E-01
2.1364E-04,9.201E-01
2.1370E-04,8.961E-01
2.1370E-04,9.201E-01
2.1376E-04,8.961E-01
2.1376E-04,9.201E-01
2.1382E-04,8.961E-01
2.1382E-04,9.201E-01
2.1388E-04,8.961E-01
2.1388E-04,9.201E-01
2.1394E-04,8.961E-01
2.1394E-04,9.201E-01
2.1400E-04,8.961E-01
2.1400E-04,9.201E-01
2.1406E-04,8.961E-01
2.1406E-04,9.201E-01
2.1412E-04,9.041E-01
2.1412E-04,9.201E-01
2.1418E-04,9.041E-01
2.1418E-04,9.201E-01
2.1424E-04,9.041E-01
2.1424E-04,9.201E-01
2.1430E-04,9.041E-01
2.1430E-04,9.201E-01
2.1436E-04,9.041E-01
2.1436E-04,9.201E-01
2.1442E-04,9.041E-01
2.1442E-04,9.201E-01
2.1448E-04,9.041E-01
2.1448E-04,9.201E-01
2.1454E-04,9.041E-01
2.1454E-04,9.281E-01
2.1460E-04,9.041E-01
2.1460E-04,9.281E-01
2.1466E-04,9.121E-01
2.1466E-04,9.281E-01
2.1472E-04,9.041E-01
2.1472E-04,9.281E-01
2.1478E-04,9.041E-01
2.1478E-04,9.281E-01
2.1484E-04,9.121E-01
2.1484E-04,9.281E-01
2.1490E-04,9.121E-01
2.1490E-04,9.281E-01
2.1496E-04,9.121E-01
2.1496E-04,9.281E-01
2.1502E-04,9.121E-01
2.1502E-04,9.281E-01
2.1508E-04,9.121E-01
2.1508E-04,9.281E-01
2.1514E-04,9.121E-01
2.1514E-04,9.281E-01
2.1520E-04,9.121E-01
2.1520E-04,9.281E-01
2.1526E-04,9.121E-01
2.1526E-04,9.281E-01
2.1532E-04,9.121E-01
2.1532E-04,9.281E-01
2.1538E-04,9.121E-01
2.1538E-04,9.361E-01
2.1544E-04,9.121E-01
2.1544E-04,9.361E-01
2.1550E-04,9.201E-01
2.1550E-04,9.361E-01
2.1556E-04,9.201E-01
2.1556E-04,9.361E-01
2.1562E-04,9.201E-01
2.1562E-04,9.361E-01
2.1568E-04,9.201E-01
2.1568E-04,9.361E-01
2.1574E-04,9.201E-01
2.1574E-04,9.361E-01
2.1580E-04,9.201E-01
2.1580E-04,9.361E-01
2.1586E-04,9.201E-01
2.1586E-04,9.361E-01
2.1592E-04,9.201E-01
2.1592E-04,9.361E-01
2.1598E-04,9.201E-01
2.1598E-04,9.441E-01
2.1604E-04,9.201E-01
2.1604E-04,9.361E-01
2.1610E-04,9.201E-01
2.1610E-04,9.361E-01
2.1616E-04,9.201E-01
2.1616E-04,9.361E-01
2.1622E-04,9.201E-01
2.1622E-04,9.361E-01
2.1628E-04,9.201E-01
2.1628E-04,9.441E-01
2.1634E-04,9.201E-01
2.1634E-04,9.441E-01
2.1640E-04,9.201E-01
2.1640E-04,9.441E-01
2.1646E-04,9.201E-01
2.1646E-04,9.441E-01
2.1652E-04,9.201E-01
2.1652E-04,9.441E-01
2.1658E-04,9.281E-01
2.1658E-04,9.441E-01
2.1664E-04,9.281E-01
2.1664E-04,9.441E-01
2.1670E-04,9.281E-01
2.1670E-04,9.441E-01
2.1676E-04,9.281E-01
2.1676E-04,9.441E-01
2.1682E-04,9.281E-01
2.1682E-04,9.521E-01
2.1688E-04,9.281E-01
2.1688E-04,9.521E-01
2.1694E-04,9.281E-01
2.1694E-04,9.441E-01
2.1700E-04,9.281E-01
2.1700E-04,9.441E-01
2.1706E-04,9.281E-01
2.1706E-04,9.441E-01
2.1712E-04,9.281E-01
2.1712E-04,9.441E-01
2.1718E-04,9.281E-01
2.1718E-04,9.521E-01
2.1724E-04,9.281E-01
2.1724E-04,9.521E-01
2.1730E-04,9.281E-01
2.1730E-04,9.521E-01
2.1736E-04,9.281E-01
2.1736E-04,9.521E-01
2.1742E-04,9.361E-01
2.1742E-04,9.521E-01
2.1748E-04,9.281E-01
2.1748E-04,9.521E-01
2.1754E-04,9.281E-01
2.1754E-04,9.521E-01
2.1760E-04,9.361E-01
2.1760E-04,9.521E-01
2.1766E-04,9.361E-01
2.1766E-04,9.521E-01
2.1772E-04,9.361E-01
2.1772E-04,9.521E-01
2.1778E-04,9.361E-01
2.1778E-04,9.521E-01
2.1784E-04,9.361E-01
2.1784E-04,9.521E-01
2.1790E-04,9.361E-01
2.1790E-04,9.521E-01
2.1796E-04,9.361E-01
2.1796E-04,9.521E-01
2.1802E-04,9.361E-01
2.1802E-04,9.521E-01
2.1808E-04,9.361E-01
2.1808E-04,9.521E-01
2.1814E-04,9.361E-01
2.1814E-04,9.521E-01
2.1820E-04,9.361E-01
2.1820E-04,9.601E-01
2.1826E-04,9.361E-01
2.1826E-04,9.521E-01
2.1832E-04,9.361E-01
2.1832E-04,9.521E-01
2.1838E-04,9.361E-01
2.1838E-04,9.521E-01
2.1844E-04,9.361E-01
2.1844E-04,9.521E-01
2.1850E-04,9.361E-01
2.1850E-04,9.601E-01
2.1856E-04,9.361E-01
2.1856E-04,9.601E-01
2.1862E-04,9.361E-01
2.1862E-04,9.601E-01
2.1868E-04,9.361E-01
2.1868E-04,9.601E-01
2.1874E-04,9.361E-01
2.1874E-04,9.601E-01
2.1880E-04,9.361E-01
2.1880E-04,9.601E-01
2.1886E-04,9.361E-01
2.1886E-04,9.601E-01
2.1892E-04,9.361E-01
2.1892E-04,9.601E-01
2.1898E-04,9.361E-01
2.1898E-04,9.601E-01
2.1904E-04,9.441E-01
2.1904E-04,9.601E-01
2.1910E-04,9.361E-01
2.1910E-04,9.601E-01
2.1916E-04,9.361E-01
2.1916E-04,9.601E-01
2.1922E-04,9.441E-01
2.1922E-04,9.601E-01
2.1928E-04,9.441E-01
2.1928E-04,9.601E-01
2.1934E-04,9.441E-01
2.1934E-04,9.601E-01
2.1940E-04,9.441E-01
2.1940E-04,9.601E-01
2.1946E-04,9.361E-01
2.1946E-04,9.601E-01
2.1952E-04,9.361E-01
2.1952E-04,9.601E-01
2.1958E-04,9.441E-01
2.1958E-04,9.601E-01
2.1964E-04,9.441E-01
2.1964E-04,9.601E-01
2.1970E-04,9.361E-01
2.1970E-04,9.601E-01
2.1976E-04,9.441E-01
2.1976E-04,9.601E-01
2.1982E-04,9.441E-01
2.1982E-04,9.601E-01
2.1988E-04,9.441E-01
2.1988E-04,9.601E-01
2.1994E-04,9.441E-01
2.1994E-04,9.601E-01
2.2000E-04,9.441E-01
2.2000E-04,9.601E-01
2.2006E-04,9.441E-01
2.2006E-04,9.601E-01
2.2012E-04,9.441E-01
2.2012E-04,9.601E-01
2.2018E-04,9.441E-01
2.2018E-04,9.601E-01
2.2024E-04,9.361E-01
2.2024E-04,9.601E-01
2.2030E-04,9.441E-01
2.2030E-04,9.601E-01
2.2036E-04,9.441E-01
2.2036E-04,9.601E-01
2.2042E-04,9.441E-01
2.2042E-04,9.601E-01
2.2048E-04,9.441E-01
2.2048E-04,9.601E-01
2.2054E-04,9.521E-01
2.2054E-04,9.681E-01
2.2060E-04,9.521E-01
2.2060E-04,9.681E-01
2.2066E-04,9.521E-01
2.2066E-04,9.681E-01
2.2072E-04,9.521E-01
2.2072E-04,9.761E-01
2.2078E-04,9.521E-01
2.2078E-04,9.761E-01
2.2084E-04,9.521E-01
2.2084E-04,9.761E-01
2.2090E-04,9.521E-01
2.2090E-04,9.761E-01
2.2096E-04,9.521E-01
2.2096E-04,9.761E-01
2.2102E-04,9.521E-01
2.2102E-04,9.681E-01
2.2108E-04,9.521E-01
2.2108E-04,9.681E-01
2.2114E-04,9.441E-01
2.2114E-04,9.681E-01
2.2120E-04,9.361E-01
2.2120E-04,9.601E-01
2.2126E-04,9.361E-01
2.2126E-04,9.601E-01
2.2132E-04,9.441E-01
2.2132E-04,9.681E-01
2.2138E-04,9.361E-01
2.2138E-04,9.601E-01
2.2144E-04,9.361E-01
2.2144E-04,9.601E-01
2.2150E-04,9.441E-01
2.2150E-04,9.601E-01
2.2156E-04,9.441E-01
2.2156E-04,9.601E-01
2.2162E-04,9.441E-01
2.2162E-04,9.601E-01
2.2168E-04,9.441E-01
2.2168E-04,9.601E-01
2.2174E-04,9.441E-01
2.2174E-04,9.601E-01
2.2180E-04,9.361E-01
2.2180E-04,9.601E-01
2.2186E-04,9.441E-01
2.2186E-04,9.601E-01
2.2192E-04,9.441E-01
2.2192E-04,9.601E-01
2.2198E-04,9.441E-01
2.2198E-04,9.601E-01
2.2204E-04,9.361E-01
2.2204E-04,9.681E-01
2.2210E-04,9.361E-01
2.2210E-04,9.681E-01
2.2216E-04,9.361E-01
2.2216E-04,9.601E-01
2.2222E-04,9.361E-01
2.2222E-04,9.601E-01
2.2228E-04,9.361E-01
2.2228E-04,9.601E-01
2.2234E-04,9.441E-01
2.2234E-04,9.601E-01
2.2240E-04,9.441E-01
2.2240E-04,9.601E-01
2.2246E-04,9.441E-01
2.2246E-04,9.601E-01
2.2252E-04,9.441E-01
2.2252E-04,9.601E-01
2.2258E-04,9.441E-01
2.2258E-04,9.601E-01
2.2264E-04,9.441E-01
2.2264E-04,9.601E-01
2.2270E-04,9.361E-01
2.2270E-04,9.601E-01
2.2276E-04,9.441E-01
2.2276E-04,9.601E-01
2.2282E-04,9.441E-01
2.2282E-04,9.681E-01
2.2288E-04,9.441E-01
2.2288E-04,9.601E-01
2.2294E-04,9.361E-01
2.2294E-04,9.601E-01
2.2300E-04,9.441E-01
2.2300E-04,9.601E-01
2.2306E-04,9.441E-01
2.2306E-04,9.681E-01
2.2312E-04,9.441E-01
2.2312E-04,9.601E-01
2.2318E-04,9.441E-01
2.2318E-04,9.601E-01
2.2324E-04,9.361E-01
2.2324E-04,9.601E-01
2.2330E-04,9.361E-01
2.2330E-04,9.601E-01
2.2336E-04,9.281E-01
2.2336E-04,9.521E-01
2.2342E-04,9.281E-01
2.2342E-04,9.521E-01
2.2348E-04,9.361E-01
2.2348E-04,9.601E-01
2.2354E-04,9.441E-01
2.2354E-04,9.681E-01
2.2360E-04,9.441E-01
2.2360E-04,9.681E-01
2.2366E-04,9.441E-01
2.2366E-04,9.601E-01
2.2372E-04,9.441E-01
2.2372E-04,9.601E-01
2.2378E-04,9.441E-01
2.2378E-04,9.601E-01
2.2384E-04,9.441E-01
2.2384E-04,9.601E-01
2.2390E-04,9.441E-01
2.2390E-04,9.601E-01
2.2396E-04,9.441E-01
2.2396E-04,9.601E-01
2.2402E-04,9.441E-01
2.2402E-04,9.601E-01
2.2408E-04,9.441E-01
2.2408E-04,9.681E-01
2.2414E-04,9.441E-01
2.2414E-04,9.681E-01
2.2420E-04,9.441E-01
2.2420E-04,9.601E-01
2.2426E-04,9.441E-01
2.2426E-04,9.601E-01
2.2432E-04,9.361E-01
2.2432E-04,9.601E-01
2.2438E-04,9.361E-01
2.2438E-04,9.601E-01
2.2444E-04,9.441E-01
2.2444E-04,9.601E-01
2.2450E-04,9.441E-01
2.2450E-04,9.601E-01
2.2456E-04,9.441E-01
2.2456E-04,9.601E-01
2.2462E-04,9.441E-01
2.2462E-04,9.601E-01
2.2468E-04,9.361E-01
2.2468E-04,9.601E-01
2.2474E-04,9.361E-01
2.2474E-04,9.601E-01
2.2480E-04,9.361E-01
2.2480E-04,9.601E-01
2.2486E-04,9.441E-01
2.2486E-04,9.601E-01
2.2492E-04,9.441E-01
2.2492E-04,9.601E-01
2.2498E-04,9.441E-01
2.2498E-04,9.601E-01
2.2504E-04,9.361E-01
2.2504E-04,9.601E-01
2.2510E-04,9.361E-01
2.2510E-04,9.521E-01
2.2516E-04,9.361E-01
2.2516E-04,9.601E-01
2.2522E-04,9.441E-01
2.2522E-04,9.601E-01
2.2528E-04,9.361E-01
2.2528E-04,9.601E-01
2.2534E-04,9.361E-01
2.2534E-04,9.601E-01
2.2540E-04,9.361E-01
2.2540E-04,9.601E-01
2.2546E-04,9.361E-01
2.2546E-04,9.601E-01
2.2552E-04,9.361E-01
2.2552E-04,9.601E-01
2.2558E-04,9.361E-01
2.2558E-04,9.521E-01
2.2564E-04,9.361E-01
2.2564E-04,9.521E-01
2.2570E-04,9.361E-01
2.2570E-04,9.601E-01
2.2576E-04,9.361E-01
2.2576E-04,9.601E-01
2.2582E-04,9.361E-01
2.2582E-04,9.521E-01
2.2588E-04,9.361E-01
2.2588E-04,9.601E-01
2.2594E-04,9.361E-01
2.2594E-04,9.521E-01
2.2600E-04,9.361E-01
2.2600E-04,9.521E-01
2.2606E-04,9.361E-01
2.2606E-04,9.521E-01
2.2612E-04,9.361E-01
2.2612E-04,9.521E-01
2.2618E-04,9.361E-01
2.2618E-04,9.521E-01
2.2624E-04,9.361E-01
2.2624E-04,9.521E-01
2.2630E-04,9.361E-01
2.2630E-04,9.521E-01
2.2636E-04,9.361E-01
2.2636E-04,9.521E-01
2.2642E-04,9.361E-01
2.2642E-04,9.521E-01
2.2648E-04,9.361E-01
2.2648E-04,9.521E-01
2.2654E-04,9.361E-01
2.2654E-04,9.521E-01
2.2660E-04,9.361E-01
2.2660E-04,9.521E-01
2.2666E-04,9.361E-01
2.2666E-04,9.521E-01
2.2672E-04,9.281E-01
2.2672E-04,9.521E-01
2.2678E-04,9.281E-01
2.2678E-04,9.521E-01
2.2684E-04,9.281E-01
2.2684E-04,9.441E-01
2.2690E-04,9.281E-01
2.2690E-04,9.441E-01
2.2696E-04,9.281E-01
2.2696E-04,9.521E-01
2.2702E-04,9.281E-01
2.2702E-04,9.521E-01
2.2708E-04,9.281E-01
2.2708E-04,9.441E-01
2.2714E-04,9.201E-01
2.2714E-04,9.441E-01
2.2720E-04,9.281E-01
2.2720E-04,9.521E-01
2.2726E-04,9.281E-01
2.2726E-04,9.521E-01
2.2732E-04,9.281E-01
2.2732E-04,9.441E-01
2.2738E-04,9.281E-01
2.2738E-04,9.521E-01
2.2744E-04,9.281E-01
2.2744E-04,9.521E-01
2.2750E-04,9.201E-01
2.2750E-04,9.441E-01
2.2756E-04,9.201E-01
2.2756E-04,9.441E-01
2.2762E-04,9.201E-01
2.2762E-04,9.361E-01
2.2768E-04,9.201E-01
2.2768E-04,9.441E-01
2.2774E-04,9.201E-01
2.2774E-04,9.361E-01
2.2780E-04,9.201E-01
2.2780E-04,9.361E-01
2.2786E-04,9.201E-01
2.2786E-04,9.361E-01
2.2792E-04,9.201E-01
2.2792E-04,9.361E-01
2.2798E-04,9.201E-01
2.2798E-04,9.361E-01
2.2804E-04,9.201E-01
2.2804E-04,9.361E-01
2.2810E-04,9.201E-01
2.2810E-04,9.361E-01
2.2816E-04,9.121E-01
2.2816E-04,9.361E-01
2.2822E-04,9.201E-01
2.2822E-04,9.361E-01
2.2828E-04,9.201E-01
2.2828E-04,9.361E-01
2.2834E-04,9.201E-01
2.2834E-04,9.361E-01
2.2840E-04,9.121E-01
2.2840E-04,9.361E-01
2.2846E-04,9.121E-01
2.2846E-04,9.361E-01
2.2852E-04,9.121E-01
2.2852E-04,9.281E-01
2.2858E-04,9.121E-01
2.2858E-04,9.361E-01
2.2864E-04,9.121E-01
2.2864E-04,9.281E-01
2.2870E-04,9.121E-01
2.2870E-04,9.281E-01
2.2876E-04,9.121E-01
2.2876E-04,9.281E-01
2.2882E-04,9.121E-01
2.2882E-04,9.281E-01
2.2888E-04,9.041E-01
2.2888E-04,9.281E-01
2.2894E-04,9.121E-01
2.2894E-04,9.281E-01
2.2900E-04,9.121E-01
2.2900E-04,9.281E-01
2.2906E-04,9.041E-01
2.2906E-04,9.281E-01
2.2912E-04,9.041E-01
2.2912E-04,9.281E-01
2.2918E-04,9.041E-01
2.2918E-04,9.281E-01
2.2924E-04,9.041E-01
2.2924E-04,9.281E-01
2.2930E-04,9.041E-01
2.2930E-04,9.281E-01
2.2936E-04,9.041E-01
2.2936E-04,9.201E-01
2.2942E-04,9.041E-01
2.2942E-04,9.201E-01
2.2948E-04,9.041E-01
2.2948E-04,9.201E-01
2.2954E-04,8.961E-01
2.2954E-04,9.201E-01
2.2960E-04,8.961E-01
2.2960E-04,9.121E-01
2.2966E-04,8.961E-01
2.2966E-04,9.121E-01
2.2972E-04,8.961E-01
2.2972E-04,9.121E-01
2.2978E-04,8.881E-01
2.2978E-04,9.121E-01
2.2984E-04,8.881E-01
2.2984E-04,9.121E-01
2.2990E-04,8.881E-01
2.2990E-04,9.121E-01
2.2996E-04,8.881E-01
2.2996E-04,9.041E-01
2.3002E-04,8.881E-01
2.3002E-04,9.041E-01
2.3008E-04,8.881E-01
2.3008E-04,9.121E-01
2.3014E-04,8.881E-01
2.3014E-04,9.041E-01
2.3020E-04,8.801E-01
2.3020E-04,9.041E-01
2.3026E-04,8.801E-01
2.3026E-04,8.961E-01
2.3032E-04,8.801E-01
2.3032E-04,9.041E-01
2.3038E-04,8.801E-01
2.3038E-04,9.041E-01
2.3044E-04,8.801E-01
2.3044E-04,8.961E-01
2.3050E-04,8.801E-01
2.3050E-04,8.961E-01
2.3056E-04,8.801E-01
2.3056E-04,8.961E-01
2.3062E-04,8.721E-01
2.3062E-04,8.961E-01
2.3068E-04,8.721E-01
2.3068E-04,8.881E-01
2.3074E-04,8.721E-01
2.3074E-04,8.961E-01
2.3080E-04,8.721E-01
2.3080E-04,8.961E-01
2.3086E-04,8.641E-01
2.3086E-04,8.961E-01
2.3092E-04,8.641E-01
2.3092E-04,8.961E-01
2.3098E-04,8.641E-01
2.3098E-04,8.881E-01
2.3104E-04,8.641E-01
2.3104E-04,8.881E-01
2.3110E-04,8.721E-01
2.3110E-04,8.881E-01
2.3116E-04,8.641E-01
2.3116E-04,8.881E-01
2.3122E-04,8.641E-01
2.3122E-04,8.881E-01
2.3128E-04,8.561E-01
2.3128E-04,8.801E-01
2.3134E-04,8.641E-01
2.3134E-04,8.801E-01
2.3140E-04,8.641E-01
2.3140E-04,8.801E-01
2.3146E-04,8.641E-01
2.3146E-04,8.801E-01
2.3152E-04,8.641E-01
2.3152E-04,8.801E-01
2.3158E-04,8.641E-01
2.3158E-04,8.801E-01
2.3164E-04,8.561E-01
2.3164E-04,8.801E-01
2.3170E-04,8.561E-01
2.3170E-04,8.721E-01
2.3176E-04,8.561E-01
2.3176E-04,8.721E-01
2.3182E-04,8.561E-01
2.3182E-04,8.721E-01
2.3188E-04,8.481E-01
2.3188E-04,8.721E-01
2.3194E-04,8.561E-01
2.3194E-04,8.721E-01
2.3200E-04,8.481E-01
2.3200E-04,8.721E-01
2.3206E-04,8.481E-01
2.3206E-04,8.721E-01
2.3212E-04,8.561E-01
2.3212E-04,8.721E-01
2.3218E-04,8.481E-01
2.3218E-04,8.721E-01
2.3224E-04,8.481E-01
2.3224E-04,8.721E-01
2.3230E-04,8.481E-01
2.3230E-04,8.721E-01
2.3236E-04,8.481E-01
2.3236E-04,8.721E-01
2.3242E-04,8.561E-01
2.3242E-04,8.721E-01
2.3248E-04,8.481E-01
2.3248E-04,8.641E-01
2.3254E-04,8.481E-01
2.3254E-04,8.641E-01
2.3260E-04,8.401E-01
2.3260E-04,8.641E-01
2.3266E-04,8.401E-01
2.3266E-04,8.641E-01
2.3272E-04,8.481E-01
2.3272E-04,8.641E-01
2.3278E-04,8.401E-01
2.3278E-04,8.641E-01
2.3284E-04,8.401E-01
2.3284E-04,8.561E-01
2.3290E-04,8.401E-01
2.3290E-04,8.641E-01
2.3296E-04,8.401E-01
2.3296E-04,8.561E-01
2.3302E-04,8.401E-01
2.3302E-04,8.561E-01
2.3308E-04,8.401E-01
2.3308E-04,8.561E-01
2.3314E-04,8.321E-01
2.3314E-04,8.561E-01
2.3320E-04,8.321E-01
2.3320E-04,8.481E-01
2.3326E-04,8.321E-01
2.3326E-04,8.481E-01
2.3332E-04,8.321E-01
2.3332E-04,8.481E-01
2.3338E-04,8.321E-01
2.3338E-04,8.481E-01
2.3344E-04,8.321E-01
2.3344E-04,8.481E-01
2.3350E-04,8.321E-01
2.3350E-04,8.481E-01
2.3356E-04,8.241E-01
2.3356E-04,8.401E-01
2.3362E-04,8.241E-01
2.3362E-04,8.481E-01
2.3368E-04,8.241E-01
2.3368E-04,8.401E-01
2.3374E-04,8.241E-01
2.3374E-04,8.401E-01
2.3380E-04,8.241E-01
2.3380E-04,8.401E-01
2.3386E-04,8.161E-01
2.3386E-04,8.401E-01
2.3392E-04,8.161E-01
2.3392E-04,8.401E-01
2.3398E-04,8.161E-01
2.3398E-04,8.321E-01
2.3404E-04,8.161E-01
2.3404E-04,8.321E-01
2.3410E-04,8.161E-01
2.3410E-04,8.321E-01
2.3416E-04,8.161E-01
2.3416E-04,8.321E-01
2.3422E-04,8.081E-01
2.3422E-04,8.321E-01
2.3428E-04,8.081E-01
2.3428E-04,8.321E-01
2.3434E-04,8.081E-01
2.3434E-04,8.321E-01
2.3440E-04,8.081E-01
2.3440E-04,8.241E-01
2.3446E-04,8.081E-01
2.3446E-04,8.241E-01
2.3452E-04,8.001E-01
2.3452E-04,8.241E-01
2.3458E-04,8.081E-01
2.3458E-04,8.241E-01
2.3464E-04,8.001E-01
2.3464E-04,8.241E-01
2.3470E-04,8.001E-01
2.3470E-04,8.241E-01
2.3476E-04,8.001E-01
2.3476E-04,8.161E-01
2.3482E-04,7.921E-01
2.3482E-04,8.241E-01
2.3488E-04,8.001E-01
2.3488E-04,8.161E-01
2.3494E-04,7.921E-01
2.3494E-04,8.161E-01
2.3500E-04,7.921E-01
2.3500E-04,8.081E-01
2.3506E-04,7.921E-01
2.3506E-04,8.161E-01
2.3512E-04,7.921E-01
2.3512E-04,8.081E-01
2.3518E-04,7.921E-01
2.3518E-04,8.081E-01
2.3524E-04,7.921E-01
2.3524E-04,8.081E-01
2.3530E-04,7.841E-01
2.3530E-04,8.081E-01
2.3536E-04,7.841E-01
2.3536E-04,8.081E-01
2.3542E-04,7.841E-01
2.3542E-04,8.001E-01
2.3548E-04,7.841E-01
2.3548E-04,8.001E-01
2.3554E-04,7.841E-01
2.3554E-04,8.001E-01
2.3560E-04,7.761E-01
2.3560E-04,8.001E-01
2.3566E-04,7.761E-01
2.3566E-04,7.921E-01
2.3572E-04,7.681E-01
2.3572E-04,7.921E-01
2.3578E-04,7.601E-01
2.3578E-04,7.841E-01
2.3584E-04,7.601E-01
2.3584E-04,7.841E-01
2.3590E-04,7.681E-01
2.3590E-04,7.841E-01
2.3596E-04,7.681E-01
2.3596E-04,7.921E-01
2.3602E-04,7.761E-01
2.3602E-04,7.921E-01
2.3608E-04,7.681E-01
2.3608E-04,7.841E-01
2.3614E-04,7.681E-01
2.3614E-04,7.841E-01
2.3620E-04,7.681E-01
2.3620E-04,7.841E-01
2.3626E-04,7.601E-01
2.3626E-04,7.841E-01
2.3632E-04,7.601E-01
2.3632E-04,7.841E-01
2.3638E-04,7.681E-01
2.3638E-04,7.761E-01
2.3644E-04,7.601E-01
2.3644E-04,7.841E-01
2.3650E-04,7.601E-01
2.3650E-04,7.761E-01
2.3656E-04,7.521E-01
2.3656E-04,7.761E-01
2.3662E-04,7.521E-01
2.3662E-04,7.761E-01
2.3668E-04,7.521E-01
2.3668E-04,7.761E-01
2.3674E-04,7.521E-01
2.3674E-04,7.761E-01
2.3680E-04,7.521E-01
2.3680E-04,7.681E-01
2.3686E-04,7.521E-01
2.3686E-04,7.681E-01
2.3692E-04,7.441E-01
2.3692E-04,7.681E-01
2.3698E-04,7.441E-01
2.3698E-04,7.681E-01
2.3704E-04,7.441E-01
2.3704E-04,7.681E-01
2.3710E-04,7.441E-01
2.3710E-04,7.681E-01
2.3716E-04,7.441E-01
2.3716E-04,7.601E-01
2.3722E-04,7.441E-01
2.3722E-04,7.601E-01
2.3728E-04,7.361E-01
2.3728E-04,7.601E-01
2.3734E-04,7.441E-01
2.3734E-04,7.521E-01
2.3740E-04,7.361E-01
2.3740E-04,7.601E-01
2.3746E-04,7.361E-01
2.3746E-04,7.521E-01
2.3752E-04,7.361E-01
2.3752E-04,7.521E-01
2.3758E-04,7.361E-01
2.3758E-04,7.521E-01
2.3764E-04,7.281E-01
2.3764E-04,7.441E-01
2.3770E-04,7.281E-01
2.3770E-04,7.521E-01
2.3776E-04,7.281E-01
2.3776E-04,7.441E-01
2.3782E-04,7.281E-01
2.3782E-04,7.441E-01
2.3788E-04,7.281E-01
2.3788E-04,7.441E-01
2.3794E-04,7.281E-01
2.3794E-04,7.441E-01
2.3800E-04,7.201E-01
2.3800E-04,7.441E-01
2.3806E-04,7.201E-01
2.3806E-04,7.361E-01
2.3812E-04,7.201E-01
2.3812E-04,7.361E-01
2.3818E-04,7.201E-01
2.3818E-04,7.361E-01
2.3824E-04,7.121E-01
2.3824E-04,7.281E-01
2.3830E-04,7.121E-01
2.3830E-04,7.361E-01
2.3836E-04,7.121E-01
2.3836E-04,7.281E-01
2.3842E-04,7.121E-01
2.3842E-04,7.281E-01
2.3848E-04,7.121E-01
2.3848E-04,7.281E-01
2.3854E-04,7.041E-01
2.3854E-04,7.281E-01
2.3860E-04,7.041E-01
2.3860E-04,7.281E-01
2.3866E-04,7.041E-01
2.3866E-04,7.201E-01
2.3872E-04,7.041E-01
2.3872E-04,7.201E-01
2.3878E-04,7.041E-01
2.3878E-04,7.201E-01
2.3884E-04,7.041E-01
2.3884E-04,7.201E-01
2.3890E-04,6.961E-01
2.3890E-04,7.201E-01
2.3896E-04,7.041E-01
2.3896E-04,7.201E-01
2.3902E-04,6.961E-01
2.3902E-04,7.121E-01
2.3908E-04,6.961E-01
2.3908E-04,7.121E-01
2.3914E-04,6.881E-01
2.3914E-04,7.121E-01
2.3920E-04,6.961E-01
2.3920E-04,7.121E-01
2.3926E-04,6.961E-01
2.3926E-04,7.121E-01
2.3932E-04,6.881E-01
2.3932E-04,7.121E-01
2.3938E-04,6.881E-01
2.3938E-04,7.041E-01
2.3944E-04,6.881E-01
2.3944E-04,7.121E-01
2.3950E-04,6.881E-01
2.3950E-04,7.041E-01
2.3956E-04,6.881E-01
2.3956E-04,7.041E-01
2.3962E-04,6.801E-01
2.3962E-04,6.961E-01
2.3968E-04,6.801E-01
2.3968E-04,6.961E-01
2.3974E-04,6.801E-01
2.3974E-04,6.961E-01
2.3980E-04,6.721E-01
2.3980E-04,6.961E-01
2.3986E-04,6.721E-01
2.3986E-04,6.961E-01
2.3992E-04,6.721E-01
2.3992E-04,6.961E-01
2.3998E-04,6.721E-01
2.3998E-04,6.961E-01
2.4004E-04,6.721E-01
2.4004E-04,6.881E-01
2.4010E-04,6.641E-01
2.4010E-04,6.881E-01
2.4016E-04,6.641E-01
2.4016E-04,6.881E-01
2.4022E-04,6.721E-01
2.4022E-04,6.881E-01
2.4028E-04,6.641E-01
2.4028E-04,6.801E-01
2.4034E-04,6.641E-01
2.4034E-04,6.801E-01
2.4040E-04,6.561E-01
2.4040E-04,6.801E-01
2.4046E-04,6.561E-01
2.4046E-04,6.801E-01
2.4052E-04,6.561E-01
2.4052E-04,6.801E-01
2.4058E-04,6.561E-01
2.4058E-04,6.721E-01
2.4064E-04,6.561E-01
2.4064E-04,6.721E-01
2.4070E-04,6.561E-01
2.4070E-04,6.721E-01
2.4076E-04,6.561E-01
2.4076E-04,6.721E-01
2.4082E-04,6.481E-01
2.4082E-04,6.721E-01
2.4088E-04,6.481E-01
2.4088E-04,6.721E-01
2.4094E-04,6.481E-01
2.4094E-04,6.641E-01
2.4100E-04,6.481E-01
2.4100E-04,6.641E-01
2.4106E-04,6.481E-01
2.4106E-04,6.641E-01
2.4112E-04,6.481E-01
2.4112E-04,6.641E-01
2.4118E-04,6.481E-01
2.4118E-04,6.641E-01
2.4124E-04,6.401E-01
2.4124E-04,6.641E-01
2.4130E-04,6.401E-01
2.4130E-04,6.641E-01
2.4136E-04,6.321E-01
2.4136E-04,6.561E-01
2.4142E-04,6.321E-01
2.4142E-04,6.561E-01
2.4148E-04,6.321E-01
2.4148E-04,6.481E-01
2.4154E-04,6.321E-01
2.4154E-04,6.481E-01
2.4160E-04,6.321E-01
2.4160E-04,6.481E-01
2.4166E-04,6.321E-01
2.4166E-04,6.481E-01
2.4172E-04,6.241E-01
2.4172E-04,6.401E-01
2.4178E-04,6.241E-01
2.4178E-04,6.481E-01
2.4184E-04,6.161E-01
2.4184E-04,6.401E-01
2.4190E-04,6.241E-01
2.4190E-04,6.401E-01
2.4196E-04,6.241E-01
2.4196E-04,6.401E-01
2.4202E-04,6.161E-01
2.4202E-04,6.401E-01
2.4208E-04,6.161E-01
2.4208E-04,6.401E-01
2.4214E-04,6.161E-01
2.4214E-04,6.401E-01
2.4220E-04,6.081E-01
2.4220E-04,6.401E-01
2.4226E-04,6.081E-01
2.4226E-04,6.321E-01
2.4232E-04,6.081E-01
2.4232E-04,6.321E-01
2.4238E-04,6.081E-01
2.4238E-04,6.321E-01
2.4244E-04,6.081E-01
2.4244E-04,6.241E-01
2.4250E-04,6.081E-01
2.4250E-04,6.241E-01
2.4256E-04,6.081E-01
2.4256E-04,6.161E-01
2.4262E-04,6.001E-01
2.4262E-04,6.161E-01
2.4268E-04,6.001E-01
2.4268E-04,6.161E-01
2.4274E-04,6.001E-01
2.4274E-04,6.161E-01
2.4280E-04,5.921E-01
2.4280E-04,6.161E-01
2.4286E-04,5.921E-01
2.4286E-04,6.161E-01
2.4292E-04,5.921E-01
2.4292E-04,6.161E-01
2.4298E-04,5.921E-01
2.4298E-04,6.161E-01
2.4304E-04,5.921E-01
2.4304E-04,6.081E-01
2.4310E-04,5.841E-01
2.4310E-04,6.081E-01
2.4316E-04,5.841E-01
2.4316E-04,6.081E-01
2.4322E-04,5.841E-01
2.4322E-04,6.081E-01
2.4328E-04,5.841E-01
2.4328E-04,6.001E-01
2.4334E-04,5.841E-01
2.4334E-04,6.001E-01
2.4340E-04,5.841E-01
2.4340E-04,6.001E-01
2.4346E-04,5.841E-01
2.4346E-04,6.001E-01
2.4352E-04,5.841E-01
2.4352E-04,6.001E-01
2.4358E-04,5.841E-01
2.4358E-04,6.001E-01
2.4364E-04,5.761E-01
2.4364E-04,6.001E-01
2.4370E-04,5.761E-01
2.4370E-04,5.921E-01
2.4376E-04,5.761E-01
2.4376E-04,5.921E-01
2.4382E-04,5.761E-01
2.4382E-04,5.921E-01
2.4388E-04,5.761E-01
2.4388E-04,5.841E-01
2.4394E-04,5.681E-01
2.4394E-04,5.921E-01
2.4400E-04,5.601E-01
2.4400E-04,5.841E-01
2.4406E-04,5.601E-01
2.4406E-04,5.841E-01
2.4412E-04,5.601E-01
2.4412E-04,5.761E-01
2.4418E-04,5.601E-01
2.4418E-04,5.841E-01
2.4424E-04,5.521E-01
2.4424E-04,5.761E-01
2.4430E-04,5.521E-01
2.4430E-04,5.761E-01
2.4436E-04,5.521E-01
2.4436E-04,5.761E-01
2.4442E-04,5.521E-01
2.4442E-04,5.681E-01
2.4448E-04,5.441E-01
2.4448E-04,5.681E-01
2.4454E-04,5.441E-01
2.4454E-04,5.681E-01
2.4460E-04,5.441E-01
2.4460E-04,5.681E-01
2.4466E-04,5.441E-01
2.4466E-04,5.601E-01
2.4472E-04,5.441E-01
2.4472E-04,5.601E-01
2.4478E-04,5.441E-01
2.4478E-04,5.601E-01
2.4484E-04,5.361E-01
2.4484E-04,5.521E-01
2.4490E-04,5.361E-01
2.4490E-04,5.521E-01
2.4496E-04,5.361E-01
2.4496E-04,5.521E-01
2.4502E-04,5.361E-01
2.4502E-04,5.521E-01
2.4508E-04,5.281E-01
2.4508E-04,5.521E-01
2.4514E-04,5.281E-01
2.4514E-04,5.521E-01
2.4520E-04,5.281E-01
2.4520E-04,5.521E-01
2.4526E-04,5.281E-01
2.4526E-04,5.441E-01
2.4532E-04,5.281E-01
2.4532E-04,5.441E-01
2.4538E-04,5.201E-01
2.4538E-04,5.441E-01
2.4544E-04,5.281E-01
2.4544E-04,5.441E-01
2.4550E-04,5.201E-01
2.4550E-04,5.441E-01
2.4556E-04,5.201E-01
2.4556E-04,5.361E-01
2.4562E-04,5.201E-01
2.4562E-04,5.361E-01
2.4568E-04,5.201E-01
2.4568E-04,5.361E-01
2.4574E-04,5.201E-01
2.4574E-04,5.441E-01
2.4580E-04,5.121E-01
2.4580E-04,5.441E-01
2.4586E-04,5.121E-01
2.4586E-04,5.361E-01
2.4592E-04,5.121E-01
2.4592E-04,5.281E-01
2.4598E-04,5.121E-01
2.4598E-04,5.281E-01
2.4604E-04,5.121E-01
2.4604E-04,5.281E-01
2.4610E-04,5.121E-01
2.4610E-04,5.281E-01
2.4616E-04,5.121E-01
2.4616E-04,5.281E-01
2.4622E-04,5.041E-01
2.4622E-04,5.281E-01
2.4628E-04,5.041E-01
2.4628E-04,5.201E-01
2.4634E-04,5.041E-01
2.4634E-04,5.201E-01
2.4640E-04,4.961E-01
2.4640E-04,5.201E-01
2.4646E-04,4.961E-01
2.4646E-04,5.201E-01
2.4652E-04,4.961E-01
2.4652E-04,5.201E-01
2.4658E-04,4.961E-01
2.4658E-04,5.201E-01
2.4664E-04,4.961E-01
2.4664E-04,5.121E-01
2.4670E-04,4.961E-01
2.4670E-04,5.121E-01
2.4676E-04,4.881E-01
2.4676E-04,5.121E-01
2.4682E-04,4.881E-01
2.4682E-04,5.121E-01
2.4688E-04,4.881E-01
2.4688E-04,5.121E-01
2.4694E-04,4.881E-01
2.4694E-04,5.121E-01
2.4700E-04,4.881E-01
2.4700E-04,5.041E-01
2.4706E-04,4.801E-01
2.4706E-04,5.041E-01
2.4712E-04,4.801E-01
2.4712E-04,4.961E-01
2.4718E-04,4.801E-01
2.4718E-04,4.961E-01
2.4724E-04,4.801E-01
2.4724E-04,4.961E-01
2.4730E-04,4.801E-01
2.4730E-04,4.961E-01
2.4736E-04,4.801E-01
2.4736E-04,4.961E-01
2.4742E-04,4.721E-01
2.4742E-04,4.961E-01
2.4748E-04,4.721E-01
2.4748E-04,4.961E-01
2.4754E-04,4.801E-01
2.4754E-04,4.961E-01
2.4760E-04,4.721E-01
2.4760E-04,4.881E-01
2.4766E-04,4.721E-01
2.4766E-04,4.881E-01
2.4772E-04,4.641E-01
2.4772E-04,4.881E-01
2.4778E-04,4.641E-01
2.4778E-04,4.881E-01
2.4784E-04,4.641E-01
2.4784E-04,4.881E-01
2.4790E-04,4.561E-01
2.4790E-04,4.801E-01
2.4796E-04,4.561E-01
2.4796E-04,4.801E-01
2.4802E-04,4.561E-01
2.4802E-04,4.801E-01
2.4808E-04,4.641E-01
2.4808E-04,4.801E-01
2.4814E-04,4.561E-01
2.4814E-04,4.801E-01
2.4820E-04,4.401E-01
2.4820E-04,4.721E-01
2.4826E-04,4.401E-01
2.4826E-04,4.641E-01
2.4832E-04,4.481E-01
2.4832E-04,4.641E-01
2.4838E-04,4.481E-01
2.4838E-04,4.641E-01
2.4844E-04,4.561E-01
2.4844E-04,4.721E-01
2.4850E-04,4.481E-01
2.4850E-04,4.641E-01
2.4856E-04,4.481E-01
2.4856E-04,4.641E-01
2.4862E-04,4.481E-01
2.4862E-04,4.641E-01
2.4868E-04,4.481E-01
2.4868E-04,4.641E-01
2.4874E-04,4.401E-01
2.4874E-04,4.641E-01
2.4880E-04,4.401E-01
2.4880E-04,4.561E-01
2.4886E-04,4.401E-01
2.4886E-04,4.561E-01
2.4892E-04,4.401E-01
2.4892E-04,4.561E-01
2.4898E-04,4.401E-01
2.4898E-04,4.561E-01
2.4904E-04,4.401E-01
2.4904E-04,4.561E-01
2.4910E-04,4.321E-01
2.4910E-04,4.561E-01
2.4916E-04,4.321E-01
2.4916E-04,4.561E-01
2.4922E-04,4.321E-01
2.4922E-04,4.481E-01
2.4928E-04,4.321E-01
2.4928E-04,4.561E-01
2.4934E-04,4.321E-01
2.4934E-04,4.481E-01
2.4940E-04,4.321E-01
2.4940E-04,4.481E-01
2.4946E-04,4.321E-01
2.4946E-04,4.481E-01
2.4952E-04,4.321E-01
2.4952E-04,4.481E-01
2.4958E-04,4.241E-01
2.4958E-04,4.481E-01
2.4964E-04,4.241E-01
2.4964E-04,4.401E-01
2.4970E-04,4.241E-01
2.4970E-04,4.401E-01
2.4976E-04,4.241E-01
2.4976E-04,4.401E-01
2.4982E-04,4.161E-01
2.4982E-04,4.401E-01
2.4988E-04,4.161E-01
2.4988E-04,4.321E-01
2.4994E-04,4.161E-01
2.4994E-04,4.321E-01
2.5000E-04,4.161E-01
2.5000E-04,4.321E-01
2.5006E-04,4.161E-01
2.5006E-04,4.321E-01
2.5012E-04,4.081E-01
2.5012E-04,4.241E-01
2.5018E-04,4.081E-01
2.5018E-04,4.241E-01
2.5024E-04,4.081E-01
2.5024E-04,4.321E-01
2.5030E-04,4.081E-01
2.5030E-04,4.241E-01
2.5036E-04,4.081E-01
2.5036E-04,4.241E-01
2.5042E-04,4.001E-01
2.5042E-04,4.161E-01
2.5048E-04,4.001E-01
2.5048E-04,4.241E-01
2.5054E-04,4.001E-01
2.5054E-04,4.241E-01
2.5060E-04,4.001E-01
2.5060E-04,4.161E-01
2.5066E-04,4.001E-01
2.5066E-04,4.161E-01
2.5072E-04,3.921E-01
2.5072E-04,4.161E-01
2.5078E-04,3.921E-01
2.5078E-04,4.081E-01
2.5084E-04,3.921E-01
2.5084E-04,4.081E-01
2.5090E-04,3.921E-01
2.5090E-04,4.081E-01
2.5096E-04,3.921E-01
2.5096E-04,4.081E-01
2.5102E-04,3.921E-01
2.5102E-04,4.081E-01
2.5108E-04,3.921E-01
2.5108E-04,4.081E-01
2.5114E-04,3.841E-01
2.5114E-04,4.081E-01
2.5120E-04,3.841E-01
2.5120E-04,4.001E-01
2.5126E-04,3.841E-01
2.5126E-04,4.001E-01
2.5132E-04,3.841E-01
2.5132E-04,4.001E-01
2.5138E-04,3.841E-01
2.5138E-04,4.001E-01
2.5144E-04,3.761E-01
2.5144E-04,4.001E-01
2.5150E-04,3.761E-01
2.5150E-04,4.001E-01
2.5156E-04,3.761E-01
2.5156E-04,4.001E-01
2.5162E-04,3.761E-01
2.5162E-04,3.921E-01
2.5168E-04,3.761E-01
2.5168E-04,3.921E-01
2.5174E-04,3.681E-01
2.5174E-04,3.921E-01
2.5180E-04,3.681E-01
2.5180E-04,3.921E-01
2.5186E-04,3.681E-01
2.5186E-04,3.921E-01
2.5192E-04,3.681E-01
2.5192E-04,3.921E-01
2.5198E-04,3.681E-01
2.5198E-04,3.841E-01
2.5204E-04,3.681E-01
2.5204E-04,3.841E-01
2.5210E-04,3.681E-01
2.5210E-04,3.841E-01
2.5216E-04,3.681E-01
2.5216E-04,3.841E-01
2.5222E-04,3.601E-01
2.5222E-04,3.841E-01
2.5228E-04,3.601E-01
2.5228E-04,3.841E-01
2.5234E-04,3.601E-01
2.5234E-04,3.761E-01
2.5240E-04,3.521E-01
2.5240E-04,3.761E-01
2.5246E-04,3.521E-01
2.5246E-04,3.761E-01
2.5252E-04,3.521E-01
2.5252E-04,3.681E-01
2.5258E-04,3.521E-01
2.5258E-04,3.681E-01
2.5264E-04,3.521E-01
2.5264E-04,3.681E-01
2.5270E-04,3.521E-01
2.5270E-04,3.681E-01
2.5276E-04,3.441E-01
2.5276E-04,3.681E-01
2.5282E-04,3.441E-01
2.5282E-04,3.601E-01
2.5288E-04,3.441E-01
2.5288E-04,3.601E-01
2.5294E-04,3.441E-01
2.5294E-04,3.601E-01
2.5300E-04,3.361E-01
2.5300E-04,3.601E-01
2.5306E-04,3.361E-01
2.5306E-04,3.601E-01
2.5312E-04,3.361E-01
2.5312E-04,3.601E-01
2.5318E-04,3.361E-01
2.5318E-04,3.521E-01
2.5324E-04,3.361E-01
2.5324E-04,3.521E-01
2.5330E-04,3.281E-01
2.5330E-04,3.521E-01
2.5336E-04,3.361E-01
2.5336E-04,3.521E-01
2.5342E-04,3.281E-01
2.5342E-04,3.521E-01
2.5348E-04,3.281E-01
2.5348E-04,3.441E-01
2.5354E-04,3.281E-01
2.5354E-04,3.441E-01
2.5360E-04,3.281E-01
2.5360E-04,3.441E-01
2.5366E-04,3.281E-01
2.5366E-04,3.441E-01
2.5372E-04,3.281E-01
2.5372E-04,3.441E-01
2.5378E-04,3.281E-01
2.5378E-04,3.361E-01
2.5384E-04,3.201E-01
2.5384E-04,3.361E-01
2.5390E-04,3.201E-01
2.5390E-04,3.361E-01
2.5396E-04,3.201E-01
2.5396E-04,3.361E-01
2.5402E-04,3.201E-01
2.5402E-04,3.361E-01
2.5408E-04,3.201E-01
2.5408E-04,3.361E-01
2.5414E-04,3.201E-01
2.5414E-04,3.361E-01
2.5420E-04,3.201E-01
2.5420E-04,3.361E-01
2.5426E-04,3.121E-01
2.5426E-04,3.281E-01
2.5432E-04,3.121E-01
2.5432E-04,3.361E-01
2.5438E-04,3.121E-01
2.5438E-04,3.281E-01
2.5444E-04,3.041E-01
2.5444E-04,3.281E-01
2.5450E-04,3.041E-01
2.5450E-04,3.281E-01
2.5456E-04,3.041E-01
2.5456E-04,3.281E-01
2.5462E-04,3.041E-01
2.5462E-04,3.201E-01
2.5468E-04,3.041E-01
2.5468E-04,3.201E-01
2.5474E-04,3.041E-01
2.5474E-04,3.201E-01
2.5480E-04,3.041E-01
2.5480E-04,3.201E-01
2.5486E-04,3.041E-01
2.5486E-04,3.201E-01
2.5492E-04,2.961E-01
2.5492E-04,3.121E-01
2.5498E-04,2.961E-01
2.5498E-04,3.121E-01
2.5504E-04,2.961E-01
2.5504E-04,3.121E-01
2.5510E-04,2.961E-01
2.5510E-04,3.121E-01
2.5516E-04,2.961E-01
2.5516E-04,3.121E-01
2.5522E-04,2.961E-01
2.5522E-04,3.121E-01
2.5528E-04,2.961E-01
2.5528E-04,3.121E-01
2.5534E-04,2.881E-01
2.5534E-04,3.121E-01
2.5540E-04,2.881E-01
2.5540E-04,3.041E-01
2.5546E-04,2.881E-01
2.5546E-04,3.041E-01
2.5552E-04,2.881E-01
2.5552E-04,3.041E-01
2.5558E-04,2.881E-01
2.5558E-04,3.041E-01
2.5564E-04,2.881E-01
2.5564E-04,3.041E-01
2.5570E-04,2.881E-01
2.5570E-04,3.041E-01
2.5576E-04,2.881E-01
2.5576E-04,3.041E-01
2.5582E-04,2.881E-01
2.5582E-04,2.961E-01
2.5588E-04,2.801E-01
2.5588E-04,2.961E-01
2.5594E-04,2.721E-01
2.5594E-04,2.961E-01
2.5600E-04,2.721E-01
2.5600E-04,2.961E-01
2.5606E-04,2.801E-01
2.5606E-04,2.961E-01
2.5612E-04,2.801E-01
2.5612E-04,2.961E-01
2.5618E-04,2.801E-01
2.5618E-04,2.961E-01
2.5624E-04,2.721E-01
2.5624E-04,2.881E-01
2.5630E-04,2.721E-01
2.5630E-04,2.881E-01
2.5636E-04,2.721E-01
2.5636E-04,2.881E-01
2.5642E-04,2.721E-01
2.5642E-04,2.881E-01
2.5648E-04,2.721E-01
2.5648E-04,2.881E-01
2.5654E-04,2.721E-01
2.5654E-04,2.881E-01
2.5660E-04,2.641E-01
2.5660E-04,2.881E-01
2.5666E-04,2.641E-01
2.5666E-04,2.881E-01
2.5672E-04,2.641E-01
2.5672E-04,2.801E-01
2.5678E-04,2.641E-01
2.5678E-04,2.801E-01
2.5684E-04,2.641E-01
2.5684E-04,2.881E-01
2.5690E-04,2.641E-01
2.5690E-04,2.801E-01
2.5696E-04,2.561E-01
2.5696E-04,2.801E-01
2.5702E-04,2.561E-01
2.5702E-04,2.721E-01
2.5708E-04,2.561E-01
2.5708E-04,2.801E-01
2.5714E-04,2.561E-01
2.5714E-04,2.721E-01
2.5720E-04,2.561E-01
2.5720E-04,2.721E-01
2.5726E-04,2.561E-01
2.5726E-04,2.721E-01
2.5732E-04,2.561E-01
2.5732E-04,2.641E-01
2.5738E-04,2.561E-01
2.5738E-04,2.721E-01
2.5744E-04,2.561E-01
2.5744E-04,2.641E-01
2.5750E-04,2.481E-01
2.5750E-04,2.721E-01
2.5756E-04,2.481E-01
2.5756E-04,2.721E-01
2.5762E-04,2.481E-01
2.5762E-04,2.721E-01
2.5768E-04,2.481E-01
2.5768E-04,2.641E-01
2.5774E-04,2.481E-01
2.5774E-04,2.641E-01
2.5780E-04,2.401E-01
2.5780E-04,2.641E-01
2.5786E-04,2.401E-01
2.5786E-04,2.641E-01
2.5792E-04,2.401E-01
2.5792E-04,2.641E-01
2.5798E-04,2.401E-01
2.5798E-04,2.641E-01
2.5804E-04,2.401E-01
2.5804E-04,2.641E-01
2.5810E-04,2.401E-01
2.5810E-04,2.641E-01
2.5816E-04,2.401E-01
2.5816E-04,2.561E-01
2.5822E-04,2.401E-01
2.5822E-04,2.561E-01
2.5828E-04,2.401E-01
2.5828E-04,2.561E-01
2.5834E-04,2.401E-01
2.5834E-04,2.561E-01
2.5840E-04,2.401E-01
2.5840E-04,2.561E-01
2.5846E-04,2.401E-01
2.5846E-04,2.561E-01
2.5852E-04,2.321E-01
2.5852E-04,2.481E-01
2.5858E-04,2.321E-01
2.5858E-04,2.481E-01
2.5864E-04,2.241E-01
2.5864E-04,2.481E-01
2.5870E-04,2.241E-01
2.5870E-04,2.561E-01
2.5876E-04,2.321E-01
2.5876E-04,2.481E-01
2.5882E-04,2.241E-01
2.5882E-04,2.481E-01
2.5888E-04,2.321E-01
2.5888E-04,2.481E-01
2.5894E-04,2.321E-01
2.5894E-04,2.401E-01
2.5900E-04,2.161E-01
2.5900E-04,2.481E-01
2.5906E-04,2.161E-01
2.5906E-04,2.481E-01
2.5912E-04,2.241E-01
2.5912E-04,2.401E-01
2.5918E-04,2.241E-01
2.5918E-04,2.401E-01
2.5924E-04,2.161E-01
2.5924E-04,2.401E-01
2.5930E-04,2.241E-01
2.5930E-04,2.481E-01
2.5936E-04,2.241E-01
2.5936E-04,2.481E-01
2.5942E-04,2.161E-01
2.5942E-04,2.321E-01
2.5948E-04,2.161E-01
2.5948E-04,2.321E-01
2.5954E-04,2.161E-01
2.5954E-04,2.321E-01
2.5960E-04,2.161E-01
2.5960E-04,2.321E-01
2.5966E-04,2.161E-01
2.5966E-04,2.321E-01
2.5972E-04,2.161E-01
2.5972E-04,2.321E-01
2.5978E-04,2.081E-01
2.5978E-04,2.321E-01
2.5984E-04,2.081E-01
2.5984E-04,2.401E-01
2.5990E-04,2.081E-01
2.5990E-04,2.241E-01
2.5996E-04,2.081E-01
2.5996E-04,2.321E-01
2.6002E-04,2.081E-01
2.6002E-04,2.321E-01
2.6008E-04,2.081E-01
2.6008E-04,2.241E-01
2.6014E-04,2.001E-01
2.6014E-04,2.241E-01
2.6020E-04,2.001E-01
2.6020E-04,2.241E-01
2.6026E-04,2.081E-01
2.6026E-04,2.241E-01
2.6032E-04,2.081E-01
2.6032E-04,2.241E-01
2.6038E-04,2.001E-01
2.6038E-04,2.241E-01
2.6044E-04,2.001E-01
2.6044E-04,2.241E-01
2.6050E-04,2.001E-01
2.6050E-04,2.241E-01
2.6056E-04,2.001E-01
2.6056E-04,2.161E-01
2.6062E-04,2.001E-01
2.6062E-04,2.161E-01
2.6068E-04,1.921E-01
2.6068E-04,2.081E-01
2.6074E-04,1.921E-01
2.6074E-04,2.081E-01
2.6080E-04,1.921E-01
2.6080E-04,2.081E-01
2.6086E-04,1.921E-01
2.6086E-04,2.161E-01
2.6092E-04,1.921E-01
2.6092E-04,2.161E-01
2.6098E-04,1.921E-01
2.6098E-04,2.161E-01
2.6104E-04,1.921E-01
2.6104E-04,2.161E-01
2.6110E-04,1.921E-01
2.6110E-04,2.081E-01
2.6116E-04,1.921E-01
2.6116E-04,2.081E-01
2.6122E-04,1.921E-01
2.6122E-04,2.081E-01
2.6128E-04,1.921E-01
2.6128E-04,2.081E-01
2.6134E-04,1.921E-01
2.6134E-04,2.081E-01
2.6140E-04,1.921E-01
2.6140E-04,2.081E-01
2.6146E-04,1.841E-01
2.6146E-04,2.081E-01
2.6152E-04,1.841E-01
2.6152E-04,2.081E-01
2.6158E-04,1.841E-01
2.6158E-04,2.081E-01
2.6164E-04,1.841E-01
2.6164E-04,2.001E-01
2.6170E-04,1.841E-01
2.6170E-04,2.081E-01
2.6176E-04,1.841E-01
2.6176E-04,2.001E-01
2.6182E-04,1.841E-01
2.6182E-04,2.001E-01
2.6188E-04,1.841E-01
2.6188E-04,2.001E-01
2.6194E-04,1.841E-01
2.6194E-04,2.001E-01
2.6200E-04,1.841E-01
2.6200E-04,2.001E-01
2.6206E-04,1.841E-01
2.6206E-04,2.001E-01
2.6212E-04,1.841E-01
2.6212E-04,2.001E-01
2.6218E-04,1.761E-01
2.6218E-04,1.921E-01
2.6224E-04,1.761E-01
2.6224E-04,2.001E-01
2.6230E-04,1.761E-01
2.6230E-04,1.921E-01
2.6236E-04,1.761E-01
2.6236E-04,2.001E-01
2.6242E-04,1.761E-01
2.6242E-04,2.001E-01
2.6248E-04,1.761E-01
2.6248E-04,1.921E-01
2.6254E-04,1.761E-01
2.6254E-04,1.921E-01
2.6260E-04,1.761E-01
2.6260E-04,1.921E-01
2.6266E-04,1.761E-01
2.6266E-04,1.921E-01
2.6272E-04,1.761E-01
2.6272E-04,1.921E-01
2.6278E-04,1.681E-01
2.6278E-04,1.921E-01
2.6284E-04,1.761E-01
2.6284E-04,1.921E-01
2.6290E-04,1.761E-01
2.6290E-04,1.921E-01
2.6296E-04,1.761E-01
2.6296E-04,1.841E-01
2.6302E-04,1.681E-01
2.6302E-04,1.921E-01
2.6308E-04,1.681E-01
2.6308E-04,1.921E-01
2.6314E-04,1.681E-01
2.6314E-04,1.921E-01
2.6320E-04,1.681E-01
2.6320E-04,1.841E-01
2.6326E-04,1.681E-01
2.6326E-04,1.841E-01
2.6332E-04,1.681E-01
2.6332E-04,1.921E-01
2.6338E-04,1.681E-01
2.6338E-04,1.841E-01
2.6344E-04,1.681E-01
2.6344E-04,1.841E-01
2.6350E-04,1.681E-01
2.6350E-04,1.841E-01
2.6356E-04,1.681E-01
2.6356E-04,1.841E-01
2.6362E-04,1.681E-01
2.6362E-04,1.841E-01
2.6368E-04,1.601E-01
2.6368E-04,1.841E-01
2.6374E-04,1.601E-01
2.6374E-04,1.841E-01
2.6380E-04,1.601E-01
2.6380E-04,1.841E-01
2.6386E-04,1.681E-01
2.6386E-04,1.841E-01
2.6392E-04,1.601E-01
2.6392E-04,1.841E-01
2.6398E-04,1.601E-01
2.6398E-04,1.841E-01
2.6404E-04,1.601E-01
2.6404E-04,1.761E-01
2.6410E-04,1.601E-01
2.6410E-04,1.761E-01
2.6416E-04,1.601E-01
2.6416E-04,1.841E-01
2.6422E-04,1.601E-01
2.6422E-04,1.841E-01
2.6428E-04,1.601E-01
2.6428E-04,1.761E-01
2.6434E-04,1.601E-01
2.6434E-04,1.761E-01
2.6440E-04,1.601E-01
2.6440E-04,1.761E-01
2.6446E-04,1.601E-01
2.6446E-04,1.761E-01
2.6452E-04,1.601E-01
2.6452E-04,1.761E-01
2.6458E-04,1.601E-01
2.6458E-04,1.761E-01
2.6464E-04,1.521E-01
2.6464E-04,1.761E-01
2.6470E-04,1.601E-01
2.6470E-04,1.761E-01
2.6476E-04,1.601E-01
2.6476E-04,1.681E-01
2.6482E-04,1.521E-01
2.6482E-04,1.681E-01
2.6488E-04,1.521E-01
2.6488E-04,1.681E-01
2.6494E-04,1.521E-01
2.6494E-04,1.761E-01
2.6500E-04,1.521E-01
2.6500E-04,1.681E-01
2.6506E-04,1.521E-01
2.6506E-04,1.681E-01
2.6512E-04,1.521E-01
2.6512E-04,1.681E-01
2.6518E-04,1.521E-01
2.6518E-04,1.681E-01
2.6524E-04,1.521E-01
2.6524E-04,1.681E-01
2.6530E-04,1.521E-01
2.6530E-04,1.681E-01
2.6536E-04,1.521E-01
2.6536E-04,1.681E-01
2.6542E-04,1.521E-01
2.6542E-04,1.681E-01
2.6548E-04,1.521E-01
2.6548E-04,1.681E-01
2.6554E-04,1.521E-01
2.6554E-04,1.681E-01
2.6560E-04,1.521E-01
2.6560E-04,1.681E-01
2.6566E-04,1.521E-01
2.6566E-04,1.681E-01
2.6572E-04,1.521E-01
2.6572E-04,1.681E-01
2.6578E-04,1.521E-01
2.6578E-04,1.681E-01
2.6584E-04,1.441E-01
2.6584E-04,1.681E-01
2.6590E-04,1.441E-01
2.6590E-04,1.681E-01
2.6596E-04,1.521E-01
2.6596E-04,1.681E-01
2.6602E-04,1.441E-01
2.6602E-04,1.681E-01
2.6608E-04,1.441E-01
2.6608E-04,1.681E-01
2.6614E-04,1.441E-01
2.6614E-04,1.601E-01
2.6620E-04,1.441E-01
2.6620E-04,1.681E-01
2.6626E-04,1.441E-01
2.6626E-04,1.681E-01
2.6632E-04,1.441E-01
2.6632E-04,1.681E-01
2.6638E-04,1.441E-01
2.6638E-04,1.681E-01
2.6644E-04,1.521E-01
2.6644E-04,1.601E-01
2.6650E-04,1.441E-01
2.6650E-04,1.681E-01
2.6656E-04,1.441E-01
2.6656E-04,1.681E-01
2.6662E-04,1.441E-01
2.6662E-04,1.601E-01
2.6668E-04,1.441E-01
2.6668E-04,1.601E-01
2.6674E-04,1.441E-01
2.6674E-04,1.601E-01
2.6680E-04,1.441E-01
2.6680E-04,1.601E-01
2.6686E-04,1.361E-01
2.6686E-04,1.601E-01
2.6692E-04,1.361E-01
2.6692E-04,1.601E-01
2.6698E-04,1.361E-01
2.6698E-04,1.601E-01
2.6704E-04,1.441E-01
2.6704E-04,1.601E-01
2.6710E-04,1.441E-01
2.6710E-04,1.601E-01
2.6716E-04,1.441E-01
2.6716E-04,1.601E-01
2.6722E-04,1.441E-01
2.6722E-04,1.601E-01
2.6728E-04,1.441E-01
2.6728E-04,1.601E-01
2.6734E-04,1.361E-01
2.6734E-04,1.521E-01
2.6740E-04,1.361E-01
2.6740E-04,1.601E-01
2.6746E-04,1.361E-01
2.6746E-04,1.521E-01
2.6752E-04,1.361E-01
2.6752E-04,1.521E-01
2.6758E-04,1.361E-01
2.6758E-04,1.601E-01
2.6764E-04,1.361E-01
2.6764E-04,1.601E-01
2.6770E-04,1.361E-01
2.6770E-04,1.601E-01
2.6776E-04,1.361E-01
2.6776E-04,1.521E-01
2.6782E-04,1.361E-01
2.6782E-04,1.601E-01
2.6788E-04,1.361E-01
2.6788E-04,1.521E-01
2.6794E-04,1.361E-01
2.6794E-04,1.521E-01
2.6800E-04,1.361E-01
2.6800E-04,1.521E-01
2.6806E-04,1.361E-01
2.6806E-04,1.521E-01
2.6812E-04,1.361E-01
2.6812E-04,1.521E-01
2.6818E-04,1.361E-01
2.6818E-04,1.521E-01
2.6824E-04,1.361E-01
2.6824E-04,1.521E-01
2.6830E-04,1.361E-01
2.6830E-04,1.521E-01
2.6836E-04,1.361E-01
2.6836E-04,1.601E-01
2.6842E-04,1.361E-01
2.6842E-04,1.521E-01
2.6848E-04,1.361E-01
2.6848E-04,1.601E-01
2.6854E-04,1.361E-01
2.6854E-04,1.521E-01
2.6860E-04,1.361E-01
2.6860E-04,1.521E-01
2.6866E-04,1.361E-01
2.6866E-04,1.521E-01
2.6872E-04,1.361E-01
2.6872E-04,1.521E-01
2.6878E-04,1.361E-01
2.6878E-04,1.521E-01
2.6884E-04,1.361E-01
2.6884E-04,1.521E-01
2.6890E-04,1.361E-01
2.6890E-04,1.521E-01
2.6896E-04,1.361E-01
2.6896E-04,1.521E-01
2.6902E-04,1.361E-01
2.6902E-04,1.521E-01
2.6908E-04,1.361E-01
2.6908E-04,1.521E-01
2.6914E-04,1.361E-01
2.6914E-04,1.521E-01
2.6920E-04,1.361E-01
2.6920E-04,1.521E-01
2.6926E-04,1.361E-01
2.6926E-04,1.521E-01
2.6932E-04,1.361E-01
2.6932E-04,1.521E-01
2.6938E-04,1.361E-01
2.6938E-04,1.521E-01
2.6944E-04,1.361E-01
2.6944E-04,1.521E-01
2.6950E-04,1.281E-01
2.6950E-04,1.521E-01
2.6956E-04,1.361E-01
2.6956E-04,1.601E-01
2.6962E-04,1.281E-01
2.6962E-04,1.521E-01
2.6968E-04,1.281E-01
2.6968E-04,1.521E-01
2.6974E-04,1.361E-01
2.6974E-04,1.441E-01
2.6980E-04,1.361E-01
2.6980E-04,1.521E-01
2.6986E-04,1.281E-01
2.6986E-04,1.521E-01
2.6992E-04,1.361E-01
2.6992E-04,1.521E-01
2.6998E-04,1.361E-01
2.6998E-04,1.521E-01
2.7004E-04,1.361E-01
2.7004E-04,1.521E-01
2.7010E-04,1.281E-01
2.7010E-04,1.521E-01
2.7016E-04,1.361E-01
2.7016E-04,1.521E-01
2.7022E-04,1.361E-01
2.7022E-04,1.521E-01
2.7028E-04,1.361E-01
2.7028E-04,1.521E-01
2.7034E-04,1.361E-01
2.7034E-04,1.521E-01
2.7040E-04,1.361E-01
2.7040E-04,1.521E-01
2.7046E-04,1.281E-01
2.7046E-04,1.521E-01
2.7052E-04,1.281E-01
2.7052E-04,1.521E-01
2.7058E-04,1.361E-01
2.7058E-04,1.521E-01
2.7064E-04,1.281E-01
2.7064E-04,1.521E-01
2.7070E-04,1.361E-01
2.7070E-04,1.521E-01
2.7076E-04,1.281E-01
2.7076E-04,1.521E-01
2.7082E-04,1.281E-01
2.7082E-04,1.521E-01
2.7088E-04,1.361E-01
2.7088E-04,1.521E-01
2.7094E-04,1.361E-01
2.7094E-04,1.521E-01
2.7100E-04,1.361E-01
2.7100E-04,1.521E-01
2.7106E-04,1.281E-01
2.7106E-04,1.521E-01
2.7112E-04,1.281E-01
2.7112E-04,1.521E-01
2.7118E-04,1.281E-01
2.7118E-04,1.521E-01
2.7124E-04,1.281E-01
2.7124E-04,1.521E-01
2.7130E-04,1.361E-01
2.7130E-04,1.521E-01
2.7136E-04,1.361E-01
2.7136E-04,1.521E-01
2.7142E-04,1.361E-01
2.7142E-04,1.521E-01
2.7148E-04,1.361E-01
2.7148E-04,1.521E-01
2.7154E-04,1.361E-01
2.7154E-04,1.521E-01
2.7160E-04,1.281E-01
2.7160E-04,1.521E-01
2.7166E-04,1.281E-01
2.7166E-04,1.521E-01
2.7172E-04,1.361E-01
2.7172E-04,1.521E-01
2.7178E-04,1.361E-01
2.7178E-04,1.521E-01
2.7184E-04,1.281E-01
2.7184E-04,1.521E-01
2.7190E-04,1.281E-01
2.7190E-04,1.521E-01
2.7196E-04,1.281E-01
2.7196E-04,1.521E-01
2.7202E-04,1.361E-01
2.7202E-04,1.441E-01
2.7208E-04,1.361E-01
2.7208E-04,1.521E-01
2.7214E-04,1.361E-01
2.7214E-04,1.521E-01
2.7220E-04,1.281E-01
2.7220E-04,1.521E-01
2.7226E-04,1.361E-01
2.7226E-04,1.521E-01
2.7232E-04,1.361E-01
2.7232E-04,1.521E-01
2.7238E-04,1.361E-01
2.7238E-04,1.521E-01
2.7244E-04,1.361E-01
2.7244E-04,1.521E-01
2.7250E-04,1.361E-01
2.7250E-04,1.521E-01
2.7256E-04,1.361E-01
2.7256E-04,1.521E-01
2.7262E-04,1.361E-01
2.7262E-04,1.521E-01
2.7268E-04,1.281E-01
2.7268E-04,1.521E-01
2.7274E-04,1.281E-01
2.7274E-04,1.521E-01
2.7280E-04,1.281E-01
2.7280E-04,1.521E-01
2.7286E-04,1.361E-01
2.7286E-04,1.521E-01
2.7292E-04,1.361E-01
2.7292E-04,1.521E-01
2.7298E-04,1.361E-01
2.7298E-04,1.521E-01
2.7304E-04,1.361E-01
2.7304E-04,1.521E-01
2.7310E-04,1.281E-01
2.7310E-04,1.521E-01
2.7316E-04,1.361E-01
2.7316E-04,1.441E-01
2.7322E-04,1.281E-01
2.7322E-04,1.441E-01
2.7328E-04,1.281E-01
2.7328E-04,1.521E-01
2.7334E-04,1.361E-01
2.7334E-04,1.521E-01
2.7340E-04,1.361E-01
2.7340E-04,1.521E-01
2.7346E-04,1.361E-01
2.7346E-04,1.521E-01
2.7352E-04,1.361E-01
2.7352E-04,1.521E-01
2.7358E-04,1.361E-01
2.7358E-04,1.521E-01
2.7364E-04,1.361E-01
2.7364E-04,1.521E-01
2.7370E-04,1.361E-01
2.7370E-04,1.521E-01
2.7376E-04,1.361E-01
2.7376E-04,1.521E-01
2.7382E-04,1.361E-01
2.7382E-04,1.521E-01
2.7388E-04,1.361E-01
2.7388E-04,1.601E-01
2.7394E-04,1.361E-01
2.7394E-04,1.521E-01
2.7400E-04,1.361E-01
2.7400E-04,1.521E-01
2.7406E-04,1.361E-01
2.7406E-04,1.521E-01
2.7412E-04,1.361E-01
2.7412E-04,1.521E-01
2.7418E-04,1.361E-01
2.7418E-04,1.521E-01
2.7424E-04,1.361E-01
2.7424E-04,1.521E-01
2.7430E-04,1.361E-01
2.7430E-04,1.521E-01
2.7436E-04,1.361E-01
2.7436E-04,1.521E-01
2.7442E-04,1.361E-01
2.7442E-04,1.521E-01
2.7448E-04,1.361E-01
2.7448E-04,1.601E-01
2.7454E-04,1.361E-01
2.7454E-04,1.521E-01
2.7460E-04,1.361E-01
2.7460E-04,1.601E-01
2.7466E-04,1.361E-01
2.7466E-04,1.521E-01
2.7472E-04,1.361E-01
2.7472E-04,1.601E-01
2.7478E-04,1.361E-01
2.7478E-04,1.521E-01
2.7484E-04,1.441E-01
2.7484E-04,1.521E-01
2.7490E-04,1.361E-01
2.7490E-04,1.601E-01
2.7496E-04,1.441E-01
2.7496E-04,1.521E-01
2.7502E-04,1.361E-01
2.7502E-04,1.601E-01
2.7508E-04,1.441E-01
2.7508E-04,1.601E-01
2.7514E-04,1.441E-01
2.7514E-04,1.521E-01
2.7520E-04,1.441E-01
2.7520E-04,1.601E-01
2.7526E-04,1.441E-01
2.7526E-04,1.601E-01
2.7532E-04,1.441E-01
2.7532E-04,1.601E-01
2.7538E-04,1.441E-01
2.7538E-04,1.601E-01
2.7544E-04,1.441E-01
2.7544E-04,1.521E-01
2.7550E-04,1.441E-01
2.7550E-04,1.601E-01
2.7556E-04,1.441E-01
2.7556E-04,1.601E-01
2.7562E-04,1.441E-01
2.7562E-04,1.601E-01
2.7568E-04,1.441E-01
2.7568E-04,1.601E-01
2.7574E-04,1.361E-01
2.7574E-04,1.601E-01
2.7580E-04,1.361E-01
2.7580E-04,1.601E-01
2.7586E-04,1.361E-01
2.7586E-04,1.601E-01
2.7592E-04,1.441E-01
2.7592E-04,1.601E-01
2.7598E-04,1.441E-01
2.7598E-04,1.601E-01
2.7604E-04,1.441E-01
2.7604E-04,1.681E-01
2.7610E-04,1.441E-01
2.7610E-04,1.601E-01
2.7616E-04,1.441E-01
2.7616E-04,1.601E-01
2.7622E-04,1.441E-01
2.7622E-04,1.601E-01
2.7628E-04,1.441E-01
2.7628E-04,1.601E-01
2.7634E-04,1.441E-01
2.7634E-04,1.601E-01
2.7640E-04,1.441E-01
2.7640E-04,1.681E-01
2.7646E-04,1.441E-01
2.7646E-04,1.601E-01
2.7652E-04,1.521E-01
2.7652E-04,1.601E-01
2.7658E-04,1.441E-01
2.7658E-04,1.601E-01
2.7664E-04,1.441E-01
2.7664E-04,1.601E-01
2.7670E-04,1.441E-01
2.7670E-04,1.681E-01
2.7676E-04,1.441E-01
2.7676E-04,1.681E-01
2.7682E-04,1.441E-01
2.7682E-04,1.681E-01
2.7688E-04,1.521E-01
2.7688E-04,1.681E-01
2.7694E-04,1.441E-01
2.7694E-04,1.681E-01
2.7700E-04,1.521E-01
2.7700E-04,1.681E-01
2.7706E-04,1.441E-01
2.7706E-04,1.681E-01
2.7712E-04,1.441E-01
2.7712E-04,1.681E-01
2.7718E-04,1.521E-01
2.7718E-04,1.681E-01
2.7724E-04,1.521E-01
2.7724E-04,1.681E-01
2.7730E-04,1.521E-01
2.7730E-04,1.681E-01
2.7736E-04,1.521E-01
2.7736E-04,1.681E-01
2.7742E-04,1.521E-01
2.7742E-04,1.681E-01
2.7748E-04,1.521E-01
2.7748E-04,1.681E-01
2.7754E-04,1.521E-01
2.7754E-04,1.681E-01
2.7760E-04,1.521E-01
2.7760E-04,1.681E-01
2.7766E-04,1.521E-01
2.7766E-04,1.681E-01
2.7772E-04,1.521E-01
2.7772E-04,1.681E-01
2.7778E-04,1.521E-01
2.7778E-04,1.681E-01
2.7784E-04,1.521E-01
2.7784E-04,1.761E-01
2.7790E-04,1.601E-01
2.7790E-04,1.761E-01
2.7796E-04,1.521E-01
2.7796E-04,1.681E-01
2.7802E-04,1.521E-01
2.7802E-04,1.681E-01
2.7808E-04,1.601E-01
2.7808E-04,1.761E-01
2.7814E-04,1.601E-01
2.7814E-04,1.761E-01
2.7820E-04,1.601E-01
2.7820E-04,1.761E-01
2.7826E-04,1.601E-01
2.7826E-04,1.761E-01
2.7832E-04,1.601E-01
2.7832E-04,1.761E-01
2.7838E-04,1.601E-01
2.7838E-04,1.761E-01
2.7844E-04,1.601E-01
2.7844E-04,1.761E-01
2.7850E-04,1.601E-01
2.7850E-04,1.761E-01
2.7856E-04,1.681E-01
2.7856E-04,1.841E-01
2.7862E-04,1.601E-01
2.7862E-04,1.761E-01
2.7868E-04,1.681E-01
2.7868E-04,1.761E-01
2.7874E-04,1.601E-01
2.7874E-04,1.761E-01
2.7880E-04,1.601E-01
2.7880E-04,1.841E-01
2.7886E-04,1.601E-01
2.7886E-04,1.761E-01
2.7892E-04,1.681E-01
2.7892E-04,1.841E-01
2.7898E-04,1.681E-01
2.7898E-04,1.841E-01
2.7904E-04,1.601E-01
2.7904E-04,1.841E-01
2.7910E-04,1.681E-01
2.7910E-04,1.841E-01
2.7916E-04,1.681E-01
2.7916E-04,1.841E-01
2.7922E-04,1.681E-01
2.7922E-04,1.841E-01
2.7928E-04,1.601E-01
2.7928E-04,1.841E-01
2.7934E-04,1.601E-01
2.7934E-04,1.841E-01
2.7940E-04,1.681E-01
2.7940E-04,1.841E-01
2.7946E-04,1.681E-01
2.7946E-04,1.841E-01
2.7952E-04,1.681E-01
2.7952E-04,1.921E-01
2.7958E-04,1.761E-01
2.7958E-04,1.841E-01
2.7964E-04,1.681E-01
2.7964E-04,1.921E-01
2.7970E-04,1.761E-01
2.7970E-04,1.921E-01
2.7976E-04,1.761E-01
2.7976E-04,1.921E-01
2.7982E-04,1.761E-01
2.7982E-04,1.921E-01
2.7988E-04,1.761E-01
2.7988E-04,1.921E-01
2.7994E-04,1.761E-01
2.7994E-04,1.921E-01
2.8000E-04,1.761E-01
2.8000E-04,1.921E-01
2.8006E-04,1.761E-01
2.8006E-04,1.921E-01
2.8012E-04,1.761E-01
2.8012E-04,1.921E-01
2.8018E-04,1.761E-01
2.8018E-04,1.921E-01
2.8024E-04,1.761E-01
2.8024E-04,1.921E-01
2.8030E-04,1.761E-01
2.8030E-04,1.921E-01
2.8036E-04,1.761E-01
2.8036E-04,1.921E-01
2.8042E-04,1.761E-01
2.8042E-04,1.921E-01
2.8048E-04,1.761E-01
2.8048E-04,1.921E-01
2.8054E-04,1.761E-01
2.8054E-04,2.001E-01
2.8060E-04,1.841E-01
2.8060E-04,2.001E-01
2.8066E-04,1.841E-01
2.8066E-04,2.001E-01
2.8072E-04,1.841E-01
2.8072E-04,2.001E-01
2.8078E-04,1.841E-01
2.8078E-04,2.001E-01
2.8084E-04,1.841E-01
2.8084E-04,2.001E-01
2.8090E-04,1.841E-01
2.8090E-04,2.001E-01
2.8096E-04,1.841E-01
2.8096E-04,2.081E-01
2.8102E-04,1.841E-01
2.8102E-04,2.081E-01
2.8108E-04,1.841E-01
2.8108E-04,2.081E-01
2.8114E-04,1.841E-01
2.8114E-04,2.081E-01
2.8120E-04,1.841E-01
2.8120E-04,2.081E-01
2.8126E-04,1.841E-01
2.8126E-04,2.081E-01
2.8132E-04,1.841E-01
2.8132E-04,2.081E-01
2.8138E-04,1.841E-01
2.8138E-04,2.081E-01
2.8144E-04,1.921E-01
2.8144E-04,2.081E-01
2.8150E-04,1.921E-01
2.8150E-04,2.081E-01
2.8156E-04,1.841E-01
2.8156E-04,2.081E-01
2.8162E-04,1.921E-01
2.8162E-04,2.081E-01
2.8168E-04,1.921E-01
2.8168E-04,2.081E-01
2.8174E-04,1.921E-01
2.8174E-04,2.081E-01
2.8180E-04,1.921E-01
2.8180E-04,2.161E-01
2.8186E-04,1.921E-01
2.8186E-04,2.161E-01
2.8192E-04,2.001E-01
2.8192E-04,2.161E-01
2.8198E-04,1.921E-01
2.8198E-04,2.161E-01
2.8204E-04,2.001E-01
2.8204E-04,2.161E-01
2.8210E-04,2.001E-01
2.8210E-04,2.161E-01
2.8216E-04,2.001E-01
2.8216E-04,2.161E-01
2.8222E-04,2.001E-01
2.8222E-04,2.161E-01
2.8228E-04,2.001E-01
2.8228E-04,2.161E-01
2.8234E-04,2.001E-01
2.8234E-04,2.161E-01
2.8240E-04,2.001E-01
2.8240E-04,2.241E-01
2.8246E-04,2.001E-01
2.8246E-04,2.241E-01
2.8252E-04,2.001E-01
2.8252E-04,2.241E-01
2.8258E-04,2.081E-01
2.8258E-04,2.241E-01
2.8264E-04,2.081E-01
2.8264E-04,2.241E-01
2.8270E-04,2.081E-01
2.8270E-04,2.241E-01
2.8276E-04,2.081E-01
2.8276E-04,2.241E-01
2.8282E-04,2.081E-01
2.8282E-04,2.241E-01
2.8288E-04,2.081E-01
2.8288E-04,2.241E-01
2.8294E-04,2.081E-01
2.8294E-04,2.241E-01
2.8300E-04,2.081E-01
2.8300E-04,2.241E-01
2.8306E-04,2.081E-01
2.8306E-04,2.321E-01
2.8312E-04,2.161E-01
2.8312E-04,2.241E-01
2.8318E-04,2.161E-01
2.8318E-04,2.401E-01
2.8324E-04,2.081E-01
2.8324E-04,2.401E-01
2.8330E-04,2.161E-01
2.8330E-04,2.321E-01
2.8336E-04,2.161E-01
2.8336E-04,2.321E-01
2.8342E-04,2.161E-01
2.8342E-04,2.321E-01
2.8348E-04,2.161E-01
2.8348E-04,2.321E-01
2.8354E-04,2.161E-01
2.8354E-04,2.321E-01
2.8360E-04,2.161E-01
2.8360E-04,2.401E-01
2.8366E-04,2.241E-01
2.8366E-04,2.401E-01
2.8372E-04,2.161E-01
2.8372E-04,2.401E-01
2.8378E-04,2.241E-01
2.8378E-04,2.401E-01
2.8384E-04,2.241E-01
2.8384E-04,2.401E-01
2.8390E-04,2.241E-01
2.8390E-04,2.401E-01
2.8396E-04,2.241E-01
2.8396E-04,2.401E-01
2.8402E-04,2.241E-01
2.8402E-04,2.481E-01
2.8408E-04,2.241E-01
2.8408E-04,2.481E-01
2.8414E-04,2.241E-01
2.8414E-04,2.481E-01
2.8420E-04,2.321E-01
2.8420E-04,2.481E-01
2.8426E-04,2.321E-01
2.8426E-04,2.481E-01
2.8432E-04,2.321E-01
2.8432E-04,2.481E-01
2.8438E-04,2.321E-01
2.8438E-04,2.481E-01
2.8444E-04,2.321E-01
2.8444E-04,2.481E-01
2.8450E-04,2.321E-01
2.8450E-04,2.481E-01
2.8456E-04,2.321E-01
2.8456E-04,2.481E-01
2.8462E-04,2.401E-01
2.8462E-04,2.561E-01
2.8468E-04,2.321E-01
2.8468E-04,2.561E-01
2.8474E-04,2.401E-01
2.8474E-04,2.561E-01
2.8480E-04,2.401E-01
2.8480E-04,2.561E-01
2.8486E-04,2.401E-01
2.8486E-04,2.561E-01
2.8492E-04,2.401E-01
2.8492E-04,2.561E-01
2.8498E-04,2.401E-01
2.8498E-04,2.561E-01
2.8504E-04,2.401E-01
2.8504E-04,2.641E-01
2.8510E-04,2.401E-01
2.8510E-04,2.641E-01
2.8516E-04,2.481E-01
2.8516E-04,2.641E-01
2.8522E-04,2.481E-01
2.8522E-04,2.641E-01
2.8528E-04,2.481E-01
2.8528E-04,2.641E-01
2.8534E-04,2.481E-01
2.8534E-04,2.641E-01
2.8540E-04,2.481E-01
2.8540E-04,2.641E-01
2.8546E-04,2.481E-01
2.8546E-04,2.641E-01
2.8552E-04,2.481E-01
2.8552E-04,2.721E-01
2.8558E-04,2.561E-01
2.8558E-04,2.801E-01
2.8564E-04,2.561E-01
2.8564E-04,2.721E-01
2.8570E-04,2.561E-01
2.8570E-04,2.721E-01
2.8576E-04,2.561E-01
2.8576E-04,2.721E-01
2.8582E-04,2.561E-01
2.8582E-04,2.721E-01
2.8588E-04,2.561E-01
2.8588E-04,2.801E-01
2.8594E-04,2.561E-01
2.8594E-04,2.801E-01
2.8600E-04,2.561E-01
2.8600E-04,2.801E-01
2.8606E-04,2.561E-01
2.8606E-04,2.801E-01
2.8612E-04,2.561E-01
2.8612E-04,2.801E-01
2.8618E-04,2.641E-01
2.8618E-04,2.801E-01
2.8624E-04,2.641E-01
2.8624E-04,2.801E-01
2.8630E-04,2.641E-01
2.8630E-04,2.801E-01
2.8636E-04,2.641E-01
2.8636E-04,2.801E-01
2.8642E-04,2.641E-01
2.8642E-04,2.881E-01
2.8648E-04,2.641E-01
2.8648E-04,2.881E-01
2.8654E-04,2.641E-01
2.8654E-04,2.881E-01
2.8660E-04,2.641E-01
2.8660E-04,2.881E-01
2.8666E-04,2.721E-01
2.8666E-04,2.881E-01
2.8672E-04,2.721E-01
2.8672E-04,2.881E-01
2.8678E-04,2.721E-01
2.8678E-04,2.881E-01
2.8684E-04,2.721E-01
2.8684E-04,2.881E-01
2.8690E-04,2.721E-01
2.8690E-04,2.961E-01
2.8696E-04,2.721E-01
2.8696E-04,2.961E-01
2.8702E-04,2.721E-01
2.8702E-04,2.961E-01
2.8708E-04,2.801E-01
2.8708E-04,2.961E-01
2.8714E-04,2.801E-01
2.8714E-04,2.961E-01
2.8720E-04,2.801E-01
2.8720E-04,2.961E-01
2.8726E-04,2.801E-01
2.8726E-04,2.961E-01
2.8732E-04,2.801E-01
2.8732E-04,3.041E-01
2.8738E-04,2.801E-01
2.8738E-04,3.041E-01
2.8744E-04,2.881E-01
2.8744E-04,3.041E-01
2.8750E-04,2.881E-01
2.8750E-04,3.041E-01
2.8756E-04,2.881E-01
2.8756E-04,3.041E-01
2.8762E-04,2.881E-01
2.8762E-04,3.041E-01
2.8768E-04,2.881E-01
2.8768E-04,3.121E-01
2.8774E-04,2.881E-01
2.8774E-04,3.121E-01
2.8780E-04,2.881E-01
2.8780E-04,3.121E-01
2.8786E-04,2.961E-01
2.8786E-04,3.121E-01
2.8792E-04,2.961E-01
2.8792E-04,3.121E-01
2.8798E-04,2.961E-01
2.8798E-04,3.201E-01
2.8804E-04,2.961E-01
2.8804E-04,3.201E-01
2.8810E-04,2.961E-01
2.8810E-04,3.201E-01
2.8816E-04,2.961E-01
2.8816E-04,3.201E-01
2.8822E-04,3.041E-01
2.8822E-04,3.201E-01
2.8828E-04,3.041E-01
2.8828E-04,3.201E-01
2.8834E-04,3.041E-01
2.8834E-04,3.281E-01
2.8840E-04,3.041E-01
2.8840E-04,3.281E-01
2.8846E-04,3.041E-01
2.8846E-04,3.281E-01
2.8852E-04,3.121E-01
2.8852E-04,3.281E-01
2.8858E-04,3.121E-01
2.8858E-04,3.281E-01
2.8864E-04,3.121E-01
2.8864E-04,3.281E-01
2.8870E-04,3.121E-01
2.8870E-04,3.361E-01
2.8876E-04,3.121E-01
2.8876E-04,3.361E-01
2.8882E-04,3.121E-01
2.8882E-04,3.361E-01
2.8888E-04,3.121E-01
2.8888E-04,3.361E-01
2.8894E-04,3.201E-01
2.8894E-04,3.361E-01
2.8900E-04,3.201E-01
2.8900E-04,3.361E-01
2.8906E-04,3.201E-01
2.8906E-04,3.441E-01
2.8912E-04,3.201E-01
2.8912E-04,3.441E-01
2.8918E-04,3.201E-01
2.8918E-04,3.441E-01
2.8924E-04,3.201E-01
2.8924E-04,3.441E-01
2.8930E-04,3.281E-01
2.8930E-04,3.441E-01
2.8936E-04,3.281E-01
2.8936E-04,3.441E-01
2.8942E-04,3.281E-01
2.8942E-04,3.521E-01
2.8948E-04,3.361E-01
2.8948E-04,3.521E-01
2.8954E-04,3.361E-01
2.8954E-04,3.521E-01
2.8960E-04,3.281E-01
2.8960E-04,3.521E-01
2.8966E-04,3.361E-01
2.8966E-04,3.521E-01
2.8972E-04,3.361E-01
2.8972E-04,3.521E-01
2.8978E-04,3.361E-01
2.8978E-04,3.521E-01
2.8984E-04,3.361E-01
2.8984E-04,3.521E-01
2.8990E-04,3.361E-01
2.8990E-04,3.521E-01
2.8996E-04,3.361E-01
2.8996E-04,3.521E-01
2.9002E-04,3.441E-01
2.9002E-04,3.601E-01
2.9008E-04,3.441E-01
2.9008E-04,3.601E-01
2.9014E-04,3.441E-01
2.9014E-04,3.601E-01
2.9020E-04,3.441E-01
2.9020E-04,3.601E-01
2.9026E-04,3.441E-01
2.9026E-04,3.601E-01
2.9032E-04,3.441E-01
2.9032E-04,3.601E-01
2.9038E-04,3.441E-01
2.9038E-04,3.681E-01
2.9044E-04,3.441E-01
2.9044E-04,3.681E-01
2.9050E-04,3.521E-01
2.9050E-04,3.681E-01
2.9056E-04,3.521E-01
2.9056E-04,3.681E-01
2.9062E-04,3.521E-01
2.9062E-04,3.681E-01
2.9068E-04,3.521E-01
2.9068E-04,3.761E-01
2.9074E-04,3.521E-01
2.9074E-04,3.761E-01
2.9080E-04,3.521E-01
2.9080E-04,3.761E-01
2.9086E-04,3.521E-01
2.9086E-04,3.761E-01
2.9092E-04,3.601E-01
2.9092E-04,3.761E-01
2.9098E-04,3.601E-01
2.9098E-04,3.761E-01
2.9104E-04,3.601E-01
2.9104E-04,3.841E-01
2.9110E-04,3.601E-01
2.9110E-04,3.841E-01
2.9116E-04,3.601E-01
2.9116E-04,3.921E-01
2.9122E-04,3.681E-01
2.9122E-04,3.921E-01
2.9128E-04,3.681E-01
2.9128E-04,3.841E-01
2.9134E-04,3.681E-01
2.9134E-04,3.921E-01
2.9140E-04,3.761E-01
2.9140E-04,4.001E-01
2.9146E-04,3.761E-01
2.9146E-04,4.001E-01
2.9152E-04,3.761E-01
2.9152E-04,4.001E-01
2.9158E-04,3.761E-01
2.9158E-04,4.001E-01
2.9164E-04,3.761E-01
2.9164E-04,3.921E-01
2.9170E-04,3.761E-01
2.9170E-04,4.001E-01
2.9176E-04,3.841E-01
2.9176E-04,4.001E-01
2.9182E-04,3.841E-01
2.9182E-04,4.001E-01
2.9188E-04,3.841E-01
2.9188E-04,4.001E-01
2.9194E-04,3.841E-01
2.9194E-04,4.081E-01
2.9200E-04,3.841E-01
2.9200E-04,4.081E-01
2.9206E-04,3.841E-01
2.9206E-04,4.081E-01
2.9212E-04,3.921E-01
2.9212E-04,4.081E-01
2.9218E-04,3.841E-01
2.9218E-04,4.081E-01
2.9224E-04,3.921E-01
2.9224E-04,4.081E-01
2.9230E-04,4.001E-01
2.9230E-04,4.161E-01
2.9236E-04,4.001E-01
2.9236E-04,4.161E-01
2.9242E-04,4.001E-01
2.9242E-04,4.161E-01
2.9248E-04,4.001E-01
2.9248E-04,4.161E-01
2.9254E-04,4.081E-01
2.9254E-04,4.241E-01
2.9260E-04,4.081E-01
2.9260E-04,4.241E-01
2.9266E-04,4.081E-01
2.9266E-04,4.241E-01
2.9272E-04,4.081E-01
2.9272E-04,4.241E-01
2.9278E-04,4.081E-01
2.9278E-04,4.241E-01
2.9284E-04,4.081E-01
2.9284E-04,4.241E-01
2.9290E-04,4.081E-01
2.9290E-04,4.241E-01
2.9296E-04,4.081E-01
2.9296E-04,4.241E-01
2.9302E-04,4.161E-01
2.9302E-04,4.321E-01
2.9308E-04,4.161E-01
2.9308E-04,4.321E-01
2.9314E-04,4.161E-01
2.9314E-04,4.321E-01
2.9320E-04,4.161E-01
2.9320E-04,4.401E-01
2.9326E-04,4.241E-01
2.9326E-04,4.401E-01
2.9332E-04,4.241E-01
2.9332E-04,4.401E-01
2.9338E-04,4.241E-01
2.9338E-04,4.401E-01
2.9344E-04,4.241E-01
2.9344E-04,4.401E-01
2.9350E-04,4.241E-01
2.9350E-04,4.481E-01
2.9356E-04,4.241E-01
2.9356E-04,4.481E-01
2.9362E-04,4.241E-01
2.9362E-04,4.481E-01
2.9368E-04,4.321E-01
2.9368E-04,4.481E-01
2.9374E-04,4.321E-01
2.9374E-04,4.481E-01
2.9380E-04,4.321E-01
2.9380E-04,4.561E-01
2.9386E-04,4.401E-01
2.9386E-04,4.561E-01
2.9392E-04,4.401E-01
2.9392E-04,4.561E-01
2.9398E-04,4.401E-01
2.9398E-04,4.561E-01
2.9404E-04,4.401E-01
2.9404E-04,4.641E-01
2.9410E-04,4.401E-01
2.9410E-04,4.641E-01
2.9416E-04,4.481E-01
2.9416E-04,4.641E-01
2.9422E-04,4.481E-01
2.9422E-04,4.641E-01
2.9428E-04,4.481E-01
2.9428E-04,4.641E-01
2.9434E-04,4.481E-01
2.9434E-04,4.721E-01
2.9440E-04,4.481E-01
2.9440E-04,4.721E-01
2.9446E-04,4.561E-01
2.9446E-04,4.721E-01
2.9452E-04,4.561E-01
2.9452E-04,4.721E-01
2.9458E-04,4.561E-01
2.9458E-04,4.801E-01
2.9464E-04,4.561E-01
2.9464E-04,4.721E-01
2.9470E-04,4.561E-01
2.9470E-04,4.721E-01
2.9476E-04,4.641E-01
2.9476E-04,4.721E-01
2.9482E-04,4.641E-01
2.9482E-04,4.801E-01
2.9488E-04,4.641E-01
2.9488E-04,4.801E-01
2.9494E-04,4.641E-01
2.9494E-04,4.801E-01
2.9500E-04,4.641E-01
2.9500E-04,4.881E-01
2.9506E-04,4.721E-01
2.9506E-04,4.881E-01
2.9512E-04,4.641E-01
2.9512E-04,4.961E-01
2.9518E-04,4.641E-01
2.9518E-04,4.961E-01
2.9524E-04,4.721E-01
2.9524E-04,4.961E-01
2.9530E-04,4.801E-01
2.9530E-04,4.961E-01
2.9536E-04,4.721E-01
2.9536E-04,4.961E-01
2.9542E-04,4.801E-01
2.9542E-04,4.961E-01
2.9548E-04,4.721E-01
2.9548E-04,4.961E-01
2.9554E-04,4.721E-01
2.9554E-04,4.961E-01
2.9560E-04,4.801E-01
2.9560E-04,5.041E-01
2.9566E-04,4.801E-01
2.9566E-04,5.041E-01
2.9572E-04,4.881E-01
2.9572E-04,5.041E-01
2.9578E-04,4.881E-01
2.9578E-04,5.041E-01
2.9584E-04,4.881E-01
2.9584E-04,5.041E-01
2.9590E-04,4.881E-01
2.9590E-04,5.121E-01
2.9596E-04,4.961E-01
2.9596E-04,5.121E-01
2.9602E-04,4.961E-01
2.9602E-04,5.121E-01
2.9608E-04,4.881E-01
2.9608E-04,5.121E-01
2.9614E-04,4.961E-01
2.9614E-04,5.201E-01
2.9620E-04,4.961E-01
2.9620E-04,5.201E-01
2.9626E-04,4.961E-01
2.9626E-04,5.201E-01
2.9632E-04,4.961E-01
2.9632E-04,5.201E-01
2.9638E-04,5.041E-01
2.9638E-04,5.201E-01
2.9644E-04,5.041E-01
2.9644E-04,5.201E-01
2.9650E-04,5.041E-01
2.9650E-04,5.201E-01
2.9656E-04,5.041E-01
2.9656E-04,5.201E-01
2.9662E-04,5.041E-01
2.9662E-04,5.201E-01
2.9668E-04,5.121E-01
2.9668E-04,5.281E-01
2.9674E-04,5.121E-01
2.9674E-04,5.281E-01
2.9680E-04,5.121E-01
2.9680E-04,5.281E-01
2.9686E-04,5.121E-01
2.9686E-04,5.361E-01
2.9692E-04,5.201E-01
2.9692E-04,5.361E-01
2.9698E-04,5.201E-01
2.9698E-04,5.361E-01
2.9704E-04,5.201E-01
2.9704E-04,5.361E-01
2.9710E-04,5.281E-01
2.9710E-04,5.441E-01
2.9716E-04,5.201E-01
2.9716E-04,5.521E-01
2.9722E-04,5.201E-01
2.9722E-04,5.441E-01
2.9728E-04,5.281E-01
2.9728E-04,5.441E-01
2.9734E-04,5.281E-01
2.9734E-04,5.521E-01
2.9740E-04,5.281E-01
2.9740E-04,5.441E-01
2.9746E-04,5.281E-01
2.9746E-04,5.521E-01
2.9752E-04,5.281E-01
2.9752E-04,5.521E-01
2.9758E-04,5.361E-01
2.9758E-04,5.601E-01
2.9764E-04,5.361E-01
2.9764E-04,5.601E-01
2.9770E-04,5.441E-01
2.9770E-04,5.601E-01
2.9776E-04,5.441E-01
2.9776E-04,5.601E-01
2.9782E-04,5.441E-01
2.9782E-04,5.601E-01
2.9788E-04,5.441E-01
2.9788E-04,5.681E-01
2.9794E-04,5.441E-01
2.9794E-04,5.681E-01
2.9800E-04,5.521E-01
2.9800E-04,5.841E-01
2.9806E-04,5.681E-01
2.9806E-04,5.841E-01
2.9812E-04,5.601E-01
2.9812E-04,5.841E-01
2.9818E-04,5.521E-01
2.9818E-04,5.761E-01
2.9824E-04,5.521E-01
2.9824E-04,5.761E-01
2.9830E-04,5.521E-01
2.9830E-04,5.681E-01
2.9836E-04,5.521E-01
2.9836E-04,5.761E-01
2.9842E-04,5.601E-01
2.9842E-04,5.761E-01
2.9848E-04,5.601E-01
2.9848E-04,5.761E-01
2.9854E-04,5.601E-01
2.9854E-04,5.841E-01
2.9860E-04,5.601E-01
2.9860E-04,5.841E-01
2.9866E-04,5.601E-01
2.9866E-04,5.841E-01
2.9872E-04,5.681E-01
2.9872E-04,5.841E-01
2.9878E-04,5.681E-01
2.9878E-04,5.841E-01
2.9884E-04,5.681E-01
2.9884E-04,5.841E-01
2.9890E-04,5.681E-01
2.9890E-04,5.921E-01
2.9896E-04,5.681E-01
2.9896E-04,5.841E-01
2.9902E-04,5.761E-01
2.9902E-04,5.921E-01
2.9908E-04,5.761E-01
2.9908E-04,5.921E-01
2.9914E-04,5.761E-01
2.9914E-04,5.921E-01
2.9920E-04,5.761E-01
2.9920E-04,5.921E-01
2.9926E-04,5.761E-01
2.9926E-04,5.921E-01
2.9932E-04,5.761E-01
2.9932E-04,6.001E-01
2.9938E-04,5.761E-01
2.9938E-04,6.001E-01
2.9944E-04,5.761E-01
2.9944E-04,6.001E-01
2.9950E-04,5.841E-01
2.9950E-04,6.001E-01
2.9956E-04,5.841E-01
2.9956E-04,6.001E-01
2.9962E-04,5.841E-01
2.9962E-04,6.001E-01
2.9968E-04,5.921E-01
2.9968E-04,6.081E-01
2.9974E-04,5.841E-01
2.9974E-04,6.081E-01
2.9980E-04,5.841E-01
2.9980E-04,6.081E-01
2.9986E-04,5.921E-01
2.9986E-04,6.161E-01
2.9992E-04,5.921E-01
2.9992E-04,6.161E-01
2.9998E-04,6.001E-01
2.9998E-04,6.161E-01
3.0004E-04,5.921E-01
3.0004E-04,6.161E-01
3.0010E-04,6.001E-01
3.0010E-04,6.161E-01
3.0016E-04,6.001E-01
3.0016E-04,6.161E-01
3.0022E-04,6.001E-01
3.0022E-04,6.161E-01
3.0028E-04,6.001E-01
3.0028E-04,6.161E-01
3.0034E-04,6.001E-01
3.0034E-04,6.241E-01
3.0040E-04,6.081E-01
3.0040E-04,6.241E-01
3.0046E-04,6.081E-01
3.0046E-04,6.241E-01
3.0052E-04,6.081E-01
3.0052E-04,6.321E-01
3.0058E-04,6.161E-01
3.0058E-04,6.321E-01
3.0064E-04,6.081E-01
3.0064E-04,6.321E-01
3.0070E-04,6.161E-01
3.0070E-04,6.321E-01
3.0076E-04,6.161E-01
3.0076E-04,6.401E-01
3.0082E-04,6.161E-01
3.0082E-04,6.401E-01
3.0088E-04,6.161E-01
3.0088E-04,6.401E-01
3.0094E-04,6.241E-01
3.0094E-04,6.401E-01
3.0100E-04,6.241E-01
3.0100E-04,6.481E-01
